source_system,standard_operation_id,standard_operation_name,relation_token,operation_code,operation_name,position_expression,parameter_2,machine_or_macro_marker,extra_tokens,evidence_status
Altest,BeamHorizontal,PVC,L_Fr,19,SglobkaDelitel,POS[],0,MM1,,DATABASE_RULE_EVIDENCE
Altest,BeamHorizontal,PVC,R_Fr,19,SglobkaDelitel,POS[],0,MM4,,DATABASE_RULE_EVIDENCE
Altest,BeamHorizontalKMG4k,PVC,L_Fr,19,SglobkaDelitel,POS[],0,MM1,,DATABASE_RULE_EVIDENCE
Altest,BeamHorizontalKMG4k,PVC,R_Fr,19,SglobkaDelitel,POS[],0,MM4,,DATABASE_RULE_EVIDENCE
Altest,BeamVertical,PVC,U_Fr,19,SglobkaDelitel,POS[],0,MM1,,DATABASE_RULE_EVIDENCE
Altest,BeamVertical,PVC,D_Fr,19,SglobkaDelitel,POS[],0,MM1,,DATABASE_RULE_EVIDENCE
Altest,BeamVertical,PVC,SELF,19,VentilaciaKanal,OpAU+200,25,Dranage,,DATABASE_RULE_EVIDENCE
Altest,BeamVertical,PVC,SELF,19,VentilaciaKanal,OpAD-200,25,Dranage,,DATABASE_RULE_EVIDENCE
Altest,BeamVerticalKMG4k,PVC,U_Fr,19,SglobkaDelitel,POS[],0,MM1,,DATABASE_RULE_EVIDENCE
Altest,BeamVerticalKMG4k,PVC,D_Fr,19,SglobkaDelitel,POS[],0,MM1,,DATABASE_RULE_EVIDENCE
Altest,BeamVerticalKMG4k,PVC,SELF,19,VentilaciaKanal,OpAU+200,25,Dranage,,DATABASE_RULE_EVIDENCE
Altest,BeamVerticalKMG4k,PVC,SELF,19,VentilaciaKanal,OpAD-200,25,Dranage,,DATABASE_RULE_EVIDENCE
Altest,BeamVerticalKommerling,PVC,U_Fr,19,SglobkaDelitel,POS[],0,MM1,,DATABASE_RULE_EVIDENCE
Altest,BeamVerticalKommerling,PVC,D_Fr,19,SglobkaDelitel,POS[],0,MM1,,DATABASE_RULE_EVIDENCE
Altest,BeamVerticalKommerling,PVC,SELF,19,VentilaciaKanal,OpAU+200,25,Dranage,,DATABASE_RULE_EVIDENCE
Altest,BeamVerticalKommerling,PVC,SELF,19,VentilaciaKanal,OpAD-200,25,Dranage,,DATABASE_RULE_EVIDENCE
Altest,Cell,PVC,CU,8,OtvodnenieOut,OpAL+150,25,DranageOut,,DATABASE_RULE_EVIDENCE
Altest,Cell,PVC,CU,8,OtvodnenieOut,OpAR-150,25,DranageOut,,DATABASE_RULE_EVIDENCE
Altest,Cell,PVC,CU,2,OtvodnenieKanal,OpAL+70,25,DranageCros,,DATABASE_RULE_EVIDENCE
Altest,Cell,PVC,CU,2,OtvodnenieKanal,OpAR-70,25,DranageCros,,DATABASE_RULE_EVIDENCE
Altest,Cell,PVC,CU,9,VentilaciaPeroOut,OpAR-100,0,frame top vent,,DATABASE_RULE_EVIDENCE
Altest,Cell,PVC,CU,9,VentilaciaPeroOut,OpAL+100,0,frame top vent,,DATABASE_RULE_EVIDENCE
Altest,Cell,PVC,CU,2,VentilaciaPeroIn,OpAL+50,25,DranageCros,,DATABASE_RULE_EVIDENCE
Altest,Cell,PVC,CU,2,VentilaciaPeroIn,OpAR-50,25,DranageCros,,DATABASE_RULE_EVIDENCE
Altest,Cell,PVC,CD,8,OtvodnenieOut,OpAL+L/2,25,DranageOut,,DATABASE_RULE_EVIDENCE
Altest,Cell,PVC,CD,8,OtvodnenieOut,OpAL+150,25,DranageOut,,DATABASE_RULE_EVIDENCE
Altest,Cell,PVC,CD,8,OtvodnenieOut,OpAR-150,25,DranageOut,,DATABASE_RULE_EVIDENCE
Altest,Cell,PVC,CD,2,OtvodnenieKanal,OpAL+70,25,DranageCros,,DATABASE_RULE_EVIDENCE
Altest,Cell,PVC,CD,2,OtvodnenieKanal,OpAR-70,25,DranageCros,,DATABASE_RULE_EVIDENCE
Altest,Cell,PVC,CD,8,OtvodnenieOut,OpAL+L/2,25,DranageOut,,DATABASE_RULE_EVIDENCE
Altest,Cell,PVC,CD,2,OtvodnenieKanal,OpAL+L/2-80,25,DranageOut,,DATABASE_RULE_EVIDENCE
Altest,Cell,PVC,CD,8,OtvodnenieOut,OpAL+150+(L-300)/3,25,DranageOut,,DATABASE_RULE_EVIDENCE
Altest,Cell,PVC,CD,8,OtvodnenieOut,OpAL+150+(L-300)/3*2,25,DranageOut,,DATABASE_RULE_EVIDENCE
Altest,Cell,PVC,CD,2,OtvodnenieKanal,OpAL+150+(L-300)/3+80,25,DranageOut,,DATABASE_RULE_EVIDENCE
Altest,Cell,PVC,CD,2,OtvodnenieKanal,OpAL+150+(L-300)/3*2-80,25,DranageOut,,DATABASE_RULE_EVIDENCE
Altest,Cell,PVC,CD,8,OtvodnenieOut,OpAL+150+(L-300)/4,25,DranageOut,,DATABASE_RULE_EVIDENCE
Altest,Cell,PVC,CD,8,OtvodnenieOut,OpAL+L/2,25,DranageOut,,DATABASE_RULE_EVIDENCE
Altest,Cell,PVC,CD,8,OtvodnenieOut,OpAL+150+(L-300)/4*3,25,DranageOut,,DATABASE_RULE_EVIDENCE
Altest,Cell,PVC,CD,2,OtvodnenieKanal,OpAL+150+(L-300)/4-80,25,DranageOut,,DATABASE_RULE_EVIDENCE
Altest,Cell,PVC,CD,2,OtvodnenieKanal,OpAL+L/2-80,25,DranageOut,,DATABASE_RULE_EVIDENCE
Altest,Cell,PVC,CD,2,OtvodnenieKanal,OpAL+150+(L-300)/4*3+80,25,DranageOut,,DATABASE_RULE_EVIDENCE
Altest,Cell,PVC,CDB,2,OtvodnenieKanal,OpAL+70,25,DranageCros,,DATABASE_RULE_EVIDENCE
Altest,Cell,PVC,CDB,2,OtvodnenieKanal,OpAR-70,25,DranageCros,,DATABASE_RULE_EVIDENCE
Altest,Cell,PVC,CDB,8,VentilaciaPero,OpAL+150+5,0,DranageOut,,DATABASE_RULE_EVIDENCE
Altest,Cell,PVC,CDB,8,VentilaciaPero,OpAL+150-5,0,DranageOut,,DATABASE_RULE_EVIDENCE
Altest,Cell,PVC,CDB,8,VentilaciaPero,OpAR-150+5,0,DranageOut,,DATABASE_RULE_EVIDENCE
Altest,Cell,PVC,CDB,8,VentilaciaPero,OpAR-150-5,0,DranageOut,,DATABASE_RULE_EVIDENCE
Altest,Cell,PVC,CDB,2,OtvodnenieKanal,OpAR-L/2-30,25,DranageCros,,DATABASE_RULE_EVIDENCE
Altest,Cell,PVC,CDB,8,VentilaciaPero,OpAR-L/2+5,0,DranageOut,,DATABASE_RULE_EVIDENCE
Altest,Cell,PVC,CDB,8,VentilaciaPero,OpAR-L/2-5,0,DranageOut,,DATABASE_RULE_EVIDENCE
Altest,Cell_Kommerling,PVC,CU,8,OtvodnenieOut,OpAL+150,25,DranageOut,,DATABASE_RULE_EVIDENCE
Altest,Cell_Kommerling,PVC,CU,8,OtvodnenieOut,OpAR-150,25,DranageOut,,DATABASE_RULE_EVIDENCE
Altest,Cell_Kommerling,PVC,CU,2,OtvodnenieKanal,OpAL+70,25,DranageCros,,DATABASE_RULE_EVIDENCE
Altest,Cell_Kommerling,PVC,CU,2,OtvodnenieKanal,OpAR-70,25,DranageCros,,DATABASE_RULE_EVIDENCE
Altest,Cell_Kommerling,PVC,CU,9,VentilaciaPeroOut,OpAR-100,0,frame top vent,,DATABASE_RULE_EVIDENCE
Altest,Cell_Kommerling,PVC,CU,9,VentilaciaPeroOut,OpAL+100,0,frame top vent,,DATABASE_RULE_EVIDENCE
Altest,Cell_Kommerling,PVC,CU,2,VentilaciaPeroIn,OpAL+50,25,DranageCros,,DATABASE_RULE_EVIDENCE
Altest,Cell_Kommerling,PVC,CU,2,VentilaciaPeroIn,OpAR-50,25,DranageCros,,DATABASE_RULE_EVIDENCE
Altest,Cell_Kommerling,PVC,CD,8,OtvodnenieOut,OpAL+L/2,25,DranageOut,,DATABASE_RULE_EVIDENCE
Altest,Cell_Kommerling,PVC,CD,8,OtvodnenieOut,OpAL+150,25,DranageOut,,DATABASE_RULE_EVIDENCE
Altest,Cell_Kommerling,PVC,CD,8,OtvodnenieOut,OpAR-150,25,DranageOut,,DATABASE_RULE_EVIDENCE
Altest,Cell_Kommerling,PVC,CD,2,OtvodnenieKanal,OpAL+70,25,DranageCros,,DATABASE_RULE_EVIDENCE
Altest,Cell_Kommerling,PVC,CD,2,OtvodnenieKanal,OpAR-70,25,DranageCros,,DATABASE_RULE_EVIDENCE
Altest,Cell_Kommerling,PVC,CD,8,OtvodnenieOut,OpAL+L/2,25,DranageOut,,DATABASE_RULE_EVIDENCE
Altest,Cell_Kommerling,PVC,CD,2,OtvodnenieKanal,OpAL+L/2-80,25,DranageOut,,DATABASE_RULE_EVIDENCE
Altest,Cell_Kommerling,PVC,CD,8,OtvodnenieOut,OpAL+150+(L-300)/3,25,DranageOut,,DATABASE_RULE_EVIDENCE
Altest,Cell_Kommerling,PVC,CD,8,OtvodnenieOut,OpAL+150+(L-300)/3*2,25,DranageOut,,DATABASE_RULE_EVIDENCE
Altest,Cell_Kommerling,PVC,CD,2,OtvodnenieKanal,OpAL+150+(L-300)/3+80,25,DranageOut,,DATABASE_RULE_EVIDENCE
Altest,Cell_Kommerling,PVC,CD,2,OtvodnenieKanal,OpAL+150+(L-300)/3*2-80,25,DranageOut,,DATABASE_RULE_EVIDENCE
Altest,Cell_Kommerling,PVC,CD,8,OtvodnenieOut,OpAL+150+(L-300)/4,25,DranageOut,,DATABASE_RULE_EVIDENCE
Altest,Cell_Kommerling,PVC,CD,8,OtvodnenieOut,OpAL+L/2,25,DranageOut,,DATABASE_RULE_EVIDENCE
Altest,Cell_Kommerling,PVC,CD,8,OtvodnenieOut,OpAL+150+(L-300)/4*3,25,DranageOut,,DATABASE_RULE_EVIDENCE
Altest,Cell_Kommerling,PVC,CD,2,OtvodnenieKanal,OpAL+150+(L-300)/4-80,25,DranageOut,,DATABASE_RULE_EVIDENCE
Altest,Cell_Kommerling,PVC,CD,2,OtvodnenieKanal,OpAL+L/2-80,25,DranageOut,,DATABASE_RULE_EVIDENCE
Altest,Cell_Kommerling,PVC,CD,2,OtvodnenieKanal,OpAL+150+(L-300)/4*3+80,25,DranageOut,,DATABASE_RULE_EVIDENCE
Altest,Cell_Kommerling,PVC,CDB,2,OtvodnenieKanal,OpAL+70,25,DranageCros,,DATABASE_RULE_EVIDENCE
Altest,Cell_Kommerling,PVC,CDB,2,OtvodnenieKanal,OpAR-70,25,DranageCros,,DATABASE_RULE_EVIDENCE
Altest,Cell_Kommerling,PVC,CDB,8,VentilaciaPero,OpAL+150+5,0,DranageOut,,DATABASE_RULE_EVIDENCE
Altest,Cell_Kommerling,PVC,CDB,8,VentilaciaPero,OpAL+150-5,0,DranageOut,,DATABASE_RULE_EVIDENCE
Altest,Cell_Kommerling,PVC,CDB,8,VentilaciaPero,OpAR-150+5,0,DranageOut,,DATABASE_RULE_EVIDENCE
Altest,Cell_Kommerling,PVC,CDB,8,VentilaciaPero,OpAR-150-5,0,DranageOut,,DATABASE_RULE_EVIDENCE
Altest,Cell_Kommerling,PVC,CDB,2,OtvodnenieKanal,OpAR-L/2-30,25,DranageCros,,DATABASE_RULE_EVIDENCE
Altest,Cell_Kommerling,PVC,CDB,8,VentilaciaPero,OpAR-L/2+5,0,DranageOut,,DATABASE_RULE_EVIDENCE
Altest,Cell_Kommerling,PVC,CDB,8,VentilaciaPero,OpAR-L/2-5,0,DranageOut,,DATABASE_RULE_EVIDENCE
Altest,Cell2,PVC,CU,8,OtvodnenieOut,OpAL+150,25,DranageOut,,DATABASE_RULE_EVIDENCE
Altest,Cell2,PVC,CU,8,OtvodnenieOut,OpAR-150,25,DranageOut,,DATABASE_RULE_EVIDENCE
Altest,Cell2,PVC,CU,2,OtvodnenieKanal,OpAL+70,25,DranageCros,,DATABASE_RULE_EVIDENCE
Altest,Cell2,PVC,CU,2,OtvodnenieKanal,OpAR-70,25,DranageCros,,DATABASE_RULE_EVIDENCE
Altest,Cell2,PVC,CU,2,VentilaciaPeroIn,OpAL+50,25,DranageCros,,DATABASE_RULE_EVIDENCE
Altest,Cell2,PVC,CU,2,VentilaciaPeroIn,OpAR-50,25,DranageCros,,DATABASE_RULE_EVIDENCE
Altest,Cell2,PVC,CD,8,OtvodnenieOut,OpAL+L/2,25,DranageOut,,DATABASE_RULE_EVIDENCE
Altest,Cell2,PVC,CD,8,OtvodnenieOut,OpAL+150,25,DranageOut,,DATABASE_RULE_EVIDENCE
Altest,Cell2,PVC,CD,8,OtvodnenieOut,OpAR-150,25,DranageOut,,DATABASE_RULE_EVIDENCE
Altest,Cell2,PVC,CD,2,OtvodnenieKanal,OpAL+70,25,DranageCros,,DATABASE_RULE_EVIDENCE
Altest,Cell2,PVC,CD,2,OtvodnenieKanal,OpAR-70,25,DranageCros,,DATABASE_RULE_EVIDENCE
Altest,Cell2,PVC,CD,8,OtvodnenieOut,OpAL+L/2,25,DranageOut,,DATABASE_RULE_EVIDENCE
Altest,Cell2,PVC,CD,2,OtvodnenieKanal,OpAL+L/2-80,25,DranageOut,,DATABASE_RULE_EVIDENCE
Altest,Cell2,PVC,CD,8,OtvodnenieOut,OpAL+150+(L-300)/3,25,DranageOut,,DATABASE_RULE_EVIDENCE
Altest,Cell2,PVC,CD,8,OtvodnenieOut,OpAL+150+(L-300)/3*2,25,DranageOut,,DATABASE_RULE_EVIDENCE
Altest,Cell2,PVC,CD,2,OtvodnenieKanal,OpAL+150+(L-300)/3+80,25,DranageOut,,DATABASE_RULE_EVIDENCE
Altest,Cell2,PVC,CD,2,OtvodnenieKanal,OpAL+150+(L-300)/3*2-80,25,DranageOut,,DATABASE_RULE_EVIDENCE
Altest,Cell2,PVC,CD,8,OtvodnenieOut,OpAL+150+(L-300)/4,25,DranageOut,,DATABASE_RULE_EVIDENCE
Altest,Cell2,PVC,CD,8,OtvodnenieOut,OpAL+L/2,25,DranageOut,,DATABASE_RULE_EVIDENCE
Altest,Cell2,PVC,CD,8,OtvodnenieOut,OpAL+150+(L-300)/4*3,25,DranageOut,,DATABASE_RULE_EVIDENCE
Altest,Cell2,PVC,CD,2,OtvodnenieKanal,OpAL+150+(L-300)/4-80,25,DranageOut,,DATABASE_RULE_EVIDENCE
Altest,Cell2,PVC,CD,2,OtvodnenieKanal,OpAL+L/2-80,25,DranageOut,,DATABASE_RULE_EVIDENCE
Altest,Cell2,PVC,CD,2,OtvodnenieKanal,OpAL+150+(L-300)/4*3+80,25,DranageOut,,DATABASE_RULE_EVIDENCE
Altest,Cell2,PVC,CDB,2,OtvodnenieKanal,OpAL+70,25,DranageCros,,DATABASE_RULE_EVIDENCE
Altest,Cell2,PVC,CDB,2,OtvodnenieKanal,OpAR-705,25,DranageCros,,DATABASE_RULE_EVIDENCE
Altest,Cell2,PVC,CDB,8,VentilaciaOut,OpAL+150+9,0,DranageOut,,DATABASE_RULE_EVIDENCE
Altest,Cell2,PVC,CDB,8,VentilaciaOut,OpAL+150,0,DranageOut,,DATABASE_RULE_EVIDENCE
Altest,Cell2,PVC,CDB,8,VentilaciaOut,OpAL+150-9,0,DranageOut,,DATABASE_RULE_EVIDENCE
Altest,Cell2,PVC,CDB,8,VentilaciaOut,OpAR-150+9,0,DranageOut,,DATABASE_RULE_EVIDENCE
Altest,Cell2,PVC,CDB,8,VentilaciaOut,OpAR-150,0,DranageOut,,DATABASE_RULE_EVIDENCE
Altest,Cell2,PVC,CDB,8,VentilaciaOut,OpAR-150-9,0,DranageOut,,DATABASE_RULE_EVIDENCE
Altest,Cell3,PVC,CU,8,OtvodnenieOut,OpAL+150,25,DranageOut,,DATABASE_RULE_EVIDENCE
Altest,Cell3,PVC,CU,8,OtvodnenieOut,OpAR-150,25,DranageOut,,DATABASE_RULE_EVIDENCE
Altest,Cell3,PVC,CU,2,OtvodnenieKanal,OpAL+70,25,DranageCros,,DATABASE_RULE_EVIDENCE
Altest,Cell3,PVC,CU,2,OtvodnenieKanal,OpAR-70,25,DranageCros,,DATABASE_RULE_EVIDENCE
Altest,Cell3,PVC,CU,2,VentilaciaPeroIn,OpAL+50,25,DranageCros,,DATABASE_RULE_EVIDENCE
Altest,Cell3,PVC,CU,2,VentilaciaPeroIn,OpAR-50,25,DranageCros,,DATABASE_RULE_EVIDENCE
Altest,Cell3,PVC,CD,8,OtvodnenieOut,OpAL+L/2,25,DranageOut,,DATABASE_RULE_EVIDENCE
Altest,Cell3,PVC,CD,2,OtvodnenieKanal,OpAL+70,25,DranageCros,,DATABASE_RULE_EVIDENCE
Altest,Cell3,PVC,CD,2,OtvodnenieKanal,OpAR-70,25,DranageCros,,DATABASE_RULE_EVIDENCE
Altest,Cell3,PVC,CD,16,OtvodnenieKanal,OpAR-70,30,400xL |OpAL+70,,DATABASE_RULE_EVIDENCE
Altest,Cell3,PVC,CD,1,OtvodnenieOut,OpAR-150,30,500xL |OpAL+150,,DATABASE_RULE_EVIDENCE
Altest,Cell3,PVC,CDB,2,OtvodnenieKanal,OpAL+70,25,DranageCros,,DATABASE_RULE_EVIDENCE
Altest,Cell3,PVC,CDB,2,OtvodnenieKanal,OpAR-705,25,DranageCros,,DATABASE_RULE_EVIDENCE
Altest,Cell3,PVC,CDB,8,VentilaciaOut,OpAL+150+9,0,DranageOut,,DATABASE_RULE_EVIDENCE
Altest,Cell3,PVC,CDB,8,VentilaciaOut,OpAL+150,0,DranageOut,,DATABASE_RULE_EVIDENCE
Altest,Cell3,PVC,CDB,8,VentilaciaOut,OpAL+150-9,0,DranageOut,,DATABASE_RULE_EVIDENCE
Altest,Cell3,PVC,CDB,8,VentilaciaOut,OpAR-150+9,0,DranageOut,,DATABASE_RULE_EVIDENCE
Altest,Cell3,PVC,CDB,8,VentilaciaOut,OpAR-150,0,DranageOut,,DATABASE_RULE_EVIDENCE
Altest,Cell3,PVC,CDB,8,VentilaciaOut,OpAR-150-9,0,DranageOut,,DATABASE_RULE_EVIDENCE
Altest,CellArchive,PVC,CD,2,OtvodnenieKanal,OpAL+L/2-80,25,DranageOut,,DATABASE_RULE_EVIDENCE
Altest,CellArchive,PVC,CD,2,OtvodnenieKanal,OpAL+L/3-80,25,DranageOut,,DATABASE_RULE_EVIDENCE
Altest,CellArchive,PVC,CD,2,OtvodnenieKanal,OpAL+L/3*2+80,25,DranageOut,,DATABASE_RULE_EVIDENCE
Altest,CellArchive,PVC,CD,2,OtvodnenieKanal,OpAL+L/4-80,25,DranageOut,,DATABASE_RULE_EVIDENCE
Altest,CellArchive,PVC,CD,2,OtvodnenieKanal,OpAL+L/2-80,25,DranageOut,,DATABASE_RULE_EVIDENCE
Altest,CellArchive,PVC,CD,2,OtvodnenieKanal,OpAL+L/4*3+80,25,DranageOut,,DATABASE_RULE_EVIDENCE
Altest,CellArchive,PVC,CD,8,OtvodnenieR,OpAL+100,30,DranageDown,,DATABASE_RULE_EVIDENCE
Altest,CellArchive,PVC,CD,8,OtvodnenieL,OpAR-100,30,DranageDown,,DATABASE_RULE_EVIDENCE
Altest,CellArchive,PVC,CU,8,VentilaciaR,OpAL+30,30,DranageUP,,DATABASE_RULE_EVIDENCE
Altest,CellArchive,PVC,CU,8,VentilaciaL,OpAR-30,30,DranageUP,,DATABASE_RULE_EVIDENCE
Altest,CellArchive,PVC,CU,8,VentilaciaR,OpAL+100,30,DranageUP,,DATABASE_RULE_EVIDENCE
Altest,CellArchive,PVC,CU,8,VentilaciaL,OpAR-100,30,DranageUP,,DATABASE_RULE_EVIDENCE
Altest,CellArchive,PVC,CDB,8,OtvodnenieL,OpAL+100,30,DranageDEL,,DATABASE_RULE_EVIDENCE
Altest,CellArchive,PVC,CDB,8,OtvodnenieR,OpAR-100,30,DranageDEL,,DATABASE_RULE_EVIDENCE
Altest,CellArchive,PVC,CU,8,OtvodnenieOut,OpAL+108,25,DranageOut,,DATABASE_RULE_EVIDENCE
Altest,CellArchive,PVC,CU,8,OtvodnenieOut,OpAR-108,25,DranageOut,,DATABASE_RULE_EVIDENCE
Altest,CellArchive,PVC,CU,2,OtvodnenieKanal,OpAL+58,25,DranageCros,,DATABASE_RULE_EVIDENCE
Altest,CellArchive,PVC,CU,2,OtvodnenieKanal,OpAR-58,25,DranageCros,,DATABASE_RULE_EVIDENCE
Altest,CellArchive,PVC,CU,18,VentilaciaOut,OpAR-108,0,frame top vent,,DATABASE_RULE_EVIDENCE
Altest,CellArchive,PVC,CU,18,VentilaciaOut,OpAL+108,0,DranageOut,,DATABASE_RULE_EVIDENCE
Altest,CellArchive,PVC,CU,2,VentilaciaPeroIn,OpAL+58,25,DranageCros,,DATABASE_RULE_EVIDENCE
Altest,CellArchive,PVC,CU,2,VentilaciaPeroIn,OpAR-58,25,DranageCros,,DATABASE_RULE_EVIDENCE
Altest,CellArchive,PVC,CDB,2,OtvodnenieKanal,OpAL+55,25,DranageCros,,DATABASE_RULE_EVIDENCE
Altest,CellArchive,PVC,CDB,2,OtvodnenieKanal,OpAR-55,25,DranageCros,,DATABASE_RULE_EVIDENCE
Altest,CellArchive,PVC,CDB,8,OtvodnenieOut,OpAL+L/2,25,DranageOut,,DATABASE_RULE_EVIDENCE
Altest,CellArchive,PVC,CD,8,OtvodnenieOut,OpAL+L/2,25,DranageOut,,DATABASE_RULE_EVIDENCE
Altest,CellArchive,PVC,CD,8,OtvodnenieOut,OpAL+108,25,DranageOut,,DATABASE_RULE_EVIDENCE
Altest,CellArchive,PVC,CD,8,OtvodnenieOut,OpAR-108,25,DranageOut,,DATABASE_RULE_EVIDENCE
Altest,CellArchive,PVC,CD,2,OtvodnenieKanal,OpAL+58,25,DranageCros,,DATABASE_RULE_EVIDENCE
Altest,CellArchive,PVC,CD,2,OtvodnenieKanal,OpAR-58,25,DranageCros,,DATABASE_RULE_EVIDENCE
Altest,CellArchive,PVC,CD,8,OtvodnenieOut,OpAL+110,25,DranageOut,,DATABASE_RULE_EVIDENCE
Altest,CellArchive,PVC,CD,8,OtvodnenieOut,OpAR-110,25,DranageOut,,DATABASE_RULE_EVIDENCE
Altest,CellArchive,PVC,CD,2,OtvodnenieKanal,OpAL+50,25,DranageCros,,DATABASE_RULE_EVIDENCE
Altest,CellArchive,PVC,CD,2,OtvodnenieKanal,OpAR-50,25,DranageCros,,DATABASE_RULE_EVIDENCE
Altest,CellFrB,PVC,CD,2,OtvodnenieKanal,OpAL+58,25,DranageCros,,DATABASE_RULE_EVIDENCE
Altest,CellFrB,PVC,CD,2,OtvodnenieKanal,OpAR-58,25,DranageCros,,DATABASE_RULE_EVIDENCE
Altest,CellFrB,PVC,CD,8,OtvodnenieOut,OpAL+108,25,DranageOut,,DATABASE_RULE_EVIDENCE
Altest,CellFrB,PVC,CD,8,OtvodnenieOut,OpAR-108,25,DranageOut,,DATABASE_RULE_EVIDENCE
Altest,CellFrB,PVC,CU,2,OtvodnenieKanal,OpAL+58,25,DranageCros,,DATABASE_RULE_EVIDENCE
Altest,CellFrB,PVC,CU,2,OtvodnenieKanal,OpAR-58,25,DranageCros,,DATABASE_RULE_EVIDENCE
Altest,CellFrB,PVC,CU,8,OtvodnenieOut,OpAL+108,25,DranageOut,,DATABASE_RULE_EVIDENCE
Altest,CellFrB,PVC,CU,8,OtvodnenieOut,OpAR-108,25,DranageOut,,DATABASE_RULE_EVIDENCE
Altest,CellFrB,PVC,CD,2,OtvodnenieKanalDel,OpAL+58,25,DranageCros,,DATABASE_RULE_EVIDENCE
Altest,CellFrB,PVC,CD,2,OtvodnenieKanalDel,OpAR-58,25,DranageCros,,DATABASE_RULE_EVIDENCE
Altest,CellFrB,PVC,CD,8,OtvodnenieOutDel,OpAL+108,25,DranageOut,,DATABASE_RULE_EVIDENCE
Altest,CellFrB,PVC,CD,8,OtvodnenieOutDel,OpAR-108,25,DranageOut,,DATABASE_RULE_EVIDENCE
Altest,CellFrB,PVC,CU,2,VentilaciaKanalDel,OpAL+58,25,DranageCros,,DATABASE_RULE_EVIDENCE
Altest,CellFrB,PVC,CU,2,VentilaciaKanalDel,OpAR-58,25,DranageCros,,DATABASE_RULE_EVIDENCE
Altest,CellFrB,PVC,CU,18,VentilaciaOut,OpAR-108,0,frame top vent,,DATABASE_RULE_EVIDENCE
Altest,CellFrB,PVC,CU,18,VentilaciaOut,OpAL+108,0,DranageOut,,DATABASE_RULE_EVIDENCE
Altest,CellFrB,PVC,CDB,2,OtvodnenieKanal,OpAL+55,25,DranageCros,,DATABASE_RULE_EVIDENCE
Altest,CellFrB,PVC,CDB,2,OtvodnenieKanal,OpAR-55,25,DranageCros,,DATABASE_RULE_EVIDENCE
Altest,CellFrB,PVC,CDB,8,OtvodnenieOut,OpAL+L/2,25,DranageOut,,DATABASE_RULE_EVIDENCE
Altest,CellOut,PVC,CD,8,OtvodnenieOut,OpAL+150,25,DranageOut,,DATABASE_RULE_EVIDENCE
Altest,CellOut,PVC,CD,8,OtvodnenieOut,OpAR-150,25,DranageOut,,DATABASE_RULE_EVIDENCE
Altest,CellOut,PVC,CD,2,OtvodnenieKanal,OpAL+70,25,DranageCros,,DATABASE_RULE_EVIDENCE
Altest,CellOut,PVC,CD,2,OtvodnenieKanal,OpAR-70,25,DranageCros,,DATABASE_RULE_EVIDENCE
Altest,CellOut,PVC,CU,2,OtvodnenieKanal,OpAL+70,25,DranageCros,,DATABASE_RULE_EVIDENCE
Altest,CellOut,PVC,CU,2,OtvodnenieKanal,OpAR-70,25,DranageCros,,DATABASE_RULE_EVIDENCE
Altest,CellOut,PVC,CU,9,VentilaciaPeroOut,OpAR-100,0,frame top vent,,DATABASE_RULE_EVIDENCE
Altest,CellOut,PVC,CU,9,VentilaciaPeroOut,OpAL+100,0,frame top vent,,DATABASE_RULE_EVIDENCE
Altest,CellOut,PVC,CU,2,VentilaciaPeroIn,OpAL+50,25,DranageCros,,DATABASE_RULE_EVIDENCE
Altest,CellOut,PVC,CU,2,VentilaciaPeroIn,OpAR-50,25,DranageCros,,DATABASE_RULE_EVIDENCE
Altest,CellOut,PVC,CDB,2,OtvodnenieKanal,OpAL+70,25,DranageCros,,DATABASE_RULE_EVIDENCE
Altest,CellOut,PVC,CDB,2,OtvodnenieKanal,OpAR-70,25,DranageCros,,DATABASE_RULE_EVIDENCE
Altest,CellOut,PVC,CDB,8,VentilaciaPero,OpAL+150+5,0,DranageOut,,DATABASE_RULE_EVIDENCE
Altest,CellOut,PVC,CDB,8,VentilaciaPero,OpAL+150-5,0,DranageOut,,DATABASE_RULE_EVIDENCE
Altest,CellOut,PVC,CDB,8,VentilaciaPero,OpAR-150+5,0,DranageOut,,DATABASE_RULE_EVIDENCE
Altest,CellOut,PVC,CDB,8,VentilaciaPero,OpAR-150-5,0,DranageOut,,DATABASE_RULE_EVIDENCE
Altest,CellOut_Kommerling,PVC,CD,8,OtvodnenieOut,OpAL+150,25,DranageOut,,DATABASE_RULE_EVIDENCE
Altest,CellOut_Kommerling,PVC,CD,8,OtvodnenieOut,OpAR-150,25,DranageOut,,DATABASE_RULE_EVIDENCE
Altest,CellOut_Kommerling,PVC,CD,2,OtvodnenieKanal,OpAL+70,25,DranageCros,,DATABASE_RULE_EVIDENCE
Altest,CellOut_Kommerling,PVC,CD,2,OtvodnenieKanal,OpAR-70,25,DranageCros,,DATABASE_RULE_EVIDENCE
Altest,CellOut_Kommerling,PVC,CU,2,OtvodnenieKanal,OpAL+70,25,DranageCros,,DATABASE_RULE_EVIDENCE
Altest,CellOut_Kommerling,PVC,CU,2,OtvodnenieKanal,OpAR-70,25,DranageCros,,DATABASE_RULE_EVIDENCE
Altest,CellOut_Kommerling,PVC,CU,9,VentilaciaPeroOut,OpAR-100,0,frame top vent,,DATABASE_RULE_EVIDENCE
Altest,CellOut_Kommerling,PVC,CU,9,VentilaciaPeroOut,OpAL+100,0,frame top vent,,DATABASE_RULE_EVIDENCE
Altest,CellOut_Kommerling,PVC,CU,2,VentilaciaPeroIn,OpAL+50,25,DranageCros,,DATABASE_RULE_EVIDENCE
Altest,CellOut_Kommerling,PVC,CU,2,VentilaciaPeroIn,OpAR-50,25,DranageCros,,DATABASE_RULE_EVIDENCE
Altest,CellOut_Kommerling,PVC,CDB,2,OtvodnenieKanal,OpAL+70,25,DranageCros,,DATABASE_RULE_EVIDENCE
Altest,CellOut_Kommerling,PVC,CDB,2,OtvodnenieKanal,OpAR-70,25,DranageCros,,DATABASE_RULE_EVIDENCE
Altest,CellOut_Kommerling,PVC,CDB,8,VentilaciaPero,OpAL+150+5,0,DranageOut,,DATABASE_RULE_EVIDENCE
Altest,CellOut_Kommerling,PVC,CDB,8,VentilaciaPero,OpAL+150-5,0,DranageOut,,DATABASE_RULE_EVIDENCE
Altest,CellOut_Kommerling,PVC,CDB,8,VentilaciaPero,OpAR-150+5,0,DranageOut,,DATABASE_RULE_EVIDENCE
Altest,CellOut_Kommerling,PVC,CDB,8,VentilaciaPero,OpAR-150-5,0,DranageOut,,DATABASE_RULE_EVIDENCE
Altest,CellSlide,PVC,CU,2,OtvodnenieKanal,OpAL+70,25,DranageCros,,DATABASE_RULE_EVIDENCE
Altest,CellSlide,PVC,CU,2,OtvodnenieKanal,OpAR-70,25,DranageCros,,DATABASE_RULE_EVIDENCE
Altest,CellSlide,PVC,CU,2,OtvodnenieKanal,OpAL+70,25,DranageCros,,DATABASE_RULE_EVIDENCE
Altest,CellSlide,PVC,CU,2,OtvodnenieKanal,OpAR-70,25,DranageCros,,DATABASE_RULE_EVIDENCE
Altest,CellSlide,PVC,CD,8,OtvodnenieOut,OpAL+L/2,25,DranageOut,,DATABASE_RULE_EVIDENCE
Altest,CellSlide,PVC,CD,8,OtvodnenieOut,OpAL+150,25,DranageOut,,DATABASE_RULE_EVIDENCE
Altest,CellSlide,PVC,CD,8,OtvodnenieOut,OpAR-150,25,DranageOut,,DATABASE_RULE_EVIDENCE
Altest,CellSlide,PVC,CD,2,OtvodnenieKanal,OpAL+70,25,DranageCros,,DATABASE_RULE_EVIDENCE
Altest,CellSlide,PVC,CD,2,OtvodnenieKanal,OpAR-70,25,DranageCros,,DATABASE_RULE_EVIDENCE
Altest,CellSlide,PVC,CD,8,OtvodnenieOut,OpAL+L/2,25,DranageOut,,DATABASE_RULE_EVIDENCE
Altest,CellSlide,PVC,CD,2,OtvodnenieKanal,OpAL+L/2-80,25,DranageOut,,DATABASE_RULE_EVIDENCE
Altest,CellSlide,PVC,CD,8,OtvodnenieOut,OpAL+150+(L-300)/3,25,DranageOut,,DATABASE_RULE_EVIDENCE
Altest,CellSlide,PVC,CD,8,OtvodnenieOut,OpAL+150+(L-300)/3*2,25,DranageOut,,DATABASE_RULE_EVIDENCE
Altest,CellSlide,PVC,CD,2,OtvodnenieKanal,OpAL+150+(L-300)/3+80,25,DranageOut,,DATABASE_RULE_EVIDENCE
Altest,CellSlide,PVC,CD,2,OtvodnenieKanal,OpAL+150+(L-300)/3*2-80,25,DranageOut,,DATABASE_RULE_EVIDENCE
Altest,CellSlide,PVC,CD,8,OtvodnenieOut,OpAL+150+(L-300)/4,25,DranageOut,,DATABASE_RULE_EVIDENCE
Altest,CellSlide,PVC,CD,8,OtvodnenieOut,OpAL+L/2,25,DranageOut,,DATABASE_RULE_EVIDENCE
Altest,CellSlide,PVC,CD,8,OtvodnenieOut,OpAL+150+(L-300)/4*3,25,DranageOut,,DATABASE_RULE_EVIDENCE
Altest,CellSlide,PVC,CD,2,OtvodnenieKanal,OpAL+150+(L-300)/4-80,25,DranageOut,,DATABASE_RULE_EVIDENCE
Altest,CellSlide,PVC,CD,2,OtvodnenieKanal,OpAL+L/2-80,25,DranageOut,,DATABASE_RULE_EVIDENCE
Altest,CellSlide,PVC,CD,2,OtvodnenieKanal,OpAL+150+(L-300)/4*3+80,25,DranageOut,,DATABASE_RULE_EVIDENCE
Altest,Door,PVC,L,18,VentilaciaKanal,OpAD-200,0,frame top vent,,DATABASE_RULE_EVIDENCE
Altest,Door,PVC,L,18,VentilaciaKanal,OpAU+200,0,DranageOut,,DATABASE_RULE_EVIDENCE
Altest,Door,PVC,R,18,VentilaciaKanal,OpAD-200,0,frame top vent,,DATABASE_RULE_EVIDENCE
Altest,Door,PVC,R,18,VentilaciaKanal,OpAU+200,0,DranageOut,,DATABASE_RULE_EVIDENCE
Altest,DoorOut,PVC,L,18,VentilaciaKanal,OpAD-200,0,frame top vent,,DATABASE_RULE_EVIDENCE
Altest,DoorOut,PVC,L,18,VentilaciaKanal,OpAU+200,0,DranageOut,,DATABASE_RULE_EVIDENCE
Altest,DoorOut,PVC,R,18,VentilaciaKanal,OpAD-200,0,frame top vent,,DATABASE_RULE_EVIDENCE
Altest,DoorOut,PVC,R,18,VentilaciaKanal,OpAU+200,0,DranageOut,,DATABASE_RULE_EVIDENCE
Altest,Frame,PVC,L,18,VentilaciaOut,OpAD-200,0,frame top vent,,DATABASE_RULE_EVIDENCE
Altest,Frame,PVC,L,18,VentilaciaOut,OpAU+200,0,DranageOut,,DATABASE_RULE_EVIDENCE
Altest,Frame,PVC,R,18,VentilaciaOut,OpAD-200,0,frame top vent,,DATABASE_RULE_EVIDENCE
Altest,Frame,PVC,R,18,VentilaciaOut,OpAU+200,0,DranageOut,,DATABASE_RULE_EVIDENCE
Altest,Frame9,PVC,L,18,VentilaciaOut,OpAD-100,0,frame top vent,,DATABASE_RULE_EVIDENCE
Altest,Frame9,PVC,L,18,VentilaciaOut,OpAU+100,0,DranageOut,,DATABASE_RULE_EVIDENCE
Altest,Frame9,PVC,R,18,VentilaciaOut,OpAD-100,0,frame top vent,,DATABASE_RULE_EVIDENCE
Altest,Frame9,PVC,R,18,VentilaciaOut,OpAU+100,0,DranageOut,,DATABASE_RULE_EVIDENCE
Altest,Frame9,PVC,U,20,1,OpAL+100,0,500XL Montaj,,DATABASE_RULE_EVIDENCE
Altest,Frame9,PVC,D,20,1,OpAL+100,0,500XL Montaj,,DATABASE_RULE_EVIDENCE
Altest,Frame9,PVC,L,20,1,OpAU+100,0,400XL Montaj,,DATABASE_RULE_EVIDENCE
Altest,Frame9,PVC,R,20,1,OpAU+100,0,400XL Montaj,,DATABASE_RULE_EVIDENCE
Altest,FrameArchive,PVC,L,18,VentilaciaOut,OpAD-100,0,frame top vent,,DATABASE_RULE_EVIDENCE
Altest,FrameArchive,PVC,L,18,VentilaciaOut,OpAU+100,0,DranageOut,,DATABASE_RULE_EVIDENCE
Altest,FrameArchive,PVC,R,18,VentilaciaOut,OpAD-100,0,frame top vent,,DATABASE_RULE_EVIDENCE
Altest,FrameArchive,PVC,R,18,VentilaciaOut,OpAU+100,0,DranageOut,,DATABASE_RULE_EVIDENCE
Altest,FrameArchive,PVC,7,12,DolnaPantaSIEG,OpAD-8-36,0,Долна панта ф6mm 34,,DATABASE_RULE_EVIDENCE
Altest,FrameArchive,PVC,7,12,DolnaPantaSIEG,OpAD-8-30,0,Долна панта ф6mm 34,,DATABASE_RULE_EVIDENCE
Altest,FrameArchive,PVC,7,12,DolnaPantaSIEG,OpAD-8-36,0,Долна панта ф6mm 34,,DATABASE_RULE_EVIDENCE
Altest,FrameArchive,PVC,7,12,DolnaPantaSIEG,OpAD-8-30,0,Долна панта ф6mm 34,,DATABASE_RULE_EVIDENCE
Altest,FrameArchive,PVC,U,19,VentilaciaPero_6,OpAR-W-100,0,frame top provetritel,,DATABASE_RULE_EVIDENCE
Altest,FrameArchive,PVC,U,19,VentilaciaPero_6,OpAL+W+100,0,frame top provetritel,,DATABASE_RULE_EVIDENCE
Altest,FrameArchive,PVC,L,6,VentilaciaOut,OpAU+W+20,30,RL ventil,,DATABASE_RULE_EVIDENCE
Altest,FrameArchive,PVC,R,6,VentilaciaOut,OpAU+W+20,30,RL ventil,,DATABASE_RULE_EVIDENCE
Altest,FrameArchive,PVC,L,16,VentilaciaKanal,OpAU+W+20,30,RL ventil,,DATABASE_RULE_EVIDENCE
Altest,FrameArchive,PVC,R,16,VentilaciaKanal,OpAU+W+20+30,30,RL ventil,,DATABASE_RULE_EVIDENCE
Altest,FrameArchive,PVC,L,16,VentilaciaKanal,OpAU+L/2,30,RL ventil,,DATABASE_RULE_EVIDENCE
Altest,FrameArchive,PVC,L,6,VentilaciaOut,OpAU+L/2,30,RL ventil,,DATABASE_RULE_EVIDENCE
Altest,FrameArchive,PVC,R,6,VentilaciaOut,OpAU+L/2,30,RL ventil,,DATABASE_RULE_EVIDENCE
Altest,FrameArchive,PVC,R,16,VentilaciaKanal,OpAU+L/2,30,RL ventil,,DATABASE_RULE_EVIDENCE
Altest,FrameArchive,PVC,U,20,Montage,OpAR-150,0,600XL MontajU,,DATABASE_RULE_EVIDENCE
Altest,FrameArchive,PVC,D,20,Montage_X,OpAL+150,0,600XL MontajD,,DATABASE_RULE_EVIDENCE
Altest,FrameArchive,PVC,L,20,Montage,OpAU+150,0,600XL MontajL,,DATABASE_RULE_EVIDENCE
Altest,FrameArchive,PVC,R,20,Montage,OpAD-150,0,600XL MontajR,,DATABASE_RULE_EVIDENCE
Altest,FrameArchive,PVC,L,18,VentilaciaOut,OpAD-100,0,frame top vent,,DATABASE_RULE_EVIDENCE
Altest,FrameArchive,PVC,L,18,VentilaciaOut,OpAU+100,0,DranageOut,,DATABASE_RULE_EVIDENCE
Altest,FrameArchive,PVC,R,18,VentilaciaOut,OpAD-100,0,frame top vent,,DATABASE_RULE_EVIDENCE
Altest,FrameArchive,PVC,R,18,VentilaciaOut,OpAU+100,0,DranageOut,,DATABASE_RULE_EVIDENCE
Altest,FrameArchive,PVC,U,9,VentilaciaPeroOut,OpAR-W-50,0,frame top vent,,DATABASE_RULE_EVIDENCE
Altest,FrameArchive,PVC,U,9,VentilaciaPeroOut,OpAL+W+50,0,frame top vent,,DATABASE_RULE_EVIDENCE
Altest,FrameArchive,PVC,L,9,VentilaciaPeroOut,OpAU+W+50,0,frame top vent,,DATABASE_RULE_EVIDENCE
Altest,FrameArchive,PVC,R,9,VentilaciaPeroOut,OpAU+W+50,0,frame top vent,,DATABASE_RULE_EVIDENCE
Altest,FrameArchive,PVC,L,9,VentilaciaPeroOut,OpAD-W-50,0,frame top vent,,DATABASE_RULE_EVIDENCE
Altest,FrameArchive,PVC,R,9,VentilaciaPeroOut,OpAD-W-50,0,frame top vent,,DATABASE_RULE_EVIDENCE
Altest,FrameArchive,PVC,U,11,VentilaciaPeroIn,OpAR-W-60,0,frame top vent,,DATABASE_RULE_EVIDENCE
Altest,FrameArchive,PVC,U,11,VentilaciaPeroIn,OpAL+W+60,0,frame top vent,,DATABASE_RULE_EVIDENCE
Altest,FrameArchive,PVC,L,11,VentilaciaPeroIn,OpAU+W+60,0,frame top vent,,DATABASE_RULE_EVIDENCE
Altest,FrameArchive,PVC,R,11,VentilaciaPeroIn,OpAU+W+50,0,frame top vent,,DATABASE_RULE_EVIDENCE
Altest,FrameArchive,PVC,L,11,VentilaciaPeroIn,OpAD-W-60,0,frame top vent,,DATABASE_RULE_EVIDENCE
Altest,FrameArchive,PVC,R,11,VentilaciaPeroIn,OpAD-W-60,0,frame top vent,,DATABASE_RULE_EVIDENCE
Altest,FrameArchive,PVC,L,9,VentilaciaPeroOut,OpAU+W+50,0,frame top vent,,DATABASE_RULE_EVIDENCE
Altest,FrameArchive,PVC,R,9,VentilaciaPeroOut,OpAU+W+50,0,frame top vent,,DATABASE_RULE_EVIDENCE
Altest,FrameArchive,PVC,L,9,VentilaciaPeroOut,OpAD-W-50,0,frame top vent,,DATABASE_RULE_EVIDENCE
Altest,FrameArchive,PVC,R,9,VentilaciaPeroOut,OpAD-W-50,0,frame top vent,,DATABASE_RULE_EVIDENCE
Altest,FrameOut,PVC,L,18,VentilaciaOut,OpAD-200,0,frame top vent,,DATABASE_RULE_EVIDENCE
Altest,FrameOut,PVC,L,18,VentilaciaOut,OpAU+200,0,DranageOut,,DATABASE_RULE_EVIDENCE
Altest,FrameOut,PVC,R,18,VentilaciaOut,OpAD-200,0,frame top vent,,DATABASE_RULE_EVIDENCE
Altest,FrameOut,PVC,R,18,VentilaciaOut,OpAU+200,0,DranageOut,,DATABASE_RULE_EVIDENCE
Altest,PVC Brava Martina 2 kuki 1700-2000,PVC,1,14,Brava35_Vint,OpAD-OpPrPero-1050-76,0,brava drajka,,DATABASE_RULE_EVIDENCE
Altest,PVC Brava Martina 2 kuki 1700-2000,PVC,1,14,Brava35_Vint,OpAD-OpPrPero-1050+24,0,brava drajka,,DATABASE_RULE_EVIDENCE
Altest,PVC Brava Martina 2 kuki 1700-2000,PVC,1,14,Brava35_Vint,OpAD-OpPrPero-1050+140,0,brava drajka,,DATABASE_RULE_EVIDENCE
Altest,PVC Brava Martina 2 kuki 1700-2000,PVC,1,14,Brava35_Handle,OpAD-OpPrPero-1050,0,brava drajka,,DATABASE_RULE_EVIDENCE
Altest,PVC Brava Martina 2 kuki 1700-2000,PVC,1,09,Brava_Kanal212,OpAD-OpPrPero-1050+1,240,brava kutia,,DATABASE_RULE_EVIDENCE
Altest,PVC Brava Martina 2 kuki 1700-2000,PVC,1,9,Brava_Kanal170,OpAD-opprpero-1050-500,170,brava kutia,,DATABASE_RULE_EVIDENCE
Altest,PVC Brava Martina 2 kuki 1700-2000,PVC,1,9,Brava_Kanal170,OpAD-opprpero-1050+760,170,brava kutia,,DATABASE_RULE_EVIDENCE
Altest,PVC Brava Martina 2 kuki 1700-2000,PVC,5,20,NasBrava,OpAD-OpPrPero-1050+58,50,PRINT_ N-k Brava,,DATABASE_RULE_EVIDENCE
Altest,PVC Brava Martina 2 kuki 1700-2000,PVC,1,12,Brava35_PatronL,OpAD-OpPrPero-1050+101.5,0,brava patron2,,DATABASE_RULE_EVIDENCE
Altest,PVC Brava Martina 2 kuki 1700-2000,PVC,1,12,Brava35_PatronR,OpAD-OpPrPero-1050+101.5,0,brava patron2,,DATABASE_RULE_EVIDENCE
Altest,PVC Brava Martina 2 kuki 2000-2400,PVC,1,14,Brava35_Vint,OpAD-OpPrPero-1050-76,0,brava drajka,,DATABASE_RULE_EVIDENCE
Altest,PVC Brava Martina 2 kuki 2000-2400,PVC,1,14,Brava35_Vint,OpAD-OpPrPero-1050+24,0,brava drajka,,DATABASE_RULE_EVIDENCE
Altest,PVC Brava Martina 2 kuki 2000-2400,PVC,1,14,Brava35_Vint,OpAD-OpPrPero-1050+140,0,brava drajka,,DATABASE_RULE_EVIDENCE
Altest,PVC Brava Martina 2 kuki 2000-2400,PVC,1,14,Brava35_Handle,OpAD-OpPrPero-1050,0,brava drajka,,DATABASE_RULE_EVIDENCE
Altest,PVC Brava Martina 2 kuki 2000-2400,PVC,1,09,Brava_Kanal212,OpAD-OpPrPero-1050+1,240,brava kutia,,DATABASE_RULE_EVIDENCE
Altest,PVC Brava Martina 2 kuki 2000-2400,PVC,1,9,Brava_Kanal170,OpAD-opprpero-1050-730,170,brava kutia,,DATABASE_RULE_EVIDENCE
Altest,PVC Brava Martina 2 kuki 2000-2400,PVC,1,9,Brava_Kanal170,OpAD-opprpero-1050+760,170,brava kutia,,DATABASE_RULE_EVIDENCE
Altest,PVC Brava Martina 2 kuki 2000-2400,PVC,5,20,NasBrava,OpAD-OpPrPero-1050+58,50,PRINT_ N-k Brava,,DATABASE_RULE_EVIDENCE
Altest,PVC Brava Martina 2 kuki 2000-2400,PVC,1,12,Brava35_PatronL,OpAD-OpPrPero-1050+101.5,0,brava patron2,,DATABASE_RULE_EVIDENCE
Altest,PVC Brava Martina 2 kuki 2000-2400,PVC,1,12,Brava35_PatronR,OpAD-OpPrPero-1050+101.5,0,brava patron2,,DATABASE_RULE_EVIDENCE
Altest,PVC Brava Martina 2 kuki GU 2000-2400,PVC,1,14,Brava35_Handle,OpAD-OpPrPero-1040,0,brava drajka,,DATABASE_RULE_EVIDENCE
Altest,PVC Brava Martina 2 kuki GU 2000-2400,PVC,1,09,Brava_Kanal212,OpAD-OpPrPero-1040+36,240,brava kutia,,DATABASE_RULE_EVIDENCE
Altest,PVC Brava Martina 2 kuki GU 2000-2400,PVC,1,9,Brava_Kanal170,OpAD-opprpero-1040-725,130,brava kutia,,DATABASE_RULE_EVIDENCE
Altest,PVC Brava Martina 2 kuki GU 2000-2400,PVC,1,9,Brava_Kanal170,OpAD-opprpero-1040+760,130,brava kutia,,DATABASE_RULE_EVIDENCE
Altest,PVC Brava Martina 2 kuki GU 2000-2400,PVC,5,20,NasBrava,OpAD-OpPrPero-1040-725,50,PRINT_ N-k Brava,,DATABASE_RULE_EVIDENCE
Altest,PVC Brava Martina 2 kuki GU 2000-2400,PVC,5,20,NasBrava,OpAD-OpPrPero-1040+760,50,PRINT_ N-k Brava,,DATABASE_RULE_EVIDENCE
Altest,PVC Brava Martina 2 kuki GU 2000-2400,PVC,5,20,NasBrava,OpAD-OpPrPero-1040+58,50,PRINT_ N-k Brava,,DATABASE_RULE_EVIDENCE
Altest,PVC Brava Martina 2 kuki GU 2000-2400,PVC,1,12,Brava35_PatronL,OpAD-OpPrPero-1040+101.5,0,brava patron2,,DATABASE_RULE_EVIDENCE
Altest,PVC Brava Martina 2 kuki GU 2000-2400,PVC,1,12,Brava35_PatronR,OpAD-OpPrPero-1040+101.5,0,brava patron2,,DATABASE_RULE_EVIDENCE
Altest,PVC Brava Martina 2 kuki GU 2000-2400_A,PVC,1,14,Brava35_Vint,OpAD-OpPrPero-920-76,0,brava drajka,,DATABASE_RULE_EVIDENCE
Altest,PVC Brava Martina 2 kuki GU 2000-2400_A,PVC,1,14,Brava35_Vint,OpAD-OpPrPero-920+24,0,brava drajka,,DATABASE_RULE_EVIDENCE
Altest,PVC Brava Martina 2 kuki GU 2000-2400_A,PVC,1,14,Brava35_Vint,OpAD-OpPrPero-920+140,0,brava drajka,,DATABASE_RULE_EVIDENCE
Altest,PVC Brava Martina 2 kuki GU 2000-2400_A,PVC,1,14,Brava35_Handle,OpAD-OpPrPero-920,0,brava drajka,,DATABASE_RULE_EVIDENCE
Altest,PVC Brava Martina 2 kuki GU 2000-2400_A,PVC,1,09,Brava_Kanal212,OpAD-OpPrPero-1025+36,240,brava kutia,,DATABASE_RULE_EVIDENCE
Altest,PVC Brava Martina 2 kuki GU 2000-2400_A,PVC,1,9,Brava_Kanal170,OpAD-opprpero-920-725,130,brava kutia,,DATABASE_RULE_EVIDENCE
Altest,PVC Brava Martina 2 kuki GU 2000-2400_A,PVC,1,9,Brava_Kanal170,OpAD-opprpero-920+760,130,brava kutia,,DATABASE_RULE_EVIDENCE
Altest,PVC Brava Martina 2 kuki GU 2000-2400_A,PVC,5,20,NasBrava,OpAD-OpPrPero-920-725,50,PRINT_ N-k Brava,,DATABASE_RULE_EVIDENCE
Altest,PVC Brava Martina 2 kuki GU 2000-2400_A,PVC,5,20,NasBrava,OpAD-OpPrPero-920+760,50,PRINT_ N-k Brava,,DATABASE_RULE_EVIDENCE
Altest,PVC Brava Martina 2 kuki GU 2000-2400_A,PVC,5,20,NasBrava,OpAD-OpPrPero-920+58,50,PRINT_ N-k Brava,,DATABASE_RULE_EVIDENCE
Altest,PVC Brava Martina 2 kuki GU 2000-2400_A,PVC,1,14,Brava35_Vint,OpAD-OpPrPero-1025-76,0,brava drajka,,DATABASE_RULE_EVIDENCE
Altest,PVC Brava Martina 2 kuki GU 2000-2400_A,PVC,1,14,Brava35_Vint,OpAD-OpPrPero-1025+24,0,brava drajka,,DATABASE_RULE_EVIDENCE
Altest,PVC Brava Martina 2 kuki GU 2000-2400_A,PVC,1,14,Brava35_Vint,OpAD-OpPrPero-1025+140,0,brava drajka,,DATABASE_RULE_EVIDENCE
Altest,PVC Brava Martina 2 kuki GU 2000-2400_A,PVC,1,14,Brava35_Handle,OpAD-OpPrPero-1025,0,brava drajka,,DATABASE_RULE_EVIDENCE
Altest,PVC Brava Martina 2 kuki GU 2000-2400_A,PVC,1,09,Brava_Kanal212,OpAD-OpPrPero-1025+36,240,brava kutia,,DATABASE_RULE_EVIDENCE
Altest,PVC Brava Martina 2 kuki GU 2000-2400_A,PVC,1,9,Brava_Kanal170,OpAD-opprpero-1025-725,130,brava kutia,,DATABASE_RULE_EVIDENCE
Altest,PVC Brava Martina 2 kuki GU 2000-2400_A,PVC,1,9,Brava_Kanal170,OpAD-opprpero-1025+760,130,brava kutia,,DATABASE_RULE_EVIDENCE
Altest,PVC Brava Martina 2 kuki GU 2000-2400_A,PVC,5,20,NasBrava,OpAD-OpPrPero-1025-725,50,PRINT_ N-k Brava,,DATABASE_RULE_EVIDENCE
Altest,PVC Brava Martina 2 kuki GU 2000-2400_A,PVC,5,20,NasBrava,OpAD-OpPrPero-1025+760,50,PRINT_ N-k Brava,,DATABASE_RULE_EVIDENCE
Altest,PVC Brava Martina 2 kuki GU 2000-2400_A,PVC,5,20,NasBrava,OpAD-OpPrPero-1025+58,50,PRINT_ N-k Brava,,DATABASE_RULE_EVIDENCE
Altest,PVC Brava Martina 2 kuki GU 2000-2400_A,PVC,1,12,Brava35_PatronL,OpAD-OpPrPero-920+101.5,0,brava patron2,,DATABASE_RULE_EVIDENCE
Altest,PVC Brava Martina 2 kuki GU 2000-2400_A,PVC,1,12,Brava35_PatronR,OpAD-OpPrPero-920+101.5,0,brava patron2,,DATABASE_RULE_EVIDENCE
Altest,PVC Brava Martina 2 kuki GU 2000-2400_A,PVC,1,12,Brava35_PatronL,OpAD-OpPrPero-1025+101.5,0,brava patron2,,DATABASE_RULE_EVIDENCE
Altest,PVC Brava Martina 2 kuki GU 2000-2400_A,PVC,1,12,Brava35_PatronR,OpAD-OpPrPero-1025+101.5,0,brava patron2,,DATABASE_RULE_EVIDENCE
Altest,PVC Brava Martina 3 ezika 1700-2000,PVC,1,14,Brava35_Vint,OpAD-OpPrPero-1050-76,0,brava drajka,,DATABASE_RULE_EVIDENCE
Altest,PVC Brava Martina 3 ezika 1700-2000,PVC,1,14,Brava35_Vint,OpAD-OpPrPero-1050+24,0,brava drajka,,DATABASE_RULE_EVIDENCE
Altest,PVC Brava Martina 3 ezika 1700-2000,PVC,1,14,Brava35_Vint,OpAD-OpPrPero-1050+140,0,brava drajka,,DATABASE_RULE_EVIDENCE
Altest,PVC Brava Martina 3 ezika 1700-2000,PVC,1,14,Brava35_Handle,OpAD-OpPrPero-1050,0,brava drajka,,DATABASE_RULE_EVIDENCE
Altest,PVC Brava Martina 3 ezika 1700-2000,PVC,1,09,Brava_Kanal212,OpAD-OpPrPero-1050+1,240,brava kutia,,DATABASE_RULE_EVIDENCE
Altest,PVC Brava Martina 3 ezika 1700-2000,PVC,1,9,Brava_Kanal170,OpAD-opprpero-1050-500,170,brava kutia,,DATABASE_RULE_EVIDENCE
Altest,PVC Brava Martina 3 ezika 1700-2000,PVC,1,9,Brava_Kanal170,OpAD-opprpero-1050+760,170,brava kutia,,DATABASE_RULE_EVIDENCE
Altest,PVC Brava Martina 3 ezika 1700-2000,PVC,5,20,NasBrava,OpAD-OpPrPero-1050+58,50,PRINT_ N-k Brava,,DATABASE_RULE_EVIDENCE
Altest,PVC Brava Martina 3 ezika 1700-2000,PVC,1,12,Brava35_PatronL,OpAD-OpPrPero-1050+101.5,0,brava patron2,,DATABASE_RULE_EVIDENCE
Altest,PVC Brava Martina 3 ezika 1700-2000,PVC,1,12,Brava35_PatronR,OpAD-OpPrPero-1050+101.5,0,brava patron2,,DATABASE_RULE_EVIDENCE
Altest,PVC Brava Martina 3 ezika 2000-2400,PVC,1,14,Brava35_Vint,OpAD-OpPrPero-1050-76,0,brava drajka,,DATABASE_RULE_EVIDENCE
Altest,PVC Brava Martina 3 ezika 2000-2400,PVC,1,14,Brava35_Vint,OpAD-OpPrPero-1050+24,0,brava drajka,,DATABASE_RULE_EVIDENCE
Altest,PVC Brava Martina 3 ezika 2000-2400,PVC,1,14,Brava35_Vint,OpAD-OpPrPero-1050+140,0,brava drajka,,DATABASE_RULE_EVIDENCE
Altest,PVC Brava Martina 3 ezika 2000-2400,PVC,1,14,Brava35_Handle,OpAD-OpPrPero-1050,0,brava drajka,,DATABASE_RULE_EVIDENCE
Altest,PVC Brava Martina 3 ezika 2000-2400,PVC,1,09,Brava_Kanal212,OpAD-OpPrPero-1050+1,240,brava kutia,,DATABASE_RULE_EVIDENCE
Altest,PVC Brava Martina 3 ezika 2000-2400,PVC,1,9,Brava_Kanal170,OpAD-opprpero-1050-730,170,brava kutia,,DATABASE_RULE_EVIDENCE
Altest,PVC Brava Martina 3 ezika 2000-2400,PVC,1,9,Brava_Kanal170,OpAD-opprpero-1050+760,170,brava kutia,,DATABASE_RULE_EVIDENCE
Altest,PVC Brava Martina 3 ezika 2000-2400,PVC,5,20,NasBrava,OpAD-OpPrPero-1050+58,50,PRINT_ N-k Brava,,DATABASE_RULE_EVIDENCE
Altest,PVC Brava Martina 3 ezika 2000-2400,PVC,1,12,Brava35_PatronL,OpAD-OpPrPero-1050+101.5,0,brava patron2,,DATABASE_RULE_EVIDENCE
Altest,PVC Brava Martina 3 ezika 2000-2400,PVC,1,12,Brava35_PatronR,OpAD-OpPrPero-1050+101.5,0,brava patron2,,DATABASE_RULE_EVIDENCE
Altest,PVC Brava Martina 35x85 ENDOW 25x85,PVC,1,14,Brava35_Handle,OpAD-880,0,brava drajka,,DATABASE_RULE_EVIDENCE
Altest,PVC Brava Martina 35x85 ENDOW 25x85,PVC,1,09,Brava_Kanal212,OpAD-880+10,210,brava kutia,,DATABASE_RULE_EVIDENCE
Altest,PVC Brava Martina 35x85 ENDOW 25x85,PVC,1,14,Brava35_Handle,OpAD-L/2,0,brava drajka,,DATABASE_RULE_EVIDENCE
Altest,PVC Brava Martina 35x85 ENDOW 25x85,PVC,1,09,Brava_Kanal212,OpAD-L/2+10,210,brava kutia,,DATABASE_RULE_EVIDENCE
Altest,PVC Brava Martina 35x85 ENDOW 25x85,PVC,1,14,Brava35_Handle,OpAD-OpPrPero-1040,0,brava drajka,,DATABASE_RULE_EVIDENCE
Altest,PVC Brava Martina 35x85 ENDOW 25x85,PVC,1,09,Brava_Kanal212,OpAD-OpPrPero-1040+10,210,brava kutia,,DATABASE_RULE_EVIDENCE
Altest,PVC Brava Martina 35x85 ENDOW 25x85,PVC,1,12,Brava35_PatronL,OpAD-880+94,0,brava patron2,,DATABASE_RULE_EVIDENCE
Altest,PVC Brava Martina 35x85 ENDOW 25x85,PVC,1,12,Brava35_PatronR,OpAD-880+94,0,brava patron2,,DATABASE_RULE_EVIDENCE
Altest,PVC Brava Martina 35x85 ENDOW 25x85,PVC,1,12,Brava35_PatronL,OpAD-L/2+94,0,brava patron2,,DATABASE_RULE_EVIDENCE
Altest,PVC Brava Martina 35x85 ENDOW 25x85,PVC,1,12,Brava35_PatronR,OpAD-L/2+94,0,brava patron2,,DATABASE_RULE_EVIDENCE
Altest,PVC Brava Martina 35x85 ENDOW 25x85,PVC,1,12,Brava35_PatronL,OpAD-OpPrPero-1040+94,0,brava patron2,,DATABASE_RULE_EVIDENCE
Altest,PVC Brava Martina 35x85 ENDOW 25x85,PVC,1,12,Brava35_PatronR,OpAD-OpPrPero-1040+94,0,brava patron2,,DATABASE_RULE_EVIDENCE
Altest,PVC Brava Martina 35x85 ENDOW 25x85 kanal 170,PVC,1,14,Brava35_Handle,OpAD-880,0,brava drajka,,DATABASE_RULE_EVIDENCE
Altest,PVC Brava Martina 35x85 ENDOW 25x85 kanal 170,PVC,1,09,Brava_Kanal170,OpAD-880+35,210,brava kutia,,DATABASE_RULE_EVIDENCE
Altest,PVC Brava Martina 35x85 ENDOW 25x85 kanal 170,PVC,5,20,NasBrava,OpAD-880+58,50,PRINT_ N-k Brava,,DATABASE_RULE_EVIDENCE
Altest,PVC Brava Martina 35x85 ENDOW 25x85 kanal 170,PVC,1,14,Brava35_Handle,OpAD-L/2,0,brava drajka,,DATABASE_RULE_EVIDENCE
Altest,PVC Brava Martina 35x85 ENDOW 25x85 kanal 170,PVC,1,09,Brava_Kanal170,OpAD-L/2+35,210,brava kutia,,DATABASE_RULE_EVIDENCE
Altest,PVC Brava Martina 35x85 ENDOW 25x85 kanal 170,PVC,5,20,NasBrava,OpAD-L/2+58,50,PRINT_ N-k Brava,,DATABASE_RULE_EVIDENCE
Altest,PVC Brava Martina 35x85 ENDOW 25x85 kanal 170,PVC,1,14,Brava35_Handle,OpAD-OpPrPero-1040,0,brava drajka,,DATABASE_RULE_EVIDENCE
Altest,PVC Brava Martina 35x85 ENDOW 25x85 kanal 170,PVC,1,09,Brava_Kanal170,OpAD-OpPrPero-1040+35,210,brava kutia,,DATABASE_RULE_EVIDENCE
Altest,PVC Brava Martina 35x85 ENDOW 25x85 kanal 170,PVC,5,20,NasBrava,OpAD-OpPrPero-1040+58,50,PRINT_ N-k Brava,,DATABASE_RULE_EVIDENCE
Altest,PVC Brava Martina 35x85 ENDOW 25x85 kanal 170,PVC,1,12,Brava35_PatronL,OpAD-880+94,0,brava patron2,,DATABASE_RULE_EVIDENCE
Altest,PVC Brava Martina 35x85 ENDOW 25x85 kanal 170,PVC,1,12,Brava35_PatronR,OpAD-880+94,0,brava patron2,,DATABASE_RULE_EVIDENCE
Altest,PVC Brava Martina 35x85 ENDOW 25x85 kanal 170,PVC,1,12,Brava35_PatronL,OpAD-L/2+94,0,brava patron2,,DATABASE_RULE_EVIDENCE
Altest,PVC Brava Martina 35x85 ENDOW 25x85 kanal 170,PVC,1,12,Brava35_PatronR,OpAD-L/2+94,0,brava patron2,,DATABASE_RULE_EVIDENCE
Altest,PVC Brava Martina 35x85 ENDOW 25x85 kanal 170,PVC,1,12,Brava35_PatronL,OpAD-OpPrPero-1040+94,0,brava patron2,,DATABASE_RULE_EVIDENCE
Altest,PVC Brava Martina 35x85 ENDOW 25x85 kanal 170,PVC,1,12,Brava35_PatronR,OpAD-OpPrPero-1040+94,0,brava patron2,,DATABASE_RULE_EVIDENCE
Altest,PVC Brava Martina 35x85 ENDOW 25x85_A,PVC,1,14,Brava35_Vint,OpAD-L/2-79,0,brava drajka,,DATABASE_RULE_EVIDENCE
Altest,PVC Brava Martina 35x85 ENDOW 25x85_A,PVC,1,14,Brava35_Vint,OpAD-L/2+21,0,brava drajka,,DATABASE_RULE_EVIDENCE
Altest,PVC Brava Martina 35x85 ENDOW 25x85_A,PVC,1,14,Brava35_Vint,OpAD-L/2+137,0,brava drajka,,DATABASE_RULE_EVIDENCE
Altest,PVC Brava Martina 35x85 ENDOW 25x85_A,PVC,1,14,Brava35_Handle,OpAD-L/2,0,brava drajka,,DATABASE_RULE_EVIDENCE
Altest,PVC Brava Martina 35x85 ENDOW 25x85_A,PVC,1,09,Brava_Kanal212,OpAD-L/2+10,210,brava kutia,,DATABASE_RULE_EVIDENCE
Altest,PVC Brava Martina 35x85 ENDOW 25x85_A,PVC,1,14,Brava35_Vint,OpAD-OpPrPero-1020-79,0,brava drajka,,DATABASE_RULE_EVIDENCE
Altest,PVC Brava Martina 35x85 ENDOW 25x85_A,PVC,1,14,Brava35_Vint,OpAD-OpPrPero-1020+21,0,brava drajka,,DATABASE_RULE_EVIDENCE
Altest,PVC Brava Martina 35x85 ENDOW 25x85_A,PVC,1,14,Brava35_Vint,OpAD-OpPrPero-1020+137,0,brava drajka,,DATABASE_RULE_EVIDENCE
Altest,PVC Brava Martina 35x85 ENDOW 25x85_A,PVC,1,14,Brava35_Handle,OpAD-OpPrPero-1020,0,brava drajka,,DATABASE_RULE_EVIDENCE
Altest,PVC Brava Martina 35x85 ENDOW 25x85_A,PVC,1,09,Brava_Kanal212,OpAD-OpPrPero-1020+10,210,brava kutia,,DATABASE_RULE_EVIDENCE
Altest,PVC Brava Martina 35x85 ENDOW 25x85_A,PVC,1,12,Brava35_PatronL,OpAD-L/2+94,0,brava patron2,,DATABASE_RULE_EVIDENCE
Altest,PVC Brava Martina 35x85 ENDOW 25x85_A,PVC,1,12,Brava35_PatronL,OpAD-OpPrPero-1020+94,0,brava patron2,,DATABASE_RULE_EVIDENCE
Altest,PVC Brava Martina 35x85 ENDOW 25x85_A,PVC,1,12,Brava35_PatronR,OpAD-L/2+94,0,brava patron2,,DATABASE_RULE_EVIDENCE
Altest,PVC Brava Martina 35x85 ENDOW 25x85_A,PVC,1,12,Brava35_PatronR,OpAD-OpPrPero-1020+94,0,brava patron2,,DATABASE_RULE_EVIDENCE
Altest,PVC Brava Martina 35x85 ENDOW 25x85x2,PVC,1,14,Brava35_Vint,OpAD-L/2-79,0,brava drajka,,DATABASE_RULE_EVIDENCE
Altest,PVC Brava Martina 35x85 ENDOW 25x85x2,PVC,1,14,Brava35_Vint,OpAD-L/2+21,0,brava drajka,,DATABASE_RULE_EVIDENCE
Altest,PVC Brava Martina 35x85 ENDOW 25x85x2,PVC,1,14,Brava35_Vint,OpAD-L/2+137,0,brava drajka,,DATABASE_RULE_EVIDENCE
Altest,PVC Brava Martina 35x85 ENDOW 25x85x2,PVC,1,14,Brava35_Handle,OpAD-L/2,0,brava drajka,,DATABASE_RULE_EVIDENCE
Altest,PVC Brava Martina 35x85 ENDOW 25x85x2,PVC,1,09,Brava_Kanal212,OpAD-L/2+10,210,brava kutia,,DATABASE_RULE_EVIDENCE
Altest,PVC Brava Martina 35x85 ENDOW 25x85x2,PVC,1,14,Brava35_Vint,OpAD-OpPrPero-1000-79,0,brava drajka,,DATABASE_RULE_EVIDENCE
Altest,PVC Brava Martina 35x85 ENDOW 25x85x2,PVC,1,14,Brava35_Vint,OpAD-OpPrPero-1000+21,0,brava drajka,,DATABASE_RULE_EVIDENCE
Altest,PVC Brava Martina 35x85 ENDOW 25x85x2,PVC,1,14,Brava35_Vint,OpAD-OpPrPero-1000+137,0,brava drajka,,DATABASE_RULE_EVIDENCE
Altest,PVC Brava Martina 35x85 ENDOW 25x85x2,PVC,1,14,Brava35_Handle,OpAD-OpPrPero-1000,0,brava drajka,,DATABASE_RULE_EVIDENCE
Altest,PVC Brava Martina 35x85 ENDOW 25x85x2,PVC,1,09,Brava_Kanal212,OpAD-OpPrPero-1000+10,210,brava kutia,,DATABASE_RULE_EVIDENCE
Altest,PVC Brava Martina 35x85 ENDOW 25x85x2,PVC,1,12,Brava35_PatronL,OpAD-L/2+94,0,brava patron2,,DATABASE_RULE_EVIDENCE
Altest,PVC Brava Martina 35x85 ENDOW 25x85x2,PVC,1,12,Brava35_PatronL,OpAD-OpPrPero-1000+94,0,brava patron2,,DATABASE_RULE_EVIDENCE
Altest,PVC Brava Martina 35x85 ENDOW 25x85x2,PVC,1,12,Brava35_PatronR,OpAD-L/2+94,0,brava patron2,,DATABASE_RULE_EVIDENCE
Altest,PVC Brava Martina 35x85 ENDOW 25x85x2,PVC,1,12,Brava35_PatronR,OpAD-OpPrPero-1000+94,0,brava patron2,,DATABASE_RULE_EVIDENCE
Altest,PVC Brava Martina 35x85 ENDOW 28x85,PVC,1,14,Brava35_Vint,OpAD-870-60,0,brava drajka,,DATABASE_RULE_EVIDENCE
Altest,PVC Brava Martina 35x85 ENDOW 28x85,PVC,1,14,Brava35_Vint,OpAD-870+133,0,brava drajka,,DATABASE_RULE_EVIDENCE
Altest,PVC Brava Martina 35x85 ENDOW 28x85,PVC,1,14,Brava35_Handle,OpAD-870,0,brava drajka,,DATABASE_RULE_EVIDENCE
Altest,PVC Brava Martina 35x85 ENDOW 28x85,PVC,1,09,Brava_Kanal212,OpAD-870+10,210,brava kutia,,DATABASE_RULE_EVIDENCE
Altest,PVC Brava Martina 35x85 ENDOW 28x85,PVC,1,14,Brava35_Vint,OpAD-OpPrPero-1040-60,0,brava drajka,,DATABASE_RULE_EVIDENCE
Altest,PVC Brava Martina 35x85 ENDOW 28x85,PVC,1,14,Brava35_Vint,OpAD-OpPrPero-1040+133,0,brava drajka,,DATABASE_RULE_EVIDENCE
Altest,PVC Brava Martina 35x85 ENDOW 28x85,PVC,1,14,Brava35_Handle,OpAD-OpPrPero-1040,0,brava drajka,,DATABASE_RULE_EVIDENCE
Altest,PVC Brava Martina 35x85 ENDOW 28x85,PVC,1,09,Brava_Kanal212,OpAD-OpPrPero-1040+10,210,brava kutia,,DATABASE_RULE_EVIDENCE
Altest,PVC Brava Martina 35x85 ENDOW 28x85,PVC,1,12,Brava35_PatronL,OpAD-870+94,0,brava patron2,,DATABASE_RULE_EVIDENCE
Altest,PVC Brava Martina 35x85 ENDOW 28x85,PVC,1,12,Brava35_PatronL,OpAD-OpPrPero-1040+94,0,brava patron2,,DATABASE_RULE_EVIDENCE
Altest,PVC Brava Martina 35x85 ENDOW 28x85,PVC,1,12,Brava35_PatronR,OpAD-870+94,0,brava patron2,,DATABASE_RULE_EVIDENCE
Altest,PVC Brava Martina 35x85 ENDOW 28x85,PVC,1,12,Brava35_PatronR,OpAD-OpPrPero-1040+94,0,brava patron2,,DATABASE_RULE_EVIDENCE
Altest,PVC Brava Martina 35x85 ENDOW 28x85_arhiv,PVC,1,14,Brava35_Vint,OpAD-L/2-60,0,brava drajka,,DATABASE_RULE_EVIDENCE
Altest,PVC Brava Martina 35x85 ENDOW 28x85_arhiv,PVC,1,14,Brava35_Vint,OpAD-L/2+133,0,brava drajka,,DATABASE_RULE_EVIDENCE
Altest,PVC Brava Martina 35x85 ENDOW 28x85_arhiv,PVC,1,14,Brava35_Handle,OpAD-L/2,0,brava drajka,,DATABASE_RULE_EVIDENCE
Altest,PVC Brava Martina 35x85 ENDOW 28x85_arhiv,PVC,1,09,Brava_Kanal212,OpAD-L/2+10,210,brava kutia,,DATABASE_RULE_EVIDENCE
Altest,PVC Brava Martina 35x85 ENDOW 28x85_arhiv,PVC,1,14,Brava35_Vint,OpAD-OpPrPero-900-60,0,brava drajka,,DATABASE_RULE_EVIDENCE
Altest,PVC Brava Martina 35x85 ENDOW 28x85_arhiv,PVC,1,14,Brava35_Vint,OpAD-OpPrPero-900+133,0,brava drajka,,DATABASE_RULE_EVIDENCE
Altest,PVC Brava Martina 35x85 ENDOW 28x85_arhiv,PVC,1,14,Brava35_Handle,OpAD-OpPrPero-900,0,brava drajka,,DATABASE_RULE_EVIDENCE
Altest,PVC Brava Martina 35x85 ENDOW 28x85_arhiv,PVC,1,09,Brava_Kanal212,OpAD-OpPrPero-900+10,210,brava kutia,,DATABASE_RULE_EVIDENCE
Altest,PVC Brava Martina 35x85 ENDOW 28x85_arhiv,PVC,1,14,Brava35_Vint,OpAD-OpPrPero-1020-60,0,brava drajka,,DATABASE_RULE_EVIDENCE
Altest,PVC Brava Martina 35x85 ENDOW 28x85_arhiv,PVC,1,14,Brava35_Vint,OpAD-OpPrPero-1020+133,0,brava drajka,,DATABASE_RULE_EVIDENCE
Altest,PVC Brava Martina 35x85 ENDOW 28x85_arhiv,PVC,1,14,Brava35_Handle,OpAD-OpPrPero-1020,0,brava drajka,,DATABASE_RULE_EVIDENCE
Altest,PVC Brava Martina 35x85 ENDOW 28x85_arhiv,PVC,1,09,Brava_Kanal212,OpAD-OpPrPero-1020+10,210,brava kutia,,DATABASE_RULE_EVIDENCE
Altest,PVC Brava Martina 35x85 ENDOW 28x85_arhiv,PVC,1,12,Brava35_PatronL,OpAD-L/2+94,0,brava patron2,,DATABASE_RULE_EVIDENCE
Altest,PVC Brava Martina 35x85 ENDOW 28x85_arhiv,PVC,1,12,Brava35_PatronL,OpAD-OpPrPero-1020+94,0,brava patron2,,DATABASE_RULE_EVIDENCE
Altest,PVC Brava Martina 35x85 ENDOW 28x85_arhiv,PVC,1,12,Brava35_PatronR,OpAD-L/2+94,0,brava patron2,,DATABASE_RULE_EVIDENCE
Altest,PVC Brava Martina 35x85 ENDOW 28x85_arhiv,PVC,1,12,Brava35_PatronR,OpAD-OpPrPero-1020+94,0,brava patron2,,DATABASE_RULE_EVIDENCE
Altest,PVC Brava Martina 35x85 ENDOW 35x85,PVC,1,14,Brava35_Handle,OpAD-870,0,brava drajka,,DATABASE_RULE_EVIDENCE
Altest,PVC Brava Martina 35x85 ENDOW 35x85,PVC,1,09,Brava_Kanal212,OpAD-870+10,210,brava kutia,,DATABASE_RULE_EVIDENCE
Altest,PVC Brava Martina 35x85 ENDOW 35x85,PVC,1,14,Brava35_Handle,OpAD-OpPrPero-1040,0,brava drajka,,DATABASE_RULE_EVIDENCE
Altest,PVC Brava Martina 35x85 ENDOW 35x85,PVC,1,09,Brava_Kanal212,OpAD-OpPrPero-1040+10,210,brava kutia,,DATABASE_RULE_EVIDENCE
Altest,PVC Brava Martina 35x85 ENDOW 35x85,PVC,1,12,Brava35_PatronL,OpAD-870+94,0,brava patron2,,DATABASE_RULE_EVIDENCE
Altest,PVC Brava Martina 35x85 ENDOW 35x85,PVC,1,12,Brava35_PatronL,OpAD-OpPrPero-1040+94,0,brava patron2,,DATABASE_RULE_EVIDENCE
Altest,PVC Brava Martina 35x85 ENDOW 35x85,PVC,1,12,Brava35_PatronR,OpAD-870+94,0,brava patron2,,DATABASE_RULE_EVIDENCE
Altest,PVC Brava Martina 35x85 ENDOW 35x85,PVC,1,12,Brava35_PatronR,OpAD-OpPrPero-1040+94,0,brava patron2,,DATABASE_RULE_EVIDENCE
Altest,PVC Brava Martina 35x85 ENDOW 35x85_A,PVC,1,14,Brava35_Vint,OpAD-L/2-60,0,brava drajka,,DATABASE_RULE_EVIDENCE
Altest,PVC Brava Martina 35x85 ENDOW 35x85_A,PVC,1,14,Brava35_Vint,OpAD-L/2+133,0,brava drajka,,DATABASE_RULE_EVIDENCE
Altest,PVC Brava Martina 35x85 ENDOW 35x85_A,PVC,1,14,Brava35_Handle,OpAD-L/2,0,brava drajka,,DATABASE_RULE_EVIDENCE
Altest,PVC Brava Martina 35x85 ENDOW 35x85_A,PVC,1,09,Brava_Kanal212,OpAD-L/2+10,210,brava kutia,,DATABASE_RULE_EVIDENCE
Altest,PVC Brava Martina 35x85 ENDOW 35x85_A,PVC,1,14,Brava35_Vint,OpAD-OpPrPero-1040-64,0,brava drajka,,DATABASE_RULE_EVIDENCE
Altest,PVC Brava Martina 35x85 ENDOW 35x85_A,PVC,1,14,Brava35_Vint,OpAD-OpPrPero-1040+129,0,brava drajka,,DATABASE_RULE_EVIDENCE
Altest,PVC Brava Martina 35x85 ENDOW 35x85_A,PVC,1,14,Brava35_Handle,OpAD-OpPrPero-1040,0,brava drajka,,DATABASE_RULE_EVIDENCE
Altest,PVC Brava Martina 35x85 ENDOW 35x85_A,PVC,1,09,Brava_Kanal212,OpAD-OpPrPero-1040+10,210,brava kutia,,DATABASE_RULE_EVIDENCE
Altest,PVC Brava Martina 35x85 ENDOW 35x85_A,PVC,1,12,Brava35_PatronL,OpAD-L/2+94,0,brava patron2,,DATABASE_RULE_EVIDENCE
Altest,PVC Brava Martina 35x85 ENDOW 35x85_A,PVC,1,12,Brava35_PatronL,OpAD-OpPrPero-1040+94,0,brava patron2,,DATABASE_RULE_EVIDENCE
Altest,PVC Brava Martina 35x85 ENDOW 35x85_A,PVC,1,12,Brava35_PatronR,OpAD-L/2+94,0,brava patron2,,DATABASE_RULE_EVIDENCE
Altest,PVC Brava Martina 35x85 ENDOW 35x85_A,PVC,1,12,Brava35_PatronR,OpAD-OpPrPero-1040+94,0,brava patron2,,DATABASE_RULE_EVIDENCE
Altest,PVC Brava Martina 35x85 ENDOW 35x85x2,PVC,1,14,Brava35_Vint,OpAD-L/2-65,0,brava drajka,,DATABASE_RULE_EVIDENCE
Altest,PVC Brava Martina 35x85 ENDOW 35x85x2,PVC,1,14,Brava35_Vint,OpAD-L/2+126,0,brava drajka,,DATABASE_RULE_EVIDENCE
Altest,PVC Brava Martina 35x85 ENDOW 35x85x2,PVC,1,14,Brava35_Handle,OpAD-L/2,0,brava drajka,,DATABASE_RULE_EVIDENCE
Altest,PVC Brava Martina 35x85 ENDOW 35x85x2,PVC,1,09,Brava_Kanal212,OpAD-L/2+10,210,brava kutia,,DATABASE_RULE_EVIDENCE
Altest,PVC Brava Martina 35x85 ENDOW 35x85x2,PVC,1,14,Brava35_Vint,OpAD-OpPrPero-1000-65,0,brava drajka,,DATABASE_RULE_EVIDENCE
Altest,PVC Brava Martina 35x85 ENDOW 35x85x2,PVC,1,14,Brava35_Vint,OpAD-OpPrPero-1000+126,0,brava drajka,,DATABASE_RULE_EVIDENCE
Altest,PVC Brava Martina 35x85 ENDOW 35x85x2,PVC,1,14,Brava35_Handle,OpAD-OpPrPero-1000,0,brava drajka,,DATABASE_RULE_EVIDENCE
Altest,PVC Brava Martina 35x85 ENDOW 35x85x2,PVC,1,09,Brava_Kanal212,OpAD-OpPrPero-1000+10,210,brava kutia,,DATABASE_RULE_EVIDENCE
Altest,PVC Brava Martina 35x85 ENDOW 35x85x2,PVC,1,12,Brava35_PatronL,OpAD-L/2+94,0,brava patron2,,DATABASE_RULE_EVIDENCE
Altest,PVC Brava Martina 35x85 ENDOW 35x85x2,PVC,1,12,Brava35_PatronL,OpAD-OpPrPero-1000+94,0,brava patron2,,DATABASE_RULE_EVIDENCE
Altest,PVC Brava Martina 35x85 ENDOW 35x85x2,PVC,1,12,Brava35_PatronR,OpAD-L/2+94,0,brava patron2,,DATABASE_RULE_EVIDENCE
Altest,PVC Brava Martina 35x85 ENDOW 35x85x2,PVC,1,12,Brava35_PatronR,OpAD-OpPrPero-1000+94,0,brava patron2,,DATABASE_RULE_EVIDENCE
Altest,PVC Brava Martina 35x85 TESA 28x85,PVC,1,14,Brava35_Vint,OpAD-720-64,0,brava drajka,,DATABASE_RULE_EVIDENCE
Altest,PVC Brava Martina 35x85 TESA 28x85,PVC,1,14,Brava35_Vint,OpAD-720+129,0,brava drajka,,DATABASE_RULE_EVIDENCE
Altest,PVC Brava Martina 35x85 TESA 28x85,PVC,1,14,Brava35_Handle,OpAD-720,0,brava drajka,,DATABASE_RULE_EVIDENCE
Altest,PVC Brava Martina 35x85 TESA 28x85,PVC,1,09,Brava_Kanal170,OpAD-L/2+41,210,brava kutia,,DATABASE_RULE_EVIDENCE
Altest,PVC Brava Martina 35x85 TESA 28x85,PVC,5,20,NasBrava,OpAD-L/2+58,50,PRINT_ N-k Brava,,DATABASE_RULE_EVIDENCE
Altest,PVC Brava Martina 35x85 TESA 28x85,PVC,1,14,Brava35_Vint,OpAD-OpPrPero-1040-64,0,brava drajka,,DATABASE_RULE_EVIDENCE
Altest,PVC Brava Martina 35x85 TESA 28x85,PVC,1,14,Brava35_Vint,OpAD-OpPrPero-1040+129,0,brava drajka,,DATABASE_RULE_EVIDENCE
Altest,PVC Brava Martina 35x85 TESA 28x85,PVC,1,14,Brava35_Handle,OpAD-OpPrPero-1040,0,brava drajka,,DATABASE_RULE_EVIDENCE
Altest,PVC Brava Martina 35x85 TESA 28x85,PVC,1,09,Brava_Kanal170,OpAD-OpPrPero-1040+41,210,brava kutia,,DATABASE_RULE_EVIDENCE
Altest,PVC Brava Martina 35x85 TESA 28x85,PVC,5,20,NasBrava,OpAD-OpPrPero-1040+58,50,PRINT_ N-k Brava,,DATABASE_RULE_EVIDENCE
Altest,PVC Brava Martina 35x85 TESA 28x85,PVC,1,12,Brava35_PatronL,OpAD-720+94,0,brava patron2,,DATABASE_RULE_EVIDENCE
Altest,PVC Brava Martina 35x85 TESA 28x85,PVC,1,12,Brava35_PatronL,OpAD-OpPrPero-1040+94,0,brava patron2,,DATABASE_RULE_EVIDENCE
Altest,PVC Brava Martina 35x85 TESA 28x85,PVC,1,12,Brava35_PatronR,OpAD-720+94,0,brava patron2,,DATABASE_RULE_EVIDENCE
Altest,PVC Brava Martina 35x85 TESA 28x85,PVC,1,12,Brava35_PatronR,OpAD-OpPrPero-1040+94,0,brava patron2,,DATABASE_RULE_EVIDENCE
Altest,PVC Brava Martina 35x92,PVC,1,14,Brava35_Vint,OpAD-L/2-76,0,brava drajka,,DATABASE_RULE_EVIDENCE
Altest,PVC Brava Martina 35x92,PVC,1,14,Brava35_Vint,OpAD-L/2+24,0,brava drajka,,DATABASE_RULE_EVIDENCE
Altest,PVC Brava Martina 35x92,PVC,1,14,Brava35_Vint,OpAD-L/2+140,0,brava drajka,,DATABASE_RULE_EVIDENCE
Altest,PVC Brava Martina 35x92,PVC,1,14,Brava35_Handle,OpAD-L/2,0,brava drajka,,DATABASE_RULE_EVIDENCE
Altest,PVC Brava Martina 35x92,PVC,1,09,Brava_Kanal212,OpAD-L/2+14,210,brava kutia,,DATABASE_RULE_EVIDENCE
Altest,PVC Brava Martina 35x92,PVC,5,20,NasBrava,OpAD-L/2+58,50,PRINT_ N-k Brava,,DATABASE_RULE_EVIDENCE
Altest,PVC Brava Martina 35x92,PVC,1,14,Brava35_Vint,OpAD-OpPrPero-1050-76,0,brava drajka,,DATABASE_RULE_EVIDENCE
Altest,PVC Brava Martina 35x92,PVC,1,14,Brava35_Vint,OpAD-OpPrPero-1050+24,0,brava drajka,,DATABASE_RULE_EVIDENCE
Altest,PVC Brava Martina 35x92,PVC,1,14,Brava35_Vint,OpAD-OpPrPero-1050+140,0,brava drajka,,DATABASE_RULE_EVIDENCE
Altest,PVC Brava Martina 35x92,PVC,1,14,Brava35_Handle,OpAD-OpPrPero-1050,0,brava drajka,,DATABASE_RULE_EVIDENCE
Altest,PVC Brava Martina 35x92,PVC,1,09,Brava_Kanal212,OpAD-OpPrPero-1050+14,210,brava kutia,,DATABASE_RULE_EVIDENCE
Altest,PVC Brava Martina 35x92,PVC,5,20,NasBrava,OpAD-OpPrPero-1020+58,50,PRINT_ N-k Brava,,DATABASE_RULE_EVIDENCE
Altest,PVC Brava Martina 35x92,PVC,1,12,Brava35_PatronL,OpAD-L/2+99,0,brava patron2,,DATABASE_RULE_EVIDENCE
Altest,PVC Brava Martina 35x92,PVC,1,12,Brava35_PatronL,OpAD-OpPrPero-1050+99,0,brava patron2,,DATABASE_RULE_EVIDENCE
Altest,PVC Brava Martina 35x92,PVC,1,12,Brava35_PatronR,OpAD-L/2+99,0,brava patron2,,DATABASE_RULE_EVIDENCE
Altest,PVC Brava Martina 35x92,PVC,1,12,Brava35_PatronR,OpAD-OpPrPero-1050+99,0,brava patron2,,DATABASE_RULE_EVIDENCE
Altest,PVC Brava Martina 35x92 ENDOW,PVC,1,14,Brava35_Handle,OpAD-880,0,brava drajka,,DATABASE_RULE_EVIDENCE
Altest,PVC Brava Martina 35x92 ENDOW,PVC,1,09,Brava_Kanal212,OpAD-880+18,210,brava kutia,,DATABASE_RULE_EVIDENCE
Altest,PVC Brava Martina 35x92 ENDOW,PVC,1,14,Brava35_Handle,OpAD-L/2,0,brava drajka,,DATABASE_RULE_EVIDENCE
Altest,PVC Brava Martina 35x92 ENDOW,PVC,1,09,Brava_Kanal212,OpAD-L/2+18,210,brava kutia,,DATABASE_RULE_EVIDENCE
Altest,PVC Brava Martina 35x92 ENDOW,PVC,1,14,Brava35_Handle,OpAD-OpPrPero-1040,0,brava drajka,,DATABASE_RULE_EVIDENCE
Altest,PVC Brava Martina 35x92 ENDOW,PVC,1,09,Brava_Kanal212,OpAD-OpPrPero-1040+18,210,brava kutia,,DATABASE_RULE_EVIDENCE
Altest,PVC Brava Martina 35x92 ENDOW,PVC,1,12,Brava35_PatronL,OpAD-880+101.5,0,brava patron2,,DATABASE_RULE_EVIDENCE
Altest,PVC Brava Martina 35x92 ENDOW,PVC,1,12,Brava35_PatronR,OpAD-880+101.5,0,brava patron2,,DATABASE_RULE_EVIDENCE
Altest,PVC Brava Martina 35x92 ENDOW,PVC,1,12,Brava35_PatronL,OpAD-L/2+101.5,0,brava patron2,,DATABASE_RULE_EVIDENCE
Altest,PVC Brava Martina 35x92 ENDOW,PVC,1,12,Brava35_PatronR,OpAD-L/2+101.5,0,brava patron2,,DATABASE_RULE_EVIDENCE
Altest,PVC Brava Martina 35x92 ENDOW,PVC,1,12,Brava35_PatronL,OpAD-OpPrPero-1040+101.5,0,brava patron2,,DATABASE_RULE_EVIDENCE
Altest,PVC Brava Martina 35x92 ENDOW,PVC,1,12,Brava35_PatronR,OpAD-OpPrPero-1040+101.5,0,brava patron2,,DATABASE_RULE_EVIDENCE
Altest,PVC Brava Martina 35x92 ENDOW_A,PVC,1,14,Brava35_Vint,OpAD-L/2-72,0,brava drajka,,DATABASE_RULE_EVIDENCE
Altest,PVC Brava Martina 35x92 ENDOW_A,PVC,1,14,Brava35_Vint,OpAD-L/2+130,0,brava drajka,,DATABASE_RULE_EVIDENCE
Altest,PVC Brava Martina 35x92 ENDOW_A,PVC,1,14,Brava35_Handle,OpAD-L/2,0,brava drajka,,DATABASE_RULE_EVIDENCE
Altest,PVC Brava Martina 35x92 ENDOW_A,PVC,1,09,Brava_Kanal212,OpAD-L/2+15,210,brava kutia,,DATABASE_RULE_EVIDENCE
Altest,PVC Brava Martina 35x92 ENDOW_A,PVC,1,14,Brava35_Vint,OpAD-OpPrPero-1020-72,0,brava drajka,,DATABASE_RULE_EVIDENCE
Altest,PVC Brava Martina 35x92 ENDOW_A,PVC,1,14,Brava35_Vint,OpAD-OpPrPero-1020+130,0,brava drajka,,DATABASE_RULE_EVIDENCE
Altest,PVC Brava Martina 35x92 ENDOW_A,PVC,1,14,Brava35_Handle,OpAD-OpPrPero-1020,0,brava drajka,,DATABASE_RULE_EVIDENCE
Altest,PVC Brava Martina 35x92 ENDOW_A,PVC,1,09,Brava_Kanal212,OpAD-OpPrPero-1020+15,210,brava kutia,,DATABASE_RULE_EVIDENCE
Altest,PVC Brava Martina 35x92 ENDOW_A,PVC,1,12,Brava35_PatronL,OpAD-L/2+101.5,0,brava patron2,,DATABASE_RULE_EVIDENCE
Altest,PVC Brava Martina 35x92 ENDOW_A,PVC,1,12,Brava35_PatronL,OpAD-OpPrPero-1020+101.5,0,brava patron2,,DATABASE_RULE_EVIDENCE
Altest,PVC Brava Martina 35x92 ENDOW_A,PVC,1,12,Brava35_PatronR,OpAD-L/2+101.5,0,brava patron2,,DATABASE_RULE_EVIDENCE
Altest,PVC Brava Martina 35x92 ENDOW_A,PVC,1,12,Brava35_PatronR,OpAD-OpPrPero-1020+101.5,0,brava patron2,,DATABASE_RULE_EVIDENCE
Altest,PVC Brava Martina 35x92 GU,PVC,1,14,Brava35_Vint,OpAD-L/2-64,0,brava drajka,,DATABASE_RULE_EVIDENCE
Altest,PVC Brava Martina 35x92 GU,PVC,1,14,Brava35_Vint,OpAD-L/2+129,0,brava drajka,,DATABASE_RULE_EVIDENCE
Altest,PVC Brava Martina 35x92 GU,PVC,1,14,Brava35_Handle,OpAD-L/2,0,brava drajka,,DATABASE_RULE_EVIDENCE
Altest,PVC Brava Martina 35x92 GU,PVC,1,09,Brava_Kanal212,OpAD-L/2+14,210,brava kutia,,DATABASE_RULE_EVIDENCE
Altest,PVC Brava Martina 35x92 GU,PVC,5,20,NasBrava,OpAD-L/2+58,50,PRINT_ N-k Brava,,DATABASE_RULE_EVIDENCE
Altest,PVC Brava Martina 35x92 GU,PVC,1,14,Brava35_Vint,OpAD-OpPrPero-1020-64,0,brava drajka,,DATABASE_RULE_EVIDENCE
Altest,PVC Brava Martina 35x92 GU,PVC,1,14,Brava35_Vint,OpAD-OpPrPero-1020+129,0,brava drajka,,DATABASE_RULE_EVIDENCE
Altest,PVC Brava Martina 35x92 GU,PVC,1,14,Brava35_Handle,OpAD-OpPrPero-1020,0,brava drajka,,DATABASE_RULE_EVIDENCE
Altest,PVC Brava Martina 35x92 GU,PVC,1,09,Brava_Kanal212,OpAD-OpPrPero-1020+14,210,brava kutia,,DATABASE_RULE_EVIDENCE
Altest,PVC Brava Martina 35x92 GU,PVC,5,20,NasBrava,OpAD-OpPrPero-1020+58,50,PRINT_ N-k Brava,,DATABASE_RULE_EVIDENCE
Altest,PVC Brava Martina 35x92 GU,PVC,1,12,Brava35_PatronL,OpAD-L/2+99,0,brava patron2,,DATABASE_RULE_EVIDENCE
Altest,PVC Brava Martina 35x92 GU,PVC,1,12,Brava35_PatronL,OpAD-OpPrPero-1020+99,0,brava patron2,,DATABASE_RULE_EVIDENCE
Altest,PVC Brava Martina 35x92 GU,PVC,1,12,Brava35_PatronR,OpAD-L/2+99,0,brava patron2,,DATABASE_RULE_EVIDENCE
Altest,PVC Brava Martina 35x92 GU,PVC,1,12,Brava35_PatronR,OpAD-OpPrPero-1020+99,0,brava patron2,,DATABASE_RULE_EVIDENCE
Altest,PVC Brava Martina 35x92 SIEGENIA,PVC,1,14,Brava35_Handle,OpAD-880,0,brava drajka,,DATABASE_RULE_EVIDENCE
Altest,PVC Brava Martina 35x92 SIEGENIA,PVC,1,09,Brava_Kanal212,OpAD-880+18,210,brava kutia,,DATABASE_RULE_EVIDENCE
Altest,PVC Brava Martina 35x92 SIEGENIA,PVC,5,20,NasBrava,OpAD-880+58,50,PRINT_ N-k Brava,,DATABASE_RULE_EVIDENCE
Altest,PVC Brava Martina 35x92 SIEGENIA,PVC,1,14,Brava35_Vint,OpAD-880+21,0,brava drajka,,DATABASE_RULE_EVIDENCE
Altest,PVC Brava Martina 35x92 SIEGENIA,PVC,1,14,Brava35_Handle,OpAD-L/2,0,brava drajka,,DATABASE_RULE_EVIDENCE
Altest,PVC Brava Martina 35x92 SIEGENIA,PVC,1,09,Brava_Kanal212,OpAD-L/2+18,210,brava kutia,,DATABASE_RULE_EVIDENCE
Altest,PVC Brava Martina 35x92 SIEGENIA,PVC,5,20,NasBrava,OpAD-L/2+58,50,PRINT_ N-k Brava,,DATABASE_RULE_EVIDENCE
Altest,PVC Brava Martina 35x92 SIEGENIA,PVC,1,14,Brava35_Vint,OpAD-L/2+21,0,brava drajka,,DATABASE_RULE_EVIDENCE
Altest,PVC Brava Martina 35x92 SIEGENIA,PVC,1,14,Brava35_Handle,OpAD-OpPrPero-1040,0,brava drajka,,DATABASE_RULE_EVIDENCE
Altest,PVC Brava Martina 35x92 SIEGENIA,PVC,1,09,Brava_Kanal212,OpAD-OpPrPero-1040+18,210,brava kutia,,DATABASE_RULE_EVIDENCE
Altest,PVC Brava Martina 35x92 SIEGENIA,PVC,5,20,NasBrava,OpAD-OpPrPero-1040+58,50,PRINT_ N-k Brava,,DATABASE_RULE_EVIDENCE
Altest,PVC Brava Martina 35x92 SIEGENIA,PVC,1,14,Brava35_Vint,OpAD-OpPrPero-1040+21,0,brava drajka,,DATABASE_RULE_EVIDENCE
Altest,PVC Brava Martina 35x92 SIEGENIA,PVC,1,12,Brava35_PatronL,OpAD-880+101.5,0,brava patron2,,DATABASE_RULE_EVIDENCE
Altest,PVC Brava Martina 35x92 SIEGENIA,PVC,1,12,Brava35_PatronR,OpAD-880+101.5,0,brava patron2,,DATABASE_RULE_EVIDENCE
Altest,PVC Brava Martina 35x92 SIEGENIA,PVC,1,12,Brava35_PatronL,OpAD-L/2+101.5,0,brava patron2,,DATABASE_RULE_EVIDENCE
Altest,PVC Brava Martina 35x92 SIEGENIA,PVC,1,12,Brava35_PatronR,OpAD-L/2+101.5,0,brava patron2,,DATABASE_RULE_EVIDENCE
Altest,PVC Brava Martina 35x92 SIEGENIA,PVC,1,12,Brava35_PatronL,OpAD-OpPrPero-1040+101.5,0,brava patron2,,DATABASE_RULE_EVIDENCE
Altest,PVC Brava Martina 35x92 SIEGENIA,PVC,1,12,Brava35_PatronR,OpAD-OpPrPero-1040+101.5,0,brava patron2,,DATABASE_RULE_EVIDENCE
Altest,PVC Brava Martina 35x92 SIEGENIA_A,PVC,1,14,Brava35_Vint,OpAD-L/2-79,0,brava drajka,,DATABASE_RULE_EVIDENCE
Altest,PVC Brava Martina 35x92 SIEGENIA_A,PVC,1,14,Brava35_Vint,OpAD-L/2+21,0,brava drajka,,DATABASE_RULE_EVIDENCE
Altest,PVC Brava Martina 35x92 SIEGENIA_A,PVC,1,14,Brava35_Vint,OpAD-L/2+137,0,brava drajka,,DATABASE_RULE_EVIDENCE
Altest,PVC Brava Martina 35x92 SIEGENIA_A,PVC,1,14,Brava35_Handle,OpAD-L/2,0,brava drajka,,DATABASE_RULE_EVIDENCE
Altest,PVC Brava Martina 35x92 SIEGENIA_A,PVC,1,09,Brava_Kanal212,OpAD-L/2+21,210,brava kutia,,DATABASE_RULE_EVIDENCE
Altest,PVC Brava Martina 35x92 SIEGENIA_A,PVC,5,20,NasBrava,OpAD-L/2+58,50,PRINT_ N-k Brava,,DATABASE_RULE_EVIDENCE
Altest,PVC Brava Martina 35x92 SIEGENIA_A,PVC,1,14,Brava35_Vint,OpAD-OpPrPero-1040-79,0,brava drajka,,DATABASE_RULE_EVIDENCE
Altest,PVC Brava Martina 35x92 SIEGENIA_A,PVC,1,14,Brava35_Vint,OpAD-OpPrPero-1040+21,0,brava drajka,,DATABASE_RULE_EVIDENCE
Altest,PVC Brava Martina 35x92 SIEGENIA_A,PVC,1,14,Brava35_Vint,OpAD-OpPrPero-1040+137,0,brava drajka,,DATABASE_RULE_EVIDENCE
Altest,PVC Brava Martina 35x92 SIEGENIA_A,PVC,1,14,Brava35_Handle,OpAD-OpPrPero-1040,0,brava drajka,,DATABASE_RULE_EVIDENCE
Altest,PVC Brava Martina 35x92 SIEGENIA_A,PVC,1,09,Brava_Kanal212,OpAD-OpPrPero-1040+21,210,brava kutia,,DATABASE_RULE_EVIDENCE
Altest,PVC Brava Martina 35x92 SIEGENIA_A,PVC,5,20,NasBrava,OpAD-OpPrPero-1040+58,50,PRINT_ N-k Brava,,DATABASE_RULE_EVIDENCE
Altest,PVC Brava Martina 35x92 SIEGENIA_A,PVC,1,12,Brava35_PatronL,OpAD-L/2+101.5,0,brava patron2,,DATABASE_RULE_EVIDENCE
Altest,PVC Brava Martina 35x92 SIEGENIA_A,PVC,1,12,Brava35_PatronL,OpAD-OpPrPero-1040+101.5,0,brava patron2,,DATABASE_RULE_EVIDENCE
Altest,PVC Brava Martina 35x92 SIEGENIA_A,PVC,1,12,Brava35_PatronR,OpAD-L/2+101.5,0,brava patron2,,DATABASE_RULE_EVIDENCE
Altest,PVC Brava Martina 35x92 SIEGENIA_A,PVC,1,12,Brava35_PatronR,OpAD-OpPrPero-1040+101.5,0,brava patron2,,DATABASE_RULE_EVIDENCE
Altest,PVC Brava Martina 35x92 SIEGENIA_A2,PVC,1,14,Brava35_Handle,OpAD-L/2,0,brava drajka,,DATABASE_RULE_EVIDENCE
Altest,PVC Brava Martina 35x92 SIEGENIA_A2,PVC,1,09,Brava_Kanal212,OpAD-L/2+21,210,brava kutia,,DATABASE_RULE_EVIDENCE
Altest,PVC Brava Martina 35x92 SIEGENIA_A2,PVC,5,20,NasBrava,OpAD-L/2+58,50,PRINT_ N-k Brava,,DATABASE_RULE_EVIDENCE
Altest,PVC Brava Martina 35x92 SIEGENIA_A2,PVC,1,14,Brava35_Vint,OpAD-L/2+21,0,brava drajka,,DATABASE_RULE_EVIDENCE
Altest,PVC Brava Martina 35x92 SIEGENIA_A2,PVC,1,14,Brava35_Handle,OpAD-OpPrPero-1040,0,brava drajka,,DATABASE_RULE_EVIDENCE
Altest,PVC Brava Martina 35x92 SIEGENIA_A2,PVC,1,09,Brava_Kanal212,OpAD-OpPrPero-1040+21,210,brava kutia,,DATABASE_RULE_EVIDENCE
Altest,PVC Brava Martina 35x92 SIEGENIA_A2,PVC,5,20,NasBrava,OpAD-OpPrPero-1040+58,50,PRINT_ N-k Brava,,DATABASE_RULE_EVIDENCE
Altest,PVC Brava Martina 35x92 SIEGENIA_A2,PVC,1,14,Brava35_Vint,OpAD-OpPrPero-1040+21,0,brava drajka,,DATABASE_RULE_EVIDENCE
Altest,PVC Brava Martina 35x92 SIEGENIA_A2,PVC,1,12,Brava35_PatronL,OpAD-L/2+101.5,0,brava patron2,,DATABASE_RULE_EVIDENCE
Altest,PVC Brava Martina 35x92 SIEGENIA_A2,PVC,1,12,Brava35_PatronL,OpAD-OpPrPero-1040+101.5,0,brava patron2,,DATABASE_RULE_EVIDENCE
Altest,PVC Brava Martina 35x92 SIEGENIA_A2,PVC,1,12,Brava35_PatronR,OpAD-L/2+101.5,0,brava patron2,,DATABASE_RULE_EVIDENCE
Altest,PVC Brava Martina 35x92 SIEGENIA_A2,PVC,1,12,Brava35_PatronR,OpAD-OpPrPero-1040+101.5,0,brava patron2,,DATABASE_RULE_EVIDENCE
Altest,PVC Brava Martina 35x92_arh,PVC,1,14,Brava35Handle,OpAD-opprpero-1050,0,PRINT_ brava,,DATABASE_RULE_EVIDENCE
Altest,PVC Brava Martina 35x92_arh,PVC,1,14,Brava35Handle,OpAD-opprpero-1050+92,0,brava patron1,,DATABASE_RULE_EVIDENCE
Altest,PVC Brava Martina 35x92_arh,PVC,1,14,Brava35Handle,OpAD-opprpero-1050+92+19,0,brava patron2,,DATABASE_RULE_EVIDENCE
Altest,PVC Brava Martina 35x92_arh,PVC,1,1,Brava35HandlePin,OpAD-opprpero-1050-77,0,brava drajka vint gore,,DATABASE_RULE_EVIDENCE
Altest,PVC Brava Martina 35x92_arh,PVC,1,1,Brava35HandlePin,OpAD-opprpero-1050+22,0,brava drajka vint,,DATABASE_RULE_EVIDENCE
Altest,PVC Brava Martina 35x92_arh,PVC,1,1,Brava35HandlePin,OpAD-opprpero-1050+137,0,brava drajka vint,,DATABASE_RULE_EVIDENCE
Altest,PVC Brava Martina 35x92_arh,PVC,1,9,MartinaKanalC,OpAD-opprpero-1050+5,255,brava kutia,,DATABASE_RULE_EVIDENCE
Altest,PVC Brava Martina 35x92_arh,PVC,5,20,FixNasDoor2C,OpAD-opprpero-1050+59,50,PRINT_ N-k Brava,,DATABASE_RULE_EVIDENCE
Altest,PVC Brava Martina 35x92_arh,PVC,5,20,FixNasDoor3C,OpAD-opprpero-1050+59,50,brava nasr3,,DATABASE_RULE_EVIDENCE
Altest,PVC Brava Martina 35x92_arh,PVC,3,14,Brava35Handle,OpAD-opprpero-1050,0,PRINT_ brava,,DATABASE_RULE_EVIDENCE
Altest,PVC Brava Martina 35x92_arh,PVC,3,14,Brava35Handle,OpAD-opprpero-1050+92,0,brava patron1,,DATABASE_RULE_EVIDENCE
Altest,PVC Brava Martina 35x92_arh,PVC,3,14,Brava35Handle,OpAD-opprpero-1050+92+19,0,brava patron2,,DATABASE_RULE_EVIDENCE
Altest,PVC Brava Martina 35x92_arh,PVC,3,1,Brava35HandlePin,OpAD-opprpero-1050-77,0,brava drajka vint gore,,DATABASE_RULE_EVIDENCE
Altest,PVC Brava Martina 35x92_arh,PVC,3,1,Brava35HandlePin,OpAD-opprpero-1050+22,0,brava drajka vint,,DATABASE_RULE_EVIDENCE
Altest,PVC Brava Martina 35x92_arh,PVC,3,1,Brava35HandlePin,OpAD-opprpero-1050+137,0,brava drajka vint,,DATABASE_RULE_EVIDENCE
Altest,PVC Brava Martina 35x92_arh,PVC,3,9,MartinaKanalC,OpAD-opprpero-1050+5,255,brava kutia,,DATABASE_RULE_EVIDENCE
Altest,PVC Brava Martina 35x92_arh,PVC,5,20,FixNasDoor2C,OpAD-opprpero-1050+59,50,PRINT_ N-k Brava,,DATABASE_RULE_EVIDENCE
Altest,PVC Brava Martina 35x92_arh,PVC,5,20,FixNasDoor3C,OpAD-opprpero-1050+59,50,brava nasr3,,DATABASE_RULE_EVIDENCE
Altest,PVC Brava shild 25x85x2,PVC,1,14,Brava35_Vint,OpAD-880-65,0,brava drajka,,DATABASE_RULE_EVIDENCE
Altest,PVC Brava shild 25x85x2,PVC,1,14,Brava35_Vint,OpAD-880+126,0,brava drajka,,DATABASE_RULE_EVIDENCE
Altest,PVC Brava shild 25x85x2,PVC,1,14,Brava35_Vint,OpAD-L/2-65,0,brava drajka,,DATABASE_RULE_EVIDENCE
Altest,PVC Brava shild 25x85x2,PVC,1,14,Brava35_Vint,OpAD-L/2+126,0,brava drajka,,DATABASE_RULE_EVIDENCE
Altest,PVC Brava shild 25x85x2,PVC,1,14,Brava35_Vint,OpAD-OpPrPero-1040-65,0,brava drajka,,DATABASE_RULE_EVIDENCE
Altest,PVC Brava shild 25x85x2,PVC,1,14,Brava35_Vint,OpAD-OpPrPero-1040+126,0,brava drajka,,DATABASE_RULE_EVIDENCE
Altest,PVC Brava shild 25x85x2_64_129,PVC,1,14,Brava35_Vint,OpAD-870-64,0,brava drajka,,DATABASE_RULE_EVIDENCE
Altest,PVC Brava shild 25x85x2_64_129,PVC,1,14,Brava35_Vint,OpAD-870+129,0,brava drajka,,DATABASE_RULE_EVIDENCE
Altest,PVC Brava shild 25x85x2_64_129,PVC,1,14,Brava35_Vint,OpAD-OpPrPero-1040-64,0,brava drajka,,DATABASE_RULE_EVIDENCE
Altest,PVC Brava shild 25x85x2_64_129,PVC,1,14,Brava35_Vint,OpAD-OpPrPero-1040+129,0,brava drajka,,DATABASE_RULE_EVIDENCE
Altest,PVC Brava shild 25x85x2_Brava,PVC,1,14,Brava35_Vint,OpAD-870-61,0,brava drajka,,DATABASE_RULE_EVIDENCE
Altest,PVC Brava shild 25x85x2_Brava,PVC,1,14,Brava35_Vint,OpAD-870+131,0,brava drajka,,DATABASE_RULE_EVIDENCE
Altest,PVC Brava shild 25x85x2_Brava,PVC,1,14,Brava35_Vint,OpAD-OpPrPero-1040-61,0,brava drajka,,DATABASE_RULE_EVIDENCE
Altest,PVC Brava shild 25x85x2_Brava,PVC,1,14,Brava35_Vint,OpAD-OpPrPero-1040+131,0,brava drajka,,DATABASE_RULE_EVIDENCE
Altest,PVC Brava shild 25x85x3,PVC,1,14,Brava35_Vint,OpAD-870-79,0,brava drajka,,DATABASE_RULE_EVIDENCE
Altest,PVC Brava shild 25x85x3,PVC,1,14,Brava35_Vint,OpAD-870+21,0,brava drajka,,DATABASE_RULE_EVIDENCE
Altest,PVC Brava shild 25x85x3,PVC,1,14,Brava35_Vint,OpAD-870+137,0,brava drajka,,DATABASE_RULE_EVIDENCE
Altest,PVC Brava shild 25x85x3,PVC,1,14,Brava35_Vint,OpAD-OpPrPero-1040-79,0,brava drajka,,DATABASE_RULE_EVIDENCE
Altest,PVC Brava shild 25x85x3,PVC,1,14,Brava35_Vint,OpAD-OpPrPero-1040+21,0,brava drajka,,DATABASE_RULE_EVIDENCE
Altest,PVC Brava shild 25x85x3,PVC,1,14,Brava35_Vint,OpAD-OpPrPero-1040+137,0,brava drajka,,DATABASE_RULE_EVIDENCE
Altest,PVC Brava shild 30x85x2-AKP,PVC,1,14,Brava35_Vint,OpAD-880-77,0,brava drajka,,DATABASE_RULE_EVIDENCE
Altest,PVC Brava shild 30x85x2-AKP,PVC,1,14,Brava35_Vint,OpAD-880+138,0,brava drajka,,DATABASE_RULE_EVIDENCE
Altest,PVC Brava shild 30x85x2-AKP,PVC,1,14,Brava35_Vint,OpAD-L/2-77,0,brava drajka,,DATABASE_RULE_EVIDENCE
Altest,PVC Brava shild 30x85x2-AKP,PVC,1,14,Brava35_Vint,OpAD-L/2+138,0,brava drajka,,DATABASE_RULE_EVIDENCE
Altest,PVC Brava shild 30x85x2-AKP,PVC,1,14,Brava35_Vint,OpAD-OpPrPero-1040-77,0,brava drajka,,DATABASE_RULE_EVIDENCE
Altest,PVC Brava shild 30x85x2-AKP,PVC,1,14,Brava35_Vint,OpAD-OpPrPero-1040+138,0,brava drajka,,DATABASE_RULE_EVIDENCE
Altest,PVC Brava shild 30x92x3,PVC,1,14,Brava35_Vint,OpAD-870-67,0,brava drajka,,DATABASE_RULE_EVIDENCE
Altest,PVC Brava shild 30x92x3,PVC,1,14,Brava35_Vint,OpAD-870+21,0,brava drajka,,DATABASE_RULE_EVIDENCE
Altest,PVC Brava shild 30x92x3,PVC,1,14,Brava35_Vint,OpAD-870+132,0,brava drajka,,DATABASE_RULE_EVIDENCE
Altest,PVC Brava shild 30x92x3,PVC,1,14,Brava35_Vint,OpAD-OpPrPero-1040-67,0,brava drajka,,DATABASE_RULE_EVIDENCE
Altest,PVC Brava shild 30x92x3,PVC,1,14,Brava35_Vint,OpAD-OpPrPero-1040+21,0,brava drajka,,DATABASE_RULE_EVIDENCE
Altest,PVC Brava shild 30x92x3,PVC,1,14,Brava35_Vint,OpAD-OpPrPero-1040+132,0,brava drajka,,DATABASE_RULE_EVIDENCE
Altest,PVC Brava shild 30x92x3-AKP,PVC,1,14,Brava35_Vint,OpAD-880-77,0,brava drajka,,DATABASE_RULE_EVIDENCE
Altest,PVC Brava shild 30x92x3-AKP,PVC,1,14,Brava35_Vint,OpAD-880+138,0,brava drajka,,DATABASE_RULE_EVIDENCE
Altest,PVC Brava shild 30x92x3-AKP,PVC,1,14,Brava35_Vint,OpAD-L/2-77,0,brava drajka,,DATABASE_RULE_EVIDENCE
Altest,PVC Brava shild 30x92x3-AKP,PVC,1,14,Brava35_Vint,OpAD-L/2+138,0,brava drajka,,DATABASE_RULE_EVIDENCE
Altest,PVC Brava shild 30x92x3-AKP,PVC,1,14,Brava35_Vint,OpAD-OpPrPero-1040-77,0,brava drajka,,DATABASE_RULE_EVIDENCE
Altest,PVC Brava shild 30x92x3-AKP,PVC,1,14,Brava35_Vint,OpAD-OpPrPero-1040+138,0,brava drajka,,DATABASE_RULE_EVIDENCE
Altest,PVC Brava shild 35x92x3,PVC,1,14,Brava35_Vint,OpAD-880-79,0,brava drajka,,DATABASE_RULE_EVIDENCE
Altest,PVC Brava shild 35x92x3,PVC,1,14,Brava35_Vint,OpAD-880+21,0,brava drajka,,DATABASE_RULE_EVIDENCE
Altest,PVC Brava shild 35x92x3,PVC,1,14,Brava35_Vint,OpAD-880+137,0,brava drajka,,DATABASE_RULE_EVIDENCE
Altest,PVC Brava shild 35x92x3,PVC,1,14,Brava35_Vint,OpAD-L/2-79,0,brava drajka,,DATABASE_RULE_EVIDENCE
Altest,PVC Brava shild 35x92x3,PVC,1,14,Brava35_Vint,OpAD-L/2+21,0,brava drajka,,DATABASE_RULE_EVIDENCE
Altest,PVC Brava shild 35x92x3,PVC,1,14,Brava35_Vint,OpAD-L/2+137,0,brava drajka,,DATABASE_RULE_EVIDENCE
Altest,PVC Brava shild 35x92x3,PVC,1,14,Brava35_Vint,OpAD-OpPrPero-1040-79,0,brava drajka,,DATABASE_RULE_EVIDENCE
Altest,PVC Brava shild 35x92x3,PVC,1,14,Brava35_Vint,OpAD-OpPrPero-1040+21,0,brava drajka,,DATABASE_RULE_EVIDENCE
Altest,PVC Brava shild 35x92x3,PVC,1,14,Brava35_Vint,OpAD-OpPrPero-1040+137,0,brava drajka,,DATABASE_RULE_EVIDENCE
Altest,PVC Panta Kasa Arhiv 3 i 4 panti,PVC,7,13,DolnaPantaMACO,OpAL_corr+30+45,0,Горна панта ф3mm,,DATABASE_RULE_EVIDENCE
Altest,PVC Panta Kasa Arhiv 3 i 4 panti,PVC,7,13,DolnaPantaMACO,OpAR_corr-30-45,0,Горна панта ф3mm,,DATABASE_RULE_EVIDENCE
Altest,PVC Panta Kasa Arhiv 3 i 4 panti,PVC,7,13,DolnaPantaMACO,OpAL_corr+30+45,0,Горна панта ф3mm,,DATABASE_RULE_EVIDENCE
Altest,PVC Panta Kasa Arhiv 3 i 4 panti,PVC,7,13,DolnaPantaMACO,OpAR_corr-30-45,0,Горна панта ф3mm,,DATABASE_RULE_EVIDENCE
Altest,PVC Panta Kasa Arhiv 3 i 4 panti,PVC,7,13,DolnaPantaMACO,OpAL_corr+30+75,0,Горна панта ф3mm,,DATABASE_RULE_EVIDENCE
Altest,PVC Panta Kasa Arhiv 3 i 4 panti,PVC,7,13,DolnaPantaMACO,OpAR_corr-30-75,0,Горна панта ф3mm,,DATABASE_RULE_EVIDENCE
Altest,PVC Panta Kasa Arhiv 3 i 4 panti,PVC,7,13,DolnaPantaMACO,OpAL_corr+30+75,0,Горна панта ф3mm,,DATABASE_RULE_EVIDENCE
Altest,PVC Panta Kasa Arhiv 3 i 4 panti,PVC,7,13,DolnaPantaMACO,OpAR_corr-30-75,0,Горна панта ф3mm,,DATABASE_RULE_EVIDENCE
Altest,PVC Panta Kasa Arhiv 3 i 4 panti,PVC,7,12,DolnaPantaMACO,OpAU+8+30,0,Горна панта 33,,DATABASE_RULE_EVIDENCE
Altest,PVC Panta Kasa Arhiv 3 i 4 panti,PVC,7,12,DolnaPantaMACO,OpAU+8+30,0,Горна панта 31,,DATABASE_RULE_EVIDENCE
Altest,PVC Panta Kasa Arhiv 3 i 4 panti,PVC,7,12,DolnaPantaMACO,OpAD-L/2,0,Горна панта,,DATABASE_RULE_EVIDENCE
Altest,PVC Panta Kasa Arhiv 3 i 4 panti,PVC,7,12,DolnaPantaMACO,OpAD-L/3,0,Горна панта,,DATABASE_RULE_EVIDENCE
Altest,PVC Panta Kasa Arhiv 3 i 4 panti,PVC,7,12,DolnaPantaMACO,OpAU+L/3,0,Горна панта,,DATABASE_RULE_EVIDENCE
Altest,PVC Panta Kasa Arhiv 3 i 4 panti,PVC,7,13,DolnaPantaSIEG,OpAL_corr+39+45,0,Горна панта ф6mm,,DATABASE_RULE_EVIDENCE
Altest,PVC Panta Kasa Arhiv 3 i 4 panti,PVC,7,13,DolnaPantaSIEG,OpAR_corr-39-45,0,Горна панта ф6mm,,DATABASE_RULE_EVIDENCE
Altest,PVC Panta Kasa Arhiv 3 i 4 panti,PVC,7,13,DolnaPantaSIEG,OpAL_corr+39+45,0,Горна панта ф6mm,,DATABASE_RULE_EVIDENCE
Altest,PVC Panta Kasa Arhiv 3 i 4 panti,PVC,7,13,DolnaPantaSIEG,OpAR_corr-39-45,0,Горна панта ф6mm,,DATABASE_RULE_EVIDENCE
Altest,PVC Panta Kasa Arhiv 3 i 4 panti,PVC,7,13,DolnaPantaSIEG,OpAL_corr+39+75,0,Горна панта ф6mm,,DATABASE_RULE_EVIDENCE
Altest,PVC Panta Kasa Arhiv 3 i 4 panti,PVC,7,13,DolnaPantaSIEG,OpAR_corr-39-75,0,Горна панта ф6mm,,DATABASE_RULE_EVIDENCE
Altest,PVC Panta Kasa Arhiv 3 i 4 panti,PVC,7,13,DolnaPantaSIEG,OpAL_corr+39+75,0,Горна панта ф6mm,,DATABASE_RULE_EVIDENCE
Altest,PVC Panta Kasa Arhiv 3 i 4 panti,PVC,7,13,DolnaPantaSIEG,OpAR_corr-39-75,0,Горна панта ф6mm,,DATABASE_RULE_EVIDENCE
Altest,PVC Panta Kasa Arhiv 3 i 4 panti,PVC,7,12,DolnaPantaSIEG,OpAU+8+34,0,Горна панта ф3mm,,DATABASE_RULE_EVIDENCE
Altest,PVC Panta Kasa Arhiv 3 i 4 panti,PVC,7,12,DolnaPantaSIEG,OpAD-L/2,0,Горна панта ф3mm,,DATABASE_RULE_EVIDENCE
Altest,PVC Panta Kasa Arhiv 3 i 4 panti,PVC,7,12,DolnaPantaSIEG,OpAD-L/3,0,Горна панта,,DATABASE_RULE_EVIDENCE
Altest,PVC Panta Kasa Arhiv 3 i 4 panti,PVC,7,12,DolnaPantaSIEG,OpAU+L/3,0,Горна панта,,DATABASE_RULE_EVIDENCE
Altest,PVC Panta Kasa Arhiv 3 i 4 panti,PVC,7,13,DolnaPantaENDOW,OpAL_corr+37+45,0,Горна панта,,DATABASE_RULE_EVIDENCE
Altest,PVC Panta Kasa Arhiv 3 i 4 panti,PVC,7,13,DolnaPantaENDOW,OpAR_corr-37-45,0,Горна панта,,DATABASE_RULE_EVIDENCE
Altest,PVC Panta Kasa Arhiv 3 i 4 panti,PVC,7,13,DolnaPantaENDOW,OpAL_corr+37+45,0,Горна панта,,DATABASE_RULE_EVIDENCE
Altest,PVC Panta Kasa Arhiv 3 i 4 panti,PVC,7,13,DolnaPantaENDOW,OpAR_corr-37-45,0,Горна панта,,DATABASE_RULE_EVIDENCE
Altest,PVC Panta Kasa Arhiv 3 i 4 panti,PVC,7,13,DolnaPantaENDOW,OpAL_corr+37+75,0,Горна панта,,DATABASE_RULE_EVIDENCE
Altest,PVC Panta Kasa Arhiv 3 i 4 panti,PVC,7,13,DolnaPantaENDOW,OpAR_corr-37-75,0,Горна панта,,DATABASE_RULE_EVIDENCE
Altest,PVC Panta Kasa Arhiv 3 i 4 panti,PVC,7,13,DolnaPantaENDOW,OpAL_corr+37+75,0,Горна панта,,DATABASE_RULE_EVIDENCE
Altest,PVC Panta Kasa Arhiv 3 i 4 panti,PVC,7,13,DolnaPantaENDOW,OpAR_corr-37-75,0,Горна панта,,DATABASE_RULE_EVIDENCE
Altest,PVC Panta Kasa Arhiv 3 i 4 panti,PVC,7,12,DolnaPantaENDOW,OpAU+8+37,0,Горна панта ф3mm,,DATABASE_RULE_EVIDENCE
Altest,PVC Panta Kasa Arhiv 3 i 4 panti,PVC,7,12,DolnaPantaENDOW,OpAD-L/2,0,Горна панта,,DATABASE_RULE_EVIDENCE
Altest,PVC Panta Kasa Arhiv 3 i 4 panti,PVC,7,12,DolnaPantaENDOW,OpAD-L/3,0,Горна панта,,DATABASE_RULE_EVIDENCE
Altest,PVC Panta Kasa Arhiv 3 i 4 panti,PVC,7,12,DolnaPantaENDOW,OpAU+L/3,0,Горна панта,,DATABASE_RULE_EVIDENCE
Altest,PVC Window Hinge Frame MACO Down,PVC,1,9,HandleWin,OpAD-165,80,kutia martina,,DATABASE_RULE_EVIDENCE
Altest,PVC Window Hinge Frame MACO Down,PVC,1,9,HandleWin,OpAD-Handle_Position,80,kutia martina,,DATABASE_RULE_EVIDENCE
Altest,PVC Window Hinge Frame MACO Up,PVC,1,9,HandleWin,OpAD-165,80,kutia martina,,DATABASE_RULE_EVIDENCE
Altest,PVC Window Hinge Frame MACO Up,PVC,1,9,HandleWin,OpAD-Handle_Position,80,kutia martina,,DATABASE_RULE_EVIDENCE
Altest,PVC Window Hinge Frame MACO_ALL,PVC,7,12,PantaMACO,OpAL_corr+10+75,0,Горна панта ф3mm,,DATABASE_RULE_EVIDENCE
Altest,PVC Window Hinge Frame MACO_ALL,PVC,7,12,PantaMACO,OpAL_corr+24+75,0,Горна панта ф3mm,,DATABASE_RULE_EVIDENCE
Altest,PVC Window Hinge Frame MACO_ALL,PVC,7,12,PantaMACO,OpAL_corr+38+75,0,Горна панта ф3mm,,DATABASE_RULE_EVIDENCE
Altest,PVC Window Hinge Frame MACO_ALL,PVC,7,12,PantaMACO,OpAL_corr+52+75,0,Горна панта ф3mm,,DATABASE_RULE_EVIDENCE
Altest,PVC Window Hinge Frame MACO_ALL,PVC,7,12,PantaMACO,OpAR_corr-10-75,0,Горна панта ф3mm,,DATABASE_RULE_EVIDENCE
Altest,PVC Window Hinge Frame MACO_ALL,PVC,7,12,PantaMACO,OpAR_corr-24-75,0,Горна панта ф3mm,,DATABASE_RULE_EVIDENCE
Altest,PVC Window Hinge Frame MACO_ALL,PVC,7,12,PantaMACO,OpAR_corr-38-75,0,Горна панта ф3mm,,DATABASE_RULE_EVIDENCE
Altest,PVC Window Hinge Frame MACO_ALL,PVC,7,12,PantaMACO,OpAR_corr-52-75,0,Горна панта ф3mm,,DATABASE_RULE_EVIDENCE
Altest,PVC Window Hinge Frame MACO_ALL,PVC,7,12,PantaMACO,OpAU_corr+10,0,Горна панта ф3mm,,DATABASE_RULE_EVIDENCE
Altest,PVC Window Hinge Frame MACO_ALL,PVC,7,12,PantaMACO,OpAU_corr+24,0,Горна панта ф3mm,,DATABASE_RULE_EVIDENCE
Altest,PVC Window Hinge Frame MACO_ALL,PVC,7,12,PantaMACO,OpAU_corr+38,0,Горна панта ф3mm,,DATABASE_RULE_EVIDENCE
Altest,PVC Window Hinge Frame MACO_ALL,PVC,7,12,PantaMACO,OpAU_corr+52,0,Горна панта ф3mm,,DATABASE_RULE_EVIDENCE
Altest,PVC Window Hinge Frame MACO_ALL,PVC,7,12,PantaMACO,OpAU_corr+10,0,Горна панта ф3mm,,DATABASE_RULE_EVIDENCE
Altest,PVC Window Hinge Frame MACO_ALL,PVC,7,12,PantaMACO,OpAU_corr+24,0,Горна панта ф3mm,,DATABASE_RULE_EVIDENCE
Altest,PVC Window Hinge Frame MACO_ALL,PVC,7,12,PantaMACO,OpAU_corr+38,0,Горна панта ф3mm,,DATABASE_RULE_EVIDENCE
Altest,PVC Window Hinge Frame MACO_ALL,PVC,7,12,PantaMACO,OpAU_corr+52,0,Горна панта ф3mm,,DATABASE_RULE_EVIDENCE
Altest,PVC Window Hinge Frame MACO_ALL,PVC,7,12,PantaMACO,OpAD-8-10,0,Долна панта ф3mm,,DATABASE_RULE_EVIDENCE
Altest,PVC Window Hinge Frame MACO_ALL,PVC,7,12,PantaMACO,OpAD-8-24,0,Долна панта ф3mm,,DATABASE_RULE_EVIDENCE
Altest,PVC Window Hinge Frame MACO_ALL,PVC,7,12,PantaMACO,OpAD-8-38,0,Долна панта ф3mm,,DATABASE_RULE_EVIDENCE
Altest,PVC Window Hinge Frame MACO_ALL,PVC,7,12,PantaMACO,OpAD-8-52,0,Долна панта ф3mm,,DATABASE_RULE_EVIDENCE
Altest,PVC Window Hinge Frame MACO_ALL,PVC,7,12,PantaMACO,OpAD-8-10,0,Долна панта ф3mm,,DATABASE_RULE_EVIDENCE
Altest,PVC Window Hinge Frame MACO_ALL,PVC,7,12,PantaMACO,OpAD-8-24,0,Долна панта ф3mm,,DATABASE_RULE_EVIDENCE
Altest,PVC Window Hinge Frame MACO_ALL,PVC,7,12,PantaMACO,OpAD-8-38,0,Долна панта ф3mm,,DATABASE_RULE_EVIDENCE
Altest,PVC Window Hinge Frame MACO_ALL,PVC,7,12,PantaMACO,OpAD-8-52,0,Долна панта ф3mm,,DATABASE_RULE_EVIDENCE
Altest,PVC Window Martina,PVC,1,9,HandleWin,OpAR-Handle_Position,60,PRINT_ Dr,,DATABASE_RULE_EVIDENCE
Altest,PVC Window Martina,PVC,1,9,HandleWin,OpAD-Handle_Position,60,PRINT_ Dr,,DATABASE_RULE_EVIDENCE
Altest,PVC Window Martina-handlePos,PVC,1,9,HandleWin,OpAD-Handle_Position,60,PRINT_ Dr,,DATABASE_RULE_EVIDENCE
Altest,PVC Window Martina_1050,PVC,1,9,HandleWin,OpAD-OpPrPero-1050,60,PRINT_ Dr,,DATABASE_RULE_EVIDENCE
Altest,PVC Window Martina_125,PVC,1,9,HandleWin,OpAD-OpPrPero-125,60,PRINT_ Dr,,DATABASE_RULE_EVIDENCE
Altest,PVC Window Martina_190,PVC,1,9,HandleWin,OpAD-OpPrPero-190,60,PRINT_ Dr,,DATABASE_RULE_EVIDENCE
Altest,PVC Window Martina_300,PVC,1,9,HandleWin,OpAD-OpPrPero-300,60,PRINT_ Dr,,DATABASE_RULE_EVIDENCE
Altest,PVC Window Martina_400,PVC,1,9,HandleWin,OpAD-OpPrPero-400,60,PRINT_ Dr,,DATABASE_RULE_EVIDENCE
Altest,PVC Window Martina_500,PVC,1,9,HandleWin,OpAD-OpPrPero-500,60,PRINT_ Dr,,DATABASE_RULE_EVIDENCE
Altest,PVC Window Martina_600,PVC,1,9,HandleWin,OpAD-OpPrPero-600,60,PRINT_ Dr,,DATABASE_RULE_EVIDENCE
Altest,PVC Window Martina_700,PVC,1,9,HandleWin,OpAD-OpPrPero-700,60,PRINT_ Dr,,DATABASE_RULE_EVIDENCE
Altest,PVC Window MartinaH145,PVC,1,9,HandleWin,OpAD-145,80,kutia martina,,DATABASE_RULE_EVIDENCE
Altest,PVC Window MartinaH145+Center,PVC,1,9,HandleWin,OpAD-165,80,kutia martina,,DATABASE_RULE_EVIDENCE
Altest,PVC Window MartinaH145+Center,PVC,1,9,HandleWin,OpAD-Handle_Position,80,kutia martina,,DATABASE_RULE_EVIDENCE
Altest,PVC Window MartinaH175,PVC,1,9,HandleWin,OpAD-175,80,kutia martina,,DATABASE_RULE_EVIDENCE
Altest,PVC Window MartinaMaco,PVC,1,9,HandleWin,OpAD-Handle_Position,60,PRINT_ Dr,,DATABASE_RULE_EVIDENCE
Altest,PVC Window MartinaMaco_1050,PVC,1,9,HandleWin,OpAD-Handle_Position,60,PRINT_ Dr,,DATABASE_RULE_EVIDENCE
Altest,PVC Window MartinaMaco_1070,PVC,1,9,HandleWin,OpAD-1070,60,PRINT_ Dr,,DATABASE_RULE_EVIDENCE
Altest,PVC Window MartinaMaco_125,PVC,1,9,HandleWin,OpAD-Handle_Position,60,PRINT_ Dr,,DATABASE_RULE_EVIDENCE
Altest,PVC Window MartinaMaco_190,PVC,1,9,HandleWin,OpAD-Handle_Position,60,PRINT_ Dr,,DATABASE_RULE_EVIDENCE
Altest,PVC Window MartinaMaco_300,PVC,1,9,HandleWin,OpAD-Handle_Position,60,PRINT_ Dr,,DATABASE_RULE_EVIDENCE
Altest,PVC Window MartinaMaco_400,PVC,1,9,HandleWin,OpAD-Handle_Position,60,PRINT_ Dr,,DATABASE_RULE_EVIDENCE
Altest,PVC Window MartinaMaco_500,PVC,1,9,HandleWin,OpAD-Handle_Position,60,PRINT_ Dr,,DATABASE_RULE_EVIDENCE
Altest,PVC Window MartinaMaco_600,PVC,1,9,HandleWin,OpAD-Handle_Position,60,PRINT_ Dr,,DATABASE_RULE_EVIDENCE
Altest,PVC Window MartinaMaco_700,PVC,1,9,HandleWin,OpAD-Handle_Position,60,PRINT_ Dr,,DATABASE_RULE_EVIDENCE
Altest,zAL,zAL Handle,1,11,Brava35HandleOut,OpAD-409,0,Passive Handle,,DATABASE_RULE_EVIDENCE
Altest,zAL BFS70 Wing,zAL SystemS,U,10,ClearPero,OpAR-2.5,13,frame top provetritel,,DATABASE_RULE_EVIDENCE
Altest,zAL BFS70 Wing,zAL SystemS,U,10,ClearPero,OpAL+22.3+2.5,13,frame top provetritel,,DATABASE_RULE_EVIDENCE
Altest,zAL BFS70 Wing,zAL SystemS,D,10,ClearPero,OpAR-2.5,13,frame top provetritel,,DATABASE_RULE_EVIDENCE
Altest,zAL BFS70 Wing,zAL SystemS,D,10,ClearPero,OpAL+2.5,13,frame top provetritel,,DATABASE_RULE_EVIDENCE
Altest,zAL BFS70 Wing L,zAL SystemS,U,10,ClearPero,OpAR-12-2.5,13,frame top provetritel,,DATABASE_RULE_EVIDENCE
Altest,zAL BFS70 Wing L,zAL SystemS,U,10,ClearPero,OpAL+22.3+2.5,13,frame top provetritel,,DATABASE_RULE_EVIDENCE
Altest,zAL BFS70 Wing L,zAL SystemS,U,10,SglobkaF3,OpAR-12-35.5,0,frame top provetritel,,DATABASE_RULE_EVIDENCE
Altest,zAL BFS70 Wing L,zAL SystemS,U,10,SglobkaF3,OpAR-12-59.5,0,frame top provetritel,,DATABASE_RULE_EVIDENCE
Altest,zAL BFS70 Wing L,zAL SystemS,U,10,SglobkaF3,OpAR-12-83.5,0,frame top provetritel,,DATABASE_RULE_EVIDENCE
Altest,zAL BFS70 Wing L,zAL SystemS,U,10,SglobkaF3,OpAR-12-107.5,0,frame top provetritel,,DATABASE_RULE_EVIDENCE
Altest,zAL BFS70 Wing L,zAL SystemS,U,10,SglobkaF3,OpAL+22+35.5,0,frame top provetritel,,DATABASE_RULE_EVIDENCE
Altest,zAL BFS70 Wing L,zAL SystemS,U,10,SglobkaF3,OpAL+22+59.5,0,frame top provetritel,,DATABASE_RULE_EVIDENCE
Altest,zAL BFS70 Wing L,zAL SystemS,U,10,SglobkaF3,OpAL+22+83.5,0,frame top provetritel,,DATABASE_RULE_EVIDENCE
Altest,zAL BFS70 Wing L,zAL SystemS,U,10,SglobkaF3,OpAL+22+107.5,0,frame top provetritel,,DATABASE_RULE_EVIDENCE
Altest,zAL BFS70 Wing L,zAL SystemS,U,10,ClearPero,OpAL+22.3+2.5,13,frame top provetritel,,DATABASE_RULE_EVIDENCE
Altest,zAL BFS70 Wing L,zAL SystemS,R,10,ClearPeroS,OpAU+17.5,45,frame top provetritel,,DATABASE_RULE_EVIDENCE
Altest,zAL BFS70 Wing L,zAL SystemS,R,10,SglobkaF6,OpAU+7.5,45,frame top provetritel,,DATABASE_RULE_EVIDENCE
Altest,zAL BFS70 Wing L,zAL SystemS,R,10,SglobkaF6,OpAD-7.5,45,frame top provetritel,,DATABASE_RULE_EVIDENCE
Altest,zAL BFS70 Wing L,zAL SystemS,D,10,ClearPero,OpAR-12-2.5,13,frame top provetritel,,DATABASE_RULE_EVIDENCE
Altest,zAL BFS70 Wing L,zAL SystemS,D,10,ClearPero,OpAL+22.3+2.5,13,frame top provetritel,,DATABASE_RULE_EVIDENCE
Altest,zAL BFS70 Wing L,zAL SystemS,D,10,ClearTopPero,OpAL+65+20.5,40,frame top provetritel,,DATABASE_RULE_EVIDENCE
Altest,zAL BFS70 Wing L,zAL SystemS,D,10,ClearTopALLPero,OpAL+L/3,40,frame top provetritel,,DATABASE_RULE_EVIDENCE
Altest,zAL BFS70 Wing R,zAL SystemS,U,10,ClearPero,OpAR-22.3-2.5,13,frame top provetritel,,DATABASE_RULE_EVIDENCE
Altest,zAL BFS70 Wing R,zAL SystemS,U,10,ClearPero,OpAL+12+2.5,13,frame top provetritel,,DATABASE_RULE_EVIDENCE
Altest,zAL BFS70 Wing R,zAL SystemS,U,10,SglobkaF3,OpAR-22-35.5,0,frame top provetritel,,DATABASE_RULE_EVIDENCE
Altest,zAL BFS70 Wing R,zAL SystemS,U,10,SglobkaF3,OpAR-22-59.5,0,frame top provetritel,,DATABASE_RULE_EVIDENCE
Altest,zAL BFS70 Wing R,zAL SystemS,U,10,SglobkaF3,OpAR-22-83.5,0,frame top provetritel,,DATABASE_RULE_EVIDENCE
Altest,zAL BFS70 Wing R,zAL SystemS,U,10,SglobkaF3,OpAR-22-107.5,0,frame top provetritel,,DATABASE_RULE_EVIDENCE
Altest,zAL BFS70 Wing R,zAL SystemS,U,10,SglobkaF3,OpAL+12+35.5,0,frame top provetritel,,DATABASE_RULE_EVIDENCE
Altest,zAL BFS70 Wing R,zAL SystemS,U,10,SglobkaF3,OpAL+12+59.5,0,frame top provetritel,,DATABASE_RULE_EVIDENCE
Altest,zAL BFS70 Wing R,zAL SystemS,U,10,SglobkaF3,OpAL+12+83.5,0,frame top provetritel,,DATABASE_RULE_EVIDENCE
Altest,zAL BFS70 Wing R,zAL SystemS,U,10,SglobkaF3,OpAL+12+107.5,0,frame top provetritel,,DATABASE_RULE_EVIDENCE
Altest,zAL BFS70 Wing R,zAL SystemS,L,10,ClearPeroS,OpAU+17.5,45,frame top provetritel,,DATABASE_RULE_EVIDENCE
Altest,zAL BFS70 Wing R,zAL SystemS,L,10,SglobkaF6,OpAU+7.5,45,frame top provetritel,,DATABASE_RULE_EVIDENCE
Altest,zAL BFS70 Wing R,zAL SystemS,L,10,SglobkaF6,OpAD-7.5,45,frame top provetritel,,DATABASE_RULE_EVIDENCE
Altest,zAL BFS70 Wing R,zAL SystemS,D,10,ClearPero,OpAR-22.3-2.5,13,frame top provetritel,,DATABASE_RULE_EVIDENCE
Altest,zAL BFS70 Wing R,zAL SystemS,D,10,ClearPero,OpAL+12+2.5,13,frame top provetritel,,DATABASE_RULE_EVIDENCE
Altest,zAL BFS70 Wing R,zAL SystemS,D,10,ClearTopPero,OpAR-65-20.5,40,frame top provetritel,,DATABASE_RULE_EVIDENCE
Altest,zAL BFS70 Wing R,zAL SystemS,D,10,ClearTopALLPero,OpAR-L/3,40,frame top provetritel,,DATABASE_RULE_EVIDENCE
Altest,zAL Handle Slide ClikClock,zAL Handle,1,11,Brava35HandleMida,OpAD-L/2,180,Passive Handle,,DATABASE_RULE_EVIDENCE
Altest,zAL Handle TrubnaDrajka 1000,zAL Handle,1,14,TrubnaDrajka,OpAD-opprpero-1050+350,0,trubna_drajka,,DATABASE_RULE_EVIDENCE
Altest,zAL Handle TrubnaDrajka 1000,zAL Handle,1,14,TrubnaDrajka,OpAD-opprpero-1050-350,0,trubna_drajka,,DATABASE_RULE_EVIDENCE
Altest,zAL Handle TrubnaDrajka 1200,zAL Handle,1,14,TrubnaDrajka,OpAD-opprpero-1050+450,0,trubna_drajka,,DATABASE_RULE_EVIDENCE
Altest,zAL Handle TrubnaDrajka 1200,zAL Handle,1,14,TrubnaDrajka,OpAD-opprpero-1050-450,0,trubna_drajka,,DATABASE_RULE_EVIDENCE
Altest,zAL Handle TrubnaDrajka 300,zAL Handle,1,14,TrubnaDrajka,OpAD-opprpero-1050+120,0,trubna_drajka,,DATABASE_RULE_EVIDENCE
Altest,zAL Handle TrubnaDrajka 300,zAL Handle,1,14,TrubnaDrajka,OpAD-opprpero-1050-180,0,trubna_drajka,,DATABASE_RULE_EVIDENCE
Altest,zAL Handle TrubnaDrajka 400,zAL Handle,1,14,TrubnaDrajka,OpAD-opprpero-1050+120,0,trubna_drajka,,DATABASE_RULE_EVIDENCE
Altest,zAL Handle TrubnaDrajka 400,zAL Handle,1,14,TrubnaDrajka,OpAD-opprpero-1050-180,0,trubna_drajka,,DATABASE_RULE_EVIDENCE
Altest,zAL Handle TrubnaDrajka 600,zAL Handle,1,14,TrubnaDrajka,OpAD-opprpero-1050+200,0,trubna_drajka,,DATABASE_RULE_EVIDENCE
Altest,zAL Handle TrubnaDrajka 600,zAL Handle,1,14,TrubnaDrajka,OpAD-opprpero-1050-200,0,trubna_drajka,,DATABASE_RULE_EVIDENCE
Altest,zAL Handle TrubnaDrajka 800,zAL Handle,1,14,TrubnaDrajka,OpAD-opprpero-1050+280,0,trubna_drajka,,DATABASE_RULE_EVIDENCE
Altest,zAL Handle TrubnaDrajka 800,zAL Handle,1,14,TrubnaDrajka,OpAD-opprpero-1050-280,0,trubna_drajka,,DATABASE_RULE_EVIDENCE
Altest,zAL Handle Window,zAL Handle,1,11,HandleWin,OpAD-Handle_Position,0,PRINT_ Dr,,DATABASE_RULE_EVIDENCE
Altest,zAL Handle Window,zAL Handle,1,9,MartinaKanal,OpAD-Handle_Position,60,kutia martina,,DATABASE_RULE_EVIDENCE
Altest,zAL Handle Window E39,zAL Handle,1,11,HandleWin,OpAR-Handle_Position,0,PRINT_ Dr,,DATABASE_RULE_EVIDENCE
Altest,zAL Handle Window E39,zAL Handle,1,9,MartinaKanal,OpAD-Handle_Position+16.5,80,kutia martina,,DATABASE_RULE_EVIDENCE
Altest,zAL Handle Window E39,zAL Handle,1,11,HandleWin,OpAD-Handle_Position,0,PRINT_ Dr,,DATABASE_RULE_EVIDENCE
Altest,zAL Handle Window E39,zAL Handle,1,9,MartinaKanal,OpAD-Handle_Position+16.5,80,kutia martina,,DATABASE_RULE_EVIDENCE
Altest,zAL Handle Window ES70,zAL Handle,1,11,Brava35Handle,OpAD-Handle_Position,0,PRINT_ Dr,,DATABASE_RULE_EVIDENCE
Altest,zAL Handle Window ES70,zAL Handle,1,11,Brava35HandlePin,OpAD-Handle_Position-40,0,Handle12,,DATABASE_RULE_EVIDENCE
Altest,zAL Handle Window ES70,zAL Handle,1,11,Brava35HandlePin,OpAD-Handle_Position+40,0,Handle12,,DATABASE_RULE_EVIDENCE
Altest,zAL Handle Window ES70,zAL Handle,1,9,MartinaKanalDoor,OpAD-Handle_Position,225,kutia martina,,DATABASE_RULE_EVIDENCE
Altest,zAL Handle Window ES70,zAL Handle,1,11,Brava35HandleMida,OpAD-Handle_Position,0,Passive Handle,,DATABASE_RULE_EVIDENCE
Altest,zAL Handle Window Euro FSF,zAL Handle,1,11,HandleWinALsSS,OpAR-Handle_Position,50,PRINT_ Dr,,DATABASE_RULE_EVIDENCE
Altest,zAL Handle Window Euro FSF,zAL Handle,1,11,HandleWinALsFF,OpAR-Handle_Position-52,0,Handle6.2,,DATABASE_RULE_EVIDENCE
Altest,zAL Handle Window Euro FSF,zAL Handle,1,11,HandleWinALsFF,OpAR-Handle_Position+52,0,Handle6.2,,DATABASE_RULE_EVIDENCE
Altest,zAL Handle Window Euro FSF,zAL Handle,1,11,HandleWinALsSS,OpAD-Handle_Position,50,PRINT_ Dr,,DATABASE_RULE_EVIDENCE
Altest,zAL Handle Window Euro FSF,zAL Handle,1,11,HandleWinALsFF,OpAD-Handle_Position-52,0,Handle6.2,,DATABASE_RULE_EVIDENCE
Altest,zAL Handle Window Euro FSF,zAL Handle,1,11,HandleWinALsFF,OpAD-Handle_Position+52,0,Handle6.2,,DATABASE_RULE_EVIDENCE
Altest,zAL Handle Window HST Maco,zAL Handle,1,11,Brava35Handle,OpAD-409,0,PRINT_ Dr,,DATABASE_RULE_EVIDENCE
Altest,zAL Handle Window HST Maco,zAL Handle,1,11,Brava35HandlePin,OpAD-409-40,0,Handle12,,DATABASE_RULE_EVIDENCE
Altest,zAL Handle Window HST Maco,zAL Handle,1,11,Brava35HandlePin,OpAD-409+40,0,Handle12,,DATABASE_RULE_EVIDENCE
Altest,zAL Handle Window HST Maco,zAL Handle,1,9,MartinaKanalDoor,OpAD-409,224,kutia martina,,DATABASE_RULE_EVIDENCE
Altest,zAL Handle Window HST Maco,zAL Handle,1,11,Brava35Handle,OpAD-1009,0,PRINT_ Dr,,DATABASE_RULE_EVIDENCE
Altest,zAL Handle Window HST Maco,zAL Handle,1,11,Brava35HandlePin,OpAD-1009-40,0,Handle12,,DATABASE_RULE_EVIDENCE
Altest,zAL Handle Window HST Maco,zAL Handle,1,11,Brava35HandlePin,OpAD-1009+40,0,Handle12,,DATABASE_RULE_EVIDENCE
Altest,zAL Handle Window HST Maco,zAL Handle,1,9,MartinaKanalDoor,OpAD-1009,224,kutia martina,,DATABASE_RULE_EVIDENCE
Altest,zAL Handle Window HST Maco DvuStranna,zAL Handle,1,11,Brava35HandleOut,OpAD-409,0,PRINT_ Dr,,DATABASE_RULE_EVIDENCE
Altest,zAL Handle Window HST Maco DvuStranna,zAL Handle,1,11,Brava35HandlePinOut,OpAD-409-40,0,Handle12,,DATABASE_RULE_EVIDENCE
Altest,zAL Handle Window HST Maco DvuStranna,zAL Handle,1,11,Brava35HandlePinOut,OpAD-409+40,0,Handle12,,DATABASE_RULE_EVIDENCE
Altest,zAL Handle Window HST Maco DvuStranna,zAL Handle,1,11,Brava35PatronOut,OpAD-409-69,0,Patron1,,DATABASE_RULE_EVIDENCE
Altest,zAL Handle Window HST Maco DvuStranna,zAL Handle,1,11,Brava35PatronOut,OpAD-409-69-16,0,Patron2,,DATABASE_RULE_EVIDENCE
Altest,zAL Handle Window HST Maco DvuStranna,zAL Handle,1,11,Brava35Patron,OpAD-409-69,0,Patron1,,DATABASE_RULE_EVIDENCE
Altest,zAL Handle Window HST Maco DvuStranna,zAL Handle,1,11,Brava35Patron,OpAD-409-69-16,0,Patron2,,DATABASE_RULE_EVIDENCE
Altest,zAL Handle Window HST Maco DvuStranna,zAL Handle,1,11,Brava35HandleOut,OpAD-1009,0,PRINT_ Dr,,DATABASE_RULE_EVIDENCE
Altest,zAL Handle Window HST Maco DvuStranna,zAL Handle,1,11,Brava35HandlePinOut,OpAD-1009-40,0,Handle12,,DATABASE_RULE_EVIDENCE
Altest,zAL Handle Window HST Maco DvuStranna,zAL Handle,1,11,Brava35HandlePinOut,OpAD-1009+40,0,Handle12,,DATABASE_RULE_EVIDENCE
Altest,zAL Handle Window HST Maco DvuStranna,zAL Handle,1,11,Brava35PatronOut,OpAD-1009-69,0,Patron1,,DATABASE_RULE_EVIDENCE
Altest,zAL Handle Window HST Maco DvuStranna,zAL Handle,1,11,Brava35PatronOut,OpAD-1009-69-16,0,Patron2,,DATABASE_RULE_EVIDENCE
Altest,zAL Handle Window HST Maco DvuStranna,zAL Handle,1,11,Brava35Patron,OpAD-1009-69,0,Patron1,,DATABASE_RULE_EVIDENCE
Altest,zAL Handle Window HST Maco DvuStranna,zAL Handle,1,11,Brava35Patron,OpAD-1009-69-16,0,Patron2,,DATABASE_RULE_EVIDENCE
Altest,zAL Handle Window HST Maco Mida,zAL Handle,1,11,Brava35HandleMida,OpAD-409,180,Passive Handle,,DATABASE_RULE_EVIDENCE
Altest,zAL Handle Window HST Maco Mida,zAL Handle,1,11,Brava35HandleMida,OpAD-1009,180,Passive Handle,,DATABASE_RULE_EVIDENCE
Altest,zAL Handle Window LS 38,zAL Handle,1,11,HandleWin,OpAR-Handle_Position,0,PRINT_ Dr,,DATABASE_RULE_EVIDENCE
Altest,zAL Handle Window LS 38,zAL Handle,1,9,MartinaKanal,OpAR-Handle_Position,60,kutia martina,,DATABASE_RULE_EVIDENCE
Altest,zAL Handle Window LS 38,zAL Handle,1,11,HandleWin,OpAD-Handle_Position,0,PRINT_ Dr,,DATABASE_RULE_EVIDENCE
Altest,zAL Handle Window LS 38,zAL Handle,1,9,MartinaKanal,OpAD-Handle_Position,60,kutia martina,,DATABASE_RULE_EVIDENCE
Altest,zAL Handle Window Oberliht L,zAL Handle,6,1,OberlihT,OpAU+40,0,Frame7,,DATABASE_RULE_EVIDENCE
Altest,zAL Handle Window Oberliht L,zAL Handle,6,1,OberlihT,OpAU+72,0,Frame8,,DATABASE_RULE_EVIDENCE
Altest,zAL Handle Window Oberliht L,zAL Handle,1,11,OberlihT,OpAL+L/2,0,OberlihT Wing,,DATABASE_RULE_EVIDENCE
Altest,zAL Handle Window Oberliht L,zAL Handle,5,1,OberlihT,OpAL+L/2-5,0,Frame1,,DATABASE_RULE_EVIDENCE
Altest,zAL Handle Window Oberliht L,zAL Handle,5,1,OberlihT,OpAL+L/2-5+92,0,Frame2,,DATABASE_RULE_EVIDENCE
Altest,zAL Handle Window Oberliht L,zAL Handle,5,1,OberlihT,OpAL+L/2-5+92+92,0,Frame3,,DATABASE_RULE_EVIDENCE
Altest,zAL Handle Window Oberliht L,zAL Handle,5,1,OberlihT,OpAL+L/2-5+92+92+45,0,Frame4,,DATABASE_RULE_EVIDENCE
Altest,zAL Handle Window Oberliht L,zAL Handle,1,11,OberlihT,OpAL+L/4,0,OberlihT Wing,,DATABASE_RULE_EVIDENCE
Altest,zAL Handle Window Oberliht L,zAL Handle,5,1,OberlihT,OpAL+L/4-5,0,Frame1,,DATABASE_RULE_EVIDENCE
Altest,zAL Handle Window Oberliht L,zAL Handle,5,1,OberlihT,OpAL+L/4-5+92,0,Frame2,,DATABASE_RULE_EVIDENCE
Altest,zAL Handle Window Oberliht L,zAL Handle,5,1,OberlihT,OpAL+L/4-5+92+92,0,Frame3,,DATABASE_RULE_EVIDENCE
Altest,zAL Handle Window Oberliht L,zAL Handle,5,1,OberlihT,OpAL+L/4-5+92+92+45,0,Frame4,,DATABASE_RULE_EVIDENCE
Altest,zAL Handle Window Oberliht L,zAL Handle,1,11,OberlihT,OpAR-L/4,0,OberlihT Wing,,DATABASE_RULE_EVIDENCE
Altest,zAL Handle Window Oberliht L,zAL Handle,5,1,OberlihT,OpAR-L/4-5,0,Frame1,,DATABASE_RULE_EVIDENCE
Altest,zAL Handle Window Oberliht L,zAL Handle,5,1,OberlihT,OpAR-L/4-5+92,0,Frame2,,DATABASE_RULE_EVIDENCE
Altest,zAL Handle Window Oberliht L,zAL Handle,5,1,OberlihT,OpAR-L/4-5+92+92,0,Frame3,,DATABASE_RULE_EVIDENCE
Altest,zAL Handle Window Oberliht L,zAL Handle,5,1,OberlihT,OpAR-L/4-5+92+92+45,0,Frame4,,DATABASE_RULE_EVIDENCE
Altest,zAL Handle Window Oberliht L,zAL Handle,1,11,OberlihT,OpAL+L/2,0,OberlihT Wing,,DATABASE_RULE_EVIDENCE
Altest,zAL Handle Window Oberliht L,zAL Handle,5,1,OberlihT,OpAL+L/2-5,0,Frame1,,DATABASE_RULE_EVIDENCE
Altest,zAL Handle Window Oberliht L,zAL Handle,5,1,OberlihT,OpAL+L/2-5+92,0,Frame2,,DATABASE_RULE_EVIDENCE
Altest,zAL Handle Window Oberliht L,zAL Handle,5,1,OberlihT,OpAL+L/2-5+92+92,0,Frame3,,DATABASE_RULE_EVIDENCE
Altest,zAL Handle Window Oberliht L,zAL Handle,5,1,OberlihT,OpAL+L/2-5+92+92+45,0,Frame4,,DATABASE_RULE_EVIDENCE
Altest,zAL Handle Window Oberliht L,zAL Handle,1,11,OberlihT,OpAL+L/4,0,OberlihT Wing,,DATABASE_RULE_EVIDENCE
Altest,zAL Handle Window Oberliht L,zAL Handle,5,1,OberlihT,OpAL+L/4-5,0,Frame1,,DATABASE_RULE_EVIDENCE
Altest,zAL Handle Window Oberliht L,zAL Handle,5,1,OberlihT,OpAL+L/4-5+92,0,Frame2,,DATABASE_RULE_EVIDENCE
Altest,zAL Handle Window Oberliht L,zAL Handle,5,1,OberlihT,OpAL+L/4-5+92+92,0,Frame3,,DATABASE_RULE_EVIDENCE
Altest,zAL Handle Window Oberliht L,zAL Handle,5,1,OberlihT,OpAL+L/4-5+92+92+45,0,Frame4,,DATABASE_RULE_EVIDENCE
Altest,zAL Handle Window Oberliht L,zAL Handle,1,11,OberlihT,OpAR-L/4,0,OberlihT Wing,,DATABASE_RULE_EVIDENCE
Altest,zAL Handle Window Oberliht L,zAL Handle,5,1,OberlihT,OpAR-L/4-5,0,Frame1,,DATABASE_RULE_EVIDENCE
Altest,zAL Handle Window Oberliht L,zAL Handle,5,1,OberlihT,OpAR-L/4-5+92,0,Frame2,,DATABASE_RULE_EVIDENCE
Altest,zAL Handle Window Oberliht L,zAL Handle,5,1,OberlihT,OpAR-L/4-5+92+92,0,Frame3,,DATABASE_RULE_EVIDENCE
Altest,zAL Handle Window Oberliht L,zAL Handle,5,1,OberlihT,OpAR-L/4-5+92+92+45,0,Frame4,,DATABASE_RULE_EVIDENCE
Altest,zAL Handle Window Oberliht R,zAL Handle,8,1,OberlihT,OpAU+40,0,Frame7,,DATABASE_RULE_EVIDENCE
Altest,zAL Handle Window Oberliht R,zAL Handle,8,1,OberlihT,OpAU+72,0,Frame8,,DATABASE_RULE_EVIDENCE
Altest,zAL Handle Window Oberliht R,zAL Handle,1,11,OberlihT,OpAR-L/2,0,OberlihT Wing,,DATABASE_RULE_EVIDENCE
Altest,zAL Handle Window Oberliht R,zAL Handle,5,1,OberlihT,OpAR-L/2+5,0,Frame1,,DATABASE_RULE_EVIDENCE
Altest,zAL Handle Window Oberliht R,zAL Handle,5,1,OberlihT,OpAR-L/2+5-92,0,Frame2,,DATABASE_RULE_EVIDENCE
Altest,zAL Handle Window Oberliht R,zAL Handle,5,1,OberlihT,OpAR-L/2+5-92-92,0,Frame3,,DATABASE_RULE_EVIDENCE
Altest,zAL Handle Window Oberliht R,zAL Handle,5,1,OberlihT,OpAR-L/2+5-92-92-45,0,Frame4,,DATABASE_RULE_EVIDENCE
Altest,zAL Handle Window Oberliht R,zAL Handle,1,11,OberlihT,OpAR-L/4,0,OberlihT Wing,,DATABASE_RULE_EVIDENCE
Altest,zAL Handle Window Oberliht R,zAL Handle,5,1,OberlihT,OpAR-L/4+5,0,Frame1,,DATABASE_RULE_EVIDENCE
Altest,zAL Handle Window Oberliht R,zAL Handle,5,1,OberlihT,OpAR-L/4+5-92,0,Frame2,,DATABASE_RULE_EVIDENCE
Altest,zAL Handle Window Oberliht R,zAL Handle,5,1,OberlihT,OpAR-L/4+5-92-92,0,Frame3,,DATABASE_RULE_EVIDENCE
Altest,zAL Handle Window Oberliht R,zAL Handle,5,1,OberlihT,OpAR-L/4+5-92-92-45,0,Frame4,,DATABASE_RULE_EVIDENCE
Altest,zAL Handle Window Oberliht R,zAL Handle,1,11,OberlihT,OpAL+L/4,0,OberlihT Wing,,DATABASE_RULE_EVIDENCE
Altest,zAL Handle Window Oberliht R,zAL Handle,5,1,OberlihT,OpAL+L/4+5,0,Frame1,,DATABASE_RULE_EVIDENCE
Altest,zAL Handle Window Oberliht R,zAL Handle,5,1,OberlihT,OpAL+L/4+5-92,0,Frame2,,DATABASE_RULE_EVIDENCE
Altest,zAL Handle Window Oberliht R,zAL Handle,5,1,OberlihT,OpAL+L/4+5-92-92,0,Frame3,,DATABASE_RULE_EVIDENCE
Altest,zAL Handle Window Oberliht R,zAL Handle,5,1,OberlihT,OpAL+L/4+5-92-92-45,0,Frame4,,DATABASE_RULE_EVIDENCE
Altest,zAL Handle Window Oberliht R,zAL Handle,1,11,OberlihT,OpAR-L/2,0,OberlihT Wing,,DATABASE_RULE_EVIDENCE
Altest,zAL Handle Window Oberliht R,zAL Handle,5,1,OberlihT,OpAR-L/2+5,0,Frame1,,DATABASE_RULE_EVIDENCE
Altest,zAL Handle Window Oberliht R,zAL Handle,5,1,OberlihT,OpAR-L/2+5-92,0,Frame2,,DATABASE_RULE_EVIDENCE
Altest,zAL Handle Window Oberliht R,zAL Handle,5,1,OberlihT,OpAR-L/2+5-92-92,0,Frame3,,DATABASE_RULE_EVIDENCE
Altest,zAL Handle Window Oberliht R,zAL Handle,5,1,OberlihT,OpAR-L/2+5-92-92-45,0,Frame4,,DATABASE_RULE_EVIDENCE
Altest,zAL Handle Window Oberliht R,zAL Handle,1,11,OberlihT,OpAR-L/4,0,OberlihT Wing,,DATABASE_RULE_EVIDENCE
Altest,zAL Handle Window Oberliht R,zAL Handle,5,1,OberlihT,OpAR-L/4+5,0,Frame1,,DATABASE_RULE_EVIDENCE
Altest,zAL Handle Window Oberliht R,zAL Handle,5,1,OberlihT,OpAR-L/4+5-92,0,Frame2,,DATABASE_RULE_EVIDENCE
Altest,zAL Handle Window Oberliht R,zAL Handle,5,1,OberlihT,OpAR-L/4+5-92-92,0,Frame3,,DATABASE_RULE_EVIDENCE
Altest,zAL Handle Window Oberliht R,zAL Handle,5,1,OberlihT,OpAR-L/4+5-92-92-45,0,Frame4,,DATABASE_RULE_EVIDENCE
Altest,zAL Handle Window Oberliht R,zAL Handle,1,11,OberlihT,OpAL+L/4,0,OberlihT Wing,,DATABASE_RULE_EVIDENCE
Altest,zAL Handle Window Oberliht R,zAL Handle,5,1,OberlihT,OpAL+L/4+5,0,Frame1,,DATABASE_RULE_EVIDENCE
Altest,zAL Handle Window Oberliht R,zAL Handle,5,1,OberlihT,OpAL+L/4+5-92,0,Frame2,,DATABASE_RULE_EVIDENCE
Altest,zAL Handle Window Oberliht R,zAL Handle,5,1,OberlihT,OpAL+L/4+5-92-92,0,Frame3,,DATABASE_RULE_EVIDENCE
Altest,zAL Handle Window Oberliht R,zAL Handle,5,1,OberlihT,OpAL+L/4+5-92-92-45,0,Frame4,,DATABASE_RULE_EVIDENCE
Altest,zAL Handle Window_,zAL Handle,1,11,HandleWin,OpAR-Handle_Position,0,PRINT_ Dr,,DATABASE_RULE_EVIDENCE
Altest,zAL Handle Window_,zAL Handle,1,9,MartinaKanal,OpAR-Handle_Position,60,kutia martina,,DATABASE_RULE_EVIDENCE
Altest,zAL Handle Window_,zAL Handle,1,11,HandleWin,OpAD-Handle_Position,0,PRINT_ Dr,,DATABASE_RULE_EVIDENCE
Altest,zAL Handle Window_,zAL Handle,1,9,MartinaKanal,OpAD-Handle_Position,60,kutia martina,,DATABASE_RULE_EVIDENCE
Altest,zAL Handle WinExport,zAL Handle,1,11,HandleWin,OpAD-Handle_Position,0,PRINT_ Dr,,DATABASE_RULE_EVIDENCE
Altest,zAL Handle WinExport,zAL Handle,1,9,MartinaKanal,OpAD-Handle_Position,60,kutia martina,,DATABASE_RULE_EVIDENCE
Altest,zAL LS38 Frame 2k L,zAL SystemS,D,16,OtvodnenieOut2,OpAL+100,25,Otv25,,DATABASE_RULE_EVIDENCE
Altest,zAL LS38 Frame 2k L,zAL SystemS,D,16,OtvodnenieOut2fin,OpAL+100,25,Otv25,,DATABASE_RULE_EVIDENCE
Altest,zAL LS38 Frame 2k L,zAL SystemS,D,16,OtvodnenieOut2,OpAL+L/2-120,25,Otv25,,DATABASE_RULE_EVIDENCE
Altest,zAL LS38 Frame 2k L,zAL SystemS,D,16,OtvodnenieOut2fin,OpAL+L/2-120,25,Otv25,,DATABASE_RULE_EVIDENCE
Altest,zAL LS38 Frame 2k L,zAL SystemS,D,6,OtvodnenieOutKom2,OpAR-100,25,Otv25,,DATABASE_RULE_EVIDENCE
Altest,zAL LS38 Frame 2k L,zAL SystemS,D,6,OtvodnenieOutKom2fin,OpAR-100,25,Otv25,,DATABASE_RULE_EVIDENCE
Altest,zAL LS38 Frame 2k L_,zAL SystemS,D,16,OtvodnenieOut2,OpAR-L/4,100,Otv10-100,,DATABASE_RULE_EVIDENCE
Altest,zAL LS38 Frame 2k L_iznos,zAL SystemS,D,16,OtvodnenieOut2,OpAL+100,25,Otv25,,DATABASE_RULE_EVIDENCE
Altest,zAL LS38 Frame 2k L_iznos,zAL SystemS,D,16,OtvodnenieOut2fin,OpAL+100,25,Otv25,,DATABASE_RULE_EVIDENCE
Altest,zAL LS38 Frame 2k L_iznos,zAL SystemS,D,16,OtvodnenieOut2,OpAL+L/2-120,25,Otv25,,DATABASE_RULE_EVIDENCE
Altest,zAL LS38 Frame 2k L_iznos,zAL SystemS,D,16,OtvodnenieOut2fin,OpAL+L/2-120,25,Otv25,,DATABASE_RULE_EVIDENCE
Altest,zAL LS38 Frame 2k L_iznos,zAL SystemS,D,6,OtvodnenieOutKom2,OpAR-100,25,Otv25,,DATABASE_RULE_EVIDENCE
Altest,zAL LS38 Frame 2k L_iznos,zAL SystemS,D,6,OtvodnenieOutKom2fin,OpAR-100,25,Otv25,,DATABASE_RULE_EVIDENCE
Altest,zAL LS38 Frame 2k L_iznosDoor,zAL SystemS,D,16,OtvodnenieOut2,OpAL+100,25,Otv25,,DATABASE_RULE_EVIDENCE
Altest,zAL LS38 Frame 2k L_iznosDoor,zAL SystemS,D,16,OtvodnenieOut2fin,OpAL+100,25,Otv25,,DATABASE_RULE_EVIDENCE
Altest,zAL LS38 Frame 2k L_iznosDoor,zAL SystemS,D,16,OtvodnenieOut2,OpAL+L/2-120,25,Otv25,,DATABASE_RULE_EVIDENCE
Altest,zAL LS38 Frame 2k L_iznosDoor,zAL SystemS,D,16,OtvodnenieOut2fin,OpAL+L/2-120,25,Otv25,,DATABASE_RULE_EVIDENCE
Altest,zAL LS38 Frame 2k L_iznosDoor,zAL SystemS,D,6,OtvodnenieOutKom2,OpAR-100,25,Otv25,,DATABASE_RULE_EVIDENCE
Altest,zAL LS38 Frame 2k L_iznosDoor,zAL SystemS,D,6,OtvodnenieOutKom2fin,OpAR-100,25,Otv25,,DATABASE_RULE_EVIDENCE
Altest,zAL LS38 Frame 2k L_iznosWindow,zAL SystemS,D,16,OtvodnenieOut2,OpAL+100,25,Otv25,,DATABASE_RULE_EVIDENCE
Altest,zAL LS38 Frame 2k L_iznosWindow,zAL SystemS,D,16,OtvodnenieOut2fin,OpAL+100,25,Otv25,,DATABASE_RULE_EVIDENCE
Altest,zAL LS38 Frame 2k L_iznosWindow,zAL SystemS,D,16,OtvodnenieOut2,OpAL+L/2-120,25,Otv25,,DATABASE_RULE_EVIDENCE
Altest,zAL LS38 Frame 2k L_iznosWindow,zAL SystemS,D,16,OtvodnenieOut2fin,OpAL+L/2-120,25,Otv25,,DATABASE_RULE_EVIDENCE
Altest,zAL LS38 Frame 2k L_iznosWindow,zAL SystemS,D,6,OtvodnenieOutKom2,OpAR-100,25,Otv25,,DATABASE_RULE_EVIDENCE
Altest,zAL LS38 Frame 2k L_iznosWindow,zAL SystemS,D,6,OtvodnenieOutKom2fin,OpAR-100,25,Otv25,,DATABASE_RULE_EVIDENCE
Altest,zAL LS38 Frame 2k R,zAL SystemS,D,6,OtvodnenieOutKom2,OpAL+100,25,Otv25,,DATABASE_RULE_EVIDENCE
Altest,zAL LS38 Frame 2k R,zAL SystemS,D,6,OtvodnenieOutKom2fin,OpAL+100,25,Otv25,,DATABASE_RULE_EVIDENCE
Altest,zAL LS38 Frame 2k R,zAL SystemS,D,16,OtvodnenieOut2,OpAL+L/2+120,25,Otv25,,DATABASE_RULE_EVIDENCE
Altest,zAL LS38 Frame 2k R,zAL SystemS,D,16,OtvodnenieOut2fin,OpAL+L/2+120,25,Otv25,,DATABASE_RULE_EVIDENCE
Altest,zAL LS38 Frame 2k R,zAL SystemS,D,16,OtvodnenieOut2,OpAR-100,25,Otv25,,DATABASE_RULE_EVIDENCE
Altest,zAL LS38 Frame 2k R,zAL SystemS,D,16,OtvodnenieOut2fin,OpAR-100,25,Otv25,,DATABASE_RULE_EVIDENCE
Altest,zAL LS38 Frame 2k R_iznos,zAL SystemS,D,6,OtvodnenieOutKom2,OpAL+100,25,Otv25,,DATABASE_RULE_EVIDENCE
Altest,zAL LS38 Frame 2k R_iznos,zAL SystemS,D,6,OtvodnenieOutKom2fin,OpAL+100,25,Otv25,,DATABASE_RULE_EVIDENCE
Altest,zAL LS38 Frame 2k R_iznos,zAL SystemS,D,16,OtvodnenieOut2,OpAL+L/2+120,25,Otv25,,DATABASE_RULE_EVIDENCE
Altest,zAL LS38 Frame 2k R_iznos,zAL SystemS,D,16,OtvodnenieOut2fin,OpAL+L/2+120,25,Otv25,,DATABASE_RULE_EVIDENCE
Altest,zAL LS38 Frame 2k R_iznos,zAL SystemS,D,16,OtvodnenieOut2,OpAR-100,25,Otv25,,DATABASE_RULE_EVIDENCE
Altest,zAL LS38 Frame 2k R_iznos,zAL SystemS,D,16,OtvodnenieOut2fin,OpAR-100,25,Otv25,,DATABASE_RULE_EVIDENCE
Altest,zAL LS38 Frame 2k R_iznosDoor,zAL SystemS,D,6,OtvodnenieOutKom2,OpAL+100,25,Otv25,,DATABASE_RULE_EVIDENCE
Altest,zAL LS38 Frame 2k R_iznosDoor,zAL SystemS,D,6,OtvodnenieOutKom2fin,OpAL+100,25,Otv25,,DATABASE_RULE_EVIDENCE
Altest,zAL LS38 Frame 2k R_iznosDoor,zAL SystemS,D,16,OtvodnenieOut2,OpAL+L/2+120,25,Otv25,,DATABASE_RULE_EVIDENCE
Altest,zAL LS38 Frame 2k R_iznosDoor,zAL SystemS,D,16,OtvodnenieOut2fin,OpAL+L/2+120,25,Otv25,,DATABASE_RULE_EVIDENCE
Altest,zAL LS38 Frame 2k R_iznosDoor,zAL SystemS,D,16,OtvodnenieOut2,OpAR-100,25,Otv25,,DATABASE_RULE_EVIDENCE
Altest,zAL LS38 Frame 2k R_iznosDoor,zAL SystemS,D,16,OtvodnenieOut2fin,OpAR-100,25,Otv25,,DATABASE_RULE_EVIDENCE
Altest,zAL LS38 Frame 2k R_iznosWindow,zAL SystemS,D,6,OtvodnenieOutKom2,OpAL+100,25,Otv25,,DATABASE_RULE_EVIDENCE
Altest,zAL LS38 Frame 2k R_iznosWindow,zAL SystemS,D,6,OtvodnenieOutKom2fin,OpAL+100,25,Otv25,,DATABASE_RULE_EVIDENCE
Altest,zAL LS38 Frame 2k R_iznosWindow,zAL SystemS,D,16,OtvodnenieOut2,OpAL+L/2+120,25,Otv25,,DATABASE_RULE_EVIDENCE
Altest,zAL LS38 Frame 2k R_iznosWindow,zAL SystemS,D,16,OtvodnenieOut2fin,OpAL+L/2+120,25,Otv25,,DATABASE_RULE_EVIDENCE
Altest,zAL LS38 Frame 2k R_iznosWindow,zAL SystemS,D,16,OtvodnenieOut2,OpAR-100,25,Otv25,,DATABASE_RULE_EVIDENCE
Altest,zAL LS38 Frame 2k R_iznosWindow,zAL SystemS,D,16,OtvodnenieOut2fin,OpAR-100,25,Otv25,,DATABASE_RULE_EVIDENCE
Altest,zAL LS38 Frame 3k L,zAL SystemS,D,16,OtvodnenieOut2,OpAR-L/6,100,Otv10-100,,DATABASE_RULE_EVIDENCE
Altest,zAL LS38 Frame 3k L,zAL SystemS,D,16,OtvodnenieOut2,OpAR-L/2,100,Otv10-100,,DATABASE_RULE_EVIDENCE
Altest,zAL LS38 Frame 3k L_iznos,zAL SystemS,D,16,OtvodnenieOut2,OpAL+100,25,Otv25,,DATABASE_RULE_EVIDENCE
Altest,zAL LS38 Frame 3k L_iznos,zAL SystemS,D,16,OtvodnenieOut2fin,OpAL+100,25,Otv25,,DATABASE_RULE_EVIDENCE
Altest,zAL LS38 Frame 3k L_iznos,zAL SystemS,D,16,OtvodnenieOut2,OpAL+L/2-120,25,Otv25,,DATABASE_RULE_EVIDENCE
Altest,zAL LS38 Frame 3k L_iznos,zAL SystemS,D,16,OtvodnenieOut2fin,OpAL+L/2-120,25,Otv25,,DATABASE_RULE_EVIDENCE
Altest,zAL LS38 Frame 3k L_iznos,zAL SystemS,D,6,OtvodnenieOutKom2,OpAR-100,25,Otv25,,DATABASE_RULE_EVIDENCE
Altest,zAL LS38 Frame 3k L_iznos,zAL SystemS,D,6,OtvodnenieOutKom2fin,OpAR-100,25,Otv25,,DATABASE_RULE_EVIDENCE
Altest,zAL LS38 Frame 3k R,zAL SystemS,D,16,OtvodnenieOut2,OpAR-L/6*5,100,Otv10-100,,DATABASE_RULE_EVIDENCE
Altest,zAL LS38 Frame 3k R,zAL SystemS,D,16,OtvodnenieOut2,OpAR-L/2,100,Otv10-100,,DATABASE_RULE_EVIDENCE
Altest,zAL LS38 Frame 3k R_iznos,zAL SystemS,D,6,OtvodnenieOutKom2,OpAL+100,25,Otv25,,DATABASE_RULE_EVIDENCE
Altest,zAL LS38 Frame 3k R_iznos,zAL SystemS,D,6,OtvodnenieOutKom2fin,OpAL+100,25,Otv25,,DATABASE_RULE_EVIDENCE
Altest,zAL LS38 Frame 3k R_iznos,zAL SystemS,D,16,OtvodnenieOut2,OpAL+L/2+120,25,Otv25,,DATABASE_RULE_EVIDENCE
Altest,zAL LS38 Frame 3k R_iznos,zAL SystemS,D,16,OtvodnenieOut2fin,OpAL+L/2+120,25,Otv25,,DATABASE_RULE_EVIDENCE
Altest,zAL LS38 Frame 3k R_iznos,zAL SystemS,D,16,OtvodnenieOut2,OpAR-100,25,Otv25,,DATABASE_RULE_EVIDENCE
Altest,zAL LS38 Frame 3k R_iznos,zAL SystemS,D,16,OtvodnenieOut2fin,OpAR-100,25,Otv25,,DATABASE_RULE_EVIDENCE
Altest,zAL LS38 Frame 4k,zAL SystemS,D,16,OtvodnenieOut2,OpAR-L/8,100,Otv10-100,,DATABASE_RULE_EVIDENCE
Altest,zAL LS38 Frame 4k,zAL SystemS,D,16,OtvodnenieOut2,OpAR-L/8*7,100,Otv10-100,,DATABASE_RULE_EVIDENCE
Altest,zAL LS38 Frame 6k,zAL SystemS,D,16,OtvodnenieOut2,OpAR-L/12,100,Otv10-100,,DATABASE_RULE_EVIDENCE
Altest,zAL LS38 Frame 6k,zAL SystemS,D,16,OtvodnenieOut2,OpAR-L/8*2,100,Otv10-100,,DATABASE_RULE_EVIDENCE
Altest,zAL LS38 Frame 6k,zAL SystemS,D,16,OtvodnenieOut2,OpAR-L/8*6,100,Otv10-100,,DATABASE_RULE_EVIDENCE
Altest,zAL LS38 Frame 6k,zAL SystemS,D,16,OtvodnenieOut2,OpAR-L/12*11,100,Otv10-100,,DATABASE_RULE_EVIDENCE
Altest,zAL LS38 Frame 6kArh,zAL SystemS,U,10,SglobkaAngleF10,OpAR-46.4,0,frame top provetritel,,DATABASE_RULE_EVIDENCE
Altest,zAL LS38 Frame 6kArh,zAL SystemS,U,10,SglobkaAngleS11,OpAR-24.6,0,frame top provetritel,,DATABASE_RULE_EVIDENCE
Altest,zAL LS38 Frame 6kArh,zAL SystemS,U,10,SglobkaAngleS11,OpAL+24.6,0,frame top provetritel,,DATABASE_RULE_EVIDENCE
Altest,zAL LS38 Frame 6kArh,zAL SystemS,U,10,SglobkaAngleF10,OpAL+46.4,0,frame top provetritel,,DATABASE_RULE_EVIDENCE
Altest,zAL LS38 Frame 6kArh,zAL SystemS,L,10,SglobkaAngleF10,OpAD-46.4,0,RL provetritel,,DATABASE_RULE_EVIDENCE
Altest,zAL LS38 Frame 6kArh,zAL SystemS,L,10,SglobkaAngleS11,OpAD-24.6,0,RL provetritel,,DATABASE_RULE_EVIDENCE
Altest,zAL LS38 Frame 6kArh,zAL SystemS,L,10,SglobkaAngleS11,OpAU+24.6,0,RL provetritel,,DATABASE_RULE_EVIDENCE
Altest,zAL LS38 Frame 6kArh,zAL SystemS,L,10,SglobkaAngleF10,OpAU+46.4,0,RL provetritel,,DATABASE_RULE_EVIDENCE
Altest,zAL LS38 Frame 6kArh,zAL SystemS,R,10,SglobkaAngleF10,OpAD-46.4,0,RL provetritel,,DATABASE_RULE_EVIDENCE
Altest,zAL LS38 Frame 6kArh,zAL SystemS,R,10,SglobkaAngleS11,OpAD-24.6,0,RL provetritel,,DATABASE_RULE_EVIDENCE
Altest,zAL LS38 Frame 6kArh,zAL SystemS,R,10,SglobkaAngleS11,OpAU+24.6,0,RL provetritel,,DATABASE_RULE_EVIDENCE
Altest,zAL LS38 Frame 6kArh,zAL SystemS,R,10,SglobkaAngleF10,OpAU+46.4,0,RL provetritel,,DATABASE_RULE_EVIDENCE
Altest,zAL LS38 Frame 6kArh,zAL SystemS,D,10,SglobkaAngleF10,OpAR-46.4,0,frame top provetritel,,DATABASE_RULE_EVIDENCE
Altest,zAL LS38 Frame 6kArh,zAL SystemS,D,10,SglobkaAngleS11,OpAR-24.6,0,frame top provetritel,,DATABASE_RULE_EVIDENCE
Altest,zAL LS38 Frame 6kArh,zAL SystemS,D,10,SglobkaAngleS11,OpAL+24.6,0,frame top provetritel,,DATABASE_RULE_EVIDENCE
Altest,zAL LS38 Frame 6kArh,zAL SystemS,D,10,SglobkaAngleF10,OpAL+46.4,0,frame top provetritel,,DATABASE_RULE_EVIDENCE
Altest,zAL LS38 Frame 6kArh,zAL SystemS,D,16,OtvodnenieOut2,OpAR-L/12,100,Otv10-100,,DATABASE_RULE_EVIDENCE
Altest,zAL LS38 Frame 6kArh,zAL SystemS,D,16,OtvodnenieOut2,OpAR-L/8*2,100,Otv10-100,,DATABASE_RULE_EVIDENCE
Altest,zAL LS38 Frame 6kArh,zAL SystemS,D,16,OtvodnenieOut2,OpAR-L/8*6,100,Otv10-100,,DATABASE_RULE_EVIDENCE
Altest,zAL LS38 Frame 6kArh,zAL SystemS,D,16,OtvodnenieOut2,OpAR-L/12*11,100,Otv10-100,,DATABASE_RULE_EVIDENCE
Altest,zAL LS38 Window,zAL SystemS,D,6,OtvodnenieIN,OpAR-200,20,otvodniavane,,DATABASE_RULE_EVIDENCE
Altest,zAL LS38 Window,zAL SystemS,D,6,OtvodnenieIN,OpAL+200,20,otvodniavane,,DATABASE_RULE_EVIDENCE
Altest,zAL LS38 Window,zAL SystemS,D,6,OtvodnenieOut,OpAR-250,20,otvodniavane,,DATABASE_RULE_EVIDENCE
Altest,zAL LS38 Window,zAL SystemS,D,6,OtvodnenieOut,OpAL+250,20,otvodniavane,,DATABASE_RULE_EVIDENCE
Altest,zAL LS38 Window MechArh,zAL SystemS,U,10,SglobkaAngleF10,OpAR-74,0,frame top provetritel,,DATABASE_RULE_EVIDENCE
Altest,zAL LS38 Window MechArh,zAL SystemS,U,10,SglobkaAngleS11,OpAR-52,0,frame top provetritel,,DATABASE_RULE_EVIDENCE
Altest,zAL LS38 Window MechArh,zAL SystemS,U,10,SglobkaAngleS11,OpAL+52,0,frame top provetritel,,DATABASE_RULE_EVIDENCE
Altest,zAL LS38 Window MechArh,zAL SystemS,U,10,SglobkaAngleF10,OpAL+74,0,frame top provetritel,,DATABASE_RULE_EVIDENCE
Altest,zAL LS38 Window MechArh,zAL SystemS,L,10,SglobkaAngleF10,OpAD-74,0,RL provetritel,,DATABASE_RULE_EVIDENCE
Altest,zAL LS38 Window MechArh,zAL SystemS,L,10,SglobkaAngleS11,OpAD-52,0,RL provetritel,,DATABASE_RULE_EVIDENCE
Altest,zAL LS38 Window MechArh,zAL SystemS,L,10,SglobkaAngleS11,OpAU+52,0,RL provetritel,,DATABASE_RULE_EVIDENCE
Altest,zAL LS38 Window MechArh,zAL SystemS,L,10,SglobkaAngleF10,OpAU+74,0,RL provetritel,,DATABASE_RULE_EVIDENCE
Altest,zAL LS38 Window MechArh,zAL SystemS,R,10,SglobkaAngleF10,OpAD-74,0,RL provetritel,,DATABASE_RULE_EVIDENCE
Altest,zAL LS38 Window MechArh,zAL SystemS,R,10,SglobkaAngleS11,OpAD-52,0,RL provetritel,,DATABASE_RULE_EVIDENCE
Altest,zAL LS38 Window MechArh,zAL SystemS,R,10,SglobkaAngleS11,OpAU+52,0,RL provetritel,,DATABASE_RULE_EVIDENCE
Altest,zAL LS38 Window MechArh,zAL SystemS,R,10,SglobkaAngleF10,OpAU+74,0,RL provetritel,,DATABASE_RULE_EVIDENCE
Altest,zAL LS38 Window MechArh,zAL SystemS,D,10,SglobkaAngleF10,OpAR-74,0,frame top provetritel,,DATABASE_RULE_EVIDENCE
Altest,zAL LS38 Window MechArh,zAL SystemS,D,10,SglobkaAngleS11,OpAR-52,0,frame top provetritel,,DATABASE_RULE_EVIDENCE
Altest,zAL LS38 Window MechArh,zAL SystemS,D,10,SglobkaAngleS11,OpAL+52,0,frame top provetritel,,DATABASE_RULE_EVIDENCE
Altest,zAL LS38 Window MechArh,zAL SystemS,D,10,SglobkaAngleF10,OpAL+74,0,frame top provetritel,,DATABASE_RULE_EVIDENCE
Altest,zAL LS38 Window MechArh,zAL SystemS,D,6,OtvodnenieOut,OpAR-170,20,otvodniavane,,DATABASE_RULE_EVIDENCE
Altest,zAL LS38 Window MechArh,zAL SystemS,D,6,OtvodnenieOut,OpAL+170,20,otvodniavane,,DATABASE_RULE_EVIDENCE
Altest,zAL LS38 Window MechArh,zAL SystemS,D,6,OtvodnenieOut,OpAR-170,20,otvodniavane,,DATABASE_RULE_EVIDENCE
Altest,zAL LS38 Window MechArh,zAL SystemS,D,6,OtvodnenieOut,OpAL+170,20,otvodniavane,,DATABASE_RULE_EVIDENCE
Altest,zAL LS70 2k L,zAL SystemS,D,16,OtvodnenieOutCenter,OpAR-L/2,30,Centralno,,DATABASE_RULE_EVIDENCE
Altest,zAL LS70 2k L,zAL SystemS,D,16,OtvodnenieOut2,OpAR-L/2-150,30,500xL |OpAL+150,,DATABASE_RULE_EVIDENCE
Altest,zAL LS70 2k R,zAL SystemS,D,16,OtvodnenieOutCenter,OpAR-L/2,30,Centralno,,DATABASE_RULE_EVIDENCE
Altest,zAL LS70 2k R,zAL SystemS,D,16,OtvodnenieOut2,OpAR-150,30,500xL |OpAL+L/2-150,,DATABASE_RULE_EVIDENCE
Altest,zAL LS70 3k L,zAL SystemS,D,16,OtvodnenieOut2,OpAR-L/3-150,30,500xL |OpAL+150,,DATABASE_RULE_EVIDENCE
Altest,zAL LS70 3k L SrednoActive2Fix,zAL SystemS,D,16,OtvodnenieOutCenter,OpAR-L/3,30,Centralno,,DATABASE_RULE_EVIDENCE
Altest,zAL LS70 3k L SrednoActive2Fix,zAL SystemS,D,16,OtvodnenieOut2,OpAR-150,30,500xL |OpAL+L/3+150,,DATABASE_RULE_EVIDENCE
Altest,zAL LS70 3k La,zAL SystemS,D,16,OtvodnenieOutCenter,OpAR-L/3,30,Centralno,,DATABASE_RULE_EVIDENCE
Altest,zAL LS70 3k La,zAL SystemS,D,16,OtvodnenieOut2,OpAR-L/3-150,30,500xL |OpAL+150,,DATABASE_RULE_EVIDENCE
Altest,zAL LS70 3k R,zAL SystemS,D,16,OtvodnenieOut2,OpAR-150,30,500xL |OpAL+L/3*2-150,,DATABASE_RULE_EVIDENCE
Altest,zAL LS70 3k R SrednoActive2Fix,zAL SystemS,D,16,OtvodnenieOut2,OpAR-L/3-150,30,500xL |OpAL+150,,DATABASE_RULE_EVIDENCE
Altest,zAL LS70 3k R SrednoActive2Fix,zAL SystemS,D,16,OtvodnenieOutCenter,OpAL+L/3,30,Centralno,,DATABASE_RULE_EVIDENCE
Altest,zAL LS70 3k Ra,zAL SystemS,D,16,OtvodnenieOutCenter,OpAL+L/3,30,Centralno,,DATABASE_RULE_EVIDENCE
Altest,zAL LS70 3k Ra,zAL SystemS,D,16,OtvodnenieOut2,OpAR-150,30,500xL |OpAL+L/3*2-150,,DATABASE_RULE_EVIDENCE
Altest,zAL LS70 3k SrednoActive2Fix,zAL SystemS,D,16,OtvodnenieOutCenter,OpAR-L/3,30,Centralno,,DATABASE_RULE_EVIDENCE
Altest,zAL LS70 3k SrednoActive2Fix,zAL SystemS,D,16,OtvodnenieOut2,OpAR-L/3-150,30,500xL |OpAL+L/3+150,,DATABASE_RULE_EVIDENCE
Altest,zAL LS70 3k SrednoActive2Fix,zAL SystemS,D,16,OtvodnenieOutCenter,OpAL+L/3,30,Centralno,,DATABASE_RULE_EVIDENCE
Altest,zAL LS70 4s,zAL SystemS,D,16,OtvodnenieOutCenter,OpAR-L/4*3,30,Centralno,,DATABASE_RULE_EVIDENCE
Altest,zAL LS70 4s,zAL SystemS,D,10,OtvodnenieOut2,OpAR-L/4*3-150,30,500xL |OpAL+150,,DATABASE_RULE_EVIDENCE
Altest,zAL LS70 4s,zAL SystemS,D,16,OtvodnenieOutCenter,OpAL-L/4,30,Centralno,,DATABASE_RULE_EVIDENCE
Altest,zAL LS70 4s,zAL SystemS,D,10,OtvodnenieOut2,OpAR-150,30,500xL |OpAL+L/4-150,,DATABASE_RULE_EVIDENCE
Altest,zAL LS70 Frame,zAL SystemS,U,10,SglobkaAngleF10,OpAR-48.4,0,frame top provetritel,,DATABASE_RULE_EVIDENCE
Altest,zAL LS70 Frame,zAL SystemS,U,10,SglobkaAngleS11,OpAR-26.6,0,frame top provetritel,,DATABASE_RULE_EVIDENCE
Altest,zAL LS70 Frame,zAL SystemS,U,10,SglobkaAngleS11,OpAL+26.6,0,frame top provetritel,,DATABASE_RULE_EVIDENCE
Altest,zAL LS70 Frame,zAL SystemS,U,10,SglobkaAngleF10,OpAL+48.4,0,frame top provetritel,,DATABASE_RULE_EVIDENCE
Altest,zAL LS70 Frame,zAL SystemS,L,10,SglobkaAngleF10,OpAD-48.4,0,RL provetritel,,DATABASE_RULE_EVIDENCE
Altest,zAL LS70 Frame,zAL SystemS,L,10,SglobkaAngleS11,OpAD-26.6,0,RL provetritel,,DATABASE_RULE_EVIDENCE
Altest,zAL LS70 Frame,zAL SystemS,L,10,SglobkaAngleS11,OpAU+26.6,0,RL provetritel,,DATABASE_RULE_EVIDENCE
Altest,zAL LS70 Frame,zAL SystemS,L,10,SglobkaAngleF10,OpAU+48.4,0,RL provetritel,,DATABASE_RULE_EVIDENCE
Altest,zAL LS70 Frame,zAL SystemS,R,10,SglobkaAngleF10,OpAD-48.4,0,RL provetritel,,DATABASE_RULE_EVIDENCE
Altest,zAL LS70 Frame,zAL SystemS,R,10,SglobkaAngleS11,OpAD-26.6,0,RL provetritel,,DATABASE_RULE_EVIDENCE
Altest,zAL LS70 Frame,zAL SystemS,R,10,SglobkaAngleS11,OpAU+26.6,0,RL provetritel,,DATABASE_RULE_EVIDENCE
Altest,zAL LS70 Frame,zAL SystemS,R,10,SglobkaAngleF10,OpAU+48.4,0,RL provetritel,,DATABASE_RULE_EVIDENCE
Altest,zAL LS70 Frame,zAL SystemS,D,10,SglobkaAngleF10,OpAR-48.4,0,frame top provetritel,,DATABASE_RULE_EVIDENCE
Altest,zAL LS70 Frame,zAL SystemS,D,10,SglobkaAngleS11,OpAR-26.6,0,frame top provetritel,,DATABASE_RULE_EVIDENCE
Altest,zAL LS70 Frame,zAL SystemS,D,10,SglobkaAngleS11,OpAL+26.6,0,frame top provetritel,,DATABASE_RULE_EVIDENCE
Altest,zAL LS70 Frame,zAL SystemS,D,10,SglobkaAngleF10,OpAL+48.4,0,frame top provetritel,,DATABASE_RULE_EVIDENCE
Altest,zAL LS70 Frame 2k L_iznosDoor,zAL SystemS,D,16,Otv90osnova,OpAL+100,25,Otv25,,DATABASE_RULE_EVIDENCE
Altest,zAL LS70 Frame 2k L_iznosDoor,zAL SystemS,D,16,OtvAng45,OpAL+130,25,Otv25,,DATABASE_RULE_EVIDENCE
Altest,zAL LS70 Frame 2k L_iznosDoor,zAL SystemS,D,16,Otv90osnova,OpAL+L/2-120,25,Otv25,,DATABASE_RULE_EVIDENCE
Altest,zAL LS70 Frame 2k L_iznosDoor,zAL SystemS,D,16,OtvAng45,OpAL+L/2-150,25,Otv25,,DATABASE_RULE_EVIDENCE
Altest,zAL LS70 Frame 2k L_iznosDoor,zAL SystemS,D,6,Otv90osnova,OpAR-100,25,Otv25,,DATABASE_RULE_EVIDENCE
Altest,zAL LS70 Frame 2k R_iznosDoor,zAL SystemS,D,6,Otv90osnova,OpAL+100,25,Otv25,,DATABASE_RULE_EVIDENCE
Altest,zAL LS70 Frame 2k R_iznosDoor,zAL SystemS,D,16,Otv90osnova,OpAL+L/2+120,25,Otv25,,DATABASE_RULE_EVIDENCE
Altest,zAL LS70 Frame 2k R_iznosDoor,zAL SystemS,D,16,OtvAng45,OpAL+L/2+150,25,Otv25,,DATABASE_RULE_EVIDENCE
Altest,zAL LS70 Frame 2k R_iznosDoor,zAL SystemS,D,16,Otv90osnova,OpAR-100,25,Otv25,,DATABASE_RULE_EVIDENCE
Altest,zAL LS70 Frame 2k R_iznosDoor,zAL SystemS,D,16,OtvAng45,OpAR-130,25,Otv25,,DATABASE_RULE_EVIDENCE
Altest,zAL LS70 FrameStDLR,zAL SystemS,U,10,StdFR,OpAR-6,10,frame top provetritel,,DATABASE_RULE_EVIDENCE
Altest,zAL LS70 FrameStDLR,zAL SystemS,U,10,StdFR,OpAL+6,10,frame top provetritel,,DATABASE_RULE_EVIDENCE
Altest,zAL LS70 FrameStDLR,zAL SystemS,D,10,StdFR,OpAR-6,10,frame top provetritel,,DATABASE_RULE_EVIDENCE
Altest,zAL LS70 FrameStDLR,zAL SystemS,D,10,StdFR,OpAL+6,10,frame top provetritel,,DATABASE_RULE_EVIDENCE
Altest,zAL LS70 Window,zAL SystemS,D,6,OtvodnenieOut,OpAR-170,20,otvodniavane,,DATABASE_RULE_EVIDENCE
Altest,zAL LS70 Window,zAL SystemS,D,6,OtvodnenieOut,OpAL+170,20,otvodniavane,,DATABASE_RULE_EVIDENCE
Altest,zAL_Brava01 35-85 1050 180,zAL Brava & patron,1,14,Brava35Handle,OpAD-opprpero-1050,0,PRINT_ brava,,DATABASE_RULE_EVIDENCE
Altest,zAL_Brava01 35-85 1050 180,zAL Brava & patron,1,14,Brava35HandleOut,OpAD-opprpero-1050,0,PRINT_ brava,,DATABASE_RULE_EVIDENCE
Altest,zAL_Brava01 35-85 1050 180,zAL Brava & patron,1,9,MartinaKanalDoor,OpAD-opprpero-1050+33,180,brava kutia,,DATABASE_RULE_EVIDENCE
Altest,zAL_Brava01 35-85 1050 180,zAL Brava & patron,5,20,NasBrava,OpAD-opprpero-1050+59,50,PRINT_ N-k Brava,,DATABASE_RULE_EVIDENCE
Altest,zAL_Brava01 35-85 1050 180,zAL Brava & patron,1,14,Brava35PatronL,OpAD-opprpero-1050+85,0,brava patron1,,DATABASE_RULE_EVIDENCE
Altest,zAL_Brava01 35-85 1050 180,zAL Brava & patron,1,14,Brava35PatronR,OpAD-opprpero-1050+85,0,brava patron1,,DATABASE_RULE_EVIDENCE
Altest,zAL_Brava01 35-85 1050 180,zAL Brava & patron,5,28,FixNasWorkOp2os,OpAD-L/2-100,0,nas-r,,DATABASE_RULE_EVIDENCE
Altest,zAL_Brava01 35-85 1050 180,zAL Brava & patron,5,28,FixNasWorkOp1os,OpAD-L/2-100,0,nas-r,,DATABASE_RULE_EVIDENCE
Altest,zAL_Brava01 35-85 1050 193,zAL Brava & patron,1,14,Brava35Handle,OpAD-opprpero-1050,0,PRINT_ brava,,DATABASE_RULE_EVIDENCE
Altest,zAL_Brava01 35-85 1050 193,zAL Brava & patron,1,14,Brava35HandleOut,OpAD-opprpero-1050,0,PRINT_ brava,,DATABASE_RULE_EVIDENCE
Altest,zAL_Brava01 35-85 1050 193,zAL Brava & patron,1,9,MartinaKanalDoor,OpAD-opprpero-1050+30,193,brava kutia,,DATABASE_RULE_EVIDENCE
Altest,zAL_Brava01 35-85 1050 193,zAL Brava & patron,5,20,NasBrava,OpAD-opprpero-1050+59,50,PRINT_ N-k Brava,,DATABASE_RULE_EVIDENCE
Altest,zAL_Brava01 35-85 1050 193,zAL Brava & patron,1,14,Brava35PatronL,OpAD-opprpero-1050+85,0,brava patron1,,DATABASE_RULE_EVIDENCE
Altest,zAL_Brava01 35-85 1050 193,zAL Brava & patron,1,14,Brava35PatronR,OpAD-opprpero-1050+85,0,brava patron1,,DATABASE_RULE_EVIDENCE
Altest,zAL_Brava01 35-85 1050 193,zAL Brava & patron,5,20,NasBrava,OpAD-L/2,50,PRINT_ N-k Brava2,,DATABASE_RULE_EVIDENCE
Altest,zAL_Brava01 35-85 1050 235,zAL Brava & patron,1,14,Brava35Handle,OpAD-opprpero-1050,0,PRINT_ brava,,DATABASE_RULE_EVIDENCE
Altest,zAL_Brava01 35-85 1050 235,zAL Brava & patron,1,14,Brava35HandleOut,OpAD-opprpero-1050,0,PRINT_ brava,,DATABASE_RULE_EVIDENCE
Altest,zAL_Brava01 35-85 1050 235,zAL Brava & patron,1,9,MartinaKanalDoor,OpAD-opprpero-1050+30,235,brava kutia,,DATABASE_RULE_EVIDENCE
Altest,zAL_Brava01 35-85 1050 235,zAL Brava & patron,5,20,NasBrava,OpAD-opprpero-1050+59,50,PRINT_ N-k Brava,,DATABASE_RULE_EVIDENCE
Altest,zAL_Brava01 35-85 1050 235,zAL Brava & patron,1,14,Brava35PatronL,OpAD-opprpero-1050+85,0,brava patron1,,DATABASE_RULE_EVIDENCE
Altest,zAL_Brava01 35-85 1050 235,zAL Brava & patron,1,14,Brava35PatronR,OpAD-opprpero-1050+85,0,brava patron1,,DATABASE_RULE_EVIDENCE
Altest,zAL_Brava01 35-85 1050 235,zAL Brava & patron,5,28,FixNasWorkOp2os,OpAD-L/2-100,0,nas-r,,DATABASE_RULE_EVIDENCE
Altest,zAL_Brava01 35-85 1050 235,zAL Brava & patron,5,28,FixNasWorkOp1os,OpAD-L/2-100,0,nas-r,,DATABASE_RULE_EVIDENCE
Altest,zAL_Brava01 35-85 1050 255,zAL Brava & patron,1,14,Brava35Handle,OpAD-opprpero-1050,0,PRINT_ brava,,DATABASE_RULE_EVIDENCE
Altest,zAL_Brava01 35-85 1050 255,zAL Brava & patron,1,14,Brava35HandleOut,OpAD-opprpero-1050,0,PRINT_ brava,,DATABASE_RULE_EVIDENCE
Altest,zAL_Brava01 35-85 1050 255,zAL Brava & patron,1,9,MartinaKanalDoor,OpAD-opprpero-1050+30,255,brava kutia,,DATABASE_RULE_EVIDENCE
Altest,zAL_Brava01 35-85 1050 255,zAL Brava & patron,5,20,NasBrava,OpAD-opprpero-1050+59,50,PRINT_ N-k Brava,,DATABASE_RULE_EVIDENCE
Altest,zAL_Brava01 35-85 1050 255,zAL Brava & patron,1,14,Brava35PatronL,OpAD-opprpero-1050+85,0,brava patron1,,DATABASE_RULE_EVIDENCE
Altest,zAL_Brava01 35-85 1050 255,zAL Brava & patron,1,14,Brava35PatronR,OpAD-opprpero-1050+85,0,brava patron1,,DATABASE_RULE_EVIDENCE
Altest,zAL_Brava01 35-85 1050 255,zAL Brava & patron,5,28,FixNasWorkOp2os,OpAD-L/2-100,0,nas-r,,DATABASE_RULE_EVIDENCE
Altest,zAL_Brava01 35-85 1050 255,zAL Brava & patron,5,28,FixNasWorkOp1os,OpAD-L/2-100,0,nas-r,,DATABASE_RULE_EVIDENCE
Altest,zAL_Brava01 35-85 1050 255+shild,zAL Brava & patron,1,14,Brava35Handle,OpAD-opprpero-1050,0,PRINT_ brava,,DATABASE_RULE_EVIDENCE
Altest,zAL_Brava01 35-85 1050 255+shild,zAL Brava & patron,1,14,Brava35HandleOut,OpAD-opprpero-1050,0,PRINT_ brava,,DATABASE_RULE_EVIDENCE
Altest,zAL_Brava01 35-85 1050 255+shild,zAL Brava & patron,1,1,Brava35HandlePin,OpAD-opprpero-1050-77,0,brava drajka vint gore,,DATABASE_RULE_EVIDENCE
Altest,zAL_Brava01 35-85 1050 255+shild,zAL Brava & patron,1,1,Brava35HandlePin,OpAD-opprpero-1050+137,0,brava drajka vint,,DATABASE_RULE_EVIDENCE
Altest,zAL_Brava01 35-85 1050 255+shild,zAL Brava & patron,1,1,Brava35HandlePinOut,OpAD-opprpero-1050-77,0,brava drajka vint gore,,DATABASE_RULE_EVIDENCE
Altest,zAL_Brava01 35-85 1050 255+shild,zAL Brava & patron,1,1,Brava35HandlePinOut,OpAD-opprpero-1050+137,0,brava drajka vint,,DATABASE_RULE_EVIDENCE
Altest,zAL_Brava01 35-85 1050 255+shild,zAL Brava & patron,1,9,MartinaKanalDoor,OpAD-opprpero-1050+30,255,brava kutia,,DATABASE_RULE_EVIDENCE
Altest,zAL_Brava01 35-85 1050 255+shild,zAL Brava & patron,5,20,NasBrava,OpAD-opprpero-1050+59,50,PRINT_ N-k Brava,,DATABASE_RULE_EVIDENCE
Altest,zAL_Brava01 35-85 1050 255+shild,zAL Brava & patron,1,14,Brava35PatronL,OpAD-opprpero-1050+85,0,brava patron1,,DATABASE_RULE_EVIDENCE
Altest,zAL_Brava01 35-85 1050 255+shild,zAL Brava & patron,1,14,Brava35PatronR,OpAD-opprpero-1050+85,0,brava patron1,,DATABASE_RULE_EVIDENCE
Altest,zAL_Brava01 35-92,zAL Brava & patron,1,14,Brava35Handle,OpAD-opprpero-1050,0,PRINT_ brava,,DATABASE_RULE_EVIDENCE
Altest,zAL_Brava01 35-92,zAL Brava & patron,1,14,Brava35HandleOut,OpAD-opprpero-1050,0,PRINT_ brava,,DATABASE_RULE_EVIDENCE
Altest,zAL_Brava01 35-92,zAL Brava & patron,1,9,MartinaKanalDoor,OpAD-opprpero-1050+30,255,brava kutia,,DATABASE_RULE_EVIDENCE
Altest,zAL_Brava01 35-92,zAL Brava & patron,5,20,NasBrava,OpAD-opprpero-1050+59,50,PRINT_ N-k Brava,,DATABASE_RULE_EVIDENCE
Altest,zAL_Brava01 35-92,zAL Brava & patron,1,14,Brava35PatronL,OpAD-opprpero-1050+92,0,brava patron1,,DATABASE_RULE_EVIDENCE
Altest,zAL_Brava01 35-92,zAL Brava & patron,1,14,Brava35PatronR,OpAD-opprpero-1050+92,0,brava patron1,,DATABASE_RULE_EVIDENCE
Altest,zAL_Brava01 35-92 martina,zAL Brava & patron,1,14,Brava35Handle,OpAD-opprpero-1050,0,PRINT_ brava,,DATABASE_RULE_EVIDENCE
Altest,zAL_Brava01 35-92 martina,zAL Brava & patron,1,14,Brava35HandleOut,OpAD-opprpero-1050,0,PRINT_ brava,,DATABASE_RULE_EVIDENCE
Altest,zAL_Brava01 35-92 martina,zAL Brava & patron,1,9,MartinaKanalDoor,OpAD-opprpero-1050+15,255,brava kutia,,DATABASE_RULE_EVIDENCE
Altest,zAL_Brava01 35-92 martina,zAL Brava & patron,5,20,NasBrava,OpAD-opprpero-1050+59,50,PRINT_ N-k Brava,,DATABASE_RULE_EVIDENCE
Altest,zAL_Brava01 35-92 martina,zAL Brava & patron,1,14,Brava35PatronL,OpAD-opprpero-1050+92,0,brava patron1,,DATABASE_RULE_EVIDENCE
Altest,zAL_Brava01 35-92 martina,zAL Brava & patron,1,14,Brava35PatronR,OpAD-opprpero-1050+92,0,brava patron1,,DATABASE_RULE_EVIDENCE
Altest,zAL_Brava01 35-92 martina shild,zAL Brava & patron,1,14,Brava35Handle,OpAD-opprpero-1050,0,PRINT_ brava,,DATABASE_RULE_EVIDENCE
Altest,zAL_Brava01 35-92 martina shild,zAL Brava & patron,1,1,Brava35HandlePin,OpAD-opprpero-1050-77,0,brava drajka vint gore,,DATABASE_RULE_EVIDENCE
Altest,zAL_Brava01 35-92 martina shild,zAL Brava & patron,1,1,Brava35HandlePin,OpAD-opprpero-1050+137,0,brava drajka vint,,DATABASE_RULE_EVIDENCE
Altest,zAL_Brava01 35-92 martina shild,zAL Brava & patron,1,14,Brava35HandleOut,OpAD-opprpero-1050,0,PRINT_ brava,,DATABASE_RULE_EVIDENCE
Altest,zAL_Brava01 35-92 martina shild,zAL Brava & patron,1,1,Brava35HandlePinOut,OpAD-opprpero-1050-77,0,brava drajka vint gore,,DATABASE_RULE_EVIDENCE
Altest,zAL_Brava01 35-92 martina shild,zAL Brava & patron,1,1,Brava35HandlePinOut,OpAD-opprpero-1050+137,0,brava drajka vint,,DATABASE_RULE_EVIDENCE
Altest,zAL_Brava01 35-92 martina shild,zAL Brava & patron,1,9,MartinaKanalDoor,OpAD-opprpero-1050+15,255,brava kutia,,DATABASE_RULE_EVIDENCE
Altest,zAL_Brava01 35-92 martina shild,zAL Brava & patron,5,20,NasBrava,OpAD-opprpero-1050+59,50,PRINT_ N-k Brava,,DATABASE_RULE_EVIDENCE
Altest,zAL_Brava01 35-92 martina shild,zAL Brava & patron,1,14,Brava35PatronL,OpAD-opprpero-1050+92,0,brava patron1,,DATABASE_RULE_EVIDENCE
Altest,zAL_Brava01 35-92 martina shild,zAL Brava & patron,1,14,Brava35PatronR,OpAD-opprpero-1050+92,0,brava patron1,,DATABASE_RULE_EVIDENCE
Altest,zAL_Brava01 35-92 martinaArh,zAL Brava & patron,1,14,Brava35Handle,OpAD-opprpero-1050,0,PRINT_ brava,,DATABASE_RULE_EVIDENCE
Altest,zAL_Brava01 35-92 martinaArh,zAL Brava & patron,1,14,Brava35HandleOut,OpAD-opprpero-1050,0,PRINT_ brava,,DATABASE_RULE_EVIDENCE
Altest,zAL_Brava01 35-92 martinaArh,zAL Brava & patron,1,9,MartinaKanalDoor,OpAD-opprpero-1050+30,255,brava kutia,,DATABASE_RULE_EVIDENCE
Altest,zAL_Brava01 35-92 martinaArh,zAL Brava & patron,5,20,NasBrava,OpAD-opprpero-1050+59,50,PRINT_ N-k Brava,,DATABASE_RULE_EVIDENCE
Altest,zAL_Brava01 35-92 martinaArh,zAL Brava & patron,3,14,Brava35Handle,OpAD-opprpero-1050,0,PRINT_ brava,,DATABASE_RULE_EVIDENCE
Altest,zAL_Brava01 35-92 martinaArh,zAL Brava & patron,3,14,Brava35HandleOut,OpAD-opprpero-1050,0,PRINT_ brava,,DATABASE_RULE_EVIDENCE
Altest,zAL_Brava01 35-92 martinaArh,zAL Brava & patron,3,9,MartinaKanalDoor,OpAD-opprpero-1050+30,255,brava kutia,,DATABASE_RULE_EVIDENCE
Altest,zAL_Brava01 35-92 martinaArh,zAL Brava & patron,5,20,NasBrava,OpAD-opprpero-1050+59,50,PRINT_ N-k Brava,,DATABASE_RULE_EVIDENCE
Altest,zAL_Brava01 35-92 martinaArh,zAL Brava & patron,1,14,Brava35PatronL,OpAD-opprpero-1050+92,0,brava patron1,,DATABASE_RULE_EVIDENCE
Altest,zAL_Brava01 35-92 martinaArh,zAL Brava & patron,3,14,Brava35PatronL,OpAD-opprpero-1050+92,0,brava patron1,,DATABASE_RULE_EVIDENCE
Altest,zAL_Brava01 35-92 martinaArh,zAL Brava & patron,1,14,Brava35PatronR,OpAD-opprpero-1050+92,0,brava patron1,,DATABASE_RULE_EVIDENCE
Altest,zAL_Brava01 35-92 martinaArh,zAL Brava & patron,3,14,Brava35PatronR,OpAD-opprpero-1050+92,0,brava patron1,,DATABASE_RULE_EVIDENCE
Altest,zAL_Brava01 35-92 shild,zAL Brava & patron,1,14,Brava35Handle,OpAD-opprpero-1050,0,PRINT_ brava,,DATABASE_RULE_EVIDENCE
Altest,zAL_Brava01 35-92 shild,zAL Brava & patron,1,1,Brava35HandlePin,OpAD-opprpero-1050-77,0,brava drajka vint gore,,DATABASE_RULE_EVIDENCE
Altest,zAL_Brava01 35-92 shild,zAL Brava & patron,1,1,Brava35HandlePin,OpAD-opprpero-1050+137,0,brava drajka vint,,DATABASE_RULE_EVIDENCE
Altest,zAL_Brava01 35-92 shild,zAL Brava & patron,1,14,Brava35HandleOut,OpAD-opprpero-1050,0,PRINT_ brava,,DATABASE_RULE_EVIDENCE
Altest,zAL_Brava01 35-92 shild,zAL Brava & patron,1,1,Brava35HandlePinOut,OpAD-opprpero-1050-77,0,brava drajka vint gore,,DATABASE_RULE_EVIDENCE
Altest,zAL_Brava01 35-92 shild,zAL Brava & patron,1,1,Brava35HandlePinOut,OpAD-opprpero-1050+137,0,brava drajka vint,,DATABASE_RULE_EVIDENCE
Altest,zAL_Brava01 35-92 shild,zAL Brava & patron,1,9,MartinaKanalDoor,OpAD-opprpero-1050+30,255,brava kutia,,DATABASE_RULE_EVIDENCE
Altest,zAL_Brava01 35-92 shild,zAL Brava & patron,5,20,NasBrava,OpAD-opprpero-1050+59,50,PRINT_ N-k Brava,,DATABASE_RULE_EVIDENCE
Altest,zAL_Brava01 35-92 shild,zAL Brava & patron,1,14,Brava35PatronL,OpAD-opprpero-1050+92,0,brava patron1,,DATABASE_RULE_EVIDENCE
Altest,zAL_Brava01 35-92 shild,zAL Brava & patron,1,14,Brava35PatronR,OpAD-opprpero-1050+92,0,brava patron1,,DATABASE_RULE_EVIDENCE
Altest,zAL_Brava01 35-92 Short 191,zAL Brava & patron,1,14,Brava35Handle,OpAD-opprpero-1050,0,PRINT_ brava,,DATABASE_RULE_EVIDENCE
Altest,zAL_Brava01 35-92 Short 191,zAL Brava & patron,1,14,Brava35HandleOut,OpAD-opprpero-1050,0,PRINT_ brava,,DATABASE_RULE_EVIDENCE
Altest,zAL_Brava01 35-92 Short 191,zAL Brava & patron,1,9,MartinaKanalDoor,OpAD-opprpero-1050+30,192,brava kutia,,DATABASE_RULE_EVIDENCE
Altest,zAL_Brava01 35-92 Short 191,zAL Brava & patron,5,20,NasBrava,OpAD-opprpero-1050+59,50,PRINT_ N-k Brava,,DATABASE_RULE_EVIDENCE
Altest,zAL_Brava01 35-92 Short 191,zAL Brava & patron,1,14,Brava35PatronL,OpAD-opprpero-1050+92,0,brava patron1,,DATABASE_RULE_EVIDENCE
Altest,zAL_Brava01 35-92 Short 191,zAL Brava & patron,1,14,Brava35PatronR,OpAD-opprpero-1050+92,0,brava patron1,,DATABASE_RULE_EVIDENCE
Altest,zAL_Brava01 AntiPanik_1T,zAL Brava & patron,1,14,AntiPanicVmarc,OpAD-opprpero-1100+40,0,PRINT_ AntiPanic,,DATABASE_RULE_EVIDENCE
Altest,zAL_Brava01 AntiPanik_1T,zAL Brava & patron,1,14,AntiPanicVmarc,OpAD-opprpero-1100-40,0,PRINT_ AntiPanic,,DATABASE_RULE_EVIDENCE
Altest,zAL_Brava01 AntiPanik_1T,zAL Brava & patron,3,14,AntiPanicVmarc,OpAD-opprpero-1100+40,0,PRINT_ AntiPanic,,DATABASE_RULE_EVIDENCE
Altest,zAL_Brava01 AntiPanik_1T,zAL Brava & patron,3,14,AntiPanicVmarc,OpAD-opprpero-1100-40,0,PRINT_ AntiPanic,,DATABASE_RULE_EVIDENCE
Altest,zAL_Brava01 AntiPanik_2T,zAL Brava & patron,1,14,AntiPanicVmarc,OpAD-opprpero-1100+40,0,PRINT_ AntiPanic,,DATABASE_RULE_EVIDENCE
Altest,zAL_Brava01 AntiPanik_2T,zAL Brava & patron,1,14,AntiPanicVmarc,OpAD-opprpero-1100-40,0,PRINT_ AntiPanic,,DATABASE_RULE_EVIDENCE
Altest,zAL_Brava01 AntiPanik_2T,zAL Brava & patron,3,14,AntiPanicVmarc,OpAD-opprpero-1100+40,0,PRINT_ AntiPanic,,DATABASE_RULE_EVIDENCE
Altest,zAL_Brava01 AntiPanik_2T,zAL Brava & patron,3,14,AntiPanicVmarc,OpAD-opprpero-1100-40,0,PRINT_ AntiPanic,,DATABASE_RULE_EVIDENCE
Altest,zAL_Brava01 AntiPanik_2T,zAL Brava & patron,1,14,AntiPanicVmarc,OpAU+opprpero+5,0,PRINT_ AntiPanic,,DATABASE_RULE_EVIDENCE
Altest,zAL_Brava01 AntiPanik_2T,zAL Brava & patron,1,14,AntiPanicVmarc,OpAU+opprpero+5+58,0,PRINT_ AntiPanic,,DATABASE_RULE_EVIDENCE
Altest,zAL_Brava01 AntiPanik_2T,zAL Brava & patron,1,14,AntiPanicVmarc,OpAD-opprpero-5,0,PRINT_ AntiPanic,,DATABASE_RULE_EVIDENCE
Altest,zAL_Brava01 AntiPanik_2T,zAL Brava & patron,1,14,AntiPanicVmarc,OpAD-opprpero-5-58,0,PRINT_ AntiPanic,,DATABASE_RULE_EVIDENCE
Altest,zAL_Brava01 AntiPanikHandle,zAL Brava & patron,1,14,20HandleAntiPanic,OpAD-opprpero-1100,0,PRINT_ AntiPanicHandle,,DATABASE_RULE_EVIDENCE
Altest,zAL_Brava01 AntiPanikHandle,zAL Brava & patron,1,14,10HandleAntiPanic,OpAD-opprpero-1100-21.5,0,AntiPanic10,,DATABASE_RULE_EVIDENCE
Altest,zAL_Brava01 AntiPanikHandle,zAL Brava & patron,1,14,10HandleAntiPanic,OpAD-opprpero-1100+21.5,0,AntiPanic10,,DATABASE_RULE_EVIDENCE
Altest,zAL_Brava01 AntiPanikHandle,zAL Brava & patron,1,14,10HandleAntiPanic,OpAD-opprpero-1100+91.5,0,AntiPanic10,,DATABASE_RULE_EVIDENCE
Altest,zAL_Brava01 EL Nas 35-85 1050 193,zAL Brava & patron,5,20,NasBravaEL,OpAD-opprpero-Handle_Position-25,50,PRINT_ N-k ELBrava,,DATABASE_RULE_EVIDENCE
Altest,zAL_Brava01 Rolka 35-85,zAL Brava & patron,1,9,MartinaKanalDoor,OpAD-opprpero-1030+30,193,brava kutia,,DATABASE_RULE_EVIDENCE
Altest,zAL_Brava01 Rolka 35-85,zAL Brava & patron,5,20,NasBrava,OpAD-opprpero-1030+59,50,PRINT_ N-k Brava,,DATABASE_RULE_EVIDENCE
Altest,zAL_Brava01 Rolka 35-85,zAL Brava & patron,1,14,Brava35PatronL,OpAD-opprpero-1030+85,0,brava patron1,,DATABASE_RULE_EVIDENCE
Altest,zAL_Brava01 Rolka 35-85,zAL Brava & patron,1,14,Brava35PatronR,OpAD-opprpero-1030+85,0,brava patron1,,DATABASE_RULE_EVIDENCE
Altest,zAL_Brava01 WC 35-90,zAL Brava & patron,1,14,Brava35Handle,OpAD-opprpero-1030,0,PRINT_ brava,,DATABASE_RULE_EVIDENCE
Altest,zAL_Brava01 WC 35-90,zAL Brava & patron,1,14,Brava35Handle,OpAD-opprpero-1030+90,0,PRINT_ brava,,DATABASE_RULE_EVIDENCE
Altest,zAL_Brava01 WC 35-90,zAL Brava & patron,1,9,MartinaKanalDoor,OpAD-opprpero-1030+30,193,brava kutia,,DATABASE_RULE_EVIDENCE
Altest,zAL_Brava01 WC 35-90,zAL Brava & patron,5,20,NasBrava,OpAD-opprpero-1030+59,50,PRINT_ N-k Brava,,DATABASE_RULE_EVIDENCE
Altest,zAL_Brava01 WC Patron 35-90,zAL Brava & patron,1,14,Brava35Handle,OpAD-opprpero-1030,0,PRINT_ brava,,DATABASE_RULE_EVIDENCE
Altest,zAL_Brava01 WC Patron 35-90,zAL Brava & patron,1,9,MartinaKanalDoor,OpAD-opprpero-1030+30,193,brava kutia,,DATABASE_RULE_EVIDENCE
Altest,zAL_Brava01 WC Patron 35-90,zAL Brava & patron,1,14,Brava35PatronL,OpAD-opprpero-1030+90,0,brava patron1,,DATABASE_RULE_EVIDENCE
Altest,zAL_Brava01 WC Patron 35-90,zAL Brava & patron,1,14,Brava35PatronR,OpAD-opprpero-1030+90,0,brava patron1,,DATABASE_RULE_EVIDENCE
Altest,zAL_Brava01_2kuki 1800-2000,zAL Brava & patron,1,14,Brava35Handle,OpAD-opprpero-1050,0,PRINT_ brava,,DATABASE_RULE_EVIDENCE
Altest,zAL_Brava01_2kuki 1800-2000,zAL Brava & patron,1,1,Brava35HandlePin,OpAD-opprpero-1050-76,0,brava drajka vint gore,,DATABASE_RULE_EVIDENCE
Altest,zAL_Brava01_2kuki 1800-2000,zAL Brava & patron,1,1,Brava35HandlePin,OpAD-opprpero-1050+20,0,brava drajka vint,,DATABASE_RULE_EVIDENCE
Altest,zAL_Brava01_2kuki 1800-2000,zAL Brava & patron,1,1,Brava35HandlePin,OpAD-opprpero-1050+134,0,brava drajka vint,,DATABASE_RULE_EVIDENCE
Altest,zAL_Brava01_2kuki 1800-2000,zAL Brava & patron,1,14,Brava35HandleOut,OpAD-opprpero-1050,0,PRINT_ brava,,DATABASE_RULE_EVIDENCE
Altest,zAL_Brava01_2kuki 1800-2000,zAL Brava & patron,1,1,Brava35HandlePinOut,OpAD-opprpero-1050-76,0,brava drajka vint gore,,DATABASE_RULE_EVIDENCE
Altest,zAL_Brava01_2kuki 1800-2000,zAL Brava & patron,1,1,Brava35HandlePinOut,OpAD-opprpero-1050+20,0,brava drajka vint,,DATABASE_RULE_EVIDENCE
Altest,zAL_Brava01_2kuki 1800-2000,zAL Brava & patron,1,1,Brava35HandlePinOut,OpAD-opprpero-1050+134,0,brava drajka vint,,DATABASE_RULE_EVIDENCE
Altest,zAL_Brava01_2kuki 1800-2000,zAL Brava & patron,1,9,MartinaKanalDoor,OpAD-opprpero-1050+16,263,brava kutia,,DATABASE_RULE_EVIDENCE
Altest,zAL_Brava01_2kuki 1800-2000,zAL Brava & patron,5,20,NasBrava,OpAD-opprpero-1050+59,50,PRINT_ N-k Brava,,DATABASE_RULE_EVIDENCE
Altest,zAL_Brava01_2kuki 1800-2000,zAL Brava & patron,1,9,MartinaKanalDoorKuka,OpAD-opprpero-1050-605,150,brava kutia,,DATABASE_RULE_EVIDENCE
Altest,zAL_Brava01_2kuki 1800-2000,zAL Brava & patron,1,9,MartinaKanalDoorKuka,OpAD-opprpero-1050+760,150,brava kutia,,DATABASE_RULE_EVIDENCE
Altest,zAL_Brava01_2kuki 1800-2000,zAL Brava & patron,5,20,NasBravaKuka,OpAD-opprpero-1050-605,80,PRINT_ N-k Brava,,DATABASE_RULE_EVIDENCE
Altest,zAL_Brava01_2kuki 1800-2000,zAL Brava & patron,5,20,NasBravaKuka,OpAD-opprpero-1050+760,80,PRINT_ N-k Brava,,DATABASE_RULE_EVIDENCE
Altest,zAL_Brava01_2kuki 1800-2000,zAL Brava & patron,1,14,Brava35PatronL,OpAD-opprpero-1050+92,0,brava patron1,,DATABASE_RULE_EVIDENCE
Altest,zAL_Brava01_2kuki 1800-2000,zAL Brava & patron,1,14,Brava35PatronR,OpAD-opprpero-1050+92,0,brava patron1,,DATABASE_RULE_EVIDENCE
Altest,zAL_Brava01_2kuki 1800-2000-35-92,zAL Brava & patron,1,14,Brava35Handle,OpAD-opprpero-1050,0,PRINT_ brava,,DATABASE_RULE_EVIDENCE
Altest,zAL_Brava01_2kuki 1800-2000-35-92,zAL Brava & patron,1,14,Brava35HandleOut,OpAD-opprpero-1050,0,PRINT_ brava,,DATABASE_RULE_EVIDENCE
Altest,zAL_Brava01_2kuki 1800-2000-35-92,zAL Brava & patron,1,9,MartinaKanalDoor,OpAD-opprpero-1050+16,263,brava kutia,,DATABASE_RULE_EVIDENCE
Altest,zAL_Brava01_2kuki 1800-2000-35-92,zAL Brava & patron,5,20,NasBrava,OpAD-opprpero-1050+59,50,PRINT_ N-k Brava,,DATABASE_RULE_EVIDENCE
Altest,zAL_Brava01_2kuki 1800-2000-35-92,zAL Brava & patron,1,9,MartinaKanalDoorKuka,OpAD-opprpero-1050-605,180,brava kutia,,DATABASE_RULE_EVIDENCE
Altest,zAL_Brava01_2kuki 1800-2000-35-92,zAL Brava & patron,1,9,MartinaKanalDoorKuka,OpAD-opprpero-1050+760,180,brava kutia,,DATABASE_RULE_EVIDENCE
Altest,zAL_Brava01_2kuki 1800-2000-35-92,zAL Brava & patron,5,20,NasBravaKuka,OpAD-opprpero-1050-605,80,PRINT_ N-k Brava,,DATABASE_RULE_EVIDENCE
Altest,zAL_Brava01_2kuki 1800-2000-35-92,zAL Brava & patron,5,20,NasBravaKuka,OpAD-opprpero-1050+760,80,PRINT_ N-k Brava,,DATABASE_RULE_EVIDENCE
Altest,zAL_Brava01_2kuki 1800-2000-35-92,zAL Brava & patron,1,14,Brava35PatronL,OpAD-opprpero-1050+92,0,brava patron1,,DATABASE_RULE_EVIDENCE
Altest,zAL_Brava01_2kuki 1800-2000-35-92,zAL Brava & patron,1,14,Brava35PatronR,OpAD-opprpero-1050+92,0,brava patron1,,DATABASE_RULE_EVIDENCE
Altest,zAL_Brava01_2kuki 1800-2000-35-92 IS,zAL Brava & patron,1,14,Brava35Handle,OpAD-opprpero-1020,0,PRINT_ brava,,DATABASE_RULE_EVIDENCE
Altest,zAL_Brava01_2kuki 1800-2000-35-92 IS,zAL Brava & patron,1,14,Brava35HandleOut,OpAD-opprpero-1020,0,PRINT_ brava,,DATABASE_RULE_EVIDENCE
Altest,zAL_Brava01_2kuki 1800-2000-35-92 IS,zAL Brava & patron,1,9,MartinaKanalDoor,OpAD-opprpero-1020+16,263,brava kutia,,DATABASE_RULE_EVIDENCE
Altest,zAL_Brava01_2kuki 1800-2000-35-92 IS,zAL Brava & patron,5,20,NasBrava,OpAD-opprpero-1020+59,50,PRINT_ N-k Brava,,DATABASE_RULE_EVIDENCE
Altest,zAL_Brava01_2kuki 1800-2000-35-92 IS,zAL Brava & patron,1,9,MartinaKanalDoorKuka,OpAD-opprpero-1020-605,180,brava kutia,,DATABASE_RULE_EVIDENCE
Altest,zAL_Brava01_2kuki 1800-2000-35-92 IS,zAL Brava & patron,1,9,MartinaKanalDoorKuka,OpAD-opprpero-1020+760,180,brava kutia,,DATABASE_RULE_EVIDENCE
Altest,zAL_Brava01_2kuki 1800-2000-35-92 IS,zAL Brava & patron,5,20,NasBravaKuka,OpAD-opprpero-1020-605,80,PRINT_ N-k Brava,,DATABASE_RULE_EVIDENCE
Altest,zAL_Brava01_2kuki 1800-2000-35-92 IS,zAL Brava & patron,5,20,NasBravaKuka,OpAD-opprpero-1020+760,80,PRINT_ N-k Brava,,DATABASE_RULE_EVIDENCE
Altest,zAL_Brava01_2kuki 1800-2000-35-92 IS,zAL Brava & patron,1,14,Brava35PatronL,OpAD-opprpero-1020+92,0,brava patron1,,DATABASE_RULE_EVIDENCE
Altest,zAL_Brava01_2kuki 1800-2000-35-92 IS,zAL Brava & patron,1,14,Brava35PatronR,OpAD-opprpero-1020+92,0,brava patron1,,DATABASE_RULE_EVIDENCE
Altest,zAL_Brava01_2kuki 1950-2400,zAL Brava & patron,1,14,Brava35Handle,OpAD-opprpero-1050,0,PRINT_ brava,,DATABASE_RULE_EVIDENCE
Altest,zAL_Brava01_2kuki 1950-2400,zAL Brava & patron,1,1,Brava35HandlePin,OpAD-opprpero-1050-76,0,brava drajka vint gore,,DATABASE_RULE_EVIDENCE
Altest,zAL_Brava01_2kuki 1950-2400,zAL Brava & patron,1,1,Brava35HandlePin,OpAD-opprpero-1050+20,0,brava drajka vint,,DATABASE_RULE_EVIDENCE
Altest,zAL_Brava01_2kuki 1950-2400,zAL Brava & patron,1,1,Brava35HandlePin,OpAD-opprpero-1050+134,0,brava drajka vint,,DATABASE_RULE_EVIDENCE
Altest,zAL_Brava01_2kuki 1950-2400,zAL Brava & patron,1,14,Brava35HandleOut,OpAD-opprpero-1050,0,PRINT_ brava,,DATABASE_RULE_EVIDENCE
Altest,zAL_Brava01_2kuki 1950-2400,zAL Brava & patron,1,1,Brava35HandlePinOut,OpAD-opprpero-1050-76,0,brava drajka vint gore,,DATABASE_RULE_EVIDENCE
Altest,zAL_Brava01_2kuki 1950-2400,zAL Brava & patron,1,1,Brava35HandlePinOut,OpAD-opprpero-1050+20,0,brava drajka vint,,DATABASE_RULE_EVIDENCE
Altest,zAL_Brava01_2kuki 1950-2400,zAL Brava & patron,1,1,Brava35HandlePinOut,OpAD-opprpero-1050+134,0,brava drajka vint,,DATABASE_RULE_EVIDENCE
Altest,zAL_Brava01_2kuki 1950-2400,zAL Brava & patron,1,9,MartinaKanalDoor,OpAD-opprpero-1050+16,263,brava kutia,,DATABASE_RULE_EVIDENCE
Altest,zAL_Brava01_2kuki 1950-2400,zAL Brava & patron,5,20,NasBrava,OpAD-opprpero-1050+59,50,PRINT_ N-k Brava,,DATABASE_RULE_EVIDENCE
Altest,zAL_Brava01_2kuki 1950-2400,zAL Brava & patron,1,9,MartinaKanalDoorKuka,OpAD-opprpero-1050-605,150,brava kutia,,DATABASE_RULE_EVIDENCE
Altest,zAL_Brava01_2kuki 1950-2400,zAL Brava & patron,1,9,MartinaKanalDoorKuka,OpAD-opprpero-1050+760,150,brava kutia,,DATABASE_RULE_EVIDENCE
Altest,zAL_Brava01_2kuki 1950-2400,zAL Brava & patron,5,20,NasBravaKuka,OpAD-opprpero-1050-730,50,PRINT_ N-k Brava,,DATABASE_RULE_EVIDENCE
Altest,zAL_Brava01_2kuki 1950-2400,zAL Brava & patron,5,20,NasBravaKuka,OpAD-opprpero-1050+760,50,PRINT_ N-k Brava,,DATABASE_RULE_EVIDENCE
Altest,zAL_Brava01_2kuki 1950-2400,zAL Brava & patron,1,14,Brava35PatronL,OpAD-opprpero-1050+92,0,brava patron1,,DATABASE_RULE_EVIDENCE
Altest,zAL_Brava01_2kuki 1950-2400,zAL Brava & patron,1,14,Brava35PatronR,OpAD-opprpero-1050+92,0,brava patron1,,DATABASE_RULE_EVIDENCE
Altest,zAL_Brava01_2kuki 1950-2400-35-92,zAL Brava & patron,1,14,Brava35Handle,OpAD-opprpero-1050,0,PRINT_ brava,,DATABASE_RULE_EVIDENCE
Altest,zAL_Brava01_2kuki 1950-2400-35-92,zAL Brava & patron,1,14,Brava35HandleOut,OpAD-opprpero-1050,0,PRINT_ brava,,DATABASE_RULE_EVIDENCE
Altest,zAL_Brava01_2kuki 1950-2400-35-92,zAL Brava & patron,1,9,MartinaKanalDoor,OpAD-opprpero-1050+16,263,brava kutia,,DATABASE_RULE_EVIDENCE
Altest,zAL_Brava01_2kuki 1950-2400-35-92,zAL Brava & patron,5,20,NasBrava,OpAD-opprpero-1050+59,50,PRINT_ N-k Brava,,DATABASE_RULE_EVIDENCE
Altest,zAL_Brava01_2kuki 1950-2400-35-92,zAL Brava & patron,1,9,MartinaKanalDoorKuka,OpAD-opprpero-1050-430,180,brava kutia,,DATABASE_RULE_EVIDENCE
Altest,zAL_Brava01_2kuki 1950-2400-35-92,zAL Brava & patron,5,20,NasBravaKuka,OpAD-opprpero-1050-430,80,PRINT_ N-k Brava,,DATABASE_RULE_EVIDENCE
Altest,zAL_Brava01_2kuki 1950-2400-35-92,zAL Brava & patron,1,9,MartinaKanalDoorKuka,OpAD-opprpero-1050-730,180,brava kutia,,DATABASE_RULE_EVIDENCE
Altest,zAL_Brava01_2kuki 1950-2400-35-92,zAL Brava & patron,5,20,NasBravaKuka,OpAD-opprpero-1050-730,80,PRINT_ N-k Brava,,DATABASE_RULE_EVIDENCE
Altest,zAL_Brava01_2kuki 1950-2400-35-92,zAL Brava & patron,1,9,MartinaKanalDoorKuka,OpAD-opprpero-1050-980,180,brava kutia,,DATABASE_RULE_EVIDENCE
Altest,zAL_Brava01_2kuki 1950-2400-35-92,zAL Brava & patron,5,20,NasBravaKuka,OpAD-opprpero-1050-980,80,PRINT_ N-k Brava,,DATABASE_RULE_EVIDENCE
Altest,zAL_Brava01_2kuki 1950-2400-35-92,zAL Brava & patron,1,9,MartinaKanalDoorKuka,OpAD-opprpero-1050+760,180,brava kutia,,DATABASE_RULE_EVIDENCE
Altest,zAL_Brava01_2kuki 1950-2400-35-92,zAL Brava & patron,5,20,NasBravaKuka,OpAD-opprpero-1050+760,80,PRINT_ N-k Brava,,DATABASE_RULE_EVIDENCE
Altest,zAL_Brava01_2kuki 1950-2400-35-92,zAL Brava & patron,1,14,Brava35PatronL,OpAD-opprpero-1050+92,0,brava patron1,,DATABASE_RULE_EVIDENCE
Altest,zAL_Brava01_2kuki 1950-2400-35-92,zAL Brava & patron,1,14,Brava35PatronR,OpAD-opprpero-1050+92,0,brava patron1,,DATABASE_RULE_EVIDENCE
Altest,zAL_Brava01_2kuki 1950-2400-35-92 IS,zAL Brava & patron,1,14,Brava35Handle,OpAD-opprpero-1050,0,PRINT_ brava,,DATABASE_RULE_EVIDENCE
Altest,zAL_Brava01_2kuki 1950-2400-35-92 IS,zAL Brava & patron,1,14,Brava35HandleOut,OpAD-opprpero-1050,0,PRINT_ brava,,DATABASE_RULE_EVIDENCE
Altest,zAL_Brava01_2kuki 1950-2400-35-92 IS,zAL Brava & patron,1,9,MartinaKanalDoor,OpAD-opprpero-1050+16,263,brava kutia,,DATABASE_RULE_EVIDENCE
Altest,zAL_Brava01_2kuki 1950-2400-35-92 IS,zAL Brava & patron,5,20,NasBrava,OpAD-opprpero-1050+59,50,PRINT_ N-k Brava,,DATABASE_RULE_EVIDENCE
Altest,zAL_Brava01_2kuki 1950-2400-35-92 IS,zAL Brava & patron,1,9,MartinaKanalDoorKuka,OpAD-opprpero-1050-730,180,brava kutia,,DATABASE_RULE_EVIDENCE
Altest,zAL_Brava01_2kuki 1950-2400-35-92 IS,zAL Brava & patron,1,9,MartinaKanalDoorKuka,OpAD-opprpero-1050+760,180,brava kutia,,DATABASE_RULE_EVIDENCE
Altest,zAL_Brava01_2kuki 1950-2400-35-92 IS,zAL Brava & patron,5,20,NasBravaKuka,OpAD-opprpero-1050-730,80,PRINT_ N-k Brava,,DATABASE_RULE_EVIDENCE
Altest,zAL_Brava01_2kuki 1950-2400-35-92 IS,zAL Brava & patron,5,20,NasBravaKuka,OpAD-opprpero-1050+760,80,PRINT_ N-k Brava,,DATABASE_RULE_EVIDENCE
Altest,zAL_Brava01_2kuki 1950-2400-35-92 IS,zAL Brava & patron,1,14,Brava35PatronL,OpAD-opprpero-1050+92,0,brava patron1,,DATABASE_RULE_EVIDENCE
Altest,zAL_Brava01_2kuki 1950-2400-35-92 IS,zAL Brava & patron,1,14,Brava35PatronR,OpAD-opprpero-1050+92,0,brava patron1,,DATABASE_RULE_EVIDENCE
Altest,zAL_Panta Dr.Han skrtita,zAL Brava & patron,7,13,PantaDoorHahSktVi,OpAU+200+80,0,Sredna панта vrata,,DATABASE_RULE_EVIDENCE
Altest,zAL_Panta Dr.Han skrtita,zAL Brava & patron,7,13,PantaDoorHahSktVi,OpAU+200-80,0,Sredna панта vrata,,DATABASE_RULE_EVIDENCE
Altest,zAL_Panta Dr.Han skrtita,zAL Brava & patron,7,13,PantaDoorHahSkr,OpAU+200,130,Sredna панта vrata,,DATABASE_RULE_EVIDENCE
Altest,zAL_Panta Dr.Han skrtita,zAL Brava & patron,3,13,PantaDoorHahSktVi,OpAU+162+30,0,Долна панта vrata krilo,,DATABASE_RULE_EVIDENCE
Altest,zAL_Panta Dr.Han skrtita,zAL Brava & patron,3,13,PantaDoorHahSktVi,OpAU+162-30,0,Долна панта vrata krilo,,DATABASE_RULE_EVIDENCE
Altest,zAL_Panta Dr.Han skrtita,zAL Brava & patron,7,13,PantaDoorHahSktVi,OpAU+200+(L-400)/3+80,0,Sredna панта vrata,,DATABASE_RULE_EVIDENCE
Altest,zAL_Panta Dr.Han skrtita,zAL Brava & patron,7,13,PantaDoorHahSktVi,OpAU+200+(L-400)/3-80,0,Sredna панта vrata,,DATABASE_RULE_EVIDENCE
Altest,zAL_Panta Dr.Han skrtita,zAL Brava & patron,7,13,PantaDoorHahSkr,OpAU+200+(L-400)/3,130,Sredna панта vrata,,DATABASE_RULE_EVIDENCE
Altest,zAL_Panta Dr.Han skrtita,zAL Brava & patron,3,13,PantaDoorHahSktVi,OpAU+162+(L-400)/3+30,0,Долна панта vrata krilo,,DATABASE_RULE_EVIDENCE
Altest,zAL_Panta Dr.Han skrtita,zAL Brava & patron,3,13,PantaDoorHahSktVi,OpAU+162+(L-400)/3-30,0,Долна панта vrata krilo,,DATABASE_RULE_EVIDENCE
Altest,zAL_Panta Dr.Han skrtita,zAL Brava & patron,7,13,PantaDoorHahSktVi,OpAU+200+(L-400)/3*2+80,0,Sredna панта vrata,,DATABASE_RULE_EVIDENCE
Altest,zAL_Panta Dr.Han skrtita,zAL Brava & patron,7,13,PantaDoorHahSktVi,OpAU+200+(L-400)/3*2-80,0,Sredna панта vrata,,DATABASE_RULE_EVIDENCE
Altest,zAL_Panta Dr.Han skrtita,zAL Brava & patron,7,13,PantaDoorHahSkr,OpAU+200+(L-400)/3*2,130,Sredna панта vrata,,DATABASE_RULE_EVIDENCE
Altest,zAL_Panta Dr.Han skrtita,zAL Brava & patron,3,13,PantaDoorHahSktVi,OpAU+162+(L-400)/3*2+30,0,Долна панта vrata krilo,,DATABASE_RULE_EVIDENCE
Altest,zAL_Panta Dr.Han skrtita,zAL Brava & patron,3,13,PantaDoorHahSktVi,OpAU+162+(L-400)/3*2-30,0,Долна панта vrata krilo,,DATABASE_RULE_EVIDENCE
Altest,zAL_Panta Dr.Han skrtita,zAL Brava & patron,7,13,PantaDoorHahSktVi,OpAD-200+80,0,Долна панта vrata,,DATABASE_RULE_EVIDENCE
Altest,zAL_Panta Dr.Han skrtita,zAL Brava & patron,7,13,PantaDoorHahSktVi,OpAD-200-80,0,Долна панта vrata,,DATABASE_RULE_EVIDENCE
Altest,zAL_Panta Dr.Han skrtita,zAL Brava & patron,7,13,PantaDoorHahSkr,OpAD-200,130,Долна панта vrata,,DATABASE_RULE_EVIDENCE
Altest,zAL_Panta Dr.Han skrtita,zAL Brava & patron,3,13,PantaDoorHahSktVi,OpAD-238+30,0,Долна панта vrata krilo,,DATABASE_RULE_EVIDENCE
Altest,zAL_Panta Dr.Han skrtita,zAL Brava & patron,3,13,PantaDoorHahSktVi,OpAD-238-30,0,Долна панта vrata krilo,,DATABASE_RULE_EVIDENCE
Altest,zAL_Panta Hahn,zAL Brava & patron,7,13,PantaDoorHahN,OpAU+194,0,Sredna панта vrata,,DATABASE_RULE_EVIDENCE
Altest,zAL_Panta Hahn,zAL Brava & patron,7,13,PantaDoorHahN,OpAU+194+34,0,Sredna панта vrata,,DATABASE_RULE_EVIDENCE
Altest,zAL_Panta Hahn,zAL Brava & patron,3,13,PantaDoorHahN,OpAU+194-21,0,Долна панта vrata krilo,,DATABASE_RULE_EVIDENCE
Altest,zAL_Panta Hahn,zAL Brava & patron,3,13,PantaDoorHahN,OpAU+194-21-34,0,Долна панта vrata krilo,,DATABASE_RULE_EVIDENCE
Altest,zAL_Panta Hahn,zAL Brava & patron,7,13,PantaDoorHahN,OpAU+390,0,Sredna панта vrata,,DATABASE_RULE_EVIDENCE
Altest,zAL_Panta Hahn,zAL Brava & patron,7,13,PantaDoorHahN,OpAU+390+34,0,Sredna панта vrata,,DATABASE_RULE_EVIDENCE
Altest,zAL_Panta Hahn,zAL Brava & patron,3,13,PantaDoorHahN,OpAU+390-21,0,Долна панта vrata krilo,,DATABASE_RULE_EVIDENCE
Altest,zAL_Panta Hahn,zAL Brava & patron,3,13,PantaDoorHahN,OpAU+390-21-34,0,Долна панта vrata krilo,,DATABASE_RULE_EVIDENCE
Altest,zAL_Panta Hahn,zAL Brava & patron,7,13,PantaDoorHahN,OpAD-L/2,0,Sredna панта vrata,,DATABASE_RULE_EVIDENCE
Altest,zAL_Panta Hahn,zAL Brava & patron,7,13,PantaDoorHahN,OpAD-L/2+34,0,Sredna панта vrata,,DATABASE_RULE_EVIDENCE
Altest,zAL_Panta Hahn,zAL Brava & patron,3,13,PantaDoorHahN,OpAD-L/2-21,0,Долна панта vrata krilo,,DATABASE_RULE_EVIDENCE
Altest,zAL_Panta Hahn,zAL Brava & patron,3,13,PantaDoorHahN,OpAD-L/2-21-34,0,Долна панта vrata krilo,,DATABASE_RULE_EVIDENCE
Altest,zAL_Panta Hahn,zAL Brava & patron,7,13,PantaDoorHahN,OpAD-200,0,Долна панта vrata,,DATABASE_RULE_EVIDENCE
Altest,zAL_Panta Hahn,zAL Brava & patron,7,13,PantaDoorHahN,OpAD-200+34,0,Долна панта vrata,,DATABASE_RULE_EVIDENCE
Altest,zAL_Panta Hahn,zAL Brava & patron,3,13,PantaDoorHahN,OpAD-200-21,0,Долна панта vrata krilo,,DATABASE_RULE_EVIDENCE
Altest,zAL_Panta Hahn,zAL Brava & patron,3,13,PantaDoorHahN,OpAD-200-21-34,0,Долна панта vrata krilo,,DATABASE_RULE_EVIDENCE
Altest,zAL_Panta Hahn Trojna,zAL Brava & patron,7,13,PantaDoorHahN,OpAU+200-24-34-25-22,0,Sredna панта vrata,,DATABASE_RULE_EVIDENCE
Altest,zAL_Panta Hahn Trojna,zAL Brava & patron,7,13,PantaDoorHahN,OpAU+200-24-34-25,0,Sredna панта vrata,,DATABASE_RULE_EVIDENCE
Altest,zAL_Panta Hahn Trojna,zAL Brava & patron,3,13,PantaDoorHahN,OpAU+200-24-34,0,Долна панта vrata krilo,,DATABASE_RULE_EVIDENCE
Altest,zAL_Panta Hahn Trojna,zAL Brava & patron,3,13,PantaDoorHahN,OpAU+200-24,0,Долна панта vrata krilo,,DATABASE_RULE_EVIDENCE
Altest,zAL_Panta Hahn Trojna,zAL Brava & patron,7,13,PantaDoorHahN,OpAU+200,0,Sredna панта vrata,,DATABASE_RULE_EVIDENCE
Altest,zAL_Panta Hahn Trojna,zAL Brava & patron,7,13,PantaDoorHahN,OpAU+200+22,0,Sredna панта vrata,,DATABASE_RULE_EVIDENCE
Altest,zAL_Panta Hahn Trojna,zAL Brava & patron,7,13,PantaDoorHahN,OpAU+600-24-34-25-22,0,Sredna панта vrata,,DATABASE_RULE_EVIDENCE
Altest,zAL_Panta Hahn Trojna,zAL Brava & patron,7,13,PantaDoorHahN,OpAU+600-24-34-25,0,Sredna панта vrata,,DATABASE_RULE_EVIDENCE
Altest,zAL_Panta Hahn Trojna,zAL Brava & patron,3,13,PantaDoorHahN,OpAU+600-24-34,0,Долна панта vrata krilo,,DATABASE_RULE_EVIDENCE
Altest,zAL_Panta Hahn Trojna,zAL Brava & patron,3,13,PantaDoorHahN,OpAU+600-24,0,Долна панта vrata krilo,,DATABASE_RULE_EVIDENCE
Altest,zAL_Panta Hahn Trojna,zAL Brava & patron,7,13,PantaDoorHahN,OpAU+600,0,Sredna панта vrata,,DATABASE_RULE_EVIDENCE
Altest,zAL_Panta Hahn Trojna,zAL Brava & patron,7,13,PantaDoorHahN,OpAU+600+22,0,Sredna панта vrata,,DATABASE_RULE_EVIDENCE
Altest,zAL_Panta Hahn Trojna,zAL Brava & patron,7,13,PantaDoorHahN,OpAD-600-24-34-25-22,0,Долна панта vrata,,DATABASE_RULE_EVIDENCE
Altest,zAL_Panta Hahn Trojna,zAL Brava & patron,7,13,PantaDoorHahN,OpAD-600-24-34-25,0,Долна панта vrata,,DATABASE_RULE_EVIDENCE
Altest,zAL_Panta Hahn Trojna,zAL Brava & patron,3,13,PantaDoorHahN,OpAD-600-24-34,0,Долна панта vrata krilo,,DATABASE_RULE_EVIDENCE
Altest,zAL_Panta Hahn Trojna,zAL Brava & patron,3,13,PantaDoorHahN,OpAD-600-24,0,Долна панта vrata krilo,,DATABASE_RULE_EVIDENCE
Altest,zAL_Panta Hahn Trojna,zAL Brava & patron,7,13,PantaDoorHahN,OpAD-600,0,Долна панта vrata,,DATABASE_RULE_EVIDENCE
Altest,zAL_Panta Hahn Trojna,zAL Brava & patron,7,13,PantaDoorHahN,OpAD-600+22,0,Долна панта vrata,,DATABASE_RULE_EVIDENCE
Altest,zAL_Panta Hahn Trojna,zAL Brava & patron,7,13,PantaDoorHahN,OpAD-200-24-34-25-22,0,Долна панта vrata,,DATABASE_RULE_EVIDENCE
Altest,zAL_Panta Hahn Trojna,zAL Brava & patron,7,13,PantaDoorHahN,OpAD-200-24-34-25,0,Долна панта vrata,,DATABASE_RULE_EVIDENCE
Altest,zAL_Panta Hahn Trojna,zAL Brava & patron,3,13,PantaDoorHahN,OpAD-200-24-34,0,Долна панта vrata krilo,,DATABASE_RULE_EVIDENCE
Altest,zAL_Panta Hahn Trojna,zAL Brava & patron,3,13,PantaDoorHahN,OpAD-200-24,0,Долна панта vrata krilo,,DATABASE_RULE_EVIDENCE
Altest,zAL_Panta Hahn Trojna,zAL Brava & patron,7,13,PantaDoorHahN,OpAD-200,0,Долна панта vrata,,DATABASE_RULE_EVIDENCE
Altest,zAL_Panta Hahn Trojna,zAL Brava & patron,7,13,PantaDoorHahN,OpAD-200+22,0,Долна панта vrata,,DATABASE_RULE_EVIDENCE
Altest,zAL_Panta Jocker,zAL Brava & patron,3,13,PantaDoorJockeR,OpAU+265-22-23,0,Долна панта vrata krilo,,DATABASE_RULE_EVIDENCE
Altest,zAL_Panta Jocker,zAL Brava & patron,3,13,PantaDoorJockeR,OpAU+265-22,0,Долна панта vrata krilo,,DATABASE_RULE_EVIDENCE
Altest,zAL_Panta Jocker,zAL Brava & patron,7,13,PantaDoorJockeR,OpAU+265,0,Sredna панта vrata,,DATABASE_RULE_EVIDENCE
Altest,zAL_Panta Jocker,zAL Brava & patron,7,13,PantaDoorJockeR,OpAU+265+23,0,Sredna панта vrata,,DATABASE_RULE_EVIDENCE
Altest,zAL_Panta Jocker,zAL Brava & patron,3,13,PantaDoorJockeR,OpAU+598-22-23,0,Долна панта vrata krilo,,DATABASE_RULE_EVIDENCE
Altest,zAL_Panta Jocker,zAL Brava & patron,3,13,PantaDoorJockeR,OpAU+598-22,0,Долна панта vrata krilo,,DATABASE_RULE_EVIDENCE
Altest,zAL_Panta Jocker,zAL Brava & patron,7,13,PantaDoorJockeR,OpAU+598,0,Sredna панта vrata,,DATABASE_RULE_EVIDENCE
Altest,zAL_Panta Jocker,zAL Brava & patron,7,13,PantaDoorJockeR,OpAU+598+23,0,Sredna панта vrata,,DATABASE_RULE_EVIDENCE
Altest,zAL_Panta Jocker,zAL Brava & patron,3,13,PantaDoorJockeR,OpAD-198-22-23,0,Долна панта vrata krilo,,DATABASE_RULE_EVIDENCE
Altest,zAL_Panta Jocker,zAL Brava & patron,3,13,PantaDoorJockeR,OpAD-198-22,0,Долна панта vrata krilo,,DATABASE_RULE_EVIDENCE
Altest,zAL_Panta Jocker,zAL Brava & patron,7,13,PantaDoorJockeR,OpAD-198,0,Долна панта vrata,,DATABASE_RULE_EVIDENCE
Altest,zAL_Panta Jocker,zAL Brava & patron,7,13,PantaDoorJockeR,OpAD-198+23,0,Долна панта vrata,,DATABASE_RULE_EVIDENCE
Altest,zAL_Panta Jocker,zAL Brava & patron,3,13,PantaDoorJockeR,OpAD-198-(L-598-198)/2-22-23,0,Долна панта vrata krilo,,DATABASE_RULE_EVIDENCE
Altest,zAL_Panta Jocker,zAL Brava & patron,3,13,PantaDoorJockeR,OpAD-198-(L-598-198)/2-22,0,Долна панта vrata krilo,,DATABASE_RULE_EVIDENCE
Altest,zAL_Panta Jocker,zAL Brava & patron,7,13,PantaDoorJockeR,OpAD-198-(L-598-198)/2,0,Долна панта vrata,,DATABASE_RULE_EVIDENCE
Altest,zAL_Panta Jocker,zAL Brava & patron,7,13,PantaDoorJockeR,OpAD-198-(L-598-198)/2+23,0,Долна панта vrata,,DATABASE_RULE_EVIDENCE
Altest,zAL_Panta Jocker Trojna,zAL Brava & patron,7,13,PantaDoorJockeR,OpAU+265-22-23-22-23,0,Sredna панта vrata,,DATABASE_RULE_EVIDENCE
Altest,zAL_Panta Jocker Trojna,zAL Brava & patron,7,13,PantaDoorJockeR,OpAU+265-22-23-22,0,Sredna панта vrata,,DATABASE_RULE_EVIDENCE
Altest,zAL_Panta Jocker Trojna,zAL Brava & patron,3,13,PantaDoorJockeR,OpAU+265-22-23,0,Долна панта vrata krilo,,DATABASE_RULE_EVIDENCE
Altest,zAL_Panta Jocker Trojna,zAL Brava & patron,3,13,PantaDoorJockeR,OpAU+265-22,0,Долна панта vrata krilo,,DATABASE_RULE_EVIDENCE
Altest,zAL_Panta Jocker Trojna,zAL Brava & patron,7,13,PantaDoorJockeR,OpAU+265,0,Sredna панта vrata,,DATABASE_RULE_EVIDENCE
Altest,zAL_Panta Jocker Trojna,zAL Brava & patron,7,13,PantaDoorJockeR,OpAU+265+23,0,Sredna панта vrata,,DATABASE_RULE_EVIDENCE
Altest,zAL_Panta Jocker Trojna,zAL Brava & patron,7,13,PantaDoorJockeR,OpAU+598-22-23-22-23,0,Sredna панта vrata589,,DATABASE_RULE_EVIDENCE
Altest,zAL_Panta Jocker Trojna,zAL Brava & patron,7,13,PantaDoorJockeR,OpAU+598-22-23-22,0,Sredna панта vrata,,DATABASE_RULE_EVIDENCE
Altest,zAL_Panta Jocker Trojna,zAL Brava & patron,3,13,PantaDoorJockeR,OpAU+598-22-23,0,Долна панта vrata krilo,,DATABASE_RULE_EVIDENCE
Altest,zAL_Panta Jocker Trojna,zAL Brava & patron,3,13,PantaDoorJockeR,OpAU+598-22,0,Долна панта vrata krilo,,DATABASE_RULE_EVIDENCE
Altest,zAL_Panta Jocker Trojna,zAL Brava & patron,7,13,PantaDoorJockeR,OpAU+598,0,Sredna панта vrata,,DATABASE_RULE_EVIDENCE
Altest,zAL_Panta Jocker Trojna,zAL Brava & patron,7,13,PantaDoorJockeR,OpAU+598+23,0,Sredna панта vrata,,DATABASE_RULE_EVIDENCE
Altest,zAL_Panta Jocker Trojna,zAL Brava & patron,7,13,PantaDoorJockeR,OpAD-198-22-23-22-23,0,Долна панта vrata,,DATABASE_RULE_EVIDENCE
Altest,zAL_Panta Jocker Trojna,zAL Brava & patron,7,13,PantaDoorJockeR,OpAD-198-22-23-22,0,Долна панта vrata,,DATABASE_RULE_EVIDENCE
Altest,zAL_Panta Jocker Trojna,zAL Brava & patron,3,13,PantaDoorJockeR,OpAD-198-22-23,0,Долна панта vrata krilo,,DATABASE_RULE_EVIDENCE
Altest,zAL_Panta Jocker Trojna,zAL Brava & patron,3,13,PantaDoorJockeR,OpAD-198-22,0,Долна панта vrata krilo,,DATABASE_RULE_EVIDENCE
Altest,zAL_Panta Jocker Trojna,zAL Brava & patron,7,13,PantaDoorJockeR,OpAD-198,0,Долна панта vrata,,DATABASE_RULE_EVIDENCE
Altest,zAL_Panta Jocker Trojna,zAL Brava & patron,7,13,PantaDoorJockeR,OpAD-198+23,0,Долна панта vrata,,DATABASE_RULE_EVIDENCE
Altest,zAL_Panta Jocker Trojna,zAL Brava & patron,7,13,PantaDoorJockeR,OpAD-198-(L-598-198)/2-22-23-22-23,0,Долна панта vrata,,DATABASE_RULE_EVIDENCE
Altest,zAL_Panta Jocker Trojna,zAL Brava & patron,7,13,PantaDoorJockeR,OpAD-198-(L-598-198)/2-22-23-22,0,Долна панта vrata,,DATABASE_RULE_EVIDENCE
Altest,zAL_Panta Jocker Trojna,zAL Brava & patron,3,13,PantaDoorJockeR,OpAD-198-(L-598-198)/2-22-23,0,Долна панта vrata krilo,,DATABASE_RULE_EVIDENCE
Altest,zAL_Panta Jocker Trojna,zAL Brava & patron,3,13,PantaDoorJockeR,OpAD-198-(L-598-198)/2-22,0,Долна панта vrata krilo,,DATABASE_RULE_EVIDENCE
Altest,zAL_Panta Jocker Trojna,zAL Brava & patron,7,13,PantaDoorJockeR,OpAD-198-(L-598-198)/2,0,Долна панта vrata,,DATABASE_RULE_EVIDENCE
Altest,zAL_Panta Jocker Trojna,zAL Brava & patron,7,13,PantaDoorJockeR,OpAD-198-(L-598-198)/2+23,0,Долна панта vrata,,DATABASE_RULE_EVIDENCE
Altest,zAL_Panta Jocker Trojna_1,zAL Brava & patron,7,13,PantaDoorJockeR,OpAU+265-22-23-22-23,0,Sredna панта vrata,,DATABASE_RULE_EVIDENCE
Altest,zAL_Panta Jocker Trojna_1,zAL Brava & patron,7,13,PantaDoorJockeR,OpAU+265-22-23-22,0,Sredna панта vrata,,DATABASE_RULE_EVIDENCE
Altest,zAL_Panta Jocker Trojna_1,zAL Brava & patron,3,13,PantaDoorJockeR,OpAU+265-22-23,0,Долна панта vrata krilo,,DATABASE_RULE_EVIDENCE
Altest,zAL_Panta Jocker Trojna_1,zAL Brava & patron,3,13,PantaDoorJockeR,OpAU+265-22,0,Долна панта vrata krilo,,DATABASE_RULE_EVIDENCE
Altest,zAL_Panta Jocker Trojna_1,zAL Brava & patron,7,13,PantaDoorJockeR,OpAU+265,0,Sredna панта vrata,,DATABASE_RULE_EVIDENCE
Altest,zAL_Panta Jocker Trojna_1,zAL Brava & patron,7,13,PantaDoorJockeR,OpAU+265+23,0,Sredna панта vrata,,DATABASE_RULE_EVIDENCE
Altest,zAL_Panta Jocker Trojna_1,zAL Brava & patron,7,13,PantaDoorJockeR,OpAU+598-22-23-22-23,0,Sredna панта vrata589,,DATABASE_RULE_EVIDENCE
Altest,zAL_Panta Jocker Trojna_1,zAL Brava & patron,7,13,PantaDoorJockeR,OpAU+598-22-23-22,0,Sredna панта vrata,,DATABASE_RULE_EVIDENCE
Altest,zAL_Panta Jocker Trojna_1,zAL Brava & patron,3,13,PantaDoorJockeR,OpAU+598-22-23,0,Долна панта vrata krilo,,DATABASE_RULE_EVIDENCE
Altest,zAL_Panta Jocker Trojna_1,zAL Brava & patron,3,13,PantaDoorJockeR,OpAU+598-22,0,Долна панта vrata krilo,,DATABASE_RULE_EVIDENCE
Altest,zAL_Panta Jocker Trojna_1,zAL Brava & patron,7,13,PantaDoorJockeR,OpAU+598,0,Sredna панта vrata,,DATABASE_RULE_EVIDENCE
Altest,zAL_Panta Jocker Trojna_1,zAL Brava & patron,7,13,PantaDoorJockeR,OpAU+598+23,0,Sredna панта vrata,,DATABASE_RULE_EVIDENCE
Altest,zAL_Panta Jocker Trojna_1,zAL Brava & patron,7,13,PantaDoorJockeR,OpAD-198-22-23-22-23,0,Долна панта vrata,,DATABASE_RULE_EVIDENCE
Altest,zAL_Panta Jocker Trojna_1,zAL Brava & patron,7,13,PantaDoorJockeR,OpAD-198-22-23-22,0,Долна панта vrata,,DATABASE_RULE_EVIDENCE
Altest,zAL_Panta Jocker Trojna_1,zAL Brava & patron,3,13,PantaDoorJockeR,OpAD-198-22-23,0,Долна панта vrata krilo,,DATABASE_RULE_EVIDENCE
Altest,zAL_Panta Jocker Trojna_1,zAL Brava & patron,3,13,PantaDoorJockeR,OpAD-198-22,0,Долна панта vrata krilo,,DATABASE_RULE_EVIDENCE
Altest,zAL_Panta Jocker Trojna_1,zAL Brava & patron,7,13,PantaDoorJockeR,OpAD-198,0,Долна панта vrata,,DATABASE_RULE_EVIDENCE
Altest,zAL_Panta Jocker Trojna_1,zAL Brava & patron,7,13,PantaDoorJockeR,OpAD-198+23,0,Долна панта vrata,,DATABASE_RULE_EVIDENCE
Altest,zAL_Panta Jocker Trojna_1,zAL Brava & patron,7,13,PantaDoorJockeR,OpAU+265-22-23-22-23,0,Sredna панта vrata,,DATABASE_RULE_EVIDENCE
Altest,zAL_Panta Jocker Trojna_1,zAL Brava & patron,7,13,PantaDoorJockeR,OpAU+265-22-23-22,0,Sredna панта vrata,,DATABASE_RULE_EVIDENCE
Altest,zAL_Panta Jocker Trojna_1,zAL Brava & patron,1,13,PantaDoorJockeR,OpAU+265-22-23,0,Долна панта vrata krilo,,DATABASE_RULE_EVIDENCE
Altest,zAL_Panta Jocker Trojna_1,zAL Brava & patron,1,13,PantaDoorJockeR,OpAU+265-22,0,Долна панта vrata krilo,,DATABASE_RULE_EVIDENCE
Altest,zAL_Panta Jocker Trojna_1,zAL Brava & patron,7,13,PantaDoorJockeR,OpAU+265,0,Sredna панта vrata,,DATABASE_RULE_EVIDENCE
Altest,zAL_Panta Jocker Trojna_1,zAL Brava & patron,7,13,PantaDoorJockeR,OpAU+265+23,0,Sredna панта vrata,,DATABASE_RULE_EVIDENCE
Altest,zAL_Panta Jocker Trojna_1,zAL Brava & patron,7,13,PantaDoorJockeR,OpAU+598-22-23-22-23,0,Sredna панта vrata589,,DATABASE_RULE_EVIDENCE
Altest,zAL_Panta Jocker Trojna_1,zAL Brava & patron,7,13,PantaDoorJockeR,OpAU+598-22-23-22,0,Sredna панта vrata,,DATABASE_RULE_EVIDENCE
Altest,zAL_Panta Jocker Trojna_1,zAL Brava & patron,1,13,PantaDoorJockeR,OpAU+598-22-23,0,Долна панта vrata krilo,,DATABASE_RULE_EVIDENCE
Altest,zAL_Panta Jocker Trojna_1,zAL Brava & patron,1,13,PantaDoorJockeR,OpAU+598-22,0,Долна панта vrata krilo,,DATABASE_RULE_EVIDENCE
Altest,zAL_Panta Jocker Trojna_1,zAL Brava & patron,7,13,PantaDoorJockeR,OpAU+598,0,Sredna панта vrata,,DATABASE_RULE_EVIDENCE
Altest,zAL_Panta Jocker Trojna_1,zAL Brava & patron,7,13,PantaDoorJockeR,OpAU+598+23,0,Sredna панта vrata,,DATABASE_RULE_EVIDENCE
Altest,zAL_Panta Jocker Trojna_1,zAL Brava & patron,7,13,PantaDoorJockeR,OpAD-198-22-23-22-23,0,Долна панта vrata,,DATABASE_RULE_EVIDENCE
Altest,zAL_Panta Jocker Trojna_1,zAL Brava & patron,7,13,PantaDoorJockeR,OpAD-198-22-23-22,0,Долна панта vrata,,DATABASE_RULE_EVIDENCE
Altest,zAL_Panta Jocker Trojna_1,zAL Brava & patron,1,13,PantaDoorJockeR,OpAD-198-22-23,0,Долна панта vrata krilo,,DATABASE_RULE_EVIDENCE
Altest,zAL_Panta Jocker Trojna_1,zAL Brava & patron,1,13,PantaDoorJockeR,OpAD-198-22,0,Долна панта vrata krilo,,DATABASE_RULE_EVIDENCE
Altest,zAL_Panta Jocker Trojna_1,zAL Brava & patron,7,13,PantaDoorJockeR,OpAD-198,0,Долна панта vrata,,DATABASE_RULE_EVIDENCE
Altest,zAL_Panta Jocker Trojna_1,zAL Brava & patron,7,13,PantaDoorJockeR,OpAD-198+23,0,Долна панта vrata,,DATABASE_RULE_EVIDENCE
Altest,zAL_Panta Jocker Trojna_1,zAL Brava & patron,7,13,PantaDoorJockeR,OpAD-198-(L-598-198)/2-22-23-22-23,0,Долна панта vrata,,DATABASE_RULE_EVIDENCE
Altest,zAL_Panta Jocker Trojna_1,zAL Brava & patron,7,13,PantaDoorJockeR,OpAD-198-(L-598-198)/2-22-23-22,0,Долна панта vrata,,DATABASE_RULE_EVIDENCE
Altest,zAL_Panta Jocker Trojna_1,zAL Brava & patron,3,13,PantaDoorJockeR,OpAD-198-(L-598-198)/2-22-23,0,Долна панта vrata krilo,,DATABASE_RULE_EVIDENCE
Altest,zAL_Panta Jocker Trojna_1,zAL Brava & patron,3,13,PantaDoorJockeR,OpAD-198-(L-598-198)/2-22,0,Долна панта vrata krilo,,DATABASE_RULE_EVIDENCE
Altest,zAL_Panta Jocker Trojna_1,zAL Brava & patron,7,13,PantaDoorJockeR,OpAD-198-(L-598-198)/2,0,Долна панта vrata,,DATABASE_RULE_EVIDENCE
Altest,zAL_Panta Jocker Trojna_1,zAL Brava & patron,7,13,PantaDoorJockeR,OpAD-198-(L-598-198)/2+23,0,Долна панта vrata,,DATABASE_RULE_EVIDENCE
Altest,zAL_Panta Jocker Trojna_1,zAL Brava & patron,7,13,PantaDoorJockeR,OpAD-198-(L-598-198)/2-22-23-22-23,0,Долна панта vrata,,DATABASE_RULE_EVIDENCE
Altest,zAL_Panta Jocker Trojna_1,zAL Brava & patron,7,13,PantaDoorJockeR,OpAD-198-(L-598-198)/2-22-23-22,0,Долна панта vrata,,DATABASE_RULE_EVIDENCE
Altest,zAL_Panta Jocker Trojna_1,zAL Brava & patron,1,13,PantaDoorJockeR,OpAD-198-(L-598-198)/2-22-23,0,Долна панта vrata krilo,,DATABASE_RULE_EVIDENCE
Altest,zAL_Panta Jocker Trojna_1,zAL Brava & patron,1,13,PantaDoorJockeR,OpAD-198-(L-598-198)/2-22,0,Долна панта vrata krilo,,DATABASE_RULE_EVIDENCE
Altest,zAL_Panta Jocker Trojna_1,zAL Brava & patron,7,13,PantaDoorJockeR,OpAD-198-(L-598-198)/2,0,Долна панта vrata,,DATABASE_RULE_EVIDENCE
Altest,zAL_Panta Jocker Trojna_1,zAL Brava & patron,7,13,PantaDoorJockeR,OpAD-198-(L-598-198)/2+23,0,Долна панта vrata,,DATABASE_RULE_EVIDENCE
Altest,zAL_Panta Jocker TrojnaAr,zAL Brava & patron,7,13,PantaDoorJockeR,OpAU+256-22-23-22-23,0,Sredna панта vrata,,DATABASE_RULE_EVIDENCE
Altest,zAL_Panta Jocker TrojnaAr,zAL Brava & patron,7,13,PantaDoorJockeR,OpAU+256-22-23-22,0,Sredna панта vrata,,DATABASE_RULE_EVIDENCE
Altest,zAL_Panta Jocker TrojnaAr,zAL Brava & patron,3,13,PantaDoorJockeR,OpAU+256-22-23,0,Долна панта vrata krilo,,DATABASE_RULE_EVIDENCE
Altest,zAL_Panta Jocker TrojnaAr,zAL Brava & patron,3,13,PantaDoorJockeR,OpAU+256-22,0,Долна панта vrata krilo,,DATABASE_RULE_EVIDENCE
Altest,zAL_Panta Jocker TrojnaAr,zAL Brava & patron,7,13,PantaDoorJockeR,OpAU+256,0,Sredna панта vrata,,DATABASE_RULE_EVIDENCE
Altest,zAL_Panta Jocker TrojnaAr,zAL Brava & patron,7,13,PantaDoorJockeR,OpAU+256+23,0,Sredna панта vrata,,DATABASE_RULE_EVIDENCE
Altest,zAL_Panta Jocker TrojnaAr,zAL Brava & patron,7,13,PantaDoorJockeR,OpAU+589-22-23-22-23,0,Sredna панта vrata589,,DATABASE_RULE_EVIDENCE
Altest,zAL_Panta Jocker TrojnaAr,zAL Brava & patron,7,13,PantaDoorJockeR,OpAU+589-22-23-22,0,Sredna панта vrata,,DATABASE_RULE_EVIDENCE
Altest,zAL_Panta Jocker TrojnaAr,zAL Brava & patron,3,13,PantaDoorJockeR,OpAU+589-22-23,0,Долна панта vrata krilo,,DATABASE_RULE_EVIDENCE
Altest,zAL_Panta Jocker TrojnaAr,zAL Brava & patron,3,13,PantaDoorJockeR,OpAU+589-22,0,Долна панта vrata krilo,,DATABASE_RULE_EVIDENCE
Altest,zAL_Panta Jocker TrojnaAr,zAL Brava & patron,7,13,PantaDoorJockeR,OpAU+589,0,Sredna панта vrata,,DATABASE_RULE_EVIDENCE
Altest,zAL_Panta Jocker TrojnaAr,zAL Brava & patron,7,13,PantaDoorJockeR,OpAU+589+23,0,Sredna панта vrata,,DATABASE_RULE_EVIDENCE
Altest,zAL_Panta Jocker TrojnaAr,zAL Brava & patron,7,13,PantaDoorJockeR,OpAD-224-(L-589-224)/2-22-23-22-23,0,Долна панта vrata,,DATABASE_RULE_EVIDENCE
Altest,zAL_Panta Jocker TrojnaAr,zAL Brava & patron,7,13,PantaDoorJockeR,OpAD-224-(L-589-224)/2-22-23-22,0,Долна панта vrata,,DATABASE_RULE_EVIDENCE
Altest,zAL_Panta Jocker TrojnaAr,zAL Brava & patron,3,13,PantaDoorJockeR,OpAD-224-(L-589-224)/2-22-23,0,Долна панта vrata krilo,,DATABASE_RULE_EVIDENCE
Altest,zAL_Panta Jocker TrojnaAr,zAL Brava & patron,3,13,PantaDoorJockeR,OpAD-224-(L-589-224)/2-22,0,Долна панта vrata krilo,,DATABASE_RULE_EVIDENCE
Altest,zAL_Panta Jocker TrojnaAr,zAL Brava & patron,7,13,PantaDoorJockeR,OpAD-224-(L-589-224)/2,0,Долна панта vrata,,DATABASE_RULE_EVIDENCE
Altest,zAL_Panta Jocker TrojnaAr,zAL Brava & patron,7,13,PantaDoorJockeR,OpAD-224-(L-589-224)/2+23,0,Долна панта vrata,,DATABASE_RULE_EVIDENCE
Altest,zAL_Panta Jocker TrojnaAr,zAL Brava & patron,7,13,PantaDoorJockeR,OpAD-224-22-23-22-23,0,Долна панта vrata,,DATABASE_RULE_EVIDENCE
Altest,zAL_Panta Jocker TrojnaAr,zAL Brava & patron,7,13,PantaDoorJockeR,OpAD-224-22-23-22,0,Долна панта vrata,,DATABASE_RULE_EVIDENCE
Altest,zAL_Panta Jocker TrojnaAr,zAL Brava & patron,3,13,PantaDoorJockeR,OpAD-224-22-23,0,Долна панта vrata krilo,,DATABASE_RULE_EVIDENCE
Altest,zAL_Panta Jocker TrojnaAr,zAL Brava & patron,3,13,PantaDoorJockeR,OpAD-224-22,0,Долна панта vrata krilo,,DATABASE_RULE_EVIDENCE
Altest,zAL_Panta Jocker TrojnaAr,zAL Brava & patron,7,13,PantaDoorJockeR,OpAD-224,0,Долна панта vrata,,DATABASE_RULE_EVIDENCE
Altest,zAL_Panta Jocker TrojnaAr,zAL Brava & patron,7,13,PantaDoorJockeR,OpAD-224+23,0,Долна панта vrata,,DATABASE_RULE_EVIDENCE
Altest,zAL_Panta Jocker_1,zAL Brava & patron,3,13,PantaDoorJockeR,OpAU+265-22-23,0,Долна панта vrata krilo,,DATABASE_RULE_EVIDENCE
Altest,zAL_Panta Jocker_1,zAL Brava & patron,3,13,PantaDoorJockeR,OpAU+265-22,0,Долна панта vrata krilo,,DATABASE_RULE_EVIDENCE
Altest,zAL_Panta Jocker_1,zAL Brava & patron,7,13,PantaDoorJockeR,OpAU+265,0,Sredna панта vrata,,DATABASE_RULE_EVIDENCE
Altest,zAL_Panta Jocker_1,zAL Brava & patron,7,13,PantaDoorJockeR,OpAU+265+23,0,Sredna панта vrata,,DATABASE_RULE_EVIDENCE
Altest,zAL_Panta Jocker_1,zAL Brava & patron,3,13,PantaDoorJockeR,OpAU+598-22-23,0,Долна панта vrata krilo,,DATABASE_RULE_EVIDENCE
Altest,zAL_Panta Jocker_1,zAL Brava & patron,3,13,PantaDoorJockeR,OpAU+598-22,0,Долна панта vrata krilo,,DATABASE_RULE_EVIDENCE
Altest,zAL_Panta Jocker_1,zAL Brava & patron,7,13,PantaDoorJockeR,OpAU+598,0,Sredna панта vrata,,DATABASE_RULE_EVIDENCE
Altest,zAL_Panta Jocker_1,zAL Brava & patron,7,13,PantaDoorJockeR,OpAU+598+23,0,Sredna панта vrata,,DATABASE_RULE_EVIDENCE
Altest,zAL_Panta Jocker_1,zAL Brava & patron,3,13,PantaDoorJockeR,OpAD-198-22-23,0,Долна панта vrata krilo,,DATABASE_RULE_EVIDENCE
Altest,zAL_Panta Jocker_1,zAL Brava & patron,3,13,PantaDoorJockeR,OpAD-198-22,0,Долна панта vrata krilo,,DATABASE_RULE_EVIDENCE
Altest,zAL_Panta Jocker_1,zAL Brava & patron,7,13,PantaDoorJockeR,OpAD-198,0,Долна панта vrata,,DATABASE_RULE_EVIDENCE
Altest,zAL_Panta Jocker_1,zAL Brava & patron,7,13,PantaDoorJockeR,OpAD-198+23,0,Долна панта vrata,,DATABASE_RULE_EVIDENCE
Altest,zAL_Panta Jocker_1,zAL Brava & patron,1,13,PantaDoorJockeR,OpAU+265-22-23,0,Долна панта vrata krilo,,DATABASE_RULE_EVIDENCE
Altest,zAL_Panta Jocker_1,zAL Brava & patron,1,13,PantaDoorJockeR,OpAU+265-22,0,Долна панта vrata krilo,,DATABASE_RULE_EVIDENCE
Altest,zAL_Panta Jocker_1,zAL Brava & patron,7,13,PantaDoorJockeR,OpAU+265,0,Sredna панта vrata,,DATABASE_RULE_EVIDENCE
Altest,zAL_Panta Jocker_1,zAL Brava & patron,7,13,PantaDoorJockeR,OpAU+265+23,0,Sredna панта vrata,,DATABASE_RULE_EVIDENCE
Altest,zAL_Panta Jocker_1,zAL Brava & patron,1,13,PantaDoorJockeR,OpAU+598-22-23,0,Долна панта vrata krilo,,DATABASE_RULE_EVIDENCE
Altest,zAL_Panta Jocker_1,zAL Brava & patron,1,13,PantaDoorJockeR,OpAU+598-22,0,Долна панта vrata krilo,,DATABASE_RULE_EVIDENCE
Altest,zAL_Panta Jocker_1,zAL Brava & patron,7,13,PantaDoorJockeR,OpAU+598,0,Sredna панта vrata,,DATABASE_RULE_EVIDENCE
Altest,zAL_Panta Jocker_1,zAL Brava & patron,7,13,PantaDoorJockeR,OpAU+598+23,0,Sredna панта vrata,,DATABASE_RULE_EVIDENCE
Altest,zAL_Panta Jocker_1,zAL Brava & patron,1,13,PantaDoorJockeR,OpAD-198-22-23,0,Долна панта vrata krilo,,DATABASE_RULE_EVIDENCE
Altest,zAL_Panta Jocker_1,zAL Brava & patron,1,13,PantaDoorJockeR,OpAD-198-22,0,Долна панта vrata krilo,,DATABASE_RULE_EVIDENCE
Altest,zAL_Panta Jocker_1,zAL Brava & patron,7,13,PantaDoorJockeR,OpAD-198,0,Долна панта vrata,,DATABASE_RULE_EVIDENCE
Altest,zAL_Panta Jocker_1,zAL Brava & patron,7,13,PantaDoorJockeR,OpAD-198+23,0,Долна панта vrata,,DATABASE_RULE_EVIDENCE
Altest,zAL_Panta Jocker_1,zAL Brava & patron,3,13,PantaDoorJockeR,OpAD-198-(L-598-198)/2-22-23,0,Долна панта vrata krilo,,DATABASE_RULE_EVIDENCE
Altest,zAL_Panta Jocker_1,zAL Brava & patron,3,13,PantaDoorJockeR,OpAD-198-(L-598-198)/2-22,0,Долна панта vrata krilo,,DATABASE_RULE_EVIDENCE
Altest,zAL_Panta Jocker_1,zAL Brava & patron,7,13,PantaDoorJockeR,OpAD-198-(L-598-198)/2,0,Долна панта vrata,,DATABASE_RULE_EVIDENCE
Altest,zAL_Panta Jocker_1,zAL Brava & patron,7,13,PantaDoorJockeR,OpAD-198-(L-598-198)/2+23,0,Долна панта vrata,,DATABASE_RULE_EVIDENCE
Altest,zAL_Panta Jocker_1,zAL Brava & patron,1,13,PantaDoorJockeR,OpAD-198-(L-598-198)/2-22-23,0,Долна панта vrata krilo,,DATABASE_RULE_EVIDENCE
Altest,zAL_Panta Jocker_1,zAL Brava & patron,1,13,PantaDoorJockeR,OpAD-198-(L-598-198)/2-22,0,Долна панта vrata krilo,,DATABASE_RULE_EVIDENCE
Altest,zAL_Panta Jocker_1,zAL Brava & patron,7,13,PantaDoorJockeR,OpAD-198-(L-598-198)/2,0,Долна панта vrata,,DATABASE_RULE_EVIDENCE
Altest,zAL_Panta Jocker_1,zAL Brava & patron,7,13,PantaDoorJockeR,OpAD-198-(L-598-198)/2+23,0,Долна панта vrata,,DATABASE_RULE_EVIDENCE
Altest,zAL_Panta JockerAr,zAL Brava & patron,3,13,PantaDoorJockeR,OpAU+256-22-23,0,Долна панта vrata krilo,,DATABASE_RULE_EVIDENCE
Altest,zAL_Panta JockerAr,zAL Brava & patron,3,13,PantaDoorJockeR,OpAU+256-22,0,Долна панта vrata krilo,,DATABASE_RULE_EVIDENCE
Altest,zAL_Panta JockerAr,zAL Brava & patron,7,13,PantaDoorJockeR,OpAU+256,0,Sredna панта vrata,,DATABASE_RULE_EVIDENCE
Altest,zAL_Panta JockerAr,zAL Brava & patron,7,13,PantaDoorJockeR,OpAU+256+23,0,Sredna панта vrata,,DATABASE_RULE_EVIDENCE
Altest,zAL_Panta JockerAr,zAL Brava & patron,3,13,PantaDoorJockeR,OpAU+589-22-23,0,Долна панта vrata krilo,,DATABASE_RULE_EVIDENCE
Altest,zAL_Panta JockerAr,zAL Brava & patron,3,13,PantaDoorJockeR,OpAU+589-22,0,Долна панта vrata krilo,,DATABASE_RULE_EVIDENCE
Altest,zAL_Panta JockerAr,zAL Brava & patron,7,13,PantaDoorJockeR,OpAU+589,0,Sredna панта vrata,,DATABASE_RULE_EVIDENCE
Altest,zAL_Panta JockerAr,zAL Brava & patron,7,13,PantaDoorJockeR,OpAU+589+23,0,Sredna панта vrata,,DATABASE_RULE_EVIDENCE
Altest,zAL_Panta JockerAr,zAL Brava & patron,3,13,PantaDoorJockeR,OpAD-224-(L-589-224)/2-22-23,0,Долна панта vrata krilo,,DATABASE_RULE_EVIDENCE
Altest,zAL_Panta JockerAr,zAL Brava & patron,3,13,PantaDoorJockeR,OpAD-224-(L-589-224)/2-22,0,Долна панта vrata krilo,,DATABASE_RULE_EVIDENCE
Altest,zAL_Panta JockerAr,zAL Brava & patron,7,13,PantaDoorJockeR,OpAD-224-(L-589-224)/2,0,Долна панта vrata,,DATABASE_RULE_EVIDENCE
Altest,zAL_Panta JockerAr,zAL Brava & patron,7,13,PantaDoorJockeR,OpAD-224-(L-589-224)/2+23,0,Долна панта vrata,,DATABASE_RULE_EVIDENCE
Altest,zAL_Panta JockerAr,zAL Brava & patron,3,13,PantaDoorJockeR,OpAD-224-22-23,0,Долна панта vrata krilo,,DATABASE_RULE_EVIDENCE
Altest,zAL_Panta JockerAr,zAL Brava & patron,3,13,PantaDoorJockeR,OpAD-224-22,0,Долна панта vrata krilo,,DATABASE_RULE_EVIDENCE
Altest,zAL_Panta JockerAr,zAL Brava & patron,7,13,PantaDoorJockeR,OpAD-224,0,Долна панта vrata,,DATABASE_RULE_EVIDENCE
Altest,zAL_Panta JockerAr,zAL Brava & patron,7,13,PantaDoorJockeR,OpAD-224+23,0,Долна панта vrata,,DATABASE_RULE_EVIDENCE
Altest,zAL_Panta WALA,zAL Brava & patron,7,13,PantaDoorWALA,OpAU+150+11,0,Sredna панта vrata,,DATABASE_RULE_EVIDENCE
Altest,zAL_Panta WALA,zAL Brava & patron,7,13,PantaDoorWALA,OpAU+150+11+23,0,Sredna панта vrata,,DATABASE_RULE_EVIDENCE
Altest,zAL_Panta WALA,zAL Brava & patron,3,13,PantaDoorWALA,OpAU+150-11,0,Долна панта vrata krilo,,DATABASE_RULE_EVIDENCE
Altest,zAL_Panta WALA,zAL Brava & patron,3,13,PantaDoorWALA,OpAU+150-11-23,0,Долна панта vrata krilo,,DATABASE_RULE_EVIDENCE
Altest,zAL_Panta WALA,zAL Brava & patron,7,13,PantaDoorWALA,OpAU+350+11,0,Sredna панта vrata,,DATABASE_RULE_EVIDENCE
Altest,zAL_Panta WALA,zAL Brava & patron,7,13,PantaDoorWALA,OpAU+350+11+23,0,Sredna панта vrata,,DATABASE_RULE_EVIDENCE
Altest,zAL_Panta WALA,zAL Brava & patron,3,13,PantaDoorWALA,OpAU+350-11,0,Долна панта vrata krilo,,DATABASE_RULE_EVIDENCE
Altest,zAL_Panta WALA,zAL Brava & patron,3,13,PantaDoorWALA,OpAU+350-11-23,0,Долна панта vrata krilo,,DATABASE_RULE_EVIDENCE
Altest,zAL_Panta WALA,zAL Brava & patron,7,13,PantaDoorWALA,OpAD-L/2+11,0,Sredna панта vrata,,DATABASE_RULE_EVIDENCE
Altest,zAL_Panta WALA,zAL Brava & patron,7,13,PantaDoorWALA,OpAD-L/2+11+23,0,Sredna панта vrata,,DATABASE_RULE_EVIDENCE
Altest,zAL_Panta WALA,zAL Brava & patron,3,13,PantaDoorWALA,OpAD-L/2-11,0,Долна панта vrata krilo,,DATABASE_RULE_EVIDENCE
Altest,zAL_Panta WALA,zAL Brava & patron,3,13,PantaDoorWALA,OpAD-L/2-11-23,0,Долна панта vrata krilo,,DATABASE_RULE_EVIDENCE
Altest,zAL_Panta WALA,zAL Brava & patron,7,13,PantaDoorWALA,OpAD-200+11,0,Долна панта vrata,,DATABASE_RULE_EVIDENCE
Altest,zAL_Panta WALA,zAL Brava & patron,7,13,PantaDoorWALA,OpAD-200+11+23,0,Долна панта vrata,,DATABASE_RULE_EVIDENCE
Altest,zAL_Panta WALA,zAL Brava & patron,3,13,PantaDoorWALA,OpAD-200-11,0,Долна панта vrata krilo,,DATABASE_RULE_EVIDENCE
Altest,zAL_Panta WALA,zAL Brava & patron,3,13,PantaDoorWALA,OpAD-200-11-23,0,Долна панта vrata krilo,,DATABASE_RULE_EVIDENCE
Altest,zAL_Panta WALA skrtita,zAL Brava & patron,7,13,PantaWALAskrF11,OpAU+200-124,0,Sredna панта vrata,,DATABASE_RULE_EVIDENCE
Altest,zAL_Panta WALA skrtita,zAL Brava & patron,7,13,PantaWALAskrFB11,OpAU+200-89,0,Sredna панта vrata,,DATABASE_RULE_EVIDENCE
Altest,zAL_Panta WALA skrtita,zAL Brava & patron,7,13,PantaWALAskrFB11,OpAU+200-66,0,Sredna панта vrata,,DATABASE_RULE_EVIDENCE
Altest,zAL_Panta WALA skrtita,zAL Brava & patron,7,13,PantaWALAsktP104,OpAU+200,104,Sredna панта vrata,,DATABASE_RULE_EVIDENCE
Altest,zAL_Panta WALA skrtita,zAL Brava & patron,7,13,PantaWALAskrFB11,OpAU+200+66,0,Sredna панта vrata,,DATABASE_RULE_EVIDENCE
Altest,zAL_Panta WALA skrtita,zAL Brava & patron,7,13,PantaWALAskrFB11,OpAU+200+89,0,Sredna панта vrata,,DATABASE_RULE_EVIDENCE
Altest,zAL_Panta WALA skrtita,zAL Brava & patron,7,13,PantaWALAskrF11,OpAU+200+124,0,Sredna панта vrata,,DATABASE_RULE_EVIDENCE
Altest,zAL_Panta WALA skrtita,zAL Brava & patron,3,13,PantaWALAsktClear,OpAU+200-100+8.25,57,Долна панта vrata krilo,,DATABASE_RULE_EVIDENCE
Altest,zAL_Panta WALA skrtita,zAL Brava & patron,3,13,PantaWALAskrF11,OpAU+200-100,0,Долна панта vrata krilo,,DATABASE_RULE_EVIDENCE
Altest,zAL_Panta WALA skrtita,zAL Brava & patron,3,13,PantaWALAskrF11,OpAU+200-83.5,0,Долна панта vrata krilo,,DATABASE_RULE_EVIDENCE
Altest,zAL_Panta WALA skrtita,zAL Brava & patron,3,13,PantaWALAsktP104,OpAU+200,148,Sredna панта vrata,,DATABASE_RULE_EVIDENCE
Altest,zAL_Panta WALA skrtita,zAL Brava & patron,3,13,PantaWALAskrF11,OpAU+200+83.5,0,Долна панта vrata krilo,,DATABASE_RULE_EVIDENCE
Altest,zAL_Panta WALA skrtita,zAL Brava & patron,3,13,PantaWALAskrF11,OpAU+200+100,0,Долна панта vrata krilo,,DATABASE_RULE_EVIDENCE
Altest,zAL_Panta WALA skrtita,zAL Brava & patron,3,13,PantaWALAsktClear,OpAU+200+100-8.25,57,Долна панта vrata krilo,,DATABASE_RULE_EVIDENCE
Altest,zAL_Panta WALA skrtita,zAL Brava & patron,7,13,PantaWALAskrF11,OpAU+200+(L-400)/3-124,0,Sredna панта vrata,,DATABASE_RULE_EVIDENCE
Altest,zAL_Panta WALA skrtita,zAL Brava & patron,7,13,PantaWALAskrFB11,OpAU+200+(L-400)/3-89,0,Sredna панта vrata,,DATABASE_RULE_EVIDENCE
Altest,zAL_Panta WALA skrtita,zAL Brava & patron,7,13,PantaWALAskrFB11,OpAU+200+(L-400)/3-66,0,Sredna панта vrata,,DATABASE_RULE_EVIDENCE
Altest,zAL_Panta WALA skrtita,zAL Brava & patron,7,13,PantaWALAsktP104,OpAU+200+(L-400)/3,104,Sredna панта vrata,,DATABASE_RULE_EVIDENCE
Altest,zAL_Panta WALA skrtita,zAL Brava & patron,7,13,PantaWALAskrFB11,OpAU+200+(L-400)/3+66,0,Sredna панта vrata,,DATABASE_RULE_EVIDENCE
Altest,zAL_Panta WALA skrtita,zAL Brava & patron,7,13,PantaWALAskrFB11,OpAU+200+(L-400)/3+89,0,Sredna панта vrata,,DATABASE_RULE_EVIDENCE
Altest,zAL_Panta WALA skrtita,zAL Brava & patron,7,13,PantaWALAskrF11,OpAU+200+(L-400)/3+124,0,Sredna панта vrata,,DATABASE_RULE_EVIDENCE
Altest,zAL_Panta WALA skrtita,zAL Brava & patron,3,13,PantaWALAsktClear,OpAU+200+(L-400)/3-100+8.25,57,Долна панта vrata krilo,,DATABASE_RULE_EVIDENCE
Altest,zAL_Panta WALA skrtita,zAL Brava & patron,3,13,PantaWALAskrF11,OpAU+200+(L-400)/3-100,0,Долна панта vrata krilo,,DATABASE_RULE_EVIDENCE
Altest,zAL_Panta WALA skrtita,zAL Brava & patron,3,13,PantaWALAskrF11,OpAU+200+(L-400)/3-83.5,0,Долна панта vrata krilo,,DATABASE_RULE_EVIDENCE
Altest,zAL_Panta WALA skrtita,zAL Brava & patron,3,13,PantaWALAsktP104,OpAU+200+(L-400)/3,148,Sredna панта vrata,,DATABASE_RULE_EVIDENCE
Altest,zAL_Panta WALA skrtita,zAL Brava & patron,3,13,PantaWALAskrF11,OpAU+200+(L-400)/3+83.5,0,Долна панта vrata krilo,,DATABASE_RULE_EVIDENCE
Altest,zAL_Panta WALA skrtita,zAL Brava & patron,3,13,PantaWALAskrF11,OpAU+200+(L-400)/3+100,0,Долна панта vrata krilo,,DATABASE_RULE_EVIDENCE
Altest,zAL_Panta WALA skrtita,zAL Brava & patron,3,13,PantaWALAsktClear,OpAU+200+(L-400)/3+100-8.25,57,Долна панта vrata krilo,,DATABASE_RULE_EVIDENCE
Altest,zAL_Panta WALA skrtita,zAL Brava & patron,7,13,PantaWALAskrF11,OpAU+200+(L-400)/3*2-124,0,Sredna панта vrata,,DATABASE_RULE_EVIDENCE
Altest,zAL_Panta WALA skrtita,zAL Brava & patron,7,13,PantaWALAskrFB11,OpAU+200+(L-400)/3*2-89,0,Sredna панта vrata,,DATABASE_RULE_EVIDENCE
Altest,zAL_Panta WALA skrtita,zAL Brava & patron,7,13,PantaWALAskrFB11,OpAU+200+(L-400)/3*2-66,0,Sredna панта vrata,,DATABASE_RULE_EVIDENCE
Altest,zAL_Panta WALA skrtita,zAL Brava & patron,7,13,PantaWALAsktP104,OpAU+200+(L-400)/3*2,104,Sredna панта vrata,,DATABASE_RULE_EVIDENCE
Altest,zAL_Panta WALA skrtita,zAL Brava & patron,7,13,PantaWALAskrFB11,OpAU+200+(L-400)/3*2+66,0,Sredna панта vrata,,DATABASE_RULE_EVIDENCE
Altest,zAL_Panta WALA skrtita,zAL Brava & patron,7,13,PantaWALAskrFB11,OpAU+200+(L-400)/3*2+89,0,Sredna панта vrata,,DATABASE_RULE_EVIDENCE
Altest,zAL_Panta WALA skrtita,zAL Brava & patron,7,13,PantaWALAskrF11,OpAU+200+(L-400)/3*2+124,0,Sredna панта vrata,,DATABASE_RULE_EVIDENCE
Altest,zAL_Panta WALA skrtita,zAL Brava & patron,3,13,PantaWALAsktClear,OpAU+200+(L-400)/3*2-100+8.25,57,Долна панта vrata krilo,,DATABASE_RULE_EVIDENCE
Altest,zAL_Panta WALA skrtita,zAL Brava & patron,3,13,PantaWALAskrF11,OpAU+200+(L-400)/3*2-100,0,Долна панта vrata krilo,,DATABASE_RULE_EVIDENCE
Altest,zAL_Panta WALA skrtita,zAL Brava & patron,3,13,PantaWALAskrF11,OpAU+200+(L-400)/3*2-83.5,0,Долна панта vrata krilo,,DATABASE_RULE_EVIDENCE
Altest,zAL_Panta WALA skrtita,zAL Brava & patron,3,13,PantaWALAsktP104,OpAU+200+(L-400)/3*2,148,Sredna панта vrata,,DATABASE_RULE_EVIDENCE
Altest,zAL_Panta WALA skrtita,zAL Brava & patron,3,13,PantaWALAskrF11,OpAU+200+(L-400)/3*2+83.5,0,Долна панта vrata krilo,,DATABASE_RULE_EVIDENCE
Altest,zAL_Panta WALA skrtita,zAL Brava & patron,3,13,PantaWALAskrF11,OpAU+200+(L-400)/3*2+100,0,Долна панта vrata krilo,,DATABASE_RULE_EVIDENCE
Altest,zAL_Panta WALA skrtita,zAL Brava & patron,3,13,PantaWALAsktClear,OpAU+200+(L-400)/3*2+100-8.25,57,Долна панта vrata krilo,,DATABASE_RULE_EVIDENCE
Altest,zAL_Panta WALA skrtita,zAL Brava & patron,7,13,PantaWALAskrF11,OpAD-200-124,0,Sredna панта vrata,,DATABASE_RULE_EVIDENCE
Altest,zAL_Panta WALA skrtita,zAL Brava & patron,7,13,PantaWALAskrFB11,OpAD-200-89,0,Sredna панта vrata,,DATABASE_RULE_EVIDENCE
Altest,zAL_Panta WALA skrtita,zAL Brava & patron,7,13,PantaWALAskrFB11,OpAD-200-66,0,Sredna панта vrata,,DATABASE_RULE_EVIDENCE
Altest,zAL_Panta WALA skrtita,zAL Brava & patron,7,13,PantaWALAsktP104,OpAD-200,104,Sredna панта vrata,,DATABASE_RULE_EVIDENCE
Altest,zAL_Panta WALA skrtita,zAL Brava & patron,7,13,PantaWALAskrFB11,OpAD-200+66,0,Sredna панта vrata,,DATABASE_RULE_EVIDENCE
Altest,zAL_Panta WALA skrtita,zAL Brava & patron,7,13,PantaWALAskrFB11,OpAD-200+89,0,Sredna панта vrata,,DATABASE_RULE_EVIDENCE
Altest,zAL_Panta WALA skrtita,zAL Brava & patron,7,13,PantaWALAskrF11,OpAD-200+124,0,Sredna панта vrata,,DATABASE_RULE_EVIDENCE
Altest,zAL_Panta WALA skrtita,zAL Brava & patron,3,13,PantaWALAsktClear,OpAD-200-100+8.25,57,Долна панта vrata krilo,,DATABASE_RULE_EVIDENCE
Altest,zAL_Panta WALA skrtita,zAL Brava & patron,3,13,PantaWALAskrF11,OpAD-200-100,0,Долна панта vrata krilo,,DATABASE_RULE_EVIDENCE
Altest,zAL_Panta WALA skrtita,zAL Brava & patron,3,13,PantaWALAskrF11,OpAD-200-83.5,0,Долна панта vrata krilo,,DATABASE_RULE_EVIDENCE
Altest,zAL_Panta WALA skrtita,zAL Brava & patron,3,13,PantaWALAsktP104,OpAD-200,148,Sredna панта vrata,,DATABASE_RULE_EVIDENCE
Altest,zAL_Panta WALA skrtita,zAL Brava & patron,3,13,PantaWALAskrF11,OpAD-200+83.5,0,Долна панта vrata krilo,,DATABASE_RULE_EVIDENCE
Altest,zAL_Panta WALA skrtita,zAL Brava & patron,3,13,PantaWALAskrF11,OpAD-200+100,0,Долна панта vrata krilo,,DATABASE_RULE_EVIDENCE
Altest,zAL_Panta WALA skrtita,zAL Brava & patron,3,13,PantaWALAsktClear,OpAD-200+100-8.25,57,Долна панта vrata krilo,,DATABASE_RULE_EVIDENCE
Altest,zAL_WC Patron 35-90,zAL Brava & patron,1,14,Brava35PatronL,OpAD-opprpero-1030+90,0,brava patron1,,DATABASE_RULE_EVIDENCE
Altest,zAL_WC Patron 35-90,zAL Brava & patron,1,14,Brava35PatronR,OpAD-opprpero-1030+90,0,brava patron1,,DATABASE_RULE_EVIDENCE
Altest,zAL2,zAL SystemS,1,11,Brava35Handle,OpAD-409,0,PRINT_ Dr,,DATABASE_RULE_EVIDENCE
Altest,zAL2,zAL SystemS,1,11,Brava35HandlePin,OpAD-409-40,0,Handle12,,DATABASE_RULE_EVIDENCE
Altest,zAL2,zAL SystemS,1,11,Brava35HandlePin,OpAD-409+40,0,Handle12,,DATABASE_RULE_EVIDENCE
Altest,zAL2,zAL SystemS,1,9,MartinaKanalDoor,OpAD-409,205,kutia martina,,DATABASE_RULE_EVIDENCE
Altest,zAL2,zAL SystemS,1,11,Brava35HandleOut,OpAD-409,0,Passive Handle,,DATABASE_RULE_EVIDENCE
Altest,zAL2,zAL SystemS,1,1,Brava35HandlePin,OpAD-1020-78,0,brava drajka vint gore,,DATABASE_RULE_EVIDENCE
Altest,zAL2,zAL SystemS,1,1,Brava35HandlePin,OpAD-1020+21.5,0,brava drajka vint,,DATABASE_RULE_EVIDENCE
Altest,zAL2,zAL SystemS,1,1,Brava35HandlePin,OpAD-1020+138,0,brava drajka vint,,DATABASE_RULE_EVIDENCE
Altest,zAL2,zAL SystemS,1,9,MartinaKanal,OpAD-1020+15,230,brava kutia,,DATABASE_RULE_EVIDENCE
Altest,zAL2,zAL SystemS,1,14,Brava35Handle,OpAD-1020,0,PRINT_ brava,,DATABASE_RULE_EVIDENCE
Altest,zAL2,zAL SystemS,1,14,Brava35PatronL,OpAD-1020+92,0,brava patron1,,DATABASE_RULE_EVIDENCE
Altest,zAL2,zAL SystemS,1,1,Brava35HandlePin,OpAD-1020-78,0,brava drajka vint gore,,DATABASE_RULE_EVIDENCE
Altest,zAL2,zAL SystemS,1,1,Brava35HandlePin,OpAD-1020+21.5,0,brava drajka vint,,DATABASE_RULE_EVIDENCE
Altest,zAL2,zAL SystemS,1,1,Brava35HandlePin,OpAD-1020+138,0,brava drajka vint,,DATABASE_RULE_EVIDENCE
Altest,zAL2,zAL SystemS,1,9,MartinaKanal,OpAD-1020+15,230,brava kutia,,DATABASE_RULE_EVIDENCE
Altest,zAL2,zAL SystemS,1,14,Brava35Handle,OpAD-1020,0,PRINT_ brava,,DATABASE_RULE_EVIDENCE
Altest,zAL2,zAL SystemS,1,14,Brava35PatronR,OpAD-1020+92,0,brava patron1,,DATABASE_RULE_EVIDENCE
Altest,zAL2,zAL SystemS,3,1,Brava35HandlePin,OpAD-1020-78,0,brava drajka vint gore,,DATABASE_RULE_EVIDENCE
Altest,zAL2,zAL SystemS,3,1,Brava35HandlePin,OpAD-1020+21.5,0,brava drajka vint,,DATABASE_RULE_EVIDENCE
Altest,zAL2,zAL SystemS,3,1,Brava35HandlePin,OpAD-1020+138,0,brava drajka vint,,DATABASE_RULE_EVIDENCE
Altest,zAL2,zAL SystemS,3,9,MartinaKanal,OpAD-1020+15,230,brava kutia,,DATABASE_RULE_EVIDENCE
Altest,zAL2,zAL SystemS,3,14,Brava35Handle,OpAD-1020,0,PRINT_ brava,,DATABASE_RULE_EVIDENCE
Altest,zAL2,zAL SystemS,3,14,Brava35PatronL,OpAD-1020+92,0,brava patron1,,DATABASE_RULE_EVIDENCE
Altest,zAL2,zAL SystemS,3,1,Brava35HandlePin,OpAD-1020-78,0,brava drajka vint gore,,DATABASE_RULE_EVIDENCE
Altest,zAL2,zAL SystemS,3,1,Brava35HandlePin,OpAD-1020+21.5,0,brava drajka vint,,DATABASE_RULE_EVIDENCE
Altest,zAL2,zAL SystemS,3,1,Brava35HandlePin,OpAD-1020+138,0,brava drajka vint,,DATABASE_RULE_EVIDENCE
Altest,zAL2,zAL SystemS,3,9,MartinaKanal,OpAD-1020+15,230,brava kutia,,DATABASE_RULE_EVIDENCE
Altest,zAL2,zAL SystemS,3,14,Brava35Handle,OpAD-1020,0,PRINT_ brava,,DATABASE_RULE_EVIDENCE
Altest,zAL2,zAL SystemS,3,14,Brava35PatronR,OpAD-1020+92,0,brava patron1,,DATABASE_RULE_EVIDENCE
Altest,zALbeamHorizontal,zAL SystemS,L_Fr,19,SglobkaDelitel,POS[],0,MM1,,DATABASE_RULE_EVIDENCE
Altest,zALbeamHorizontal,zAL SystemS,R_Fr,19,SglobkaDelitel,POS[],0,MM4,,DATABASE_RULE_EVIDENCE
Altest,zALbeamHorizontal,zAL SystemS,SELF,10,FrezaBeemL,OpAL+10,0,Freza,,DATABASE_RULE_EVIDENCE
Altest,zALbeamHorizontal,zAL SystemS,SELF,10,FrezaBeemR,OpAR-10,0,Freza,,DATABASE_RULE_EVIDENCE
Altest,zALbeamHorizontal,zAL SystemS,SELF,19,SglobkaDelitelSelf,OpAL+34.5,0,Dranage,,DATABASE_RULE_EVIDENCE
Altest,zALbeamHorizontal,zAL SystemS,SELF,19,SglobkaDelitelSelf,OpAR-34.5,0,Dranage,,DATABASE_RULE_EVIDENCE
Altest,zALbeamVertical,zAL SystemS,U_Fr,19,SglobkaDelitel,POS[],0,MM1,,DATABASE_RULE_EVIDENCE
Altest,zALbeamVertical,zAL SystemS,D_Fr,19,SglobkaDelitel,POS[],0,MM1,,DATABASE_RULE_EVIDENCE
Altest,zALbeamVertical,zAL SystemS,SELF,10,FrezaBeemL,OpAU+10,0,Freza,,DATABASE_RULE_EVIDENCE
Altest,zALbeamVertical,zAL SystemS,SELF,10,FrezaBeemR,OpAD-10,0,Freza,,DATABASE_RULE_EVIDENCE
Altest,zALbeamVertical,zAL SystemS,SELF,19,SglobkaDelitelSelf,OpAU+34.5,0,Dranage,,DATABASE_RULE_EVIDENCE
Altest,zALbeamVertical,zAL SystemS,SELF,19,SglobkaDelitelSelf,OpAD-34.5,0,Dranage,,DATABASE_RULE_EVIDENCE
Altest,zALcell,zAL SystemS,CDB,6,OtvodnenieOut,OpAL+L/2,0,Dranage,,DATABASE_RULE_EVIDENCE
Altest,zALcell,zAL SystemS,CDB,6,OtvodnenieOut,OpAL+100,0,Dranage,,DATABASE_RULE_EVIDENCE
Altest,zALcell,zAL SystemS,CDB,6,OtvodnenieOut,OpAR-100,0,Dranage,,DATABASE_RULE_EVIDENCE
Altest,zALcell,zAL SystemS,CD,11,OtvodnenieOut,OpAL+L/2,22,Dranage,,DATABASE_RULE_EVIDENCE
Altest,zALcell,zAL SystemS,CD,11,OtvodnenieOut,OpAL+100,22,Dranage,,DATABASE_RULE_EVIDENCE
Altest,zALcell,zAL SystemS,CD,11,OtvodnenieOut,OpAR-100,22,Dranage,,DATABASE_RULE_EVIDENCE
Altest,zALcell,zAL SystemS,CD,11,OtvodnenieOut,OpAL+100,22,Dranage,,DATABASE_RULE_EVIDENCE
Altest,zALcell,zAL SystemS,CD,11,OtvodnenieOut,OpAR-100,22,Dranage,,DATABASE_RULE_EVIDENCE
Altest,zALcell,zAL SystemS,CD,11,OtvodnenieOut,OpAL+L/2,22,Dranage,,DATABASE_RULE_EVIDENCE
Altest,zALcell,zAL SystemS,CD,11,OtvodnenieOut,OpAL+100,22,Dranage,,DATABASE_RULE_EVIDENCE
Altest,zALcell,zAL SystemS,CD,11,OtvodnenieOut,OpAR-100,22,Dranage,,DATABASE_RULE_EVIDENCE
Altest,zALcell,zAL SystemS,CD,11,OtvodnenieOut,OpAL+L/4,22,Dranage,,DATABASE_RULE_EVIDENCE
Altest,zALcell,zAL SystemS,CD,11,OtvodnenieOut,OpAL+(L/4)*3,22,Dranage,,DATABASE_RULE_EVIDENCE
Altest,zALcellOut,zAL SystemS,CDB,11,OtvodnenieOut,OpAL+L/2,0,Dranage,,DATABASE_RULE_EVIDENCE
Altest,zALcellOut,zAL SystemS,CDB,11,OtvodnenieOut,OpAL+200,0,Dranage,,DATABASE_RULE_EVIDENCE
Altest,zALcellOut,zAL SystemS,CDB,11,OtvodnenieOut,OpAR-200,0,Dranage,,DATABASE_RULE_EVIDENCE
Altest,zALdoor,zAL SystemS,U,8,OtvodnenieOut,OpAR-W-140,25,otvodniavane,,DATABASE_RULE_EVIDENCE
Altest,zALdoor,zAL SystemS,U,8,OtvodnenieOut,OpAL+W+140,25,otvodniavane,,DATABASE_RULE_EVIDENCE
Altest,zALdoor,zAL SystemS,U,16,OtvodnenieKanal,OpAR-W-100,25,otvodniavane,,DATABASE_RULE_EVIDENCE
Altest,zALdoor,zAL SystemS,U,16,OtvodnenieKanal,OpAL+W+100,25,otvodniavane,,DATABASE_RULE_EVIDENCE
Altest,zALdoor,zAL SystemS,D,16,OtvodnenieKanal,OpAR-W-100,25,otvodniavane,,DATABASE_RULE_EVIDENCE
Altest,zALdoor,zAL SystemS,D,16,OtvodnenieKanal,OpAL+W+100,25,otvodniavane,,DATABASE_RULE_EVIDENCE
Altest,zALdoor,zAL SystemS,D,8,OtvodnenieOut,OpAR-W-140,25,otvodniavane,,DATABASE_RULE_EVIDENCE
Altest,zALdoor,zAL SystemS,D,8,OtvodnenieOut,OpAL+W+140,25,otvod,,DATABASE_RULE_EVIDENCE
Altest,zALdoorE75CutPassiveL,zAL SystemS,U,8,FrezaCutR,OpAR-10,25,otvodniavane,,DATABASE_RULE_EVIDENCE
Altest,zALdoorE75CutPassiveL,zAL SystemS,D,8,FrezaCutL,OpAR-10,25,otvodniavane,,DATABASE_RULE_EVIDENCE
Altest,zALdoorE75CutPassiveL,zAL SystemS,R,8,FrezaCutL,OpAU+10,25,otvodniavane,,DATABASE_RULE_EVIDENCE
Altest,zALdoorE75CutPassiveL,zAL SystemS,R,8,FrezaCutR,OpAD-10,25,otvodniavane,,DATABASE_RULE_EVIDENCE
Altest,zALdoorE75CutPassiveL,zAL SystemS,U,8,OtvodnenieOut,OpAR-W-140,25,otvodniavane,,DATABASE_RULE_EVIDENCE
Altest,zALdoorE75CutPassiveL,zAL SystemS,U,8,OtvodnenieOut,OpAL+W+140,25,otvodniavane,,DATABASE_RULE_EVIDENCE
Altest,zALdoorE75CutPassiveL,zAL SystemS,U,16,OtvodnenieKanal,OpAR-W-100,25,otvodniavane,,DATABASE_RULE_EVIDENCE
Altest,zALdoorE75CutPassiveL,zAL SystemS,U,16,OtvodnenieKanal,OpAL+W+100,25,otvodniavane,,DATABASE_RULE_EVIDENCE
Altest,zALdoorE75CutPassiveL,zAL SystemS,D,16,OtvodnenieKanal,OpAR-W-100,25,otvodniavane,,DATABASE_RULE_EVIDENCE
Altest,zALdoorE75CutPassiveL,zAL SystemS,D,16,OtvodnenieKanal,OpAL+W+100,25,otvodniavane,,DATABASE_RULE_EVIDENCE
Altest,zALdoorE75CutPassiveL,zAL SystemS,D,8,OtvodnenieOut,OpAR-W-140,25,otvodniavane,,DATABASE_RULE_EVIDENCE
Altest,zALdoorE75CutPassiveL,zAL SystemS,D,8,OtvodnenieOut,OpAL+W+140,25,otvod,,DATABASE_RULE_EVIDENCE
Altest,zALdoorE75CutPassiveR,zAL SystemS,U,8,FrezaCutL,OpAL+10,25,otvodniavane,,DATABASE_RULE_EVIDENCE
Altest,zALdoorE75CutPassiveR,zAL SystemS,D,8,FrezaCutR,OpAL+10,25,otvodniavane,,DATABASE_RULE_EVIDENCE
Altest,zALdoorE75CutPassiveR,zAL SystemS,L,8,FrezaCutR,OpAU+10,25,otvodniavane,,DATABASE_RULE_EVIDENCE
Altest,zALdoorE75CutPassiveR,zAL SystemS,L,8,FrezaCutL,OpAD-10,25,otvodniavane,,DATABASE_RULE_EVIDENCE
Altest,zALdoorE75CutPassiveR,zAL SystemS,U,8,OtvodnenieOut,OpAR-W-140,25,otvodniavane,,DATABASE_RULE_EVIDENCE
Altest,zALdoorE75CutPassiveR,zAL SystemS,U,8,OtvodnenieOut,OpAL+W+140,25,otvodniavane,,DATABASE_RULE_EVIDENCE
Altest,zALdoorE75CutPassiveR,zAL SystemS,U,16,OtvodnenieKanal,OpAR-W-100,25,otvodniavane,,DATABASE_RULE_EVIDENCE
Altest,zALdoorE75CutPassiveR,zAL SystemS,U,16,OtvodnenieKanal,OpAL+W+100,25,otvodniavane,,DATABASE_RULE_EVIDENCE
Altest,zALdoorE75CutPassiveR,zAL SystemS,D,16,OtvodnenieKanal,OpAR-W-100,25,otvodniavane,,DATABASE_RULE_EVIDENCE
Altest,zALdoorE75CutPassiveR,zAL SystemS,D,16,OtvodnenieKanal,OpAL+W+100,25,otvodniavane,,DATABASE_RULE_EVIDENCE
Altest,zALdoorE75CutPassiveR,zAL SystemS,D,8,OtvodnenieOut,OpAR-W-140,25,otvodniavane,,DATABASE_RULE_EVIDENCE
Altest,zALdoorE75CutPassiveR,zAL SystemS,D,8,OtvodnenieOut,OpAL+W+140,25,otvod,,DATABASE_RULE_EVIDENCE
Altest,zALdoorOut,zAL SystemS,D,16,OtvodnenieKanal,OpAR-W-100,25,otvodniavane,,DATABASE_RULE_EVIDENCE
Altest,zALdoorOut,zAL SystemS,D,16,OtvodnenieKanal,OpAL+W+100,25,otvodniavane,,DATABASE_RULE_EVIDENCE
Altest,zALdoorOut,zAL SystemS,D,8,OtvodnenieOut,OpAR-W-140,25,otvodniavane,,DATABASE_RULE_EVIDENCE
Altest,zALdoorOut,zAL SystemS,D,8,OtvodnenieOut,OpAL+W+140,25,otvod,,DATABASE_RULE_EVIDENCE
Altest,zALdoorOutE75CutPassiveL,zAL SystemS,U,8,FrezaCutR,OpAR-10,25,otvodniavane,,DATABASE_RULE_EVIDENCE
Altest,zALdoorOutE75CutPassiveL,zAL SystemS,D,8,FrezaCutL,OpAR-10,25,otvodniavane,,DATABASE_RULE_EVIDENCE
Altest,zALdoorOutE75CutPassiveL,zAL SystemS,R,8,FrezaCutL,OpAU+10,25,otvodniavane,,DATABASE_RULE_EVIDENCE
Altest,zALdoorOutE75CutPassiveL,zAL SystemS,R,8,FrezaCutR,OpAD-10,25,otvodniavane,,DATABASE_RULE_EVIDENCE
Altest,zALdoorOutE75CutPassiveL,zAL SystemS,D,16,OtvodnenieKanal,OpAR-W-100,25,otvodniavane,,DATABASE_RULE_EVIDENCE
Altest,zALdoorOutE75CutPassiveL,zAL SystemS,D,16,OtvodnenieKanal,OpAL+W+100,25,otvodniavane,,DATABASE_RULE_EVIDENCE
Altest,zALdoorOutE75CutPassiveL,zAL SystemS,D,8,OtvodnenieOut,OpAR-W-140,25,otvodniavane,,DATABASE_RULE_EVIDENCE
Altest,zALdoorOutE75CutPassiveL,zAL SystemS,D,8,OtvodnenieOut,OpAL+W+140,25,otvod,,DATABASE_RULE_EVIDENCE
Altest,zALdoorOutE75CutPassiveR,zAL SystemS,U,8,FrezaCutL,OpAL+10,25,otvodniavane,,DATABASE_RULE_EVIDENCE
Altest,zALdoorOutE75CutPassiveR,zAL SystemS,D,8,FrezaCutR,OpAL+10,25,otvodniavane,,DATABASE_RULE_EVIDENCE
Altest,zALdoorOutE75CutPassiveR,zAL SystemS,L,8,FrezaCutR,OpAU+10,25,otvodniavane,,DATABASE_RULE_EVIDENCE
Altest,zALdoorOutE75CutPassiveR,zAL SystemS,L,8,FrezaCutL,OpAD-10,25,otvodniavane,,DATABASE_RULE_EVIDENCE
Altest,zALdoorOutE75CutPassiveR,zAL SystemS,D,16,OtvodnenieKanal,OpAR-W-100,25,otvodniavane,,DATABASE_RULE_EVIDENCE
Altest,zALdoorOutE75CutPassiveR,zAL SystemS,D,16,OtvodnenieKanal,OpAL+W+100,25,otvodniavane,,DATABASE_RULE_EVIDENCE
Altest,zALdoorOutE75CutPassiveR,zAL SystemS,D,8,OtvodnenieOut,OpAR-W-140,25,otvodniavane,,DATABASE_RULE_EVIDENCE
Altest,zALdoorOutE75CutPassiveR,zAL SystemS,D,8,OtvodnenieOut,OpAL+W+140,25,otvod,,DATABASE_RULE_EVIDENCE
Altest,zALframe_ALPrag,zALframe,U,10,SglobkaAngleF10,OpAR-48.4,0,frame top provetritel,,DATABASE_RULE_EVIDENCE
Altest,zALframe_ALPrag,zALframe,U,10,SglobkaAngleS11,OpAR-26.6,0,frame top provetritel,,DATABASE_RULE_EVIDENCE
Altest,zALframe_ALPrag,zALframe,U,10,SglobkaAngleS11,OpAL+26.6,0,frame top provetritel,,DATABASE_RULE_EVIDENCE
Altest,zALframe_ALPrag,zALframe,U,10,SglobkaAngleF10,OpAL+48.4,0,frame top provetritel,,DATABASE_RULE_EVIDENCE
Altest,zALframe_ALPrag,zALframe,L,10,SglobkaAngleS11,OpAU+26.6,0,RL provetritel,,DATABASE_RULE_EVIDENCE
Altest,zALframe_ALPrag,zALframe,L,10,SglobkaAngleF10,OpAU+48.4,0,RL provetritel,,DATABASE_RULE_EVIDENCE
Altest,zALframe_ALPrag,zALframe,R,10,SglobkaAngleS11,OpAU+26.6,0,RL provetritel,,DATABASE_RULE_EVIDENCE
Altest,zALframe_ALPrag,zALframe,R,10,SglobkaAngleF10,OpAU+48.4,0,RL provetritel,,DATABASE_RULE_EVIDENCE
Altest,zALframe_ALPrag,zALframe,L,10,SglobkaALprag,OpAD-9.4,0,RL provetritel,,DATABASE_RULE_EVIDENCE
Altest,zALframe_ALPrag,zALframe,R,10,SglobkaALprag,OpAD-9.4,0,RL provetritel,,DATABASE_RULE_EVIDENCE
Altest,zALframe_KutiaShtraPONY,zALframe,D,10,StoraVentilacia,OpAR-40.5,27,OtvodnenieL17-27,,DATABASE_RULE_EVIDENCE
Altest,zALframe_Otvorena,zALframe,U,10,SglobkaAngleF10,OpAR-48.4,0,frame top provetritel,,DATABASE_RULE_EVIDENCE
Altest,zALframe_Otvorena,zALframe,U,10,SglobkaAngleS11,OpAR-26.6,0,frame top provetritel,,DATABASE_RULE_EVIDENCE
Altest,zALframe_Otvorena,zALframe,U,10,SglobkaAngleS11,OpAL+26.6,0,frame top provetritel,,DATABASE_RULE_EVIDENCE
Altest,zALframe_Otvorena,zALframe,U,10,SglobkaAngleF10,OpAL+48.4,0,frame top provetritel,,DATABASE_RULE_EVIDENCE
Altest,zALframe_Otvorena,zALframe,L,10,SglobkaAngleS11,OpAU+26.6,0,RL provetritel,,DATABASE_RULE_EVIDENCE
Altest,zALframe_Otvorena,zALframe,L,10,SglobkaAngleF10,OpAU+48.4,0,RL provetritel,,DATABASE_RULE_EVIDENCE
Altest,zALframe_Otvorena,zALframe,R,10,SglobkaAngleS11,OpAU+26.6,0,RL provetritel,,DATABASE_RULE_EVIDENCE
Altest,zALframe_Otvorena,zALframe,R,10,SglobkaAngleF10,OpAU+48.4,0,RL provetritel,,DATABASE_RULE_EVIDENCE
Altest,zALframe_Tabla 9x35,zALframe,U,10,SglobkaAngleF10,OpAR-48.4,0,frame top provetritel,,DATABASE_RULE_EVIDENCE
Altest,zALframe_Tabla 9x35,zALframe,U,10,SglobkaAngleS11,OpAR-26.6,0,frame top provetritel,,DATABASE_RULE_EVIDENCE
Altest,zALframe_Tabla 9x35,zALframe,U,10,SglobkaAngleS11,OpAL+26.6,0,frame top provetritel,,DATABASE_RULE_EVIDENCE
Altest,zALframe_Tabla 9x35,zALframe,U,10,SglobkaAngleF10,OpAL+48.4,0,frame top provetritel,,DATABASE_RULE_EVIDENCE
Altest,zALframe_Tabla 9x35,zALframe,L,10,SglobkaAngleS11,OpAU+26.6,0,RL provetritel,,DATABASE_RULE_EVIDENCE
Altest,zALframe_Tabla 9x35,zALframe,L,10,SglobkaAngleF10,OpAU+48.4,0,RL provetritel,,DATABASE_RULE_EVIDENCE
Altest,zALframe_Tabla 9x35,zALframe,R,10,SglobkaAngleS11,OpAU+26.6,0,RL provetritel,,DATABASE_RULE_EVIDENCE
Altest,zALframe_Tabla 9x35,zALframe,R,10,SglobkaAngleF10,OpAU+48.4,0,RL provetritel,,DATABASE_RULE_EVIDENCE
Altest,zALframe_Tabla 9x35,zALframe,L,10,SglobkaTabla,OpAD-9,0,RL provetritel,,DATABASE_RULE_EVIDENCE
Altest,zALframe_Tabla 9x35,zALframe,L,10,SglobkaTabla,OpAD-34.5,0,RL provetritel,,DATABASE_RULE_EVIDENCE
Altest,zALframe_Tabla 9x35,zALframe,R,10,SglobkaTabla,OpAD-9,0,RL provetritel,,DATABASE_RULE_EVIDENCE
Altest,zALframe_Tabla 9x35,zALframe,R,10,SglobkaTabla,OpAD-34.5,0,RL provetritel,,DATABASE_RULE_EVIDENCE
Altest,zALframe_Tabla 9x35,zALframe,D,10,FrezaBeemL,OpAL+122,0,Freza,,DATABASE_RULE_EVIDENCE
Altest,zALframe_Tabla 9x35,zALframe,D,10,FrezaBeemR,OpAR-122,0,Freza,,DATABASE_RULE_EVIDENCE
Altest,zALframe_Tabla16x80,zALframe,U,10,SglobkaAngleF10,OpAR-48.4,0,frame top provetritel,,DATABASE_RULE_EVIDENCE
Altest,zALframe_Tabla16x80,zALframe,U,10,SglobkaAngleS11,OpAR-26.6,0,frame top provetritel,,DATABASE_RULE_EVIDENCE
Altest,zALframe_Tabla16x80,zALframe,U,10,SglobkaAngleS11,OpAL+26.6,0,frame top provetritel,,DATABASE_RULE_EVIDENCE
Altest,zALframe_Tabla16x80,zALframe,U,10,SglobkaAngleF10,OpAL+48.4,0,frame top provetritel,,DATABASE_RULE_EVIDENCE
Altest,zALframe_Tabla16x80,zALframe,L,10,SglobkaAngleS11,OpAU+26.6,0,RL provetritel,,DATABASE_RULE_EVIDENCE
Altest,zALframe_Tabla16x80,zALframe,L,10,SglobkaAngleF10,OpAU+48.4,0,RL provetritel,,DATABASE_RULE_EVIDENCE
Altest,zALframe_Tabla16x80,zALframe,R,10,SglobkaAngleS11,OpAU+26.6,0,RL provetritel,,DATABASE_RULE_EVIDENCE
Altest,zALframe_Tabla16x80,zALframe,R,10,SglobkaAngleF10,OpAU+48.4,0,RL provetritel,,DATABASE_RULE_EVIDENCE
Altest,zALframe_Tabla16x80,zALframe,L,10,SglobkaTabla,OpAD-16,0,RL provetritel,,DATABASE_RULE_EVIDENCE
Altest,zALframe_Tabla16x80,zALframe,L,10,SglobkaTabla,OpAD-79.5,0,RL provetritel,,DATABASE_RULE_EVIDENCE
Altest,zALframe_Tabla16x80,zALframe,R,10,SglobkaTabla,OpAD-16,0,RL provetritel,,DATABASE_RULE_EVIDENCE
Altest,zALframe_Tabla16x80,zALframe,R,10,SglobkaTabla,OpAD-79.5,0,RL provetritel,,DATABASE_RULE_EVIDENCE
Altest,zALframe_Tabla16x80,zALframe,D,10,FrezaBeemL,OpAL+122,0,Freza,,DATABASE_RULE_EVIDENCE
Altest,zALframe_Tabla16x80,zALframe,D,10,FrezaBeemR,OpAR-122,0,Freza,,DATABASE_RULE_EVIDENCE
Altest,zALframeMECH,zAL SystemS,U,10,SglobkaAngleF10,OpAR-46.4,0,frame top provetritel,,DATABASE_RULE_EVIDENCE
Altest,zALframeMECH,zAL SystemS,U,10,SglobkaAngleS11,OpAR-24.6,0,frame top provetritel,,DATABASE_RULE_EVIDENCE
Altest,zALframeMECH,zAL SystemS,U,10,SglobkaAngleS11,OpAL+24.6,0,frame top provetritel,,DATABASE_RULE_EVIDENCE
Altest,zALframeMECH,zAL SystemS,U,10,SglobkaAngleF10,OpAL+46.4,0,frame top provetritel,,DATABASE_RULE_EVIDENCE
Altest,zALframeMECH,zAL SystemS,L,10,SglobkaAngleF10,OpAD-46.4,0,RL provetritel,,DATABASE_RULE_EVIDENCE
Altest,zALframeMECH,zAL SystemS,L,10,SglobkaAngleS11,OpAD-24.6,0,RL provetritel,,DATABASE_RULE_EVIDENCE
Altest,zALframeMECH,zAL SystemS,L,10,SglobkaAngleS11,OpAU+24.6,0,RL provetritel,,DATABASE_RULE_EVIDENCE
Altest,zALframeMECH,zAL SystemS,L,10,SglobkaAngleF10,OpAU+46.4,0,RL provetritel,,DATABASE_RULE_EVIDENCE
Altest,zALframeMECH,zAL SystemS,R,10,SglobkaAngleF10,OpAD-46.4,0,RL provetritel,,DATABASE_RULE_EVIDENCE
Altest,zALframeMECH,zAL SystemS,R,10,SglobkaAngleS11,OpAD-24.6,0,RL provetritel,,DATABASE_RULE_EVIDENCE
Altest,zALframeMECH,zAL SystemS,R,10,SglobkaAngleS11,OpAU+24.6,0,RL provetritel,,DATABASE_RULE_EVIDENCE
Altest,zALframeMECH,zAL SystemS,R,10,SglobkaAngleF10,OpAU+46.4,0,RL provetritel,,DATABASE_RULE_EVIDENCE
Altest,zALframeMECH,zAL SystemS,D,10,SglobkaAngleF10,OpAR-46.4,0,frame top provetritel,,DATABASE_RULE_EVIDENCE
Altest,zALframeMECH,zAL SystemS,D,10,SglobkaAngleS11,OpAR-24.6,0,frame top provetritel,,DATABASE_RULE_EVIDENCE
Altest,zALframeMECH,zAL SystemS,D,10,SglobkaAngleS11,OpAL+24.6,0,frame top provetritel,,DATABASE_RULE_EVIDENCE
Altest,zALframeMECH,zAL SystemS,D,10,SglobkaAngleF10,OpAL+46.4,0,frame top provetritel,,DATABASE_RULE_EVIDENCE
Altest,zALframeOut_Prag,zALframe,U,10,SglobkaAngleF10,OpAR-48.4,0,frame top provetritel,,DATABASE_RULE_EVIDENCE
Altest,zALframeOut_Prag,zALframe,U,10,SglobkaAngleS11,OpAR-26.6,0,frame top provetritel,,DATABASE_RULE_EVIDENCE
Altest,zALframeOut_Prag,zALframe,U,10,SglobkaAngleS11,OpAL+26.6,0,frame top provetritel,,DATABASE_RULE_EVIDENCE
Altest,zALframeOut_Prag,zALframe,U,10,SglobkaAngleF10,OpAL+48.4,0,frame top provetritel,,DATABASE_RULE_EVIDENCE
Altest,zALframeOut_Prag,zALframe,L,10,SglobkaAngleS11,OpAU+26.6,0,RL provetritel,,DATABASE_RULE_EVIDENCE
Altest,zALframeOut_Prag,zALframe,L,10,SglobkaAngleF10,OpAU+48.4,0,RL provetritel,,DATABASE_RULE_EVIDENCE
Altest,zALframeOut_Prag,zALframe,R,10,SglobkaAngleS11,OpAU+26.6,0,RL provetritel,,DATABASE_RULE_EVIDENCE
Altest,zALframeOut_Prag,zALframe,R,10,SglobkaAngleF10,OpAU+48.4,0,RL provetritel,,DATABASE_RULE_EVIDENCE
Altest,zALframeOut_Prag,zALframe,L,10,SglobkaALprag,OpAD-11.4,0,RL provetritel,,DATABASE_RULE_EVIDENCE
Altest,zALframeOut_Prag,zALframe,R,10,SglobkaALprag,OpAD-11.4,0,RL provetritel,,DATABASE_RULE_EVIDENCE
Altest,zALframeOutOtvorena,zALframe,U,10,SglobkaAngleF10,OpAR-48.4,0,frame top provetritel,,DATABASE_RULE_EVIDENCE
Altest,zALframeOutOtvorena,zALframe,U,10,SglobkaAngleS11,OpAR-26.6,0,frame top provetritel,,DATABASE_RULE_EVIDENCE
Altest,zALframeOutOtvorena,zALframe,U,10,SglobkaAngleS11,OpAL+26.6,0,frame top provetritel,,DATABASE_RULE_EVIDENCE
Altest,zALframeOutOtvorena,zALframe,U,10,SglobkaAngleF10,OpAL+48.4,0,frame top provetritel,,DATABASE_RULE_EVIDENCE
Altest,zALframeOutOtvorena,zALframe,L,10,SglobkaAngleS11,OpAU+26.6,0,RL provetritel,,DATABASE_RULE_EVIDENCE
Altest,zALframeOutOtvorena,zALframe,L,10,SglobkaAngleF10,OpAU+48.4,0,RL provetritel,,DATABASE_RULE_EVIDENCE
Altest,zALframeOutOtvorena,zALframe,R,10,SglobkaAngleS11,OpAU+26.6,0,RL provetritel,,DATABASE_RULE_EVIDENCE
Altest,zALframeOutOtvorena,zALframe,R,10,SglobkaAngleF10,OpAU+48.4,0,RL provetritel,,DATABASE_RULE_EVIDENCE
Altest,zALwindow,zAL SystemS,U,8,OtvodnenieOut,OpAR-140,25,otvodniavane,,DATABASE_RULE_EVIDENCE
Altest,zALwindow,zAL SystemS,U,8,OtvodnenieOut,OpAL+140,25,otvodniavane,,DATABASE_RULE_EVIDENCE
Altest,zALwindow,zAL SystemS,U,16,OtvodnenieKanal,OpAR-100,25,otvodniavane,,DATABASE_RULE_EVIDENCE
Altest,zALwindow,zAL SystemS,U,16,OtvodnenieKanal,OpAL+100,25,otvodniavane,,DATABASE_RULE_EVIDENCE
Altest,zALwindow,zAL SystemS,D,16,OtvodnenieKanal,OpAR-100,25,otvodniavane,,DATABASE_RULE_EVIDENCE
Altest,zALwindow,zAL SystemS,D,16,OtvodnenieKanal,OpAL+100,25,otvodniavane,,DATABASE_RULE_EVIDENCE
Altest,zALwindow,zAL SystemS,D,8,OtvodnenieOut,OpAR-140,25,otvodniavane,,DATABASE_RULE_EVIDENCE
Altest,zALwindow,zAL SystemS,D,8,OtvodnenieOut,OpAL+140,25,otvodniavane,,DATABASE_RULE_EVIDENCE
