source_system,id,catalog,name,type,subtype_id,dim_in,dim_out,maker_code,group,group2,group3,cuttingang,cadfile,profilez,profilew,Systemsid,role_bg,role_en,evidence_status
Altest,_GlassVentSDel,,,3,3,100.0,0.0,70618263288.0,WDS 70,,,90,05.0301.dxf,100.0,70.0,0.0,Делител,,DATABASE_EVIDENCE
Altest,0,,Без каса,1,1,10.0,0.0,43021321466.0,,,,90,,0.0,0.0,0.0,Каса,Frame,DATABASE_EVIDENCE
Altest,00000000,ГИЛОТИНА,Без каса,1,1,145.0,0.0,78645445640.0,AL,,,90,,0.0,115.3,0.0,Каса,Frame,DATABASE_EVIDENCE
Altest,0103.20,,AL кутия 20/40 ral 7016,4,18,0.0,0.0,25203938691.0,Акс.Комарници,AL,,90,,0.0,0.0,0.0,Външни елементи,,DATABASE_EVIDENCE
Altest,0103.6,,AL кутия 20/40 тъмен дъб,4,18,0.0,0.0,86287957867.0,,AL,,90,,0.0,0.0,0.0,Външни елементи,,DATABASE_EVIDENCE
Altest,0103.7,,AL кутия 20/40 златен дъб,4,18,0.0,0.0,53277287651.0,,AL,,90,,0.0,0.0,0.0,Външни елементи,,DATABASE_EVIDENCE
Altest,0103.9,,AL кутия 20/40 Орех декорал,4,18,0.0,0.0,41227367308.0,,AL,,90,,0.0,0.0,0.0,Външни елементи,,DATABASE_EVIDENCE
Altest,01111111114,АРТИКУЛ,1111111114,4,4,0.0,0.0,81945355692.0,,,,90,,0.0,0.0,0.0,Аксесоар,,DATABASE_EVIDENCE
Altest,01111111115,АРТИКУЛ,1111111115,4,4,0.0,0.0,21955155705.0,,,,90,,0.0,0.0,0.0,Аксесоар,,DATABASE_EVIDENCE
Altest,01111111116,АРТИКУЛ,1111111116,4,4,0.0,0.0,94935505109.0,,,,90,,0.0,0.0,0.0,Аксесоар,,DATABASE_EVIDENCE
Altest,01111111117,АРТИКУЛ,1111111117,4,4,0.0,0.0,9925595350.0,,,,90,,0.0,0.0,0.0,Аксесоар,,DATABASE_EVIDENCE
Altest,01111111118,АРТИКУЛ,1111111118,4,4,0.0,0.0,1975445664.0,,,,90,,0.0,0.0,0.0,Аксесоар,,DATABASE_EVIDENCE
Altest,01111111119,АРТИКУЛ,1111111119,4,4,0.0,0.0,11975735388.0,,,,90,,0.0,0.0,0.0,Аксесоар,,DATABASE_EVIDENCE
Altest,011111111191,АРТИКУЛ,11111111191,4,4,0.0,0.0,23645135128.0,,,,90,,0.0,0.0,0.0,Аксесоар,,DATABASE_EVIDENCE
Altest,011111111192,АРТИКУЛ,11111111192,4,4,0.0,0.0,72615305138.0,,,,90,,0.0,0.0,0.0,Аксесоар,,DATABASE_EVIDENCE
Altest,011111111193,АРТИКУЛ,11111111193,4,4,0.0,0.0,24645415725.0,,,,90,,0.0,0.0,0.0,Аксесоар,,DATABASE_EVIDENCE
Altest,0127,,Кутия към профил за обръщане 160мм,4,13,0.0,0.0,84739887552.0,AL STUD - DOP,AL,,45,,0.0,0.0,0.0,Подпрозоречна дъска,,DATABASE_EVIDENCE
Altest,026,ALTEST,Степечата ножица,4,8,0.0,0.0,69889971832.0,AL аксесоари,,,90,,0.0,0.0,1.0,Обков,,DATABASE_EVIDENCE
Altest,04.840,KMG,Тръба за 60мм,4,4,0.0,0.0,37465587740.0,KMG DOP,,,90,,0.0,0.0,0.0,Аксесоар,,DATABASE_EVIDENCE
Altest,04.841,KMG,Колона 90гр,4,4,0.0,0.0,77425347268.0,KMG DOP,,,90,,0.0,0.0,0.0,Аксесоар,,DATABASE_EVIDENCE
Altest,04.842,KMG,Адаптор за 60мм,4,4,0.0,0.0,17475527010.0,KMG DOP,,,90,,0.0,0.0,0.0,Аксесоар,,DATABASE_EVIDENCE
Altest,04.843,KMG,PVC хънтър 24мм,4,4,0.0,0.0,60425337656.0,KMG DOP,,,90,,0.0,0.0,0.0,Аксесоар,,DATABASE_EVIDENCE
Altest,04.844,KMG,PVC хънтър 20мм,4,4,0.0,0.0,83445347799.0,KMG DOP,,,90,,0.0,0.0,0.0,Аксесоар,,DATABASE_EVIDENCE
Altest,04.846,KMG,Перваз 200мм,4,13,0.0,0.0,19485127431.0,KMG DOP,,,90,,0.0,0.0,0.0,Подпрозоречна дъска,,DATABASE_EVIDENCE
Altest,04.847,KMG,Перваз 250мм,4,13,0.0,0.0,21475617869.0,KMG DOP,,,90,,0.0,0.0,0.0,Подпрозоречна дъска,,DATABASE_EVIDENCE
Altest,04.860,KMG,PVC перваз 45мм бял,4,16,0.0,0.0,72625187897.0,KMG DOP,,,90,,0.0,0.0,0.0,Уширител,,DATABASE_EVIDENCE
Altest,0451,ALTEST,Kомарник малък,4,36,0.0,0.0,85319647313.0,AL STUD - DOP,AL,,90,,0.0,0.0,0.0,Комарник  - Профил,,DATABASE_EVIDENCE
Altest,0453,ALTEST,Kомарник среден,4,36,0.0,0.0,67389847636.0,AL STUD - DOP,AL,,90,,0.0,0.0,0.0,Комарник  - Профил,,DATABASE_EVIDENCE
Altest,0469,ALTEST,Комарник голям,4,36,0.0,0.0,31499467345.0,AL STUD - DOP,AL,,90,,0.0,0.0,0.0,Комарник  - Профил,,DATABASE_EVIDENCE
Altest,0482,ALTEST,Делител за комарник,4,36,0.0,0.0,25659327678.0,AL STUD - DOP,AL,,90,,0.0,0.0,0.0,Комарник  - Профил,,DATABASE_EVIDENCE
Altest,05.0100,WDS70_KASA00,Каса WDS малка,1,1,26.0,0.0,84234505614.0,WDS 70,AL,,45,05.0100.dxf,51.0,70.0,0.0,Каса,Frame,DATABASE_EVIDENCE
Altest,05.0101,WDS70_KASA01,Каса WDS голяма,1,1,36.0,0.0,88214595170.0,WDS 70,AL,,45,05.0101.dxf,61.0,70.0,0.0,Каса,Frame,DATABASE_EVIDENCE
Altest,05.0205,WDS 70_KR70,Крило WDS за PVC,2,2,36.0,20.0,25315755862.0,WDS 70,AL,,45,05.0205.dxf,81.0,79.0,0.0,Крило,Wing,DATABASE_EVIDENCE
Altest,05.0211,WDS 70_KR70,Крило WDS за PVC голямо,2,2,48.0,20.0,55465945316.0,WDS 70,AL,,45,05.0211.dxf,93.0,79.0,0.0,Крило,Wing,DATABASE_EVIDENCE
Altest,05.0301,WDS 70,Делител WDS голям,3,3,50.0,25.0,16466195100.0,WDS 70,AL,,90,05.0301.dxf,100.0,70.0,0.0,Делител,,DATABASE_EVIDENCE
Altest,05.0302,WDS 70,Делител WDS ус. вън,3,3,50.0,25.0,12496275178.0,WDS 70,AL,,45,,100.0,120.0,0.0,Делител,,DATABASE_EVIDENCE
Altest,05.0303,WDS 70,Делител WDS ус. вътре,3,3,50.0,25.0,92476775535.0,WDS 70,AL,,45,,100.0,120.0,0.0,Делител,,DATABASE_EVIDENCE
Altest,05.0304,WDS 70,Делител WDS малък,3,3,30.0,25.0,1446225216.0,WDS 70,AL,,90,05.0304.dxf,80.0,70.0,0.0,Делител,,DATABASE_EVIDENCE
Altest,05.0309,WDS 70,Делител WDS в крило,3,3,30.0,25.0,10406325805.0,WDS 70,AL,,90,,80.0,79.0,0.0,Делител,,DATABASE_EVIDENCE
Altest,05.0322,WDS 70,Лет.Делител,4,5,0.0,0.0,75626965856.0,WDS 70,AL,,90,,0.0,0.0,0.0,Летящ делител,,DATABASE_EVIDENCE
Altest,05.0400,WDS 70,Стъклод. каса 28мм,4,7,0.0,0.0,29557425771.0,PONI-MINI,стд,,90,,0.0,0.0,0.0,Стъклодържател,,DATABASE_EVIDENCE
Altest,05.0401,WDS 70,Стъклод. каса 32мм,4,7,0.0,0.0,20547965584.0,PONI-MINI,стд,,90,,0.0,0.0,0.0,Стъклодържател,,DATABASE_EVIDENCE
Altest,05.0402,WDS 70,Стъклод. каса 34мм,4,7,0.0,0.0,22577265335.0,PONI-MINI,стд,,90,,0.0,0.0,0.0,Стъклодържател,,DATABASE_EVIDENCE
Altest,05.0403,WDS 70,Стъклод. каса 38мм,4,7,0.0,0.0,35557755828.0,PONI-MINI,стд,,90,,0.0,0.0,0.0,Стъклодържател,,DATABASE_EVIDENCE
Altest,05.0404,WDS 70,Стъклод. каса 42мм,4,7,0.0,0.0,24527775894.0,PONI-MINI,стд,,90,,0.0,0.0,0.0,Стъклодържател,,DATABASE_EVIDENCE
Altest,05.0500,WDS 70,Стъклод. крило 28мм,4,7,0.0,0.0,41638365673.0,PONI-MINI,стд,,90,,0.0,0.0,0.0,Стъклодържател,,DATABASE_EVIDENCE
Altest,05.0501,WDS 70,Стъклод. крило 32мм,4,7,0.0,0.0,72678725705.0,PONI-MINI,стд,,90,,0.0,0.0,0.0,Стъклодържател,,DATABASE_EVIDENCE
Altest,05.0502,WDS 70,Стъклод. крило 34мм,4,7,0.0,0.0,10668655211.0,PONI-MINI,стд,,90,,0.0,0.0,0.0,Стъклодържател,,DATABASE_EVIDENCE
Altest,05.0503,WDS 70,Стъклод. крило 38мм,4,7,0.0,0.0,45648845919.0,PONI-MINI,стд,,90,,0.0,0.0,0.0,Стъклодържател,,DATABASE_EVIDENCE
Altest,05.0504,WDS 70,Стъклод. крило 42мм,4,7,0.0,0.0,10678305770.0,PONI-MINI,стд,,90,,0.0,0.0,0.0,Стъклодържател,,DATABASE_EVIDENCE
Altest,05.0600,WDS 70_U,Уширение 40мм за WDS,4,16,0.0,0.0,36769165431.0,WDS 70,AL,,90,,0.0,0.0,0.0,Уширител,,DATABASE_EVIDENCE
Altest,05.0602,WDS 70,Св. профил WDS 20мм,4,18,0.0,0.0,48719735219.0,WDS 70,AL,,90,,0.0,0.0,0.0,Външни елементи,,DATABASE_EVIDENCE
Altest,05.0603,WDS 70,Св. профил WDS 25мм,4,18,0.0,0.0,39779715453.0,WDS 70,AL,,90,,0.0,0.0,0.0,Външни елементи,,DATABASE_EVIDENCE
Altest,05.0604,WDS 70,Колона 90 за WDS,4,15,0.0,0.0,56749865211.0,WDS 70,AL,,90,,0.0,0.0,0.0,Колона,,DATABASE_EVIDENCE
Altest,05.0605,WDS 70,Колона 135 за WDS,4,15,0.0,0.0,13789315536.0,WDS 70,AL,,90,,0.0,0.0,0.0,Колона,,DATABASE_EVIDENCE
Altest,05.0700,WDS 70,Преход WDS към фасада,4,18,0.0,0.0,97850975158.0,WDS 70,AL,,90,,0.0,0.0,0.0,Външни елементи,,DATABASE_EVIDENCE
Altest,05.0750,WDS 70,усилващ профил делител WDS 70,4,18,0.0,0.0,35300455620.0,PONI-MINI,AL,,90,,0.0,0.0,0.0,Външни елементи,,DATABASE_EVIDENCE
Altest,05.0760,WDS 70,капачка усилв.профил WDS 70,4,18,0.0,0.0,37480255398.0,PONI-MINI,AL,,90,,0.0,0.0,0.0,Външни елементи,,DATABASE_EVIDENCE
Altest,05.0800,WDS 70,Добавка каса WDS,4,16,0.0,0.0,70931245528.0,AL STUD - DOP,AL,,90,,0.0,0.0,0.0,Уширител,,DATABASE_EVIDENCE
Altest,05.0802,WDS 70,Добавка каса WDS,4,16,0.0,0.0,84971305343.0,AL STUD - DOP,AL,,90,,0.0,0.0,0.0,Уширител,,DATABASE_EVIDENCE
Altest,05.0803,WDS 70,Добавка каса WDS,4,16,0.0,0.0,61961885635.0,AL STUD - DOP,AL,,90,,0.0,0.0,0.0,Уширител,,DATABASE_EVIDENCE
Altest,05.0804,WDS 70,Добавка каса WDS,4,16,0.0,0.0,71981255242.0,WDS 70,AL,,90,,0.0,0.0,0.0,Уширител,,DATABASE_EVIDENCE
Altest,05.0805,WDS 70,Добавка каса WDS,4,16,0.0,0.0,45961045511.0,WDS 70,AL,,90,,0.0,0.0,0.0,Уширител,,DATABASE_EVIDENCE
Altest,05.0850,WDS 70,Профил за обръщане ал.студен WDS 70,4,16,0.0,0.0,68421975028.0,AL STUD - DOP,AL,,45,,0.0,0.0,0.0,Уширител,,DATABASE_EVIDENCE
Altest,05.1102,WDS70,Каса WDS за Т-кр за фасада,1,1,53.0,0.0,83344276915.0,WDS 70,AL,,45,,68.0,70.0,0.0,Каса,Frame,DATABASE_EVIDENCE
Altest,05.1103,WDS70,Каса WDS за Z-крило врата,1,1,53.0,0.0,34304966253.0,WDS 70,AL,,45,05.1103.dxf,68.0,70.0,0.0,Каса,Frame,DATABASE_EVIDENCE
Altest,05.1104,WDS70,Каса WDS за T-крило врата,1,1,53.0,0.0,76334616821.0,WDS 70,AL,,45,05.1104.dxf,68.0,70.0,0.0,Каса,Frame,DATABASE_EVIDENCE
Altest,05.1203,WDS 70,Крило врата Z за WDS,2,2,62.0,15.0,76475816562.0,WDS 70,AL,,45,05.1203.dxf,102.0,70.0,0.0,Крило,Wing,DATABASE_EVIDENCE
Altest,05.1204,WDS 70,Крило врата T за WDS,2,2,62.0,15.0,30405436764.0,WDS 70,AL,,45,05.1204.dxf,102.0,70.0,0.0,Крило,Wing,DATABASE_EVIDENCE
Altest,05.1303,WDS 70,Лет. дел. WDS за Z крило,4,5,0.0,0.0,35506466778.0,WDS 70,AL,,90,,0.0,0.0,0.0,Летящ делител,,DATABASE_EVIDENCE
Altest,05.1304,WDS 70,Лет. дел. WDS за T крило,4,5,0.0,0.0,1526226863.0,WDS 70,AL,,90,,0.0,0.0,0.0,Летящ делител,,DATABASE_EVIDENCE
Altest,05.1400,WDS 70,Добавка Z крило WDS,4,4,0.0,0.0,56687976126.0,WDS 70,AL,,90,,0.0,0.0,0.0,Аксесоар,,DATABASE_EVIDENCE
Altest,05.1401,WDS 70,Добавка T крило WDS,4,4,0.0,0.0,49607646317.0,WDS 70,AL,,90,,0.0,0.0,0.0,Аксесоар,,DATABASE_EVIDENCE
Altest,05.1410,WDS70,AL праг за WDS,1,11,5.5,0.0,23757746903.0,WDS 70,AL,,90,,5.5,66.0,0.0,Алуминиев праг,,DATABASE_EVIDENCE
Altest,05.1411,WDS 70,Доб. кр. WDS за AL праг,4,4,0.0,0.0,67777686861.0,PONI-MINI,AL,,90,,0.0,0.0,0.0,Аксесоар,,DATABASE_EVIDENCE
Altest,05.1420,WDS70,AL праг за WDS висок  wds,1,11,20.3,0.0,45837476008.0,WDS 70,AL,,90,,20.3,57.0,0.0,Алуминиев праг,,DATABASE_EVIDENCE
Altest,05.1430,WDS 70,AL ПРАГ WDS 70 - инвалиден,1,11,13.0,0.0,60917676861.0,WDS 70,AL,,90,,13.0,70.0,0.0,Алуминиев праг,,DATABASE_EVIDENCE
Altest,06 0003,ГИЛОТИНА,Горен / долен хоризонтал,4,1,0.0,0.0,44819805254.0,PONI-MINI,ГИЛОТИНА,,90,,0.0,0.0,0.0,Каса,Frame,DATABASE_EVIDENCE
Altest,06.0001,ГИЛОТИНА,Кутия гилотина,4,4,0.0,0.0,3283175933.0,PONI-MINI,ГИЛОТИНА,,90,,0.0,0.0,0.0,Аксесоар,,DATABASE_EVIDENCE
Altest,06.0002,ГИЛОТИНА,Водач крило,4,4,0.0,0.0,73273385613.0,PONI-MINI,ГИЛОТИНА,,90,,0.0,0.0,0.0,Аксесоар,,DATABASE_EVIDENCE
Altest,06.0003,ГИЛОТИНА,Горен / Долен хоризонтал,1,1,15.0,0.0,38203755748.0,PONI-MINI,ГИЛОТИНА,,90,,15.0,99.5,0.0,Каса,Frame,DATABASE_EVIDENCE
Altest,06.0004,ГИЛОТИНА,Завършващ проф. крило малък,4,4,0.0,0.0,27253825644.0,PONI-MINI,ГИЛОТИНА,,90,,0.0,0.0,0.0,Аксесоар,,DATABASE_EVIDENCE
Altest,06.0005,ГИЛОТИНА,Крило един. стъкло 8мм,2,2,38.0,0.0,56293505572.0,PONI-MINI,ГИЛОТИНА,,90,,38.0,25.0,0.0,Крило,Wing,DATABASE_EVIDENCE
Altest,06.0006,ГИЛОТИНА,Покриваща капачка,4,4,0.0,0.0,6283525165.0,PONI-MINI,ГИЛОТИНА,,90,,0.0,0.0,0.0,Аксесоар,,DATABASE_EVIDENCE
Altest,06.0007,ГИЛОТИНА,Капак кутия,4,4,0.0,0.0,83233855367.0,PONI-MINI,ГИЛОТИНА,,90,,0.0,0.0,0.0,Аксесоар,,DATABASE_EVIDENCE
Altest,06.0008,ГИЛОТИНА,Вертикал каса,1,1,18.0,0.0,29243805780.0,PONI-MINI,ГИЛОТИНА,,90,,90.3,109.5,0.0,Каса,Frame,DATABASE_EVIDENCE
Altest,06.0009,ГИЛОТИНА,Захващащ профил крило,4,4,0.0,0.0,65273145824.0,PONI-MINI,ГИЛОТИНА,,90,,0.0,0.0,0.0,Аксесоар,,DATABASE_EVIDENCE
Altest,06.0010,ГИЛОТИНА,Крило стъклопакет 20мм,2,2,38.0,0.0,52323145772.0,PONI-MINI,ГИЛОТИНА,,90,,38.0,25.0,0.0,Крило,Wing,DATABASE_EVIDENCE
Altest,06.0011,ГИЛОТИНА,Капачка водач,4,4,0.0,0.0,62363955732.0,PONI-MINI,ГИЛОТИНА,,90,,0.0,0.0,0.0,Аксесоар,,DATABASE_EVIDENCE
Altest,06.0012,ГИЛОТИНА,Декорат. профил крило,4,4,0.0,0.0,78333635616.0,PONI-MINI,ГИЛОТИНА,,90,,0.0,0.0,0.0,Аксесоар,,DATABASE_EVIDENCE
Altest,07.0001,LS70,Единична релса LS,1,1,51.0,0.0,76313685284.0,LS,AL,,90,,51.0,72.0,0.0,Каса,Frame,DATABASE_EVIDENCE
Altest,07.0002,LS70,Двойна релса LS,1,1,51.0,0.0,88343265975.0,LS,AL,,90,07.0002.dxf,51.0,155.0,0.0,Каса,Frame,DATABASE_EVIDENCE
Altest,07.0003,LS70,Двойна релса LS+комарник,1,1,51.0,0.0,22363265487.0,LS,AL,,90,07.0003.dxf,51.0,171.0,0.0,Каса,Frame,DATABASE_EVIDENCE
Altest,07.0004,LS70,Тройна релса LS,1,1,51.0,0.0,23313495620.0,LS,AL,,90,07.0004.dxf,51.0,238.0,0.0,Каса,Frame,DATABASE_EVIDENCE
Altest,07.0005,LS70,Крило плъзгане LS,2,2,49.5,25.0,37333235878.0,LS,AL,,90,07.0005.dxf,99.5,67.0,0.0,Крило,Wing,DATABASE_EVIDENCE
Altest,07.0006,LS70,Срещащ профил LS,4,4,0.0,0.0,25333675874.0,LS,AL,,90,,0.0,0.0,0.0,Аксесоар,,DATABASE_EVIDENCE
Altest,07.0009,LS70,Капачка за крило LS,4,4,0.0,0.0,82313565529.0,PONI-MINI,AL,,90,,0.0,0.0,0.0,Аксесоар,,DATABASE_EVIDENCE
Altest,07.0010,LS70,Капачка за стена LS,4,4,0.0,0.0,80423285134.0,PONI-MINI,AL,,90,,0.0,0.0,0.0,Аксесоар,,DATABASE_EVIDENCE
Altest,07.0011,LS70,Капачка за стена LS,4,4,0.0,0.0,67443065213.0,PONI-MINI,AL,,90,,0.0,0.0,0.0,Аксесоар,,DATABASE_EVIDENCE
Altest,07.0012,ПЛЪЗГАЩ КОМАРНИК,Релса пл. ком. 300 0128,1,1,45.4,0.0,27443755871.0,PONI-MINI,,,90,,45.4,24.3,0.0,Каса,Frame,DATABASE_EVIDENCE
Altest,07.0013,LS70,Стъклод. 44мм,4,7,0.0,0.0,99463955353.0,PONI-MINI,стд,,90,,0.0,0.0,0.0,Стъклодържател,,DATABASE_EVIDENCE
Altest,07.0014,LS70,Фиксиращ профил LS,4,4,0.0,0.0,37443195255.0,PONI-MINI,AL,,90,,0.0,0.0,0.0,Аксесоар,,DATABASE_EVIDENCE
Altest,07.0015,LS70,Отводн. профил за LS 2р,4,18,0.0,0.0,24473875491.0,LS,AL,,90,,0.0,0.0,0.0,Външни елементи,,DATABASE_EVIDENCE
Altest,07.0016,LS70,Отводн. профил за LS 3р,4,18,0.0,0.0,4443385213.0,LS,AL,,90,,0.0,0.0,0.0,Външни елементи,,DATABASE_EVIDENCE
Altest,07.0017,LS70,Ус. профил дръжка LS,4,4,0.0,0.0,2483515214.0,PONI-MINI,AL,,90,,0.0,0.0,0.0,Аксесоар,,DATABASE_EVIDENCE
Altest,07.0018,LS70,Кап. за профил дръжка LS,4,4,0.0,0.0,93443825328.0,PONI-MINI,AL,,90,,0.0,0.0,0.0,Аксесоар,,DATABASE_EVIDENCE
Altest,07.0019,LS70,Капачка фиксираща LS,4,4,0.0,0.0,34423055768.0,PONI-MINI,AL,,90,,0.0,0.0,0.0,Аксесоар,,DATABASE_EVIDENCE
Altest,0807,ALTEST,AL козирка 70мм,4,13,0.0,0.0,24209487284.0,AL STUD - DOP,AL,,90,,0.0,0.0,0.0,Подпрозоречна дъска,,DATABASE_EVIDENCE
Altest,0809,ALTEST,AL козирка 90мм,4,13,0.0,0.0,37239437397.0,AL STUD - DOP,AL,,90,,0.0,0.0,0.0,Подпрозоречна дъска,,DATABASE_EVIDENCE
Altest,0811,ALTEST,AL козирка 110мм,4,13,0.0,0.0,15379837630.0,AL STUD - DOP,AL,,90,,0.0,0.0,0.0,Подпрозоречна дъска,,DATABASE_EVIDENCE
Altest,0813,ALTEST,AL козирка 130мм,4,13,0.0,0.0,47329397531.0,AL STUD - DOP,AL,,90,,0.0,0.0,0.0,Подпрозоречна дъска,,DATABASE_EVIDENCE
Altest,0815,ALTEST,AL козирка 150мм,4,13,0.0,0.0,23379237921.0,AL STUD - DOP,AL,,90,,0.0,0.0,0.0,Подпрозоречна дъска,,DATABASE_EVIDENCE
Altest,0817,ALTEST,AL козирка 170мм,4,13,0.0,0.0,44389417138.0,AL STUD - DOP,AL,,90,,0.0,0.0,0.0,Подпрозоречна дъска,,DATABASE_EVIDENCE
Altest,0819,ALTEST,AL козирка 190мм,4,13,0.0,0.0,22329847524.0,AL STUD - DOP,AL,,90,,0.0,0.0,0.0,Подпрозоречна дъска,,DATABASE_EVIDENCE
Altest,0821,ALTEST,AL козирка 210мм,4,13,0.0,0.0,19469887194.0,AL STUD - DOP,AL,,90,,0.0,0.0,0.0,Подпрозоречна дъска,,DATABASE_EVIDENCE
Altest,0822,ALTEST,AL козирка 225мм,4,13,0.0,0.0,31449517937.0,AL STUD - DOP,AL,,90,,0.0,0.0,0.0,Подпрозоречна дъска,,DATABASE_EVIDENCE
Altest,0824,ALTEST,AL козирка 240мм,4,13,0.0,0.0,68419747632.0,AL STUD - DOP,AL,,90,,0.0,0.0,0.0,Подпрозоречна дъска,,DATABASE_EVIDENCE
Altest,0826,ALTEST,AL козирка 260мм,4,13,0.0,0.0,60439147275.0,AL STUD - DOP,AL,,90,,0.0,0.0,0.0,Подпрозоречна дъска,,DATABASE_EVIDENCE
Altest,0828,ALTEST,AL козирка 280мм,4,13,0.0,0.0,48419627582.0,AL STUD - DOP,AL,,90,,0.0,0.0,0.0,Подпрозоречна дъска,,DATABASE_EVIDENCE
Altest,0830,ALTEST,AL козирка 300мм,4,13,0.0,0.0,93569617421.0,AL STUD - DOP,AL,,90,,0.0,0.0,0.0,Подпрозоречна дъска,,DATABASE_EVIDENCE
Altest,1001,MINI,Двойна релса MINI,1,1,37.5,0.0,30560308424.0,PONI-MINI,AL,,45,SL1001.dxf,37.5,45.5,0.0,Каса,Frame,DATABASE_EVIDENCE
Altest,1004,MINI,Единична релса MINI,1,1,37.5,0.0,87570418931.0,PONI-MINI,AL,,45,SL1004.dxf,37.5,30.3,0.0,Каса,Frame,DATABASE_EVIDENCE
Altest,1005,MINI,Тройна релса MINI,1,1,37.5,0.0,14510888322.0,PONI-MINI,AL,,45,SL1005.dxf,37.5,82.0,0.0,Каса,Frame,DATABASE_EVIDENCE
Altest,1011,MINI,Крило за стъклопакет MINI,2,2,61.0,0.0,50600338524.0,PONI-MINI,AL,,45,SL1011.dxf,61.0,28.0,0.0,Крило,Wing,DATABASE_EVIDENCE
Altest,1012,MINI,Kрило за ед. стъкло MINI,2,2,61.0,0.0,5610398690.0,PONI-MINI,AL,,45,SL1012.dxf,61.0,28.0,0.0,Крило,Wing,DATABASE_EVIDENCE
Altest,1017,PONY,Стъклод. 20мм,4,7,0.0,0.0,33620138114.0,PONI-MINI,стд,,90,,0.0,0.0,0.0,Стъклодържател,,DATABASE_EVIDENCE
Altest,102020092,ГИЛОТИНА,"Болт М6*20 ,din912",4,4,0.0,0.0,42858376707.0,Крепежи ,,,90,,0.0,0.0,0.0,Аксесоар,,DATABASE_EVIDENCE
Altest,1024,MINI,Делител за стп MINI,3,3,61.0,0.0,58720768744.0,PONI-MINI,AL,,45,,61.0,28.0,0.0,Делител,,DATABASE_EVIDENCE
Altest,1031,ПЛЪЗГАЩ КОМАРНИК,Крило пл. ком. 1031,2,2,54.0,0.0,13830508585.0,PONI-MINI,AL,,45,,54.0,16.1,0.0,Крило,Wing,DATABASE_EVIDENCE
Altest,103241,NPVC_Кр_Вр_70,Крило Врата Z VEKA 70 AD,2,2,64.0,20.0,23031818812.0,VEKA 70,KABAN_Cent,,45,,105.0,70.0,0.0,Крило,Wing,DATABASE_EVIDENCE
Altest,103242,NPVC_Кр_Вр_70,Крило Врата T VEKA 70 AD,2,2,64.0,20.0,71071278955.0,VEKA 70,KABAN_Cent,,45,,105.0,70.0,0.0,Крило,Wing,DATABASE_EVIDENCE
Altest,103445,NPVC_Кр_Вр_76,Крило Врата Z VEKA 82 MD,2,2,69.0,20.0,35291988206.0,VEKA 82MD,KABAN_Cent,,45,,114.0,82.0,0.0,Крило,Wing,DATABASE_EVIDENCE
Altest,103446,NPVC_Кр_Вр_76,Крило врата T VEKA 82 MD,2,2,69.0,20.0,81261328414.0,VEKA 82MD,KABAN_Cent,,45,,114.0,82.0,0.0,Крило,Wing,DATABASE_EVIDENCE
Altest,103485,NPVC_Кр_Вр_76,Крило врата Z VEKA 76 AD,2,2,69.0,20.0,26671938658.0,VEKA 76 AD,KABAN_Cent,,90,,114.0,76.0,0.0,Крило,Wing,DATABASE_EVIDENCE
Altest,103486,NPVC_Кр_Вр_76,Крило врата T VEKA 76 AD,2,2,69.0,20.0,69671478389.0,VEKA 76 AD,KABAN_Cent,,45,,114.0,76.0,0.0,Крило,Wing,DATABASE_EVIDENCE
Altest,1041,MINI,Капачка за крило MINI,4,4,0.0,0.0,39980918314.0,PONI-MINI,AL,,90,,0.0,0.0,0.0,Аксесоар,,DATABASE_EVIDENCE
Altest,105020005,ГИЛОТИНА,"Гайка М6 ,din 934",4,4,0.0,0.0,76211336572.0,,,,90,,0.0,0.0,0.0,Аксесоар,,DATABASE_EVIDENCE
Altest,1051,ПЛЪЗГАЩ КОМАРНИК,Каса пл. ком. 1031,1,1,37.0,0.0,51030388651.0,PONI-MINI,,,90,,37.0,30.9,0.0,Каса,Frame,DATABASE_EVIDENCE
Altest,106.200.1,ПМ Груп,Сглобка делител SL70,4,4,0.0,0.0,34992174135.0,Аксесоари,,,90,,0.0,0.0,0.0,Аксесоар,,DATABASE_EVIDENCE
Altest,1061,PONY,адаптор тр.колона мини,4,4,0.0,0.0,88150708285.0,PONI-MINI,,,90,,0.0,0.0,0.0,Аксесоар,,DATABASE_EVIDENCE
Altest,1071,MINI,Срещащ профил (целувка),4,4,0.0,0.0,36200848385.0,PONI-MINI,AL,,90,,0.0,0.0,0.0,Аксесоар,,DATABASE_EVIDENCE
Altest,109.282.2.9005,,"Капачка водобран лява VEKA 76 Черна
",4,4,0.0,0.0,64134170132.0,Akses.VEKA,,,45,,0.0,0.0,0.0,Аксесоар,,DATABASE_EVIDENCE
Altest,110126,,Транспортен профил 30мм VEKA,4,18,0.0,0.0,23518368589.0,VEKA 76 AD,,,90,,0.0,0.0,0.0,Външни елементи,,DATABASE_EVIDENCE
Altest,111210H105,,Патрон 45/60 НИКЕЛ,4,18,0.0,0.0,40360460354.0,,,,90,,0.0,0.0,0.0,Външни елементи,,DATABASE_EVIDENCE
Altest,111210H110,,Патрон 45/65 НИКЕЛ,4,18,0.0,0.0,71420920888.0,,,,90,,0.0,0.0,0.0,Външни елементи,,DATABASE_EVIDENCE
Altest,112.378.9005,,Четка към водобран Veka 76,4,0,0.0,0.0,93574270318.0,Akses.VEKA,,,90,,0.0,0.0,0.0,UNKNOWN,,DATABASE_EVIDENCE
Altest,116216,,"Адаптор с колонал  76/82мм, VEKA SOFTLINE 70AD, бя",4,15,0.0,0.0,84174928076.0,VEKA 76 AD,,,90,,0.0,0.0,0.0,Колона,,DATABASE_EVIDENCE
Altest,1200,PONY,Стъклод. 4мм,4,7,0.0,0.0,32790998715.0,PONI-MINI,стд,,90,,0.0,0.0,0.0,Стъклодържател,,DATABASE_EVIDENCE
Altest,1606.1 9005,SAVIO,"Дръжка RAL9005
",4,18,0.0,0.0,66534584577.0,,,,90,,0.0,0.0,0.0,Външни елементи,,DATABASE_EVIDENCE
Altest,1606.2F,SAVIO,Дръжка LS каса,4,18,0.0,0.0,87114672676.0,,,,90,,0.0,0.0,0.0,Външни елементи,,DATABASE_EVIDENCE
Altest,1606.401,SAVIO,"Квадрат за дръжка 200мм за 1606.1
",4,18,0.0,0.0,55174152712.0,,,,90,,0.0,0.0,0.0,Външни елементи,,DATABASE_EVIDENCE
Altest,17115,,Сгл Ригел 5013х45,4,4,0.0,0.0,12209478975.0,,,,90,,0.0,0.0,,Аксесоар,,DATABASE_EVIDENCE
Altest,17116,,Сгл Ригел 5013х95,4,4,0.0,0.0,31219508567.0,,,,90,,0.0,0.0,,Аксесоар,,DATABASE_EVIDENCE
Altest,17117,,Сгл Ригел 5012х45,4,4,0.0,0.0,73209578279.0,,,,90,,0.0,0.0,,Аксесоар,,DATABASE_EVIDENCE
Altest,17118,,Сгл Ригел 5012х95,4,4,0.0,0.0,74269838910.0,,,,90,,0.0,0.0,,Аксесоар,,DATABASE_EVIDENCE
Altest,2003424,,Брава мартина 92,4,30,0.0,0.0,18951700188.0,,,,90,,0.0,0.0,0.0,Мартина,,DATABASE_EVIDENCE
Altest,2022,MINI,Делител за ед. стъкло MINI,3,3,61.0,0.0,11891279373.0,PONI-MINI,AL,,45,,61.0,28.0,0.0,Делител,,DATABASE_EVIDENCE
Altest,2030.00472,STUBLINA,3D панта 18-23mm RAL8022,4,25,0.0,0.0,29626965524.0,,,,90,,0.0,0.0,0.0,Панта за врата,,DATABASE_EVIDENCE
Altest,2042,MINI,Адаптор стп/ед.ст. за 1024,4,4,0.0,0.0,88001269096.0,PONI-MINI,AL,,90,,0.0,0.0,0.0,Аксесоар,,DATABASE_EVIDENCE
Altest,230690,Maco,Брава мартина с задвижване от патрон ДМ35 4 сек пъ,4,12,0.0,0.0,68019259531.0,Maco,,,90,,0.0,0.0,0.0,Брава,,DATABASE_EVIDENCE
Altest,2453.710,SAVIO,Наср.Мартина SAVIO - Компл,4,4,0.0,0.0,56670580031.0,,,,90,,0.0,0.0,0.0,Аксесоар,,DATABASE_EVIDENCE
Altest,2453.799/1,SAVIO,"Кит от 2 бр. подложка за насрещник
",4,4,0.0,0.0,33837847615.0,,,,90,,0.0,0.0,0.0,Аксесоар,,DATABASE_EVIDENCE
Altest,2455.701,SAVIO,"Комплект за крило магнитен пин за под
",4,4,0.0,0.0,27760232268.0,,,,90,,0.0,0.0,0.0,Аксесоар,,DATABASE_EVIDENCE
Altest,2455.702,SAVIO,"Пин за крило 
",4,4,0.0,0.0,31740532546.0,,,,90,,0.0,0.0,0.0,Аксесоар,,DATABASE_EVIDENCE
Altest,2455.711,SAVIO,"Пин магнитен за под
",4,4,0.0,0.0,4810432935.0,,,,90,,0.0,0.0,0.0,Аксесоар,,DATABASE_EVIDENCE
Altest,2455.801,SAVIO,"Рамен механизъм допълнителен повдигащ механизъм
",4,4,0.0,0.0,72810272167.0,,,,90,,0.0,0.0,0.0,Аксесоар,,DATABASE_EVIDENCE
Altest,2455/400,SAVIO,"Рамен механизъм за релси
",4,4,0.0,0.0,36511732758.0,,,,90,,0.0,0.0,0.0,Аксесоар,,DATABASE_EVIDENCE
Altest,2456.700/16,SAVIO,"Доп. пружина за март.
 степен 16",4,4,0.0,0.0,32225921322.0,,,,90,,0.0,0.0,0.0,Аксесоар,,DATABASE_EVIDENCE
Altest,2456.700/32,SAVIO,"Допълнителна пружина за мартина
",4,4,0.0,0.0,83465011401.0,,,,90,,0.0,0.0,0.0,Аксесоар,,DATABASE_EVIDENCE
Altest,2456.700/48,SAVIO,"Допълнителна пружина за мартина
",4,4,0.0,0.0,75505261817.0,,,,90,,0.0,0.0,0.0,Аксесоар,,DATABASE_EVIDENCE
Altest,2456.700/64,SAVIO,"Допълнителна пружина за мартина
",4,4,0.0,0.0,55715151964.0,,,,90,,0.0,0.0,0.0,Аксесоар,,DATABASE_EVIDENCE
Altest,2456.700/96,SAVIO,"Допълнителна пружина за мартина
",4,4,0.0,0.0,21095421313.0,,,,90,,0.0,0.0,0.0,Аксесоар,,DATABASE_EVIDENCE
Altest,2456.802,SAVIO,"Кит крепежи за насрещник 2453.7
",4,4,0.0,0.0,58910393654.0,,,,90,,0.0,0.0,0.0,Аксесоар,,DATABASE_EVIDENCE
Altest,2456.810,SAVIO,"Планка фиксираща за насрещник
",4,4,0.0,0.0,88070623450.0,,,,90,,0.0,0.0,0.0,Аксесоар,,DATABASE_EVIDENCE
Altest,2456/23,SAVIO,"Мартина от 1864 до 2313
",4,30,0.0,0.0,21631183119.0,,,,90,,0.0,0.0,0.0,Мартина,,DATABASE_EVIDENCE
Altest,2456/27 F,SAVIO,"Мартина от 2314 до 2763
",4,30,0.0,0.0,34346013583.0,,,,90,,0.0,0.0,0.0,Мартина,,DATABASE_EVIDENCE
Altest,2456/32 F,SAVIO,"Мартина от 2764 до 3213
",4,30,0.0,0.0,41991383011.0,,,,90,,0.0,0.0,0.0,Мартина,,DATABASE_EVIDENCE
Altest,2456/36 F,SAVIO,"Мартина от 3214 до 3663
",4,30,0.0,0.0,42325703110.0,,,,90,,0.0,0.0,0.0,Мартина,,DATABASE_EVIDENCE
Altest,2456/41 F,SAVIO,"Мартина от 3664 до 4113
",4,30,0.0,0.0,81930813420.0,,,,90,,0.0,0.0,0.0,Мартина,,DATABASE_EVIDENCE
Altest,2457.400L,SAVIO,"Комплект 2 крила подвижни (дясно поглед отвътре)
",4,4,0.0,0.0,21438784509.0,,,,90,,0.0,0.0,0.0,Аксесоар,,DATABASE_EVIDENCE
Altest,2457.400R,SAVIO,"Комплект 2 крила подвижни (ляво поглед отвътре)
",4,4,0.0,0.0,85498174774.0,,,,90,,0.0,0.0,0.0,Аксесоар,,DATABASE_EVIDENCE
Altest,2457.401L,SAVIO,Комплект 2 крила подвижно с фикс (дясно поглед отв,4,4,0.0,0.0,82578524903.0,,,,90,,0.0,0.0,0.0,Аксесоар,,DATABASE_EVIDENCE
Altest,2457.401R,SAVIO,Комплект 2 крила подвижно с фикс (ляво поглед отвъ,4,4,0.0,0.0,83578434311.0,,,,90,,0.0,0.0,0.0,Аксесоар,,DATABASE_EVIDENCE
Altest,2457.801,SAVIO,"Кит за блокиране монтажна релса
",4,4,0.0,0.0,8030544556.0,,,,90,,0.0,0.0,0.0,Аксесоар,,DATABASE_EVIDENCE
Altest,2457.872,SAVIO,Шипка за релса към полиамид,4,4,0.0,0.0,43780654172.0,,,,90,,0.0,0.0,0.0,Аксесоар,,DATABASE_EVIDENCE
Altest,2457.874,SAVIO,Шипка за капачка към полиамид,4,4,0.0,0.0,56720154534.0,,,,90,,0.0,0.0,0.0,Аксесоар,,DATABASE_EVIDENCE
Altest,2457.874/20,SAVIO,Шипка за капачка към полиамид,4,4,0.0,0.0,66642739078.0,,,,90,,0.0,0.0,0.0,Аксесоар,,DATABASE_EVIDENCE
Altest,2457.880,SAVIO,"Кит за фикс крило
",4,4,0.0,0.0,34880664658.0,,,,90,,0.0,0.0,0.0,Аксесоар,,DATABASE_EVIDENCE
Altest,2457.884,SAVIO,"Кит фикс само горни парчета към щипки
",4,4,0.0,0.0,48820014427.0,,,,90,,0.0,0.0,0.0,Аксесоар,,DATABASE_EVIDENCE
Altest,2457.GA10X5,SAVIO,Soft biadesive sponge 10x6 mm central labyrinth,4,34,0.0,0.0,73713219830.0,,,,90,,0.0,0.0,0.0,Уплътнение,,DATABASE_EVIDENCE
Altest,2457.GAM10X5,SAVIO,Уплътнение-гъба(интерлок),4,34,0.0,0.0,57484919757.0,,,,90,,0.0,0.0,0.0,Уплътнение,,DATABASE_EVIDENCE
Altest,2457.GP01,SAVIO,Гума Балонче - SAVIO,4,4,0.0,0.0,56580844333.0,,,,90,,0.0,0.0,0.0,Аксесоар,,DATABASE_EVIDENCE
Altest,2457.GS07,SAVIO,"Четка
 8mm",4,4,0.0,0.0,32863334837.0,,,,90,,0.0,0.0,0.0,Аксесоар,,DATABASE_EVIDENCE
Altest,25901785/580,SAVIO,"Капачка при крило насрещници (Полиамид)
",4,4,0.0,0.0,20720163414.0,,,,90,,0.0,0.0,0.0,Аксесоар,,DATABASE_EVIDENCE
Altest,25901885/580,SAVIO,"Полиамид при релси външен
",4,4,0.0,0.0,84880053842.0,,,,90,,0.0,0.0,0.0,Аксесоар,,DATABASE_EVIDENCE
Altest,25902085/580,SAVIO,"Полиамид интерлок/гарга
 5.8m",4,4,0.0,0.0,93171473783.0,,,,90,,0.0,0.0,0.0,Аксесоар,,DATABASE_EVIDENCE
Altest,25902185/580,SAVIO,"Полиамид при релси вътрешен
 5.8m",4,4,0.0,0.0,40291413816.0,,,,90,,0.0,0.0,0.0,Аксесоар,,DATABASE_EVIDENCE
Altest,276525,SIEGENIA,март.об.отв.200-400,4,8,0.0,0.0,15225729483.0,Siegenia,,,90,,0.0,0.0,13.0,Обков,,DATABASE_EVIDENCE
Altest,286364,SIEGENIA,S Насрещник за сюрме VА0905,4,8,0.0,0.0,35585949578.0,Group,,,90,,0.0,0.0,0.0,Обков,,DATABASE_EVIDENCE
Altest,294116,SIEGENIA,КАПАЧКА ПАНТА ФАЛ,4,10,0.0,0.0,11743349356.0,SIEGENIA,,,90,,0.0,0.0,,Капачки,,DATABASE_EVIDENCE
Altest,294277,SIEGENIA,КАПАЧКА ПАНТА ФАЛ,4,10,0.0,0.0,21463439680.0,SIEGENIA,,,90,,0.0,0.0,,Капачки,,DATABASE_EVIDENCE
Altest,300 0128,LS70,Крило пл. ком. 300 0128,2,2,61.0,0.0,86668352161.0,PONI-MINI,AL,,45,,61.0,18.6,0.0,Крило,Wing,DATABASE_EVIDENCE
Altest,300 0128-,LS70,Крило пл. ком. 300 0128,4,2,0.0,0.0,8268872253.0,PONI-MINI,AL,,45,,0.0,0.0,0.0,Крило,Wing,DATABASE_EVIDENCE
Altest,300 0130,ALTEST,Релса пл. ком. 300 0130,1,1,35.2,0.0,39738442336.0,PONI-MINI,,,90,,35.2,16.3,0.0,Каса,Frame,DATABASE_EVIDENCE
Altest,300 4124,PONY,AL перваз,4,4,0.0,0.0,2042402574.0,AL STUD - DOP,AL,,45,,0.0,0.0,0.0,Аксесоар,,DATABASE_EVIDENCE
Altest,300 4126,PONY,Покриваща капачка каса,4,15,0.0,0.0,91022552774.0,PONI-MINI,AL,,90,,0.0,0.0,0.0,Колона,,DATABASE_EVIDENCE
Altest,300 4185,PONY,Водач ролетна щора,4,4,0.0,0.0,50682752100.0,PONI-MINI,AL,,90,,0.0,0.0,0.0,Аксесоар,,DATABASE_EVIDENCE
Altest,300 4311,PONY,каса кутия,1,1,20.0,0.0,15122852748.0,PONI-MINI,AL,,45,300 4311.dxf,44.38,122.9,0.0,Каса,Frame,DATABASE_EVIDENCE
Altest,3000066.2,,3000066.2,4,4,0.0,0.0,32702408682.0,,,,90,,0.0,0.0,0.0,Аксесоар,,DATABASE_EVIDENCE
Altest,3003302,Ролетен Комарник,Водач за рол. ком,4,36,0.0,0.0,67751731727.0,AL STUD - DOP,AL,,90,,0.0,0.0,0.0,Комарник  - Профил,,DATABASE_EVIDENCE
Altest,3003302.2-не,Ролетен Комарник,Водач за рол. ком.бял 9016,4,36,0.0,0.0,29521651334.0,,,,90,,0.0,0.0,0.0,Комарник  - Профил,,DATABASE_EVIDENCE
Altest,3312,KMG,AL кап. проз. крило 6к KMG,4,4,0.0,0.0,76162780318.0,PONI-MINI,,,90,,0.0,0.0,0.0,Аксесоар,,DATABASE_EVIDENCE
Altest,3314,KMG,AL кап. проз.крило обло 6к,4,4,0.0,0.0,47102420442.0,PONI-MINI,,,90,,0.0,0.0,0.0,Аксесоар,,DATABASE_EVIDENCE
Altest,3315,KMG,AL кап. каса 6к KMG,4,4,0.0,0.0,53132860336.0,PONI-MINI,,,90,,0.0,0.0,0.0,Аксесоар,,DATABASE_EVIDENCE
Altest,3316,KMG,AL кап. делител 6к KMG,4,4,0.0,0.0,53122560452.0,PONI-MINI,,,90,,0.0,0.0,0.0,Аксесоар,,DATABASE_EVIDENCE
Altest,3318,KMG,AL кап. крило врата 6к KMG,4,4,0.0,0.0,61142120932.0,PONI-MINI,,,90,,0.0,0.0,0.0,Аксесоар,,DATABASE_EVIDENCE
Altest,3319,KMG,AL кап. пр.кр.+лет.дел. 6к KMG,4,4,0.0,0.0,97112550146.0,PONI-MINI,,,90,,0.0,0.0,0.0,Аксесоар,,DATABASE_EVIDENCE
Altest,348410,,Наср. S-ES Veka Topline/348410,4,4,0.0,0.0,96028840615.0,,,,90,,0.0,0.0,0.0,Аксесоар,,DATABASE_EVIDENCE
Altest,375 0004,PONY,Каса Pony 004 нулева,1,1,6.2,0.0,71573482508.0,PONI-MINI,AL,,90,,28.2,37.5,0.0,Каса,Frame,DATABASE_EVIDENCE
Altest,375 0005,PONY,Каса Pony 005 малка,1,1,24.8,0.0,36523742144.0,PONI-MINI,AL,,45,,46.8,37.5,0.0,Каса,Frame,DATABASE_EVIDENCE
Altest,375 0005-,PONY,Каса Pony 005,1,1,24.8,28.8,18881682933.0,PONI-MINI,AL,,90,,75.6,37.5,0.0,Каса,Frame,DATABASE_EVIDENCE
Altest,375 0006,PONY,Каса Pony 006 с перо,1,1,24.8,28.8,24583752272.0,PONI-MINI,AL,,90,,75.6,37.5,0.0,Каса,Frame,DATABASE_EVIDENCE
Altest,375 0010,PONY,Каса Pony 010,1,1,35.2,0.0,48623512967.0,PONI-MINI,AL,,45,3750010.dxf,57.2,37.5,0.0,Каса,Frame,DATABASE_EVIDENCE
Altest,375 0011,PONY,Каса Pony 011,1,1,30.0,0.0,11643942041.0,PONI-MINI,AL,,90,,52.0,37.5,0.0,Каса,Frame,DATABASE_EVIDENCE
Altest,375 0020,PONY,Каса Pony 020 обла малка,1,1,24.8,0.0,39793822385.0,PONI-MINI,AL,,45,,46.8,45.0,0.0,Каса,Frame,DATABASE_EVIDENCE
Altest,375 0035,PONY,Каса Pony 035 обла,1,1,35.2,0.0,84803792148.0,PONI-MINI,AL,,45,,57.2,45.0,0.0,Каса,Frame,DATABASE_EVIDENCE
Altest,375 0040,PONY,Каса Pony обла малка с перо,1,1,24.8,26.8,84943622986.0,PONI-MINI,AL,,45,,73.6,48.8,0.0,Каса,Frame,DATABASE_EVIDENCE
Altest,375 0050,PONY,Каса Pony бомбе малка,1,1,24.8,0.0,42003622055.0,PONI-MINI,AL,,45,,46.8,73.8,0.0,Каса,Frame,DATABASE_EVIDENCE
Altest,375 0055,PONY,Каса Pony бомбе,1,1,35.2,0.0,17023232369.0,PONI-MINI,AL,,45,,57.2,73.8,0.0,Каса,Frame,DATABASE_EVIDENCE
Altest,375 0110,PONY,Крило Pony право,2,2,33.4,17.5,25723652623.0,PONI-MINI,AL,,45,,72.9,45.0,0.0,Крило,Wing,DATABASE_EVIDENCE
Altest,375 0115,PONY,Крило Pony врата Z право,2,2,54.4,17.5,56703002860.0,PONI-MINI,AL,,45,,93.9,45.0,0.0,Крило,Wing,DATABASE_EVIDENCE
Altest,375 0120,PONY,Крило Pony врата T право,2,2,54.4,17.5,67853862395.0,PONI-MINI,AL,,45,,93.9,45.0,0.0,Крило,Wing,DATABASE_EVIDENCE
Altest,375 0125,PONY,Крило Pony обло малко,2,2,22.9,17.5,71813712441.0,PONI-MINI,AL,,45,3750125.dxf,62.4,45.0,0.0,Крило,Wing,DATABASE_EVIDENCE
Altest,375 0135,PONY,Крило Pony врата Z,2,2,54.4,17.5,65913732249.0,PONI-MINI,AL,,45,3750135.dxf,93.9,45.0,0.0,Крило,Wing,DATABASE_EVIDENCE
Altest,375 0138,PONY,Крило Pony врата Z,2,2,54.4,17.5,37913352738.0,PONI-MINI,AL,,90,,93.9,45.0,0.0,Крило,Wing,DATABASE_EVIDENCE
Altest,375 0140,PONY,Крило Pony врата T,2,2,54.4,17.5,50033282965.0,PONI-MINI,AL,,45,3750140.dxf,93.9,45.0,0.0,Крило,Wing,DATABASE_EVIDENCE
Altest,375 0155,PONY,Крило Pony врата без държач,2,2,71.4,17.5,37143062753.0,PONI-MINI,AL,,45,,88.9,45.0,0.0,Крило,Wing,DATABASE_EVIDENCE
Altest,375 0175,PONY,Крило Pony капаци,2,2,52.5,17.5,62363712588.0,PONI-MINI,AL,,45,,70.0,45.0,0.0,Крило,Wing,DATABASE_EVIDENCE
Altest,375 0180,PONY,Делител Pony за капаци,3,3,60.0,0.0,16403302884.0,PONI-MINI,AL,,45,,60.0,32.5,0.0,Делител,,DATABASE_EVIDENCE
Altest,375 0185,PONY,Добавка за крило капаци,4,4,0.0,0.0,85443342849.0,PONI-MINI,,,90,,0.0,0.0,0.0,Аксесоар,,DATABASE_EVIDENCE
Altest,375 0190,PONY,Ламел за капаци,4,50,0.0,0.0,63533182854.0,PONI-MINI,AL,,90,,0.0,0.0,0.0,Стъклопакети  - Аксесоар,,DATABASE_EVIDENCE
Altest,375 0205,PONY,Делител Pony малък,3,3,20.8,22.0,14723312434.0,PONI-MINI,AL,,45,,64.8,37.5,0.0,Делител,,DATABASE_EVIDENCE
Altest,375 0210,PONY,Делител Pony среден,3,3,29.0,22.0,36823842682.0,PONI-MINI,AL,,45,3750210.dxf,73.0,37.5,0.0,Делител,,DATABASE_EVIDENCE
Altest,375 0215,PONY,Делител Pony голям,3,3,40.0,22.0,5893152602.0,PONI-MINI,AL,,45,3750215.dxf,84.0,37.5,0.0,Делител,,DATABASE_EVIDENCE
Altest,375 0225,PONY,Табла Pony голяма,3,3,108.0,0.0,61943142314.0,PONI-MINI,AL,,90,,130.0,37.5,0.0,Делител,,DATABASE_EVIDENCE
Altest,375 0226,PONY,Табла Pony малка,3,3,43.0,0.0,21973552412.0,PONI-MINI,AL,,90,,65.0,37.5,0.0,Делител,,DATABASE_EVIDENCE
Altest,375 0305,PONY,Лет. дел. Pony прав,4,5,0.0,0.0,44823962335.0,PONI-MINI,AL,,90,,0.0,0.0,0.0,Летящ делител,,DATABASE_EVIDENCE
Altest,375 0310,PONY,Лет. дел. Pony объл,4,5,0.0,0.0,50973402558.0,PONI-MINI,AL,,90,,0.0,0.0,0.0,Летящ делител,,DATABASE_EVIDENCE
Altest,375 0325,PONY,Добавка крило лет. вр.,4,4,0.0,0.0,62023122337.0,PONI-MINI,AL,,90,,0.0,0.0,0.0,Аксесоар,,DATABASE_EVIDENCE
Altest,375 0330,PONY,Колона 90 малка,4,15,0.0,0.0,39173322556.0,AL STUD - DOP,AL,,90,,0.0,0.0,0.0,Колона,,DATABASE_EVIDENCE
Altest,375 0330-1,PONY,Колона 90 голяма,4,15,0.0,0.0,76484553142.0,AL STUD - DOP,AL,,90,,0.0,0.0,0.0,Колона,,DATABASE_EVIDENCE
Altest,375 0335,PONY,Колона 45гр.,4,15,0.0,0.0,75143572824.0,AL STUD - DOP,AL,,90,,0.0,0.0,0.0,Колона,,DATABASE_EVIDENCE
Altest,375 0340,PONY,Тръба Pony Ф40,4,15,0.0,0.0,12233212121.0,PONI-MINI,AL,,90,,0.0,0.0,0.0,Колона,,DATABASE_EVIDENCE
Altest,375 0345,PONY,Адаптор тръба малък,4,15,0.0,0.0,78203722253.0,PONI-MINI,AL,,90,,0.0,0.0,0.0,Колона,,DATABASE_EVIDENCE
Altest,375 0345-1,PONY,Адаптор тръба голям,4,15,0.0,0.0,63075594444.0,PONI-MINI,AL,,90,,0.0,0.0,0.0,Колона,,DATABASE_EVIDENCE
Altest,375 0350,PONY,AL перваз малък 28мм,4,4,0.0,0.0,10363262725.0,AL STUD - DOP,AL,,90,,0.0,0.0,0.0,Аксесоар,,DATABASE_EVIDENCE
Altest,375 0350-1,PONY,AL перваз голям 50мм,4,4,0.0,0.0,48666315919.0,AL STUD - DOP,AL,,90,,0.0,0.0,0.0,Аксесоар,,DATABASE_EVIDENCE
Altest,375 0355,PONY,Свързващ профил,4,4,0.0,0.0,15313032747.0,PONI-MINI,AL,,90,,0.0,0.0,0.0,Аксесоар,,DATABASE_EVIDENCE
Altest,375 0360,PONY,Добавка крило Pony малка,4,4,0.0,0.0,60453382549.0,PONI-MINI,AL,,90,,0.0,0.0,0.0,Аксесоар,,DATABASE_EVIDENCE
Altest,375 0361,PONY,Добавка крило Pony голяма,4,4,0.0,0.0,2413672656.0,AL STUD - DOP,AL,,90,,0.0,0.0,0.0,Аксесоар,,DATABASE_EVIDENCE
Altest,375 0365,PONY,AL праг за Pony елоксиран,1,1,16.0,0.0,81453502208.0,PONI-MINI,AL,,45,,16.0,33.3,0.0,Каса,Frame,DATABASE_EVIDENCE
Altest,375 0370,ESKIMOS,Добавка крило Eskimos,4,4,0.0,0.0,58563852323.0,AL STUD - DOP,AL,,90,,0.0,0.0,0.0,Аксесоар,,DATABASE_EVIDENCE
Altest,375 0405,PONY,Каса Pony летяща врата,1,1,22.3,0.0,16983532562.0,PONI-MINI,AL,,45,,22.3,37.5,0.0,Каса,Frame,DATABASE_EVIDENCE
Altest,375 0410,PONY,Крило Pony летяща врата,2,2,52.4,0.0,77023872742.0,PONI-MINI,AL,,45,,74.4,37.5,0.0,Крило,Wing,DATABASE_EVIDENCE
Altest,375 0415,PONY,Добавка дел. за лет. вр.,4,4,0.0,0.0,16083972222.0,AL STUD - DOP,AL,,90,,0.0,0.0,0.0,Аксесоар,,DATABASE_EVIDENCE
Altest,375 0510,PONY,Стъклод. 0мм,4,7,0.0,0.0,74143662227.0,PONI-MINI,стд,,90,,0.0,0.0,0.0,Стъклодържател,,DATABASE_EVIDENCE
Altest,375 0520,PONY,Стъклод. 4мм,4,7,0.0,0.0,30243592918.0,PONI-MINI,стд,,90,,0.0,0.0,0.0,Стъклодържател,,DATABASE_EVIDENCE
Altest,375 0530,PONY,Стъклод. 24/8мм,4,7,0.0,0.0,86393772318.0,PONI-MINI,стд,,90,,0.0,0.0,0.0,Стъклодържател,,DATABASE_EVIDENCE
Altest,375 0550,PONY,Стъклод. 24мм,4,7,0.0,0.0,32533432176.0,PONI-MINI,стд,,90,,0.0,0.0,0.0,Стъклодържател,,DATABASE_EVIDENCE
Altest,375 0605,PONY,Каса Pony инт. врата,1,1,26.0,39.5,83193172855.0,PONI-MINI,AL,,90,,87.5,106.1,0.0,Каса,Frame,DATABASE_EVIDENCE
Altest,375 0610,ALTEST,Удълж. интер. каса,4,4,0.0,0.0,87273182903.0,PONI-MINI,AL,,90,,0.0,0.0,0.0,Аксесоар,,DATABASE_EVIDENCE
Altest,375 0615,ALTEST,Перваз инериорна каса,4,4,0.0,0.0,75273552752.0,PONI-MINI,AL,,90,,0.0,0.0,0.0,Аксесоар,,DATABASE_EVIDENCE
Altest,375 0800,Стъклен балкон,Каса вертикали,1,1,94.5,0.0,6333262287.0,PONI-MINI,AL,,90,,94.5,40.9,0.0,Каса,Frame,DATABASE_EVIDENCE
Altest,375 0801,Стъклен балкон,Каса хоризонтали,1,1,60.7,0.0,59303452432.0,PONI-MINI,AL,,90,,60.7,40.0,0.0,Каса,Frame,DATABASE_EVIDENCE
Altest,375 0802,Стъклен балкон,Крило стъклен балкон,2,2,44.0,0.0,18363482861.0,PONI-MINI,AL,,90,,44.0,40.0,0.0,Крило,Wing,DATABASE_EVIDENCE
Altest,38.0001,LS 38,Двойна релса LS38,1,1,46.0,0.0,73746118225.0,LS,AL,,90,380001.dxf,46.0,93.5,0.0,Каса,Frame,DATABASE_EVIDENCE
Altest,38.0002,LS 38,Тройна релса LS38,1,1,46.0,0.0,67766148868.0,LS,AL,,90,380002.dxf,46.0,143.5,0.0,Каса,Frame,DATABASE_EVIDENCE
Altest,38.0003,LS38,Двойна релса за фикс LS38,1,1,28.6,0.0,4726598172.0,LS,AL,,90,,46.6,93.5,0.0,Каса,Frame,DATABASE_EVIDENCE
Altest,38.0004,LS38,Каса за FIX LS38,1,1,43.0,0.0,38766598897.0,LS,AL,,90,380004.dxf,65.0,93.5,0.0,Каса,Frame,DATABASE_EVIDENCE
Altest,38.0007,LS 38,Крило плъзгане LS38,2,2,47.4,41.6,35756628185.0,LS,AL,,90,380007.dxf,89.0,37.5,0.0,Крило,Wing,DATABASE_EVIDENCE
Altest,38.0009,LS38,Каса за FIX LS38 IZNOS,1,1,43.0,0.0,42716368347.0,LS,AL,,45,,65.0,93.5,1.0,Каса,Frame,DATABASE_EVIDENCE
Altest,38.0010,LS38,Срещащ профил за LS38,4,4,0.0,0.0,73816608382.0,PONI-MINI,AL,,90,,0.0,0.0,0.0,Аксесоар,,DATABASE_EVIDENCE
Altest,38.0011,LS38,Стъклодържач LS 24мм,4,7,0.0,0.0,17856498329.0,PONI-MINI,стд,,90,,0.0,0.0,0.0,Стъклодържател,,DATABASE_EVIDENCE
Altest,38.0012,LS38,Покриваща капачка за релса за LS38,4,4,0.0,0.0,83876088508.0,PONI-MINI,AL,,90,,0.0,0.0,0.0,Аксесоар,,DATABASE_EVIDENCE
Altest,38.0013,LS38,Капачка за LS38,4,4,0.0,0.0,98816748817.0,PONI-MINI,AL,,90,,0.0,0.0,0.0,Аксесоар,,DATABASE_EVIDENCE
Altest,38.0014,LS38,Уширение Двойна релса LS38,4,18,0.0,0.0,25856558305.0,LS,AL,,90,,0.0,0.0,0.0,Външни елементи,,DATABASE_EVIDENCE
Altest,38.0015,LS38,Уширение Тройна релса LS38,4,18,0.0,0.0,72896078461.0,LS,AL,,90,,0.0,0.0,0.0,Външни елементи,,DATABASE_EVIDENCE
Altest,38.0016,LS38,Добавка срещащ профил LS38,4,4,0.0,0.0,61876308867.0,AL STUD - DOP,AL,,90,,0.0,0.0,0.0,Аксесоар,,DATABASE_EVIDENCE
Altest,38.0017,LS38,Присъединителен профил LS38,4,4,0.0,0.0,65856638795.0,PONI-MINI,AL,,90,,0.0,0.0,0.0,Аксесоар,,DATABASE_EVIDENCE
Altest,38.0020,LS 38,Двойна релса LS38 N,1,1,46.0,0.0,67916558429.0,LS,AL,,90,380020.dxf,46.0,109.6,0.0,Каса,Frame,DATABASE_EVIDENCE
Altest,38.0030,LS 38,Тройна релса LS38 N,1,1,46.0,0.0,71046548636.0,LS,AL,,90,380030.dxf,46.0,143.5,0.0,Каса,Frame,DATABASE_EVIDENCE
Altest,391.961/8995,GreenteQ,GreenteQ квадрат 8мм с 3винта - 89-95мм,4,18,0.0,0.0,39023655490.0,Дръжки,,,90,,0.0,0.0,0.0,Външни елементи,,DATABASE_EVIDENCE
Altest,399.413/0100,GreenteQ,Панта врата GreenteQ СИВА,4,25,0.0,0.0,70570757326.0,,,,90,,0.0,0.0,0.0,Панта за врата,,DATABASE_EVIDENCE
Altest,399.413/0900,GreenteQ,Панта врата GreenteQ КАФЕ,4,25,0.0,0.0,57330477768.0,,,,90,,0.0,0.0,0.0,Панта за врата,,DATABASE_EVIDENCE
Altest,399.413/1000,GreenteQ,Панта врата GreenteQ БЯЛА,4,25,0.0,0.0,31571867132.0,,,,90,,0.0,0.0,0.0,Панта за врата,,DATABASE_EVIDENCE
Altest,470001,FS470,"КАСА - СТРАНИЧНА , ALT",1,1,35.0,0.0,24171821419.0,WDS 70,AL,,45,,0.0,60.0,0.0,Каса,Frame,DATABASE_EVIDENCE
Altest,470002,FS470,"КАСА - ПОДРАМКА , ALT",1,1,31.0,0.0,70171381784.0,WDS 70,AL,,45,,0.0,63.2,0.0,Каса,Frame,DATABASE_EVIDENCE
Altest,470007,FS470,"КАСА - ДОЛНА , ALT",1,1,60.0,0.0,34101321748.0,WDS 70,AL,,45,,0.0,60.0,0.0,Каса,Frame,DATABASE_EVIDENCE
Altest,470010,FS470,"КАСА - ГОРНА , ALT",1,1,67.0,0.0,19251141194.0,WDS 70,AL,,45,,83.0,60.0,0.0,Каса,Frame,DATABASE_EVIDENCE
Altest,470011,FS470,"Стъклодържател 32мм , STA",4,7,0.0,0.0,54291221223.0,PONI-MINI,стд,,90,,0.0,0.0,0.0,Стъклодържател,,DATABASE_EVIDENCE
Altest,470020,FS470,Държач за праг,4,7,0.0,0.0,13301211326.0,PONI-MINI,,,90,,0.0,0.0,0.0,Стъклодържател,,DATABASE_EVIDENCE
Altest,470021,FS470,Добавка праг,4,7,0.0,0.0,45371371683.0,PONI-MINI,,,90,,0.0,0.0,0.0,Стъклодържател,,DATABASE_EVIDENCE
Altest,470023,FS470,Добавка -подов адаптор,4,7,0.0,0.0,45341271936.0,PONI-MINI,,,90,,0.0,0.0,0.0,Стъклодържател,,DATABASE_EVIDENCE
Altest,470030,FS470,"КРИЛО - АДАПТЕР ЗА ВРАТА КЪМ СП ,  ALT",2,0,21.0,0.0,97461511144.0,WDS 70,AL,,45,,39.0,60.0,0.0,UNKNOWN,,DATABASE_EVIDENCE
Altest,470040,FS470,"КРИЛО - АДАПТЕР ЗА ВРАТА КЪМ БРАВА , ALT",2,0,21.0,0.0,16511631536.0,WDS 70,AL,,45,,30.0,60.0,0.0,UNKNOWN,,DATABASE_EVIDENCE
Altest,470050,FS470,"КРИЛО - АДАПТЕР ЗА КРИЛО , ALT",2,0,50.0,0.0,27621341790.0,WDS 70,AL,,45,,0.0,60.0,0.0,UNKNOWN,,DATABASE_EVIDENCE
Altest,470085,FS470,"КРИЛО - АДАПТЕР ЗА КРИЛО ИНТЕРЛОК , ALT",2,0,85.0,0.0,57901341955.0,WDS 70,AL,,45,,0.0,60.0,0.0,UNKNOWN,,DATABASE_EVIDENCE
Altest,470116,FS470,Добавка към уплътнение,4,7,0.0,0.0,72331011289.0,PONI-MINI,,,90,,0.0,0.0,0.0,Стъклодържател,,DATABASE_EVIDENCE
Altest,470600,FS470,Основа дренажен канал,4,7,0.0,0.0,30781541440.0,PONI-MINI,,,90,,0.0,0.0,0.0,Стъклодържател,,DATABASE_EVIDENCE
Altest,470601,FS470,Адаптор към решетка дренаж,4,7,0.0,0.0,19711491393.0,PONI-MINI,,,90,,0.0,0.0,0.0,Стъклодържател,,DATABASE_EVIDENCE
Altest,470610,FS470,Решетка дренажен канал,4,7,0.0,0.0,11811431376.0,PONI-MINI,,,90,,0.0,0.0,0.0,Стъклодържател,,DATABASE_EVIDENCE
Altest,482.01,KMG,Стъклoд. KMG 24мм объл,4,7,0.0,0.0,34273681984.0,KMG SD,,,45,,0.0,0.0,0.0,Стъклодържател,,DATABASE_EVIDENCE
Altest,482.05,PVC KMG 60mm,Крило KMG 3к,2,2,36.0,20.0,99283821363.0,KMG основни,KABAN_Cent,,45,,78.0,60.0,2.0,Крило,Wing,DATABASE_EVIDENCE
Altest,482.11,KMG,Летящ делител за 4к KMG,4,5,0.0,0.0,58383731597.0,KMG основни,ПВЦ - Лет.Дел,,90,,0.0,0.0,0.0,Летящ делител,,DATABASE_EVIDENCE
Altest,482.12,KMG,Уширение 35мм за 4к KMG,4,16,0.0,0.0,35323541423.0,KMG DOP,,,90,,0.0,0.0,0.0,Уширител,,DATABASE_EVIDENCE
Altest,482.13,KMG,Свързващ профил KMG външен,4,17,0.0,0.0,12353351642.0,KMG DOP,,,90,,0.0,0.0,0.0,Каси,,DATABASE_EVIDENCE
Altest,482.14,KMG,Стъклoд. KMG 4мм,4,7,0.0,0.0,63373761611.0,KMG SD,стд,,45,,0.0,0.0,0.0,Стъклодържател,,DATABASE_EVIDENCE
Altest,482.15,KMG,Стъклoд. KMG 24/34мм,4,7,0.0,0.0,73353241818.0,KMG SD,,,45,,0.0,0.0,0.0,Стъклодържател,,DATABASE_EVIDENCE
Altest,482.18,PVC KMG 60mm,Крило KMG 4к,2,2,36.0,20.0,68303761492.0,KMG основни,KABAN_Cent,,45,,78.0,60.0,2.0,Крило,Wing,DATABASE_EVIDENCE
Altest,482.20,PVC KMG 60mm,Каса KMG 4к,1,1,46.0,0.0,54433281471.0,KMG основни,KABAN_Cent,,45,,68.0,60.0,2.0,Каса,Frame,DATABASE_EVIDENCE
Altest,482.21,PVC KMG 60mm,Делител KMG 4к,3,3,40.0,22.0,50433261597.0,KMG основни,KABAN_Cent,,45,,84.0,60.0,2.0,Делител,,DATABASE_EVIDENCE
Altest,482.22,KMG,Стъклoд. KMG 32/42мм,4,7,0.0,0.0,41443821563.0,KMG SD,,,45,,0.0,0.0,0.0,Стъклодържател,,DATABASE_EVIDENCE
Altest,482.23,БАЛКОНСКО_КРИЛО,Балк. крило Т KMG 4к,2,2,53.0,20.0,57423181738.0,KMG основни,KABAN_Cent,,45,,95.0,60.0,2.0,Крило,Wing,DATABASE_EVIDENCE
Altest,482.24,PVC KMG 60mm,Делител KMG 4к малък,3,3,26.0,22.0,98473471614.0,KMG основни,KABAN_Cent,,45,,0.0,0.0,0.0,Делител,,DATABASE_EVIDENCE
Altest,482.25,БАЛКОНСКО_КРИЛО,Балк. крило Z KMG 4к,2,2,53.0,20.0,36493311340.0,KMG основни,KABAN_Cent,,45,,95.0,60.0,2.0,Крило,Wing,DATABASE_EVIDENCE
Altest,482.26,KMG_КРИЛО_ВРАТА_60,Крило врата Z 4к KMG,2,2,82.0,20.0,79433651664.0,KMG основни,KABAN_Cent,,45,,124.0,60.0,2.0,Крило,Wing,DATABASE_EVIDENCE
Altest,482.27,KMG_КРИЛО_ВРАТА_60,Крило врата T 4к KMG,2,2,82.0,20.0,41453401528.0,KMG основни,KABAN_Cent,,45,,124.0,60.0,2.0,Крило,Wing,DATABASE_EVIDENCE
Altest,482.30-K,PVC KMG 60mm,Каса K KMG 3к,1,1,42.0,0.0,73854727637.0,KMG основни,KABAN_Cent,,90,,64.0,60.0,2.0,Каса,Frame,DATABASE_EVIDENCE
Altest,50210000203,GU,Ножица за пад.крило,4,33,0.0,0.0,21050089263.0,GU,,,90,,0.0,0.0,13.0,Ножица - обков,,DATABASE_EVIDENCE
Altest,530 0005,AL_ESKIMOS_05,Каса Eskimos 005 малка,1,1,24.8,0.0,26890824739.0,Eskimos,AL,,45,,46.8,53.0,0.0,Каса,Frame,DATABASE_EVIDENCE
Altest,530 0010,AL_ESKIMOS_010,Каса Eskimos 010,1,1,35.3,0.0,66950994295.0,Eskimos,AL,,90,5300010.dxf,57.3,53.0,0.0,Каса,Frame,DATABASE_EVIDENCE
Altest,530 0020,AL_ESKIMOS_020,Каса Eskimos 020 обла,1,1,35.3,0.0,55030414587.0,Eskimos,AL,,45,,57.3,68.6,0.0,Каса,Frame,DATABASE_EVIDENCE
Altest,530 0021,AL_ESKIMOS_021,Каса Eskimos 021 обла голяма,1,1,48.0,0.0,51060384671.0,Eskimos,AL,,90,,70.0,68.6,0.0,Каса,Frame,DATABASE_EVIDENCE
Altest,530 0030,ESKIMOS,Каса Eskimos 030,1,1,24.8,0.0,29180344972.0,Eskimos,AL,,45,,81.2,53.0,0.0,Каса,Frame,DATABASE_EVIDENCE
Altest,530 0105,ESKIMOS,Крило Esk. право малко,2,2,22.9,17.5,61980664866.0,Eskimos,AL,,45,,62.4,60.5,0.0,Крило,Wing,DATABASE_EVIDENCE
Altest,530 0110,ESKIMOS,Крило Esk. право,2,2,33.3,17.5,42070424887.0,Eskimos,AL,,45,,72.8,60.5,0.0,Крило,Wing,DATABASE_EVIDENCE
Altest,530 0115,ESKIMOS,Крило Esk. Z врата право,2,2,54.4,17.5,94080414781.0,Eskimos,AL,,45,,93.9,60.5,0.0,Крило,Wing,DATABASE_EVIDENCE
Altest,530 0120,ESKIMOS,Крило Esk. обло малко,2,2,22.9,17.5,27170184528.0,Eskimos,AL,,45,,62.4,60.5,0.0,Крило,Wing,DATABASE_EVIDENCE
Altest,530 0125,ESKIMOS,Крило Esk. обло,2,2,33.3,17.5,73120584056.0,Eskimos,AL,,45,,72.8,60.5,0.0,Крило,Wing,DATABASE_EVIDENCE
Altest,530 0130,ESK_Kr,Крило Esk. Z врата обло,2,2,54.4,17.5,92250764634.0,Eskimos,AL,,45,5300130.dxf,93.9,60.5,1.0,Крило,Wing,DATABASE_EVIDENCE
Altest,530 0135,ESK_Kr,Крило Esk. T врата обло,2,2,54.4,17.5,79290244826.0,Eskimos,AL,,45,5300135.dxf,93.9,60.5,1.0,Крило,Wing,DATABASE_EVIDENCE
Altest,530 0150,ESKIMOS,Крило Esk. T скрито,2,2,18.4,20.5,47430244974.0,Eskimos,AL,,45,,62.4,53.0,0.0,Крило,Wing,DATABASE_EVIDENCE
Altest,530 0205,ESKIMOS_DEL,Делител Eskimos малък,3,3,29.0,22.0,51030764769.0,Eskimos,AL,,45,5300205.dxf,73.0,53.0,0.0,Делител,,DATABASE_EVIDENCE
Altest,530 0210,ESKIMOS_DEL,Делител Eskimos голям,3,3,45.0,22.0,63130424352.0,Eskimos,AL,,45,,89.0,53.0,0.0,Делител,,DATABASE_EVIDENCE
Altest,530 0220,ESKIMOS,Табла Eskimos,3,3,108.0,0.0,34250774394.0,Eskimos,AL,,90,,130.0,53.0,0.0,Делител,,DATABASE_EVIDENCE
Altest,530 0305,ESKIMOS,Лет. дел. Eskimos прав,4,5,0.0,0.0,56110614364.0,Eskimos,AL,,90,,0.0,0.0,0.0,Летящ делител,,DATABASE_EVIDENCE
Altest,530 0310,ESKIMOS,Лет. дел. Eskimos объл,4,5,0.0,0.0,21260194432.0,Eskimos,AL,,90,,0.0,0.0,0.0,Летящ делител,,DATABASE_EVIDENCE
Altest,530 0320,ESKIMOS,Колона 90 Eskimos,4,15,0.0,0.0,63350574257.0,Eskimos DP,AL,,90,,0.0,0.0,0.0,Колона,,DATABASE_EVIDENCE
Altest,530 0325,ESKIMOS,Тръба Eskimos Ф70,4,15,0.0,0.0,5330194328.0,Eskimos DP,AL,,90,,0.0,0.0,0.0,Колона,,DATABASE_EVIDENCE
Altest,530 0326,ESKIMOS_KR,Крило Esk. за PVC обло,2,2,39.2,20.0,74380674883.0,Eskimos,AL,,45,5300326.dxf,81.2,60.5,0.0,Крило,Wing,DATABASE_EVIDENCE
Altest,530 0327,ESKIMOS_KR,Крило Esk. за PVC право,2,2,39.2,20.0,32390854340.0,Eskimos,AL,,45,5300327.dxf,81.2,60.5,0.0,Крило,Wing,DATABASE_EVIDENCE
Altest,530 0328,ESKIMOS,Лет. дел. Esk. за PVC прав,4,5,0.0,0.0,60320024454.0,Eskimos DP,AL,,90,,0.0,0.0,0.0,Летящ делител,,DATABASE_EVIDENCE
Altest,530 0329,ESKIMOS,Лет. дел. Esk. за PVC объл,4,5,0.0,0.0,31390284215.0,Eskimos DP,AL,,90,,0.0,0.0,0.0,Летящ делител,,DATABASE_EVIDENCE
Altest,530 0330,ESKIMOS,AL праг за Eskimos елоксиран,1,1,20.3,0.0,56420934177.0,Eskimos,AL,,45,,20.3,49.0,1.0,Каса,Frame,DATABASE_EVIDENCE
Altest,530 5040,ESKIMOS,Добавка тръба Eskimos,4,15,0.0,0.0,22795844747.0,AL STUD - DOP,AL,,90,,0.0,0.0,0.0,Колона,,DATABASE_EVIDENCE
Altest,5300025,AL_ESKIMOS_010,Каса Eskimos IZR,1,1,35.3,0.0,81870060379.0,Eskimos,AL,,45,,57.3,53.0,1.0,Каса,Frame,DATABASE_EVIDENCE
Altest,549.04,KMG,Летящ делител за 6к KMG,4,5,0.0,0.0,69691262289.0,KMG основни,ПВЦ - Лет.Дел,,90,,0.0,0.0,0.0,Летящ делител,,DATABASE_EVIDENCE
Altest,549.05,KMG_КРИЛО_ВРАТА,Крило врата Z 6к KMG,2,2,71.0,20.0,23671872132.0,KMG основни,KABAN_Cent,,45,,113.0,70.0,2.0,Крило,Wing,DATABASE_EVIDENCE
Altest,549.06,KMG,Адаптор за тръба Ф70,4,15,0.0,0.0,38621342920.0,KMG DOP,,,90,,0.0,0.0,0.0,Колона,,DATABASE_EVIDENCE
Altest,549.07,KMG,Тръба Ф70 за 6к KMG,4,15,0.0,0.0,74671572236.0,KMG DOP,,,90,,0.0,0.0,0.0,Колона,,DATABASE_EVIDENCE
Altest,549.08,KMG,Колона 90 за 6к KMG,4,15,0.0,0.0,38611182657.0,KMG DOP,,,90,,0.0,0.0,0.0,Колона,,DATABASE_EVIDENCE
Altest,549.09,KMG,Повдигащ профил,4,18,0.0,0.0,40631272281.0,KMG DOP,,,90,,0.0,0.0,0.0,Външни елементи,,DATABASE_EVIDENCE
Altest,549.10,KMG,Стъклoд. KMG 24мм 6к,4,7,0.0,0.0,741242213.0,KMG SD,,,45,,0.0,0.0,0.0,Стъклодържател,,DATABASE_EVIDENCE
Altest,549.11,KMG_КРИЛО_ВРАТА,Крило врата T 6к KMG,2,2,71.0,20.0,67721552433.0,KMG основни,KABAN_Cent,,45,,113.0,70.0,2.0,Крило,Wing,DATABASE_EVIDENCE
Altest,549.13,KMG,Адаптор 4к-6к KMG,4,4,0.0,0.0,86711872742.0,KMG DOP,,,90,,0.0,0.0,0.0,Аксесоар,,DATABASE_EVIDENCE
Altest,549.14,KMG,Уширение 35мм за 6к KMG,4,16,0.0,0.0,36741152642.0,KMG DOP,,,90,,0.0,0.0,0.0,Уширител,,DATABASE_EVIDENCE
Altest,549.15,PVC KMG 70mm,Каса KMG 6к,1,1,46.0,0.0,63731452722.0,KMG основни,KABAN_Cent,,45,,68.0,70.0,2.0,Каса,Frame,DATABASE_EVIDENCE
Altest,549.16,PVC KMG 70mm,Крило KMG 6к,2,2,36.0,20.0,18741182192.0,KMG основни,KABAN_Cent,,45,,78.0,70.0,2.0,Крило,Wing,DATABASE_EVIDENCE
Altest,549.17,PVC KMG 70mm,Делител KMG 6к,3,3,44.0,22.0,59741592862.0,KMG основни,KABAN_Cent,,90,,88.0,70.0,2.0,Делител,,DATABASE_EVIDENCE
Altest,549.18,KMG,Свързващ профил KMG,4,18,0.0,0.0,48771672818.0,KMG DOP,,,90,,0.0,0.0,0.0,Външни елементи,,DATABASE_EVIDENCE
Altest,549.19,PVC KMG 70mm,Крило KMG 6к Водобр.,2,2,36.0,20.0,86741142072.0,KMG основни,KABAN_Cent,,45,,78.0,70.0,2.0,Крило,Wing,DATABASE_EVIDENCE
Altest,549.20,PVC KMG 70mm,Каса KMG 6к с перваз,1,1,35.0,40.0,55821262540.0,KMG основни,KABAN_Cent,,90,,97.0,70.0,2.0,Каса,Frame,DATABASE_EVIDENCE
Altest,5x1,,Израв.ъгъл малък,4,4,0.0,0.0,96394251329.0,,,,90,,0.0,0.0,,Аксесоар,,DATABASE_EVIDENCE
Altest,6-32494-80-0-1,,,4,0,0.0,0.0,16881743036.0,,,,90,,0.0,0.0,0.0,UNKNOWN,,DATABASE_EVIDENCE
Altest,6-34216-00-0-1,,,4,4,0.0,0.0,76443317278.0,,,,90,,0.0,0.0,0.0,Аксесоар,,DATABASE_EVIDENCE
Altest,6376752TL1,GU,Насрещник WDS70 централен за триточкова мартина L ,4,18,0.0,0.0,15225087272.0,GU,,,90,,0.0,0.0,0.0,Външни елементи,,DATABASE_EVIDENCE
Altest,700655,SIEGENIA,ПАНТА КРИЛО ПРИТИ,4,31,0.0,0.0,35824934241.0,SIEGENIA,,,90,,0.0,0.0,,Панта за крило прозорец,,DATABASE_EVIDENCE
Altest,701218,SIEGENIA,МАРТИНА 1ос DF3 G,4,30,0.0,0.0,76165444491.0,SIEGENIA,,,90,,0.0,0.0,,Мартина,,DATABASE_EVIDENCE
Altest,70221,NPVC_Кр_Вр_70,Крило Врата Z PROFINE 70,2,2,69.0,20.0,93306044457.0,Kommerling 70,KABAN_Cent,,45,,110.0,70.0,2.0,Крило,Wing,DATABASE_EVIDENCE
Altest,70222,NPVC_Кр_Вр_70,Крило Врата T PROFINE 70,2,2,69.0,20.0,56316444223.0,Kommerling 70,KABAN_Cent,,45,,110.0,70.0,2.0,Крило,Wing,DATABASE_EVIDENCE
Altest,703236,SIEGENIA,НАКРАЙНИК ЗА МАРТ,4,8,0.0,0.0,23577624043.0,SIEGENIA,,,90,,0.0,0.0,,Обков,,DATABASE_EVIDENCE
Altest,76204,NPVC_Кр_Вр_76,Крило Врата Z AD PROFINE 76,2,2,89.0,21.0,86756864337.0,Kommerling 76,KABAN_Cent,,45,,110.0,76.0,0.0,Крило,Wing,DATABASE_EVIDENCE
Altest,76205,NPVC_Кр_Вр_76,Крило Врата Т PROFINE 76AD,2,2,65.0,21.0,73786344213.0,Kommerling 76,KABAN_Cent,,45,,110.0,76.0,0.0,Крило,Wing,DATABASE_EVIDENCE
Altest,76272,NPVC_Кр_Вр_76,Крило Врата MD Z PROFINE 76,2,2,69.0,20.0,97446614899.0,Kommerling 76,KABAN_Cent,,45,,110.0,76.0,2.0,Крило,Wing,DATABASE_EVIDENCE
Altest,76283,NPVC_Кр_Вр_76,Крило Врата MD T PROFINE 76,2,2,69.0,20.0,79556424848.0,Kommerling 76,KABAN_Cent,,45,,110.0,76.0,2.0,Крило,Wing,DATABASE_EVIDENCE
Altest,844335,SIEGENIA,КАПАЧКА ПАНТА КАС,4,10,0.0,0.0,84239905142.0,SIEGENIA,,,90,,0.0,0.0,,Капачки,,DATABASE_EVIDENCE
Altest,844342,SIEGENIA,КАПАЧКА ПАНТА КАС,4,10,0.0,0.0,64359185761.0,SIEGENIA,,,90,,0.0,0.0,,Капачки,,DATABASE_EVIDENCE
Altest,844359,SIEGENIA,КАПАЧКА ПАНТА КАС,4,10,0.0,0.0,95419485415.0,SIEGENIA,,,90,,0.0,0.0,,Капачки,,DATABASE_EVIDENCE
Altest,853382,SIEGENIA,КАПАЧКА ПАНТА КРИ,4,10,0.0,0.0,70788325145.0,SIEGENIA,,,90,,0.0,0.0,,Капачки,,DATABASE_EVIDENCE
Altest,873328,SIEGENIA,ПАНТА КАСА ПРИТИС,4,24,0.0,0.0,8368745868.0,SIEGENIA,,,90,,0.0,0.0,,Панта за прозорец,,DATABASE_EVIDENCE
Altest,88274,NPVC_Кр_Вр_76,Крило Врата Z PROFINE 88,2,2,69.0,20.0,84777575347.0,,KABAN_Cent,,45,,110.0,88.0,2.0,Крило,Wing,DATABASE_EVIDENCE
Altest,88275,NPVC_Кр_Вр_76,Крило Врата T PROFINE 88,2,2,69.0,20.0,87747075386.0,,KABAN_Cent,,45,,110.0,88.0,2.0,Крило,Wing,DATABASE_EVIDENCE
Altest,887042,SIEGENIA,КАПАЧКА ПАНТА ФАЛ,4,10,0.0,0.0,33762495166.0,SIEGENIA,,,90,,0.0,0.0,0.0,Капачки,,DATABASE_EVIDENCE
Altest,887103,SIEGENIA,КАПАЧКА ПАНТА ФАЛ,4,10,0.0,0.0,76412485094.0,SIEGENIA,,,90,,0.0,0.0,,Капачки,,DATABASE_EVIDENCE
Altest,887233,SIEGENIA,КАПАЧКА ПАНТА ФАЛ,4,10,0.0,0.0,11822605246.0,SIEGENIA,,,90,,0.0,0.0,,Капачки,,DATABASE_EVIDENCE
Altest,887295,SIEGENIA,КАПАЧКА ПАНТА ФАЛ,4,10,0.0,0.0,12432445638.0,SIEGENIA,,,90,,0.0,0.0,,Капачки,,DATABASE_EVIDENCE
Altest,888308,SIEGENIA,КАПАЧКА ПАНТА КАС,4,10,0.0,0.0,87753655939.0,SIEGENIA,,,90,,0.0,0.0,,Капачки,,DATABASE_EVIDENCE
Altest,888315,SIEGENIA,КАПАЧКА ПАНТА КАС,4,10,0.0,0.0,65833725862.0,SIEGENIA,,,90,,0.0,0.0,,Капачки,,DATABASE_EVIDENCE
Altest,888322,SIEGENIA,КАПАЧКА ПАНТА КАС,4,10,0.0,0.0,52953445693.0,SIEGENIA,,,90,,0.0,0.0,,Капачки,,DATABASE_EVIDENCE
Altest,888384,SIEGENIA,КАПАЧКА ПАНТА КРИ,4,10,0.0,0.0,17543505766.0,SIEGENIA,,,90,,0.0,0.0,,Капачки,,DATABASE_EVIDENCE
Altest,9-36531-00-L-1,GU,Наср комб.отвар ляв,4,8,0.0,0.0,91794977147.0,GU,,,90,,0.0,0.0,,Обков,,DATABASE_EVIDENCE
Altest,9-36531-00-R-1,GU,Наср комб.отвар десе,4,8,0.0,0.0,83314027668.0,GU,,,90,,0.0,0.0,,Обков,,DATABASE_EVIDENCE
Altest,9-39613-00-0-1,GU,Наср.за сюрме Салам,4,8,0.0,0.0,66347992014.0,GU,,,90,,0.0,0.0,,Обков,,DATABASE_EVIDENCE
Altest,9-47782-00-L-5,GU,к.д.пан.кр.лява кафе,4,10,0.0,0.0,30728639916.0,GU,,,90,,0.0,0.0,,Капачки,,DATABASE_EVIDENCE
Altest,9-47782-00-L-7,GU,к.д.пан.кр.лява бяла,4,10,0.0,0.0,80788559637.0,GU,,,90,,0.0,0.0,,Капачки,,DATABASE_EVIDENCE
Altest,9-47782-00-L-AM,GU,к.д.пан.кр.лява брон,4,10,0.0,0.0,8293189549.0,GU,,,90,,0.0,0.0,,Капачки,,DATABASE_EVIDENCE
Altest,9-47782-00-R-5,GU,к.д.пан.кр.дясн кафе,4,10,0.0,0.0,70348259504.0,GU,,,90,,0.0,0.0,,Капачки,,DATABASE_EVIDENCE
Altest,9-47782-00-R-7,GU,к.д.пан.кр.дясн бяла,4,10,0.0,0.0,99358529562.0,GU,,,90,,0.0,0.0,,Капачки,,DATABASE_EVIDENCE
Altest,9-47782-00-R-AM,GU,к.д.пан.кр.дяснаброн,4,10,0.0,0.0,24863489114.0,GU,,,90,,0.0,0.0,,Капачки,,DATABASE_EVIDENCE
Altest,9-47795-01-0-5,GU,к.г.панта крило кафе,4,10,0.0,0.0,38461123089.0,GU,,,90,,0.0,0.0,,Капачки,,DATABASE_EVIDENCE
Altest,9-47795-01-0-7,GU,к.г.панта крило бяла,4,10,0.0,0.0,42421203488.0,GU,,,90,,0.0,0.0,,Капачки,,DATABASE_EVIDENCE
Altest,9-47795-01-0-AM,GU,к.г.панта крило брон,4,10,0.0,0.0,62996363659.0,GU,,,90,,0.0,0.0,,Капачки,,DATABASE_EVIDENCE
Altest,90000/0050/00,ALTEST,"Квадрат SET - 8*150 , М6*80 , 70-75",4,25,0.0,0.0,18812650682.0,,,,90,,0.0,0.0,0.0,Панта за врата,,DATABASE_EVIDENCE
Altest,9312,PONY,Стъклод. 10мм,4,7,0.0,0.0,41768906234.0,PONI-MINI,стд,,90,,0.0,0.0,0.0,Стъклодържател,,DATABASE_EVIDENCE
Altest,9316,PONY,Ригла (шпаньолет),4,4,0.0,0.0,91758036182.0,PONI-MINI,стд,,90,,0.0,0.0,0.0,Аксесоар,,DATABASE_EVIDENCE
Altest,9317,PONY,Водобран за AL,4,4,0.0,0.0,67728056704.0,AL STUD - DOP,,,90,,0.0,0.0,0.0,Аксесоар,,DATABASE_EVIDENCE
Altest,9358,PONY,AL хънтър 10мм,4,50,0.0,0.0,14198156478.0,PONI-MINI,,,90,,0.0,0.0,0.0,Стъклопакети  - Аксесоар,,DATABASE_EVIDENCE
Altest,A0103,ALTEST,Ролка пл. ком. 300 0128,4,37,0.0,0.0,44085724587.0,,,,90,,0.0,0.0,0.0,Комарник  - Аксесоар,,DATABASE_EVIDENCE
Altest,A0204,ALTEST,Двойна ролка пл. метална,4,4,0.0,0.0,72106644711.0,,,,90,,0.0,0.0,0.0,Аксесоар,,DATABASE_EVIDENCE
Altest,A0330,ALTEST,Буфер MS 03.30,4,4,0.0,0.0,41577774122.0,,,,90,,0.0,0.0,0.0,Аксесоар,,DATABASE_EVIDENCE
Altest,A2129R9005,MASTER,Розетка черна метална правоъгълнa MASTER,4,18,0.0,0.0,57679871016.0,,,,90,,0.0,0.0,0.0,Външни елементи,,DATABASE_EVIDENCE
Altest,A2129R9010,MASTER,Розетка бяла метална правоъгълнa MASTER,4,18,0.0,0.0,6789571167.0,,,,90,,0.0,0.0,0.0,Външни елементи,,DATABASE_EVIDENCE
Altest,A2129RINOX,,Розетка Мастер,4,18,0.0,0.0,35325227661.0,,,,90,,0.0,0.0,0.0,Външни елементи,,DATABASE_EVIDENCE
Altest,A282,,,4,4,0.0,0.0,32146424717.0,,,,90,,0.0,0.0,0.0,Аксесоар,,DATABASE_EVIDENCE
Altest,A30659005 - Дръжка MASTER ITALIA Черна,MASTER,Др.Ал.Врата MASTER - черна,4,27,0.0,0.0,5318103483.0,,,,90,,0.0,0.0,0.0,Дръжка за врата,,DATABASE_EVIDENCE
Altest,A30659010 - Дръжка MASTER ITALIA Бяла,MASTER,Др.Ал.Врата MASTER - бяла,4,27,0.0,0.0,44129441377.0,,,,90,,0.0,0.0,0.0,Дръжка за врата,,DATABASE_EVIDENCE
Altest,A92119005,MASTER,Панта MASTER M10 PR /ral 9005/,4,24,0.0,0.0,98393553185.0,,,,90,,0.0,0.0,0.0,Панта за прозорец,,DATABASE_EVIDENCE
Altest,A92119010,MASTER,Панта MASTER M10 PR /ral 9016/,4,24,0.0,0.0,88483183305.0,,,,90,,0.0,0.0,0.0,Панта за прозорец,,DATABASE_EVIDENCE
Altest,A9211SILVER,MASTER,Панта MASTER M10 PR /silver/,4,24,0.0,0.0,67774636022.0,,,,90,,0.0,0.0,,Панта за прозорец,,DATABASE_EVIDENCE
Altest,Демонтаж дърво,ALTEST,Демонтаж дърво,4,4,0.0,0.0,25866335543.0,,,,90,,0.0,0.0,0.0,Аксесоар,,DATABASE_EVIDENCE
Altest,Демонтаж метал,ALTEST,Демонтаж метал,4,4,0.0,0.0,18575833471.0,,,,90,,0.0,0.0,0.0,Аксесоар,,DATABASE_EVIDENCE
Altest,вентилацияЛД,KOD V,,4,4,0.0,0.0,47172861813.0,Group,,,90,,0.0,0.0,0.0,Аксесоар,,DATABASE_EVIDENCE
Altest,вентилацияЛД_,KOD V,,4,4,0.0,0.0,19745756140.0,Group,,,90,,0.0,0.0,0.0,Аксесоар,,DATABASE_EVIDENCE
Altest,вентилацияЛД2,KOD V,,4,4,0.0,0.0,68785226780.0,Group,,,90,,0.0,0.0,0.0,Аксесоар,,DATABASE_EVIDENCE
Altest,AC 01,ALTEST,Израв.ъгъл голям,4,4,0.0,0.0,13238254952.0,,,,90,,0.0,0.0,,Аксесоар,,DATABASE_EVIDENCE
Altest,AC252,ALTEST,Мeхан. Sec.Lock БЯЛ дълго рамо,4,8,0.0,0.0,37566734743.0,AL,,,45,,0.0,0.0,0.0,Обков,,DATABASE_EVIDENCE
Altest,AC2521,ALTEST,Мeхан. Sec.Lock ЧЕРЕН дълго рамо,4,8,0.0,0.0,61556364062.0,AL,,,45,,0.0,0.0,0.0,Обков,,DATABASE_EVIDENCE
Altest,AC2610,ALTEST,Мeхан. Sec.Lock БЯЛ малко рамо,4,8,0.0,0.0,12536394523.0,AL,,,90,,0.0,0.0,0.0,Обков,,DATABASE_EVIDENCE
Altest,AC2611,ALTEST,Мeхан. Sec.Lock ЧЕРЕН малко рамо,4,8,0.0,0.0,51536494745.0,AL,,,45,,0.0,0.0,0.0,Обков,,DATABASE_EVIDENCE
Altest,AC306,ALTEST,Дръжка бяла за алум.Sec.Lock,4,18,0.0,0.0,5137794223.0,Дръжки,,,90,,0.0,0.0,0.0,Външни елементи,,DATABASE_EVIDENCE
Altest,AC3061,ALTEST,"Дръжка за алум.Sec.Lock,ral 9005",4,18,0.0,0.0,79507344983.0,Дръжки,,,90,,0.0,0.0,0.0,Външни елементи,,DATABASE_EVIDENCE
Altest,AC6,,,4,10,0.0,0.0,22296551158.0,,,,90,,0.0,0.0,0.0,Капачки,,DATABASE_EVIDENCE
Altest,AC600,ALTEST,Дръжка ACCESS с кит БЯЛА,4,26,0.0,0.0,68440754345.0,Дръжки,,,90,,0.0,0.0,0.0,Дръжка за прозорец,,DATABASE_EVIDENCE
Altest,AC6001,ALTEST,Дръжка ACCESS + кит ЧЕРНА,4,26,0.0,0.0,90220934657.0,Дръжки,,,90,,0.0,0.0,0.0,Дръжка за прозорец,,DATABASE_EVIDENCE
Altest,AC604,ALTEST,Гръб за мех. Security lock,4,32,0.0,0.0,72430884247.0,AL,,,90,,0.0,0.0,0.0,Гръб - обков,,DATABASE_EVIDENCE
Altest,AC605,ALTEST,Дръжка DH 605 бял,4,27,0.0,0.0,17420894600.0,Дръжки,,,90,,0.0,0.0,0.0,Дръжка за врата,,DATABASE_EVIDENCE
Altest,AMS903,ALTEST,Капачки за 1041 к-т,4,18,0.0,0.0,49019484569.0,,,,90,,0.0,0.0,0.0,Външни елементи,,DATABASE_EVIDENCE
Altest,АТ901,ALTEST,Сглобка Сими,4,4,0.0,0.0,15780981301.0,СГЛОБКИ,,,90,,0.0,0.0,,Аксесоар,,DATABASE_EVIDENCE
Altest,Буфер към мартина крило LS70,,"ANLS65014
",4,4,0.0,0.0,61580959533.0,,,,90,,0.0,0.0,0.0,Аксесоар,,DATABASE_EVIDENCE
Altest,AP31.10,ALTEST,насрещ. рег.мал.,4,4,0.0,0.0,57043653272.0,,,,90,,0.0,0.0,,Аксесоар,,DATABASE_EVIDENCE
Altest,AP31.3,ALTEST,панти д-р Хан,4,4,0.0,0.0,1157464407.0,,,,90,,0.0,0.0,,Аксесоар,,DATABASE_EVIDENCE
Altest,AP31.3-1,ALTEST,панти д-р Хан-кафе,4,4,0.0,0.0,84773913736.0,,,,90,,0.0,0.0,,Аксесоар,,DATABASE_EVIDENCE
Altest,AP3171,KMG,USS 24мм,4,18,0.0,0.0,62077754226.0,,,,90,,0.0,0.0,0.0,Външни елементи,,DATABASE_EVIDENCE
Altest,Изработка BFS 70,ALTEST,Изработка BFS 70,4,4,0.0,0.0,48651680973.0,,,,90,,0.0,0.0,0.0,Аксесоар,,DATABASE_EVIDENCE
Altest,Изработка рол. ком.,ALTEST,Изработка комарници,4,4,0.0,0.0,21977326536.0,,,,90,,0.0,0.0,0.0,Аксесоар,,DATABASE_EVIDENCE
Altest,Изработка капаци,ALTEST,Изработка капаци,4,4,0.0,0.0,28725906338.0,,,,90,,0.0,0.0,0.0,Аксесоар,,DATABASE_EVIDENCE
Altest,Изработка ESKIMOS,ALTEST,Изработка ESKIMOS,4,4,0.0,0.0,42653162268.0,,,,90,,0.0,0.0,0.0,Аксесоар,,DATABASE_EVIDENCE
Altest,Изработка об. ком.,,Изработка об. ком.,4,4,0.0,0.0,59940333203.0,,,,90,,0.0,0.0,0.0,Аксесоар,,DATABASE_EVIDENCE
Altest,Изработка огъвки,ALTEST,Изработка огъвки,4,4,0.0,0.0,93580537823.0,,,,90,,0.0,0.0,0.0,Аксесоар,,DATABASE_EVIDENCE
Altest,Изработка огъвки KMG,ALTEST,Изработка огъвки KMG,4,4,0.0,0.0,53146779772.0,,,,90,,0.0,0.0,0.0,Аксесоар,,DATABASE_EVIDENCE
Altest,GI161,ГИЛОТИНА,Мотор гилотина 120 NM - Mossel,4,4,0.0,0.0,37711250980.0,,,,90,,0.0,0.0,0.0,Аксесоар,,DATABASE_EVIDENCE
Altest,GI200,ГИЛОТИНА,Едноканално дистанционно,4,4,0.0,0.0,42282080826.0,,,,90,,0.0,0.0,0.0,Аксесоар,,DATABASE_EVIDENCE
Altest,GI200BG,ГИЛОТИНА,Едноканално дистанционно,4,18,0.0,0.0,97600588355.0,,,,90,,0.0,0.0,0.0,Външни елементи,,DATABASE_EVIDENCE
Altest,GI201,ГИЛОТИНА,Приемник MOSEL+2 дистанц.,4,4,0.0,0.0,60242080427.0,,,,90,,0.0,0.0,0.0,Аксесоар,,DATABASE_EVIDENCE
Altest,GISP181,ENDOW,Пасивна март. 510-700,4,30,0.0,0.0,95224370088.0,ENDOW,,,90,,0.0,0.0,0.0,Мартина,,DATABASE_EVIDENCE
Altest,GISP182,ENDOW,Пасивна м-на 700-1200,4,30,0.0,0.0,18274480198.0,ENDOW,,,90,,0.0,0.0,0.0,Мартина,,DATABASE_EVIDENCE
Altest,GISP183,ENDOW,Пасивна м-на 900-1400,4,30,0.0,0.0,78264370735.0,ENDOW,,,90,,0.0,0.0,0.0,Мартина,,DATABASE_EVIDENCE
Altest,GISP184,ENDOW,Пасивна м-на 1200-1700,4,30,0.0,0.0,52264340716.0,ENDOW,,,90,,0.0,0.0,0.0,Мартина,,DATABASE_EVIDENCE
Altest,GISP185,ENDOW,Пасивна м-на 1700-2200,4,30,0.0,0.0,26224140137.0,ENDOW,,,90,,0.0,0.0,0.0,Мартина,,DATABASE_EVIDENCE
Altest,GISP186,ENDOW,Пасивна м-на 2200-2700,4,30,0.0,0.0,64254250137.0,ENDOW,,,90,,0.0,0.0,0.0,Мартина,,DATABASE_EVIDENCE
Altest,GSK10-1-MA,FS470,"Уплътнение за външно стъкло
",4,4,0.0,0.0,2244798298.0,,,,90,,0.0,0.0,0.0,Аксесоар,,DATABASE_EVIDENCE
Altest,GSK10-5-MA,FS470,"Клин за стъкло 5 мм
",4,4,0.0,0.0,44668622650.0,,,,90,,0.0,0.0,0.0,Аксесоар,,DATABASE_EVIDENCE
Altest,GU6368411801,GU,Панта крило средна регулируема AL 9/18 G-U,4,0,0.0,0.0,72511593481.0,GU,,,90,,0.0,0.0,0.0,UNKNOWN,,DATABASE_EVIDENCE
Altest,GU6368480001,GU,Ъгъл Стандартен,4,0,0.0,0.0,42310733919.0,GU,,,90,,0.0,0.0,0.0,UNKNOWN,,DATABASE_EVIDENCE
Altest,GU6368802401,GU,Рамо за ножица Стандартен,4,0,0.0,0.0,27516847531.0,GU,,,90,,0.0,0.0,0.0,UNKNOWN,,DATABASE_EVIDENCE
Altest,GU6368803301,GU,Рамо за ножица Стандартен,4,0,0.0,0.0,82507387739.0,GU,,,90,,0.0,0.0,0.0,UNKNOWN,,DATABASE_EVIDENCE
Altest,GU6368804701,GU,Рамо за ножица Стандартен,4,0,0.0,0.0,65088607347.0,GU,,,90,,0.0,0.0,0.0,UNKNOWN,,DATABASE_EVIDENCE
Altest,GU6368806301,GU,Рамо за ножица /1201-1600мм/ G-U,4,0,0.0,0.0,33810627438.0,GU,,,90,,0.0,0.0,0.0,UNKNOWN,,DATABASE_EVIDENCE
Altest,AC6051,ALTEST,Дръжка DH 605 черна,4,27,0.0,0.0,85720134877.0,Дръжки,,,90,,0.0,0.0,0.0,Дръжка за врата,,DATABASE_EVIDENCE
Altest,AC61,,,4,10,0.0,0.0,58626344171.0,,,,90,,0.0,0.0,0.0,Капачки,,DATABASE_EVIDENCE
Altest,AC6101,,,4,10,0.0,0.0,16330084143.0,,,,90,,0.0,0.0,0.0,Капачки,,DATABASE_EVIDENCE
Altest,ACLS 3801,LS38,PVC профил каса LS38,4,4,0.0,0.0,36880497484.0,,,,45,,0.0,0.0,0.0,Аксесоар,,DATABASE_EVIDENCE
Altest,ACLS 3802,LS38,Централна гумен подложка S38,4,18,0.0,0.0,67840507667.0,,,,45,,0.0,0.0,0.0,Външни елементи,,DATABASE_EVIDENCE
Altest,ACLS 3803,LS38,Капачка термо-плъзгане LS,4,4,0.0,0.0,18880717179.0,,,,45,,0.0,0.0,0.0,Аксесоар,,DATABASE_EVIDENCE
Altest,ACLS 3804,LS38,Капачка термо-плъзгане,4,4,0.0,0.0,22840737783.0,,,,90,,0.0,0.0,0.0,Аксесоар,,DATABASE_EVIDENCE
Altest,ACLS 3805,LS38,Сглобка крило LS38,4,4,0.0,0.0,73860557913.0,СГЛОБКИ,,,90,,0.0,0.0,0.0,Аксесоар,,DATABASE_EVIDENCE
Altest,ACLS 3807,LS38,Ролка термо плъзгане,4,4,0.0,0.0,35850767274.0,,,,90,,0.0,0.0,0.0,Аксесоар,,DATABASE_EVIDENCE
Altest,ACLS 3809,LS38,Буфер крило LS38,4,4,0.0,0.0,77830467764.0,,,,90,,0.0,0.0,0.0,Аксесоар,,DATABASE_EVIDENCE
Altest,ACLS3808,LS38,Капачки PVC za срещащ профил,4,18,0.0,0.0,71643707123.0,,,,45,,0.0,0.0,0.0,Външни елементи,,DATABASE_EVIDENCE
Altest,ACLS3813,LS38,Сет подложки за ролки за LS38 ниска каса  (предна,4,4,0.0,0.0,12783277451.0,,,,90,,0.0,0.0,0.0,Аксесоар,,DATABASE_EVIDENCE
Altest,Аргон,ALTEST,Газ аргон,4,23,0.0,0.0,63770111029.0,,,,90,,0.0,0.0,0.0,Газ,,DATABASE_EVIDENCE
Altest,Брой Делител,ALTEST,Брой Делител,4,4,0.0,0.0,45955464735.0,,,,45,,0.0,0.0,0.0,Аксесоар,,DATABASE_EVIDENCE
Altest,Брой рамки,ALTEST,Общ брой каси и крила,4,4,0.0,0.0,70078069459.0,,,,45,,0.0,0.0,0.0,Аксесоар,,DATABASE_EVIDENCE
Altest,Брой рамки PONI,ALTEST,Общ брой каси и крила,4,4,0.0,0.0,70153241619.0,,,,45,,0.0,0.0,0.0,Аксесоар,,DATABASE_EVIDENCE
Altest,Брой каси,ALTEST,Брой каси,4,4,0.0,0.0,19588285934.0,,,,45,,0.0,0.0,0.0,Аксесоар,,DATABASE_EVIDENCE
Altest,Брой крило,ALTEST,Брой крило,4,4,0.0,0.0,31744625579.0,,,,45,,0.0,0.0,0.0,Аксесоар,,DATABASE_EVIDENCE
Altest,Брой крило врата,ALTEST,Брой крило врата,4,4,0.0,0.0,12971413574.0,,,,45,,0.0,0.0,0.0,Аксесоар,,DATABASE_EVIDENCE
Altest,Дръжка АЛ.ВРАТА-черна,ALTEST,Дръжка АЛ.ВРАТА-черна,4,27,0.0,0.0,35111450973.0,,,,90,,0.0,0.0,0.0,Дръжка за врата,,DATABASE_EVIDENCE
Altest,Дръжка прозорец - кафе,ALTEST,Дръжка прозорец - кафе,4,26,0.0,0.0,35849251826.0,Дръжки,,,90,,0.0,0.0,0.0,Дръжка за прозорец,,DATABASE_EVIDENCE
Altest,ВИНТ 3.9х16,МАРИНА,"1085220161
",4,4,0.0,0.0,44963169919.0,,,,90,,0.0,0.0,,Аксесоар,,DATABASE_EVIDENCE
Altest,ВИНТ 3.9х19,МАРИНА,"1085220162
",4,4,0.0,0.0,18983639798.0,,,,90,,0.0,0.0,,Аксесоар,,DATABASE_EVIDENCE
Altest,ВИНТ 4.2х40,МАРИНА,винт за пвц 4.2*40,4,4,0.0,0.0,44643119724.0,,,,90,,0.0,0.0,0.0,Аксесоар,,DATABASE_EVIDENCE
Altest,ВИНТ 4.2х55,МАРИНА,винт за пвц 4.2*55,4,4,0.0,0.0,44773359122.0,,,,90,,0.0,0.0,0.0,Аксесоар,,DATABASE_EVIDENCE
Altest,винт 4.8х40мм,ALTEST,Винт делител,4,4,0.0,0.0,53455715149.0,,,,90,,0.0,0.0,,Аксесоар,,DATABASE_EVIDENCE
Altest,ВИНТ 5.0х60,МАРИНА,ВИНТ 5.0х60,4,4,0.0,0.0,86783689433.0,,,,90,,0.0,0.0,,Аксесоар,,DATABASE_EVIDENCE
Altest,ВИНТ М6х50,МАРИНА,ВИНТ М6х50,4,4,0.0,0.0,33796127131.0,,,,90,,0.0,0.0,0.0,Аксесоар,,DATABASE_EVIDENCE
Altest,доставка обков,ALTEST,доставка обков,4,4,0.0,0.0,18435691595.0,,,,90,,0.0,0.0,,Аксесоар,,DATABASE_EVIDENCE
Altest,Доставка София,,Транспорт,4,4,0.0,0.0,41086630273.0,,,,90,,0.0,0.0,0.0,Аксесоар,,DATABASE_EVIDENCE
Altest,AK1201,ENDOW,гръб 350-600,4,32,0.0,0.0,80755174419.0,ENDOW,,,90,,0.0,0.0,0.0,Гръб - обков,,DATABASE_EVIDENCE
Altest,AK1202,ENDOW,гръб 600-1200,4,32,0.0,0.0,15765844257.0,ENDOW,,,90,,0.0,0.0,0.0,Гръб - обков,,DATABASE_EVIDENCE
Altest,AK1203,ENDOW,гръб 800-1200,4,32,0.0,0.0,66795364472.0,ENDOW,,,90,,0.0,0.0,0.0,Гръб - обков,,DATABASE_EVIDENCE
Altest,AK1204,ENDOW,гръб 1200-1700,4,32,0.0,0.0,46715614825.0,ENDOW,,,90,,0.0,0.0,0.0,Гръб - обков,,DATABASE_EVIDENCE
Altest,AK1205,ENDOW,гръб 1700-2200,4,32,0.0,0.0,66745794031.0,ENDOW,,,45,,0.0,0.0,0.0,Гръб - обков,,DATABASE_EVIDENCE
Altest,AK1234,ENDOW,гръб 900-1400,4,32,0.0,0.0,28025374302.0,ENDOW,,,90,,0.0,0.0,0.0,Гръб - обков,,DATABASE_EVIDENCE
Altest,AK3003,ALTEST,Ъгъл за AL кутия 20x40 бял,4,4,0.0,0.0,57727354067.0,,,,90,,0.0,0.0,0.0,Аксесоар,,DATABASE_EVIDENCE
Altest,AK3003K,ALTEST,Ъгъл за AL кутия 20x40 кафяв,4,4,0.0,0.0,17815042182.0,,,,90,,0.0,0.0,0.0,Аксесоар,,DATABASE_EVIDENCE
Altest,AK3009,ALTEST,Ъгъл комарник двоен бял,4,4,0.0,0.0,43747824434.0,Акс.Комарници,,,90,,0.0,0.0,0.0,Аксесоар,,DATABASE_EVIDENCE
Altest,AK3009K,ALTEST,Ъгъл комарник двоен кафяв,4,4,0.0,0.0,12435512777.0,Акс.Комарници,,,90,,0.0,0.0,0.0,Аксесоар,,DATABASE_EVIDENCE
Altest,AKP01,AKPEN,Шилд БЯЛ 28х85,4,27,0.0,0.0,28866744577.0,ENDOW,,,90,,0.0,0.0,0.0,Дръжка за врата,,DATABASE_EVIDENCE
Altest,AKP011,AKPEN,Шилд КАФЕ 28х85,4,27,0.0,0.0,62746614207.0,ENDOW,,,90,,0.0,0.0,0.0,Дръжка за врата,,DATABASE_EVIDENCE
Altest,AKP013-9005,AKPEN,Шилд ЧЕРЕН 28*85мм - RAL 9005,4,27,0.0,0.0,59688457925.0,,,,90,,0.0,0.0,0.0,Дръжка за врата,,DATABASE_EVIDENCE
Altest,AKP025,,Шилд БЯЛ 25х85,4,27,0.0,0.0,22856424719.0,Дръжки,,,90,,0.0,0.0,0.0,Дръжка за врата,,DATABASE_EVIDENCE
Altest,AKP025-8022,,Шилд BAHAR КАФЕ 25х85,4,27,0.0,0.0,16019537437.0,,,,90,,0.0,0.0,0.0,Дръжка за врата,,DATABASE_EVIDENCE
Altest,AKP0251-9005,,Шилд черен 25х85,4,27,0.0,0.0,66862521678.0,Дръжки,,,90,,0.0,0.0,0.0,Дръжка за врата,,DATABASE_EVIDENCE
Altest,AKP03-9016,AKPEN,Др.прозорец ME45359016,4,26,0.0,0.0,62864389917.0,Дръжки,,,90,,0.0,0.0,0.0,Дръжка за прозорец,,DATABASE_EVIDENCE
Altest,AKP032-9005,AKPEN,Др.пвц прозорец черна - 9005,4,26,0.0,0.0,86750327514.0,,,,90,,0.0,0.0,0.0,Дръжка за прозорец,,DATABASE_EVIDENCE
Altest,AKP04,AKPEN,Шилд MEGA 38x85 БЯЛ,4,27,0.0,0.0,51826824752.0,ENDOW,,,90,,0.0,0.0,0.0,Дръжка за врата,,DATABASE_EVIDENCE
Altest,AKP041,AKPEN,Шилд MEGA 38x85 КАФЕ,4,27,0.0,0.0,40066754538.0,ENDOW,,,90,,0.0,0.0,0.0,Дръжка за врата,,DATABASE_EVIDENCE
Altest,AKP05,AKPEN,"Дръжка за врата за WC ""MEGA"" Бяла",4,28,0.0,0.0,8846794517.0,Дръжки,,,90,,0.0,0.0,0.0,Дръжка за WC,,DATABASE_EVIDENCE
Altest,AKP051,AKPEN,"Дръжка за врата за WC ""MEGA"" КАФЕ",4,28,0.0,0.0,63106894586.0,Дръжки,,,90,,0.0,0.0,0.0,Дръжка за WC,,DATABASE_EVIDENCE
Altest,AKP072,AKPEN,Др.Шилд 92/35 Бял - 9016,4,27,0.0,0.0,87346684046.0,Дръжки,,,90,,0.0,0.0,0.0,Дръжка за врата,,DATABASE_EVIDENCE
Altest,AKP0721,AKPEN,Др.Шилд 92/35 Черен - 9005,4,27,0.0,0.0,31381312264.0,Дръжки,,,90,,0.0,0.0,0.0,Дръжка за врата,,DATABASE_EVIDENCE
Altest,AKP08,AKPEN,Шилд МЕСУТ 28х92 БЯЛ,4,27,0.0,0.0,8866684241.0,,,,90,,0.0,0.0,0.0,Дръжка за врата,,DATABASE_EVIDENCE
Altest,AKP081,AKPEN,Шилд МЕСУТ 28х92 КАФЯВ,4,27,0.0,0.0,61466424961.0,,,,90,,0.0,0.0,0.0,Дръжка за врата,,DATABASE_EVIDENCE
Altest,AKP09,AKPEN,Др.Шилд 85/25 Бял - 9016,4,27,0.0,0.0,65866924426.0,Дръжки,,,90,,0.0,0.0,0.0,Дръжка за врата,,DATABASE_EVIDENCE
Altest,AKP091,AKPEN,Др.Шилд 85/25 Черен - 9005,4,27,0.0,0.0,95506364820.0,Дръжки,,,90,,0.0,0.0,0.0,Дръжка за врата,,DATABASE_EVIDENCE
Altest,AKP142-8022,AKPEN,3D Панта Axis КАФЕ,4,25,0.0,0.0,17021138132.0,ENDOW,,,90,,0.0,0.0,0.0,Панта за врата,,DATABASE_EVIDENCE
Altest,AKP144-9016,AKPEN,3D Панта Axis БЯЛА,4,25,0.0,0.0,66201818164.0,ENDOW,,,90,,0.0,0.0,0.0,Панта за врата,,DATABASE_EVIDENCE
Altest,AKP146-9005,AKPEN,Панта за пвц врата -регулируема 3D AKSIS черна,4,25,0.0,0.0,23341718117.0,,,,90,,0.0,0.0,0.0,Панта за врата,,DATABASE_EVIDENCE
Altest,AKP181,ENDOW,Н-к за Брава-мартина Голям,4,18,0.0,0.0,51576624982.0,ENDOW,,,90,,0.0,0.0,0.0,Външни елементи,,DATABASE_EVIDENCE
Altest,AKP184,ENDOW,Н-к за Брава-мартина Малък,4,18,0.0,0.0,74566154576.0,ENDOW,,,90,,0.0,0.0,0.0,Външни елементи,,DATABASE_EVIDENCE
Altest,AKPY16028,ENDOW,Брава мартина 28х85 1600мм,4,30,0.0,0.0,78083333282.0,ENDOW,,,90,,0.0,0.0,0.0,Мартина,,DATABASE_EVIDENCE
Altest,AKPY16035,ENDOW,Брава мартина 35х85 1600мм,4,30,0.0,0.0,86143263524.0,ENDOW,,,90,,0.0,0.0,0.0,Мартина,,DATABASE_EVIDENCE
Altest,AKPY18028,ENDOW,Брава мартина 28х85 1800мм,4,30,0.0,0.0,57283563695.0,ENDOW,,,90,,0.0,0.0,0.0,Мартина,,DATABASE_EVIDENCE
Altest,AKPY18035,ENDOW,Брава мартина 35х85 1800мм,4,30,0.0,0.0,27363613790.0,ENDOW,,,90,,0.0,0.0,0.0,Мартина,,DATABASE_EVIDENCE
Altest,AKPY20025,ENDOW,Брава мартина 25х85 2000мм,4,30,0.0,0.0,44574683557.0,ENDOW,,,90,,0.0,0.0,0.0,Мартина,,DATABASE_EVIDENCE
Altest,AKPY20025_new,ENDOW,Брава мартина 25х85 2000мм,4,30,0.0,0.0,25437256863.0,ENDOW,,,90,,0.0,0.0,0.0,Мартина,,DATABASE_EVIDENCE
Altest,AKPY20028,ENDOW,Брава мартина 28х85 2000мм,4,30,0.0,0.0,32574883355.0,ENDOW,,,90,,0.0,0.0,0.0,Мартина,,DATABASE_EVIDENCE
Altest,AKPY20035,ENDOW,Брава мартина 35х85 2000мм,4,30,0.0,0.0,3684813127.0,ENDOW,,,90,,0.0,0.0,0.0,Мартина,,DATABASE_EVIDENCE
Altest,AKPY8528,ENDOW,Брава за PVC TESA 28x85,4,12,0.0,0.0,21842063487.0,,,,90,,0.0,0.0,0.0,Брава,,DATABASE_EVIDENCE
Altest,AKPY8535,ENDOW,Брава за PVC TESA 35x85,4,12,0.0,0.0,56972873568.0,,,,90,,0.0,0.0,0.0,Брава,,DATABASE_EVIDENCE
Altest,AKPY9035ALWC1,ENDOW,Брава за AL WC 35/90,4,18,0.0,0.0,42336770186.0,,,,90,,0.0,0.0,0.0,Външни елементи,,DATABASE_EVIDENCE
Altest,AL дистанционер черен,ALTEST,AL дистанционер черен,4,22,0.0,0.0,41695639744.0,,,,90,,0.0,0.0,,Дистанционер,,DATABASE_EVIDENCE
Altest,AL0102,ALTEST,AL кутия 17/25,4,18,0.0,0.0,48654464296.0,PONI-MINI,AL,,90,,0.0,0.0,0.0,Външни елементи,,DATABASE_EVIDENCE
Altest,AL0103,ALTEST,AL кутия 20/40,4,18,0.0,0.0,37644234635.0,PONI-MINI,AL,,90,,0.0,0.0,0.0,Външни елементи,,DATABASE_EVIDENCE
Altest,AL0104,ALTEST,AL кутия 40/50,4,18,0.0,0.0,15614224395.0,PONI-MINI,AL,,90,,0.0,0.0,0.0,Външни елементи,,DATABASE_EVIDENCE
Altest,AL0106,ALTEST,AL кутия 40/80,4,18,0.0,0.0,17654274215.0,PONI-MINI,AL,,90,,0.0,0.0,0.0,Външни елементи,,DATABASE_EVIDENCE
Altest,AL0110,ALTEST,AL кутия 50/50,4,18,0.0,0.0,42764864191.0,PONI-MINI,AL,,90,,0.0,0.0,0.0,Външни елементи,,DATABASE_EVIDENCE
Altest,AL0111,ALTEST,AL кутия 20/60,4,18,0.0,0.0,86784294670.0,PONI-MINI,AL,,90,,0.0,0.0,0.0,Външни елементи,,DATABASE_EVIDENCE
Altest,AL0112,ALTEST,AL кутия 40/40,4,18,0.0,0.0,80774224315.0,PONI-MINI,AL,,90,,0.0,0.0,0.0,Външни елементи,,DATABASE_EVIDENCE
Altest,AL0122,ALTEST,AL кутия 20/80,4,18,0.0,0.0,21834534507.0,PONI-MINI,AL,,90,,0.0,0.0,0.0,Външни елементи,,DATABASE_EVIDENCE
Altest,AL0125,ALTEST,AL кутия 20/100,4,18,0.0,0.0,72854454305.0,PONI-MINI,AL,,90,,0.0,0.0,0.0,Външни елементи,,DATABASE_EVIDENCE
Altest,AL0126,ALTEST,AL кутия 20/120,4,18,0.0,0.0,61884964637.0,PONI-MINI,AL,,90,,0.0,0.0,0.0,Външни елементи,,DATABASE_EVIDENCE
Altest,AL0203,ALTEST,Винкел 20/20,4,18,0.0,0.0,3794854344.0,PONI-MINI,AL,,90,,0.0,0.0,0.0,Външни елементи,,DATABASE_EVIDENCE
Altest,AL0205,ALTEST,Винкел 30/30,4,18,0.0,0.0,39784584154.0,PONI-MINI,AL,,90,,0.0,0.0,0.0,Външни елементи,,DATABASE_EVIDENCE
Altest,AL0206,ALTEST,Винкел 40/40,4,18,0.0,0.0,74774134234.0,PONI-MINI,AL,,90,,0.0,0.0,0.0,Външни елементи,,DATABASE_EVIDENCE
Altest,AL0206-,ALTEST,"Сглобка винкел 40/40 11,5мм бяло",4,4,0.0,0.0,10102434192.0,AL,AL,,90,,0.0,0.0,0.0,Аксесоар,,DATABASE_EVIDENCE
Altest,AL0210,ALTEST,Винкел 20/40,4,18,0.0,0.0,14844134606.0,PONI-MINI,AL,,90,,0.0,0.0,0.0,Външни елементи,,DATABASE_EVIDENCE
Altest,AL0223,ALTEST,Винкел 20/80,4,18,0.0,0.0,60904344181.0,PONI-MINI,AL,,90,,0.0,0.0,0.0,Външни елементи,,DATABASE_EVIDENCE
Altest,AL0231,ALTEST,Винкел 20/100,4,18,0.0,0.0,76094984104.0,PONI-MINI,AL,,90,,0.0,0.0,0.0,Външни елементи,,DATABASE_EVIDENCE
Altest,AL0264,,Винкел 60/40,4,18,0.0,0.0,59394784181.0,PONI-MINI,AL,,90,,0.0,0.0,0.0,Външни елементи,,DATABASE_EVIDENCE
Altest,AL0300,ALTEST,Т-профил 15/15,4,4,0.0,0.0,48864124616.0,PONI-MINI,AL,,90,,0.0,0.0,0.0,Аксесоар,,DATABASE_EVIDENCE
Altest,AL121,ALTEST,Отводн. капачка бяла,4,18,0.0,0.0,71025864004.0,,,,90,,0.0,0.0,0.0,Външни елементи,,DATABASE_EVIDENCE
Altest,AL1211,ALTEST,Отводн. капачка кафе,4,18,0.0,0.0,27985024131.0,,,,90,,0.0,0.0,0.0,Външни елементи,,DATABASE_EVIDENCE
Altest,AL1212,ALTEST,Отводн. капачка черна,4,18,0.0,0.0,48945814138.0,,,,90,,0.0,0.0,0.0,Външни елементи,,DATABASE_EVIDENCE
Altest,AL1213,ALTEST,Тапа монт. винт бяла,4,18,0.0,0.0,36945724481.0,Крепежи ,,,90,,0.0,0.0,0.0,Външни елементи,,DATABASE_EVIDENCE
Altest,AL1214,ALTEST,Тапа монт. винт кафе,4,18,0.0,0.0,1935374829.0,Крепежи ,,,90,,0.0,0.0,0.0,Външни елементи,,DATABASE_EVIDENCE
Altest,AL1215,ALTEST,Тапа монт. винт черна,4,18,0.0,0.0,56925304728.0,Крепежи ,,,90,,0.0,0.0,0.0,Външни елементи,,DATABASE_EVIDENCE
Altest,AL123,ALTEST,Капачка монтажен отвор Ф12,4,18,0.0,0.0,25095814338.0,,,,90,,0.0,0.0,0.0,Външни елементи,,DATABASE_EVIDENCE
Altest,AL1231,ALTEST,Капачка монтажен отвор Ф12 кафе,4,18,0.0,0.0,44145134433.0,,,,90,,0.0,0.0,0.0,Външни елементи,,DATABASE_EVIDENCE
Altest,AL1232,ALTEST,Капачка монтажен отвор Ф12 черна,4,18,0.0,0.0,85175644261.0,,,,90,,0.0,0.0,0.0,Външни елементи,,DATABASE_EVIDENCE
Altest,AL1273,ENDOW,Степенчета н-ца малка,4,8,0.0,0.0,17545834113.0,ENDOW,,,45,,0.0,0.0,,Обков,,DATABASE_EVIDENCE
Altest,AL1275,ENDOW,Степенчата н-ца голяма,4,8,0.0,0.0,26535764929.0,ENDOW,,,90,,0.0,0.0,,Обков,,DATABASE_EVIDENCE
Altest,AL17,,,4,4,0.0,0.0,99026334871.0,,,,90,,0.0,0.0,0.0,Аксесоар,,DATABASE_EVIDENCE
Altest,AL20,ALTEST,Дръжка слонско ухо 20см БЯЛА,4,27,0.0,0.0,64146854144.0,Дръжки,,,90,,0.0,0.0,0.0,Дръжка за врата,,DATABASE_EVIDENCE
Altest,AL201,ALTEST,Дръжка слонско ухо 20см ЧЕРНА,4,27,0.0,0.0,42946604689.0,Дръжки,,,90,,0.0,0.0,0.0,Дръжка за врата,,DATABASE_EVIDENCE
Altest,AL2051,ALTEST,Дръжка за AL SKALA БЯЛА,4,27,0.0,0.0,80216574484.0,Дръжки,,,90,,0.0,0.0,0.0,Дръжка за врата,,DATABASE_EVIDENCE
Altest,AL20511 Дръжка за АЛ.SKALA,ALTEST,Дръжка за AL SKALA ЧЕРНА,4,27,0.0,0.0,31547321937.0,Дръжки,,,90,,0.0,0.0,0.0,Дръжка за врата,,DATABASE_EVIDENCE
Altest,AL207016,,,4,4,0.0,0.0,75171922864.0,,,,90,,0.0,0.0,0.0,Аксесоар,,DATABASE_EVIDENCE
Altest,AL209016,ALTEST,Капачка алум.за Ал.ППД до 20см бяла,4,27,0.0,0.0,75363702483.0,,,,90,,0.0,0.0,0.0,Дръжка за врата,,DATABASE_EVIDENCE
Altest,AL2213,MEDOS,Сюрме бяло WDS,4,8,0.0,0.0,54006324878.0,AL,,,90,,0.0,0.0,0.0,Обков,,DATABASE_EVIDENCE
Altest,AL22131,MEDOS,Сюрме черно WDS,4,8,0.0,0.0,16175174118.0,AL,,,90,,0.0,0.0,0.0,Обков,,DATABASE_EVIDENCE
Altest,AL30,ALTEST,Дръжка слонско ухо 30см БЯЛА,4,27,0.0,0.0,65256124856.0,Дръжки,,,90,,0.0,0.0,0.0,Дръжка за врата,,DATABASE_EVIDENCE
Altest,AL301,ALTEST,Дръжка слонско ухо 30см ЧЕРНА,4,27,0.0,0.0,67087324938.0,Дръжки,,,90,,0.0,0.0,0.0,Дръжка за врата,,DATABASE_EVIDENCE
Altest,AL307016,,,4,4,0.0,0.0,77262092788.0,,,,90,,0.0,0.0,0.0,Аксесоар,,DATABASE_EVIDENCE
Altest,AL3215,ALTEST,Сюрме за алуминий БЯЛО,4,8,0.0,0.0,43107714431.0,AL,,,90,,0.0,0.0,0.0,Обков,,DATABASE_EVIDENCE
Altest,AL32151 Сюрме за ал.Черно,ALTEST,Сюрме за алуминий ЧЕРНО,4,8,0.0,0.0,72856244437.0,AL,,,90,,0.0,0.0,0.0,Обков,,DATABASE_EVIDENCE
Altest,AL3217,ALTEST,Сюрме за ал. малко-БЯЛО,4,8,0.0,0.0,44167154313.0,AL,,,90,,0.0,0.0,0.0,Обков,,DATABASE_EVIDENCE
Altest,AL32171,ALTEST,Сюрме за ал. малко-ЧЕРНО,4,8,0.0,0.0,85676794238.0,AL,,,90,,0.0,0.0,0.0,Обков,,DATABASE_EVIDENCE
Altest,AL38,ALTEST,Панта лет.врата SKALA бяла,4,24,0.0,0.0,9266384408.0,AL,,,90,,0.0,0.0,0.0,Панта за прозорец,,DATABASE_EVIDENCE
Altest,AL3801,ALTEST,Панта лет.врата SKALA черна,4,24,0.0,0.0,44617384611.0,AL,,,90,,0.0,0.0,0.0,Панта за прозорец,,DATABASE_EVIDENCE
Altest,AL40,ALTEST,Дръжка слонско ухо 40см БЯЛА,4,27,0.0,0.0,54376474951.0,Дръжки,,,90,,0.0,0.0,0.0,Дръжка за врата,,DATABASE_EVIDENCE
Altest,AL401,ALTEST,Дръжка слонско ухо 40см ЧЕРНА,4,27,0.0,0.0,28188514535.0,Дръжки,,,90,,0.0,0.0,0.0,Дръжка за врата,,DATABASE_EVIDENCE
Altest,AL5055,KMG,Сглобка дел. ком. бяла,4,37,0.0,0.0,3549724256.0,,,,90,,0.0,0.0,0.0,Комарник  - Аксесоар,,DATABASE_EVIDENCE
Altest,AL50551,KMG,Сглобка дел. ком. кафява,4,37,0.0,0.0,19822542993.0,,,,90,,0.0,0.0,0.0,Комарник  - Аксесоар,,DATABASE_EVIDENCE
Altest,AL513,ALTEST,Ножица малка за AL бяла,4,33,0.0,0.0,45389114086.0,AL,,,90,,0.0,0.0,0.0,Ножица - обков,,DATABASE_EVIDENCE
Altest,AL5132,ALTEST,Ножица малка за AL черна,4,33,0.0,0.0,33469424112.0,AL,,,90,,0.0,0.0,0.0,Ножица - обков,,DATABASE_EVIDENCE
Altest,AL54,,,4,10,0.0,0.0,91486284281.0,,,,90,,0.0,0.0,0.0,Капачки,,DATABASE_EVIDENCE
Altest,AL5401,,,4,10,0.0,0.0,15429784519.0,,,,90,,0.0,0.0,0.0,Капачки,,DATABASE_EVIDENCE
Altest,AL820,ALTEST,Аеропланка SKALA бяла,4,8,0.0,0.0,35752314816.0,AL,,,90,,0.0,0.0,0.0,Обков,,DATABASE_EVIDENCE
Altest,AL8201,ALTEST,Аеропланка SKALA черна,4,8,0.0,0.0,46592424166.0,AL,,,90,,0.0,0.0,0.0,Обков,,DATABASE_EVIDENCE
Altest,ALT1601,ENDOW,долен ъгъл DK,4,8,0.0,0.0,22684673527.0,ENDOW,,,90,,0.0,0.0,0.0,Обков,,DATABASE_EVIDENCE
Altest,ALUSEAL HYBRID BLACK,ALTEST,Силикон за Алуминий - ъглонабивна,4,4,0.0,0.0,9715221774.0,,,,90,,0.0,0.0,0.0,Аксесоар,,DATABASE_EVIDENCE
Altest,AM251,MASTER,Комб. обков за ал. прозорец с  дълго рамо-451-650 ,4,8,0.0,0.0,72546094745.0,,,,90,,0.0,0.0,0.0,Обков,,DATABASE_EVIDENCE
Altest,AM2511,MASTER,Комб. обков за ал. прозорец с  дълго рамо-451-650 ,4,8,0.0,0.0,18426514731.0,,,,90,,0.0,0.0,0.0,Обков,,DATABASE_EVIDENCE
Altest,AM252,MASTER,Комб. обков за ал. прозорец с  дълго рамо-651-1200,4,8,0.0,0.0,24586194580.0,,,,90,,0.0,0.0,0.0,Обков,,DATABASE_EVIDENCE
Altest,AM2521,MASTER,Комб. обков за ал. прозорец с  дълго рамо-651-1200,4,8,0.0,0.0,10526734894.0,,,,90,,0.0,0.0,0.0,Обков,,DATABASE_EVIDENCE
Altest,AM2610,MASTER,Комб. обков за ал. прозорец  с късо рамо-370-450 M,4,4,0.0,0.0,23526244008.0,,,,90,,0.0,0.0,0.0,Аксесоар,,DATABASE_EVIDENCE
Altest,AM2611,MASTER,Комб. обков за ал. прозорец  с късо рамо-370-450 M,4,4,0.0,0.0,65526774524.0,,,,90,,0.0,0.0,0.0,Аксесоар,,DATABASE_EVIDENCE
Altest,AMS07,ALTEST,Четка антипрах,4,18,0.0,0.0,44369624575.0,,,,90,,0.0,0.0,0.0,Външни елементи,,DATABASE_EVIDENCE
Altest,AMS11,ALTEST,Стопер за плъзгане,4,4,0.0,0.0,74449524183.0,,,,90,,0.0,0.0,0.0,Аксесоар,,DATABASE_EVIDENCE
Altest,AMS13,ALTEST,Ъгъл външен за пл. ком. 1031,4,37,0.0,0.0,86459044811.0,,,,90,,0.0,0.0,0.0,Комарник  - Аксесоар,,DATABASE_EVIDENCE
Altest,AMS14,ALTEST,Ъгъл вътр. за пл. ком. 1031,4,37,0.0,0.0,54459204638.0,,,,90,,0.0,0.0,0.0,Комарник  - Аксесоар,,DATABASE_EVIDENCE
Altest,AMS20,ALTEST,"Ролка за комарник плъзгащ за крило 1031 MS20
",4,15,0.0,0.0,10579244727.0,Акс.Комарници,,,90,,0.0,0.0,0.0,Колона,,DATABASE_EVIDENCE
Altest,AMS30,ALTEST,Кап. за дел. 2022,4,4,0.0,0.0,41639564777.0,,,,90,,0.0,0.0,0.0,Аксесоар,,DATABASE_EVIDENCE
Altest,AP3172,KMG,USS 32мм,4,18,0.0,0.0,51067294692.0,,,,90,,0.0,0.0,0.0,Външни елементи,,DATABASE_EVIDENCE
Altest,AP3173,ALTEST,Добавка ПВЦ Крило Врата 60мм,4,4,0.0,0.0,28057174722.0,,,,90,,0.0,0.0,0.0,Аксесоар,,DATABASE_EVIDENCE
Altest,AP3174,ALTEST,Добавка ПВЦ Крило Врата 70мм,4,4,0.0,0.0,19017274440.0,,,,90,,0.0,0.0,0.0,Аксесоар,,DATABASE_EVIDENCE
Altest,AP3175,ALTEST,Добавка Балконско ПВЦ Крило,4,4,0.0,0.0,44007824813.0,,,,90,,0.0,0.0,0.0,Аксесоар,,DATABASE_EVIDENCE
Altest,AP325,KMG,Подложка стп,4,18,0.0,0.0,60657064353.0,,,,90,,0.0,0.0,0.0,Външни елементи,,DATABASE_EVIDENCE
Altest,APE 71,LS38,Метален ъгъл крило LS38,4,4,0.0,0.0,38175594857.0,,,,90,,0.0,0.0,,Аксесоар,,DATABASE_EVIDENCE
Altest,APE0550,Сглобки - Ъглонабивни,Ъглонаб. сгл. Esk. крило,4,4,0.0,0.0,38848772557.0,AL,,,90,,0.0,0.0,0.0,Аксесоар,,DATABASE_EVIDENCE
Altest,APE0551,Сглобки - Ъглонабивни,Ъглонаб. сгл. Esk. крило врата,4,4,0.0,0.0,33838142807.0,,,,90,,0.0,0.0,0.0,Аксесоар,,DATABASE_EVIDENCE
Altest,APE10,ALTEST,Сглобка Monticelli,4,4,0.0,0.0,53365154661.0,СГЛОБКИ,,,90,,0.0,0.0,,Аксесоар,,DATABASE_EVIDENCE
Altest,APE1031,Сглобки - Ъглонабивни,"Сглобка Пони каса 375 0020 30.6*10.3мм пресова
",4,4,0.0,0.0,81273633018.0,,,,90,,0.0,0.0,0.0,Аксесоар,,DATABASE_EVIDENCE
Altest,APE130,ALTEST,Сглобка за пл. ком. 300 0130,4,4,0.0,0.0,81435784364.0,,,,45,,0.0,0.0,,Аксесоар,,DATABASE_EVIDENCE
Altest,APE139,Сглобки - Ъглонабивни,"Сглобка Ескимос каса 010,020",4,4,0.0,0.0,87425534637.0,,,,90,,0.0,0.0,0.0,Аксесоар,,DATABASE_EVIDENCE
Altest,APE1391,Сглобки - Ъглонабивни,Сглобка Ескимос каса 021,4,4,0.0,0.0,45176653749.0,,,,90,,0.0,0.0,0.0,Аксесоар,,DATABASE_EVIDENCE
Altest,APE156,ALTEST,Сглобка Monticelli аналог,4,4,0.0,0.0,22625564482.0,СГЛОБКИ,,,90,,0.0,0.0,,Аксесоар,,DATABASE_EVIDENCE
Altest,APE157,ALTEST,Ъгъл пл. ком. 300 0128,4,37,0.0,0.0,11655884434.0,,,,90,,0.0,0.0,,Комарник  - Аксесоар,,DATABASE_EVIDENCE
Altest,APE1590,ALTEST,Сглобка каса ПОНИ  30мм,4,4,0.0,0.0,63368213582.0,,,,90,,0.0,0.0,0.0,Аксесоар,,DATABASE_EVIDENCE
Altest,APE1701DX,ALTEST,Сглобка за делител дясна,4,4,0.0,0.0,13329923882.0,СГЛОБКИ,,,90,,0.0,0.0,0.0,Аксесоар,,DATABASE_EVIDENCE
Altest,APE1701SX,ALTEST,Сглобка за делител лява,4,4,0.0,0.0,26839083588.0,СГЛОБКИ,,,90,,0.0,0.0,0.0,Аксесоар,,DATABASE_EVIDENCE
Altest,APE187,Сглобки - Ъглонабивни,Сглобка Ескимос,4,0,0.0,0.0,16935214546.0,СГЛОБКИ,,,90,,0.0,0.0,0.0,UNKNOWN,,DATABASE_EVIDENCE
Altest,APE200,ALTEST,Кап. лет. делител Pony обла,4,4,0.0,0.0,90285124998.0,,,,90,,0.0,0.0,0.0,Аксесоар,,DATABASE_EVIDENCE
Altest,APE211,ALTEST,Кап. лет. делител Pony права,4,4,0.0,0.0,42365694428.0,,,,90,,0.0,0.0,0.0,Аксесоар,,DATABASE_EVIDENCE
Altest,APE2120,Сглобки - Ъглонабивни,Ъглонаб. сгл. Esk. каса,4,4,0.0,0.0,51384854559.0,,,,90,,0.0,0.0,0.0,Аксесоар,,DATABASE_EVIDENCE
Altest,APE2121,Сглобки - Ъглонабивни,Ъглон. сгл. Esk. крило врата,4,4,0.0,0.0,53304344674.0,,,,90,,0.0,0.0,0.0,Аксесоар,,DATABASE_EVIDENCE
Altest,APE26,Сглобки - Ъглонабивни,Ъглон. сгл. Esk. крило,4,4,0.0,0.0,68465254123.0,,,,90,,0.0,0.0,0.0,Аксесоар,,DATABASE_EVIDENCE
Altest,APE2610,Сглобки - Ъглонабивни,Ъглон. сгл. Esk. крило пр.пвц обков,4,4,0.0,0.0,25769634779.0,AL,,,90,,0.0,0.0,0.0,Аксесоар,,DATABASE_EVIDENCE
Altest,APE3,ALTEST,Сглобка MS 04.02,4,4,0.0,0.0,16446234582.0,СГЛОБКИ,,,90,,0.0,0.0,0.0,Аксесоар,,DATABASE_EVIDENCE
Altest,APE310,ALTEST,Кап. лет. дел. Esk. права,4,4,0.0,0.0,68425264234.0,AL,,,90,,0.0,0.0,0.0,Аксесоар,,DATABASE_EVIDENCE
Altest,APE311,ALTEST,Кап. лет. дел. Esk. PVC обла,4,4,0.0,0.0,17475804273.0,AL,,,90,,0.0,0.0,0.0,Аксесоар,,DATABASE_EVIDENCE
Altest,APE312,ALTEST,Кап. лет. дел. Esk. PVC права,4,4,0.0,0.0,12415804979.0,AL,,,90,,0.0,0.0,0.0,Аксесоар,,DATABASE_EVIDENCE
Altest,APE313,ALTEST,Кап. лет. дел. Esk. обла,4,4,0.0,0.0,455814612.0,AL,,,90,,0.0,0.0,0.0,Аксесоар,,DATABASE_EVIDENCE
Altest,APE316,WDS 70,Кап. лет. дел. 322 WDS,4,4,0.0,0.0,1445884251.0,,,,90,,0.0,0.0,0.0,Аксесоар,,DATABASE_EVIDENCE
Altest,APE317,ALTEST,Кап. лет. дел. 1303 WDS,4,4,0.0,0.0,64485844662.0,,,,90,,0.0,0.0,0.0,Аксесоар,,DATABASE_EVIDENCE
Altest,APE318,ALTEST,Кап. лет. дел. 1304 WDS,4,4,0.0,0.0,22455104124.0,,,,90,,0.0,0.0,0.0,Аксесоар,,DATABASE_EVIDENCE
Altest,APE361,ALTEST,Кап. добавка Pony голяма,4,4,0.0,0.0,35945354216.0,,,,90,,0.0,0.0,0.0,Аксесоар,,DATABASE_EVIDENCE
Altest,APE4180,Сглобки - Ъглонабивни,Ъгл.Сгл.Крило Вр. Пони,4,4,0.0,0.0,77144566015.0,AL,,,90,,0.0,0.0,0.0,Аксесоар,,DATABASE_EVIDENCE
Altest,APE5,ALTEST,Сглoбка MS 04.01-MS 04,4,4,0.0,0.0,61486174333.0,AL,,,90,,0.0,0.0,,Аксесоар,,DATABASE_EVIDENCE
Altest,APE6,ALTEST,Сглoбка МО 19,4,4,0.0,0.0,62466824214.0,AL,,,90,,0.0,0.0,0.0,Аксесоар,,DATABASE_EVIDENCE
Altest,APE7,ALTEST,Сглобка MO 19-1,4,4,0.0,0.0,23466324138.0,СГЛОБКИ,,,90,,0.0,0.0,0.0,Аксесоар,,DATABASE_EVIDENCE
Altest,APE720,ALTEST,Метален ъгъл WDS,4,4,0.0,0.0,96945864673.0,AL,,,90,,0.0,0.0,0.0,Аксесоар,,DATABASE_EVIDENCE
Altest,APE730,WDS 70,Гумен ъгъл упл. за WDS,4,4,0.0,0.0,73035674235.0,AL,,,90,,0.0,0.0,0.0,Аксесоар,,DATABASE_EVIDENCE
Altest,APE8,ALTEST,Сглобка MO 41,4,4,0.0,0.0,76446034758.0,СГЛОБКИ,,,90,,0.0,0.0,,Аксесоар,,DATABASE_EVIDENCE
Altest,APE900,ALTEST,Централна гума за Eskimos,4,34,0.0,0.0,71955714442.0,AL,,,45,,0.0,0.0,0.0,Уплътнение,,DATABASE_EVIDENCE
Altest,APEC4,COMUNELLO,Сглoбка MS 04.00-MS 05,4,4,0.0,0.0,49135754168.0,AL,,,90,,0.0,0.0,,Аксесоар,,DATABASE_EVIDENCE
Altest,APK1502,ENDOW,наср.долен DK 13мм,4,8,0.0,0.0,88034853125.0,ENDOW,,,90,,0.0,0.0,0.0,Обков,,DATABASE_EVIDENCE
Altest,ASKF0030-100061,SIEGENIA,S Ножица за падащо крило с втулка,4,8,0.0,0.0,74041724374.0,Group,,,90,,0.0,0.0,0.0,Обков,,DATABASE_EVIDENCE
Altest,ASKF003010006,SIEGENIA,НОЖИЦА ПАДАЩО КРИ,4,33,0.0,0.0,64177513641.0,SIEGENIA,,,90,,0.0,0.0,,Ножица - обков,,DATABASE_EVIDENCE
Altest,ASKF00303,SIEGENIA,Ножица падащо,4,33,0.0,0.0,54880024487.0,SIEGENIA,,,90,,0.0,0.0,,Ножица - обков,,DATABASE_EVIDENCE
Altest,AT3,ALTEST,"Болт и гайка комплект
",4,4,0.0,0.0,35936171518.0,Крепежи ,,,90,,0.0,0.0,,Аксесоар,,DATABASE_EVIDENCE
Altest,AT903,ALTEST,"Сгл. тройник 90 PVC бяла
",4,4,0.0,0.0,14433874884.0,,,,90,,0.0,0.0,,Аксесоар,,DATABASE_EVIDENCE
Altest,AVM11,ALTEST,Автомат без зад. ASAB бял,4,18,0.0,0.0,12783614849.0,,,,90,,0.0,0.0,0.0,Външни елементи,,DATABASE_EVIDENCE
Altest,AVM111,ALTEST,Автомат без зад. ASAB черен,4,18,0.0,0.0,70653854044.0,,,,90,,0.0,0.0,0.0,Външни елементи,,DATABASE_EVIDENCE
Altest,AVM112,ALTEST,Автомат без зад. ASAB сребро,4,18,0.0,0.0,69623264619.0,,,,90,,0.0,0.0,0.0,Външни елементи,,DATABASE_EVIDENCE
Altest,AVM12,ALTEST,Автомат със зад. ASAB бял,4,18,0.0,0.0,32773604716.0,,,,90,,0.0,0.0,0.0,Външни елементи,,DATABASE_EVIDENCE
Altest,AVM121,ALTEST,Автомат със зад. ASAB черен,4,18,0.0,0.0,52753224374.0,,,,90,,0.0,0.0,0.0,Външни елементи,,DATABASE_EVIDENCE
Altest,AVM122,ALTEST,Автомат със зад. ASAB сребро,4,18,0.0,0.0,53723334274.0,,,,90,,0.0,0.0,0.0,Външни елементи,,DATABASE_EVIDENCE
Altest,AVM1352,ALTEST,Авт. голям ASAB без зад. сребро,4,18,0.0,0.0,10144383644.0,,,,90,,0.0,0.0,0.0,Външни елементи,,DATABASE_EVIDENCE
Altest,AVM142,ALTEST,Авт. голям без зад. ASAB сребро,4,18,0.0,0.0,67943074453.0,,,,90,,0.0,0.0,0.0,Външни елементи,,DATABASE_EVIDENCE
Altest,AVM152,ASSA ABLOY,Елемент за задържане на автомат с релса,4,18,0.0,0.0,42053214531.0,Аксесоари,,,90,,0.0,0.0,0.0,Външни елементи,,DATABASE_EVIDENCE
Altest,AVM3001-9005,ASSA ABLOY,"Автомат врата ASSA ABLOY висок клас без рамо DC 300 , RAL 9005",4,18,0.0,0.0,22247374183.0,Аксесоари,,,90,,0.0,0.0,0.0,Външни елементи,,DATABASE_EVIDENCE
Altest,AVM3103-не,ALTEST,Релса без зад. за DC300 сребро,4,18,0.0,0.0,24973346117.0,,,,90,,0.0,0.0,0.0,Външни елементи,,DATABASE_EVIDENCE
Altest,AVM31031-9005,ASSA ABLOY,Релса за алуминий и пвц за автомат DC 300 без задържане ral 9005,4,18,0.0,0.0,66416893132.0,Аксесоари,,,90,,0.0,0.0,0.0,Външни елементи,,DATABASE_EVIDENCE
Altest,БЮДЖЕТ ТРАНСПОРТ,ТРАНСПОРТ,ТРАНСПОРТ,4,4,0.0,0.0,20349781653.0,,,,90,,0.0,0.0,0.0,Аксесоар,,DATABASE_EVIDENCE
Altest,БЮДЖЕТ ТРАНСПОРТ 1,ТРАНСПОРТ,ТРАНСПОРТ,4,4,0.0,0.0,14577841285.0,,,,90,,0.0,0.0,0.0,Аксесоар,,DATABASE_EVIDENCE
Altest,БЮДЖЕТ ТРАНСПОРТ 3,ТРАНСПОРТ,ТРАНСПОРТ,4,4,0.0,0.0,40587331855.0,,,,90,,0.0,0.0,0.0,Аксесоар,,DATABASE_EVIDENCE
Altest,БЮДЖЕТ ТРАНСПОРТ 4,,"ТРАНСПОРТ LS,GIL,PS",4,4,0.0,0.0,68527441867.0,,,,90,,0.0,0.0,0.0,Аксесоар,,DATABASE_EVIDENCE
Altest,B122,ALTEST,Брава Kale за плъзгане с ключ бяла,4,18,0.0,0.0,14597725847.0,,,,90,,0.0,0.0,0.0,Външни елементи,,DATABASE_EVIDENCE
Altest,B1221,ALTEST,Брава Kale за плъзгане с ключ черна,4,18,0.0,0.0,67517245697.0,,,,90,,0.0,0.0,0.0,Външни елементи,,DATABASE_EVIDENCE
Altest,BA1001,ALTEST,Сглобка Р 100.1,4,4,0.0,0.0,95646425663.0,СГЛОБКИ,,,90,,0.0,0.0,,Аксесоар,,DATABASE_EVIDENCE
Altest,BA111,ALTEST,Розетка за патрон БЯЛА,4,18,0.0,0.0,1956725355.0,,,,90,,0.0,0.0,,Външни елементи,,DATABASE_EVIDENCE
Altest,BA1111,ALTEST,Розетка за патрон ЧЕРНА,4,18,0.0,0.0,71866425618.0,,,,90,,0.0,0.0,,Външни елементи,,DATABASE_EVIDENCE
Altest,BA272-1,ALTEST,"Насрещник за алуминий врата регулируем
",4,18,0.0,0.0,40187160734.0,,,,90,,0.0,0.0,0.0,Външни елементи,,DATABASE_EVIDENCE
Altest,BA2871,ALTEST,Сглобка Габи,4,4,0.0,0.0,47207525475.0,СГЛОБКИ,,,90,,0.0,0.0,0.0,Аксесоар,,DATABASE_EVIDENCE
Altest,BB1,ALTEST Брава,Брава METAL 35х85 + н-к,4,12,0.0,0.0,21267611440.0,MAUER,,,90,,0.0,0.0,0.0,Брава,,DATABASE_EVIDENCE
Altest,BB1628,ALTEST,Ел. наср. Assa Abloy (BBN16),4,46,0.0,0.0,38526565183.0,MAUER,,,90,,0.0,0.0,0.0,Скрит елемент,,DATABASE_EVIDENCE
Altest,BB2,ALTEST Брава,Брава METAL за доп. заключване с н-к,4,12,0.0,0.0,69277701821.0,AL,,,90,,0.0,0.0,0.0,Брава,,DATABASE_EVIDENCE
Altest,BB3,ALTEST Брава,Брава MAUER +н,4,12,0.0,0.0,15237721686.0,MAUER,,,90,,0.0,0.0,0.0,Брава,,DATABASE_EVIDENCE
Altest,BB31,ALTEST Брава,Брава MAUER 35х85 + н-к,4,12,0.0,0.0,66337315727.0,MAUER,,,90,,0.0,0.0,0.0,Брава,,DATABASE_EVIDENCE
Altest,BB32,ALTEST Брава,Брава MAUER 35х85 ролка+н-к,4,12,0.0,0.0,45347355664.0,MAUER,,,90,,0.0,0.0,0.0,Брава,,DATABASE_EVIDENCE
Altest,BF211,ALTEST,БРАВА ролка FF 1830,4,12,0.0,0.0,84567235153.0,,,,90,,0.0,0.0,0.0,Брава,,DATABASE_EVIDENCE
Altest,BF212,ALTEST,БРАВА език FF 1730,4,12,0.0,0.0,46507105534.0,,,,90,,0.0,0.0,,Брава,,DATABASE_EVIDENCE
Altest,BP3 патрон DEKA,ALTEST Патрон,Патрон 68 mm DEKA,4,18,0.0,0.0,66328706323.0,MAUER,,,90,,0.0,0.0,0.0,Външни елементи,,DATABASE_EVIDENCE
Altest,BP31 патрон WC DEKA,ALTEST Патрон,Патрон за врата WC DEKA,4,18,0.0,0.0,39879771488.0,MAUER,,,90,,0.0,0.0,0.0,Външни елементи,,DATABASE_EVIDENCE
Altest,BP33,ALTEST Патрон,Патрон DEKA 40x50,4,18,0.0,0.0,41787455866.0,MAUER,,,90,,0.0,0.0,0.0,Външни елементи,,DATABASE_EVIDENCE
Altest,BP34,VLAS68,Патрон Assa Abloy 31х36 Mесинг,4,18,0.0,0.0,77767655413.0,MAUER,,,90,,0.0,0.0,0.0,Външни елементи,,DATABASE_EVIDENCE
Altest,BP91,,Патрон 35х55 за Eskimos,4,18,0.0,0.0,77387975642.0,,,,90,,0.0,0.0,0.0,Външни елементи,,DATABASE_EVIDENCE
Altest,BP96,ALTEST Патрон,Патрон 36х66 за WDS/LS,4,18,0.0,0.0,57397825852.0,MAUER,,,90,,0.0,0.0,0.0,Външни елементи,,DATABASE_EVIDENCE
Altest,BR-B-16-3000-MA,FS470,"Четка за уплътнение 3000мм
",4,4,0.0,0.0,67935463565.0,,,,90,,0.0,0.0,0.0,Аксесоар,,DATABASE_EVIDENCE
Altest,BZ5023,ALTEST,Джоб статичен комарник бял,4,37,0.0,0.0,67710385436.0,Акс.Комарници,,,90,,0.0,0.0,0.0,Комарник  - Аксесоар,,DATABASE_EVIDENCE
Altest,Заработка Kommerling 70,Заработка,Заработка Kommerling 70,4,4,0.0,0.0,37496039720.0,,,,45,,0.0,0.0,2.0,Аксесоар,,DATABASE_EVIDENCE
Altest,Заработка Kommerling 76,Заработка,Заработка Kommerling 76,4,4,0.0,0.0,48466779178.0,,,,45,,0.0,0.0,2.0,Аксесоар,,DATABASE_EVIDENCE
Altest,Заработка Kommerling 88,Заработка,Заработка Kommerling 88,4,4,0.0,0.0,13556249165.0,,,,45,,0.0,0.0,2.0,Аксесоар,,DATABASE_EVIDENCE
Altest,Заработка PVC - 3кам,Заработка,Заработка PVC - 3кам,4,4,0.0,0.0,34374365142.0,,,,45,,0.0,0.0,2.0,Аксесоар,,DATABASE_EVIDENCE
Altest,Заработка PVC - 4кам,,Заработка PVC - 4кам,4,4,0.0,0.0,64425855251.0,,,,45,,0.0,0.0,0.0,Аксесоар,,DATABASE_EVIDENCE
Altest,Заработка PVC - 6кам,Заработка,Заработка PVC - 6кам,4,4,0.0,0.0,30657335584.0,,,,45,,0.0,0.0,2.0,Аксесоар,,DATABASE_EVIDENCE
Altest,Заработка PVC -VW,Заработка,Заработка PVC - VW,4,4,0.0,0.0,4823983182.0,,,,45,,0.0,0.0,2.0,Аксесоар,,DATABASE_EVIDENCE
Altest,CB13020301,Стъклен балкон,PVC профил отваряема част Ч профил,4,4,0.0,0.0,34853495434.0,,,,90,,0.0,0.0,0.0,Аксесоар,,DATABASE_EVIDENCE
Altest,CB13020303,Стъклен балкон,PVC профил среден H профил,4,4,0.0,0.0,36823745162.0,,,,90,,0.0,0.0,0.0,Аксесоар,,DATABASE_EVIDENCE
Altest,CB13020305,Стъклен балкон,PVC профил краен,4,4,0.0,0.0,78833685484.0,,,,90,,0.0,0.0,,Аксесоар,,DATABASE_EVIDENCE
Altest,CB13020306,Стъклен балкон,PVC профил 90 гр.,4,4,0.0,0.0,88813675740.0,,,,90,,0.0,0.0,,Аксесоар,,DATABASE_EVIDENCE
Altest,CB13300100,Стъклен балкон,Ролка стъклен балкон водеща,4,4,0.0,0.0,7786965828.0,,,,90,,0.0,0.0,0.0,Аксесоар,,DATABASE_EVIDENCE
Altest,CB13300100-1,Стъклен балкон,Ролка стъклен балкон излизаща,4,4,0.0,0.0,52074475777.0,,,,90,,0.0,0.0,0.0,Аксесоар,,DATABASE_EVIDENCE
Altest,CB13300110,Стъклен балкон,Закопчалка стъклен балкон за крило към каса,4,4,0.0,0.0,4856725104.0,,,,90,,0.0,0.0,0.0,Аксесоар,,DATABASE_EVIDENCE
Altest,CB13300120,Стъклен балкон,Дръжка водач,4,18,0.0,0.0,25966225356.0,Дръжки,,,90,,0.0,0.0,0.0,Външни елементи,,DATABASE_EVIDENCE
Altest,CB13300128,Стъклен балкон,Фиксатор крило,4,4,0.0,0.0,79966765631.0,,,,90,,0.0,0.0,0.0,Аксесоар,,DATABASE_EVIDENCE
Altest,CB13300129,Стъклен балкон,Въже,4,4,0.0,0.0,96936145582.0,,,,90,,0.0,0.0,,Аксесоар,,DATABASE_EVIDENCE
Altest,CB13300130L-1,Стъклен балкон,Капачка за средно крило 90гр.,4,4,0.0,0.0,63983733638.0,,,,90,,0.0,0.0,0.0,Аксесоар,,DATABASE_EVIDENCE
Altest,CB13300130R-1,Стъклен балкон,Капачка за средно крило 90гр.,4,4,0.0,0.0,22569693134.0,,,,90,,0.0,0.0,0.0,Аксесоар,,DATABASE_EVIDENCE
Altest,CB13300131,Стъклен балкон,Капачка за крило 45 гр.,4,4,0.0,0.0,19026885264.0,,,,90,,0.0,0.0,0.0,Аксесоар,,DATABASE_EVIDENCE
Altest,CB13300132L-1,Стъклен балкон,Капачка за крайно крило 90гр.,4,4,0.0,0.0,71163745633.0,,,,90,,0.0,0.0,0.0,Аксесоар,,DATABASE_EVIDENCE
Altest,CB13300132R-2,Стъклен балкон,Капачка за крайно крило 90гр.,4,4,0.0,0.0,83709515514.0,,,,90,,0.0,0.0,0.0,Аксесоар,,DATABASE_EVIDENCE
Altest,CB13300133,Стъклен балкон,Капачка за крило 135 гр.,4,4,0.0,0.0,45076295280.0,,,,90,,0.0,0.0,,Аксесоар,,DATABASE_EVIDENCE
Altest,CB13300135,Стъклен балкон,Водач релса,4,4,0.0,0.0,24056425566.0,,,,90,,0.0,0.0,0.0,Аксесоар,,DATABASE_EVIDENCE
Altest,CB13300136,Стъклен балкон,Сглобка каса,4,4,0.0,0.0,40046465313.0,СГЛОБКИ,,,90,,0.0,0.0,0.0,Аксесоар,,DATABASE_EVIDENCE
Altest,CB13300137,Стъклен балкон,Регулиращ ъгъл за каса,4,4,0.0,0.0,33056345044.0,,,,90,,0.0,0.0,0.0,Аксесоар,,DATABASE_EVIDENCE
Altest,CB13300138,Стъклен балкон,Стационарна панта к-т,4,4,0.0,0.0,23056715249.0,,,,90,,0.0,0.0,,Аксесоар,,DATABASE_EVIDENCE
Altest,CB13300139,Стъклен балкон,Стационарна панта к-т,4,4,0.0,0.0,73016355112.0,,,,90,,0.0,0.0,0.0,Аксесоар,,DATABASE_EVIDENCE
Altest,CB13300140-2,Стъклен балкон,Магазин 2 крила,4,4,0.0,0.0,44438115849.0,,,,45,,0.0,0.0,,Аксесоар,,DATABASE_EVIDENCE
Altest,CB13300141-3,Стъклен балкон,Магазин 3 крила,4,4,0.0,0.0,20538935355.0,,,,45,,0.0,0.0,,Аксесоар,,DATABASE_EVIDENCE
Altest,CB13300142-4,Стъклен балкон,Магазин 4 крила,4,4,0.0,0.0,14688345217.0,,,,45,,0.0,0.0,,Аксесоар,,DATABASE_EVIDENCE
Altest,CB13300143-5,Стъклен балкон,Магазин 5 крила,4,4,0.0,0.0,83758775255.0,,,,45,,0.0,0.0,,Аксесоар,,DATABASE_EVIDENCE
Altest,CB13300144-6,Стъклен балкон,Магазин 6 крила,4,4,0.0,0.0,29888845657.0,,,,90,,0.0,0.0,0.0,Аксесоар,,DATABASE_EVIDENCE
Altest,CB13300145-7,Стъклен балкон,Магазин 7 крила,4,4,0.0,0.0,12978545643.0,,,,45,,0.0,0.0,,Аксесоар,,DATABASE_EVIDENCE
Altest,CB13300147-9,Стъклен балкон,Магазин 9 крила,4,4,0.0,0.0,26118165518.0,,,,90,,0.0,0.0,0.0,Аксесоар,,DATABASE_EVIDENCE
Altest,COD 22,ALTEST,COD 22,4,4,0.0,0.0,21666586073.0,,,,90,,0.0,0.0,0.0,Аксесоар,,DATABASE_EVIDENCE
Altest,COD ALTEST,,COD ALTEST,4,4,0.0,0.0,94375772841.0,,,,90,,0.0,0.0,0.0,Аксесоар,,DATABASE_EVIDENCE
Altest,CODE,ALTEST,КОД,4,4,0.0,0.0,26468286532.0,,,,90,,0.0,0.0,0.0,Аксесоар,,DATABASE_EVIDENCE
Altest,CODE 22,,CODE 22,4,4,0.0,0.0,26518875558.0,,,,90,,0.0,0.0,0.0,Аксесоар,,DATABASE_EVIDENCE
Altest,CODE1,ALTEST,КОД,4,4,0.0,0.0,16306966829.0,,,,90,,0.0,0.0,0.0,Аксесоар,,DATABASE_EVIDENCE
Altest,Cutting,ALTEST,Cutting,4,4,0.0,0.0,26179782747.0,,,,45,,0.0,0.0,,Аксесоар,,DATABASE_EVIDENCE
Altest,D3263,ALTEST,Комарник унив.,4,4,0.0,0.0,12359757057.0,PONI-MINI,,,90,,0.0,0.0,0.0,Аксесоар,,DATABASE_EVIDENCE
Altest,D7610,ALTEST,Клик-лок с бутон бял,4,18,0.0,0.0,43643867354.0,,,,90,,0.0,0.0,1.0,Външни елементи,,DATABASE_EVIDENCE
Altest,D76101,ALTEST,Клик-лок с бутон черен,4,18,0.0,0.0,86423817181.0,,,,90,,0.0,0.0,1.0,Външни елементи,,DATABASE_EVIDENCE
Altest,D7710,ALTEST,Клик-лок с ключ бял,4,18,0.0,0.0,44744977750.0,,,,90,,0.0,0.0,1.0,Външни елементи,,DATABASE_EVIDENCE
Altest,D77101,ALTEST,Клик-лок с ключ черен,4,18,0.0,0.0,15534437505.0,,,,90,,0.0,0.0,1.0,Външни елементи,,DATABASE_EVIDENCE
Altest,DA505403,ALTEST,Падащ праг 30см,4,4,0.0,0.0,23785025338.0,,,,90,,0.0,0.0,0.0,Аксесоар,,DATABASE_EVIDENCE
Altest,DA505404,,Падащ праг 40см,4,4,0.0,0.0,97715315892.0,,,,90,,0.0,0.0,0.0,Аксесоар,,DATABASE_EVIDENCE
Altest,DA505405,ALTEST,Падащ праг 50см,4,4,0.0,0.0,95745335115.0,,,,90,,0.0,0.0,0.0,Аксесоар,,DATABASE_EVIDENCE
Altest,DB10,ALTEST,Дръжка лапа бяла,4,27,0.0,0.0,65339217201.0,Дръжки,,,90,,0.0,0.0,0.0,Дръжка за врата,,DATABASE_EVIDENCE
Altest,DB11,ALTEST,Дръжка лапа черна,4,27,0.0,0.0,6389447717.0,Дръжки,,,90,,0.0,0.0,0.0,Дръжка за врата,,DATABASE_EVIDENCE
Altest,DBAS 2,ALTEST,Дръжка АЛ.ВРАТА-бяла,4,27,0.0,0.0,70414367567.0,,,,90,,0.0,0.0,0.0,Дръжка за врата,,DATABASE_EVIDENCE
Altest,DBAS2,ALTEST,Дръжка AL Вр. MAUER БЯЛА,4,27,0.0,0.0,26244947907.0,MAUER,,,90,,0.0,0.0,0.0,Дръжка за врата,,DATABASE_EVIDENCE
Altest,DBAS21,ALTEST,Дръжка AL Вр. MAUER ЧЕРНА,4,27,0.0,0.0,28244167468.0,MAUER,,,90,,0.0,0.0,0.0,Дръжка за врата,,DATABASE_EVIDENCE
Altest,DBOND13,,Композитен панел ALTESTBOND за външно ползване 3.2,4,18,0.0,0.0,38836015887.0,,,,90,,0.0,0.0,0.0,Външни елементи,,DATABASE_EVIDENCE
Altest,DBOND2,ALTESTBOND,Композитен панел ALTESTBOND RAL9016 бял,4,18,0.0,0.0,80998147414.0,,,,90,,0.0,0.0,0.0,Външни елементи,,DATABASE_EVIDENCE
Altest,DBOND95 орех,,DBOND95,4,18,0.0,0.0,56817888664.0,,,,90,,0.0,0.0,0.0,Външни елементи,,DATABASE_EVIDENCE
Altest,DHA9019005 - Dr.Hann черна WDS,DR.HANN,Панта Dr. Hann AL 20-65 Tuerband WDS 70,4,25,0.0,0.0,14737116515.0,Dr.Hann,,,90,,0.0,0.0,0.0,Панта за врата,,DATABASE_EVIDENCE
Altest,DHA9019016 - Dr.Hann бяла WDS,DR.HANN,Панта Dr. Hann AL 20-65 Tuerband WDS 70,4,25,0.0,0.0,37166922083.0,Dr.Hann,,,90,,0.0,0.0,0.0,Панта за врата,,DATABASE_EVIDENCE
Altest,DHAL1059005 - Dr.Hann черна ЕСК,DR.HANN,Панта Dr. Hann Klemmband 2- ESKIMOS,4,25,0.0,0.0,45041454746.0,Dr.Hann,,,90,,0.0,0.0,0.0,Панта за врата,,DATABASE_EVIDENCE
Altest,DHVAL3511003,GUAL,Скрита Панта VL-BAND AL Tuerbanda,4,25,0.0,0.0,43513085517.0,GU,,,90,,0.0,0.0,0.0,Панта за врата,,DATABASE_EVIDENCE
Altest,E 3307,KMG,Водобран към ПВЦ крило 60мм,1,11,24.3,0.0,69141338654.0,,ПРАГ ЗА ВРАТА,,90,,0.0,56.56,0.0,Алуминиев праг,,DATABASE_EVIDENCE
Altest,E3308,KMG,AL праг за 4к KMG,1,11,20.0,0.0,63971268420.0,AL,ПРАГ ЗА ВРАТА,,90,,20.0,59.5,2.0,Алуминиев праг,,DATABASE_EVIDENCE
Altest,E3309,KMG,AL праг за 6к KMG,1,11,25.0,0.0,94901478879.0,AL,ПРАГ ЗА ВРАТА,,90,,25.0,75.0,2.0,Алуминиев праг,,DATABASE_EVIDENCE
Altest,E3310,ALTEST,Адаптор AL праг за 6к KMG,4,4,0.0,0.0,33011508855.0,AL,,,90,,0.0,0.0,2.0,Аксесоар,,DATABASE_EVIDENCE
Altest,E3311,ALTEST,Доб.крило за AL праг за 6к KMG,4,11,0.0,0.0,42061718223.0,AL,ПРАГ ЗА ВРАТА,,90,,0.0,0.0,0.0,Алуминиев праг,,DATABASE_EVIDENCE
Altest,Капачка л.дел.WS75,ALTEST,Капачка л.дел.WS75,4,4,0.0,0.0,61018730423.0,,,,90,,0.0,0.0,0.0,Аксесоар,,DATABASE_EVIDENCE
Altest,Ламел Кепенци,,Ламел Кепенци,4,4,0.0,0.0,85143212838.0,AL STUD - DOP,,,90,,0.0,0.0,0.0,Аксесоар,,DATABASE_EVIDENCE
Altest,Лепило - EPS Полимерхибрид,,Лепило - EPS Полимерхибрид,4,4,0.0,0.0,46063443802.0,,,,90,,0.0,0.0,0.0,Аксесоар,,DATABASE_EVIDENCE
Altest,Кантиране стъкло,ALTEST,Кантиране стъкло,4,4,0.0,0.0,80156349405.0,,,,90,,0.0,0.0,0.0,Аксесоар,,DATABASE_EVIDENCE
Altest,Изработка Врати PONY,ALTEST,Изработка Врати PONY,4,4,0.0,0.0,61132623387.0,,,,90,,0.0,0.0,0.0,Аксесоар,,DATABASE_EVIDENCE
Altest,Изработка гилотина,ALTEST,Изработка гилотина,4,4,0.0,0.0,55346742320.0,,,,90,,0.0,0.0,0.0,Аксесоар,,DATABASE_EVIDENCE
Altest,Изработка огъвки PROFINE,,Изработка огъвки PROFINE,4,4,0.0,0.0,83148261078.0,,,,90,,0.0,0.0,0.0,Аксесоар,,DATABASE_EVIDENCE
Altest,Изработка LS,ALTEST,Изработка LS,4,4,0.0,0.0,25682465188.0,,,,90,,0.0,0.0,0.0,Аксесоар,,DATABASE_EVIDENCE
Altest,Изработка стъклен балкон,ALTEST,Изработка стъклен балкон,4,0,0.0,0.0,54675071688.0,,,,90,,0.0,0.0,0.0,UNKNOWN,,DATABASE_EVIDENCE
Altest,Изработка PONY/MINI,ALTEST,Изработка PONY и MINI,4,4,0.0,0.0,12150942843.0,,,,90,,0.0,0.0,0.0,Аксесоар,,DATABASE_EVIDENCE
Altest,Изработка PS,ALTEST,Изработка PS,4,4,0.0,0.0,37072235976.0,,,,90,,0.0,0.0,0.0,Аксесоар,,DATABASE_EVIDENCE
Altest,Изработка PVC плъзгане,ALTEST,Изработка PVC плъзгане,4,4,0.0,0.0,84855176744.0,,,,90,,0.0,0.0,0.0,Аксесоар,,DATABASE_EVIDENCE
Altest,Изработка WDS,ALTEST,Изработка WDS,4,4,0.0,0.0,21589937340.0,,,,90,,0.0,0.0,0.0,Аксесоар,,DATABASE_EVIDENCE
Altest,Изработка WS75,ALTEST,Изработка WS75,4,4,0.0,0.0,43529677846.0,,,,90,,0.0,0.0,0.0,Аксесоар,,DATABASE_EVIDENCE
Altest,Кордон за щори,,Кордон за щори AL11,4,4,0.0,0.0,22936063367.0,,,,90,,0.0,0.0,0.0,Аксесоар,,DATABASE_EVIDENCE
Altest,END03-9016,ENDOW,Дръжка прозорец - бяла,4,18,0.0,0.0,84326263585.0,Дръжки,,,90,,0.0,0.0,0.0,Външни елементи,,DATABASE_EVIDENCE
Altest,EPS 30*55,WDS 70,EPS 30*55,4,4,0.0,0.0,52886280002.0,,,,90,,0.0,0.0,0.0,Аксесоар,,DATABASE_EVIDENCE
Altest,EPS 70*55,WDS 70,EPS 70*55,4,4,0.0,0.0,75220980298.0,,,,90,,0.0,0.0,0.0,Аксесоар,,DATABASE_EVIDENCE
Altest,F106-ZN,FS470,"Винт регулиращ за каса
",4,4,0.0,0.0,85654753476.0,,,,90,,0.0,0.0,0.0,Аксесоар,,DATABASE_EVIDENCE
Altest,F47021-AK,FS470,"Капачка Терминална за долна каса  FS47007
",4,4,0.0,0.0,64431717736.0,,,,90,,0.0,0.0,0.0,Аксесоар,,DATABASE_EVIDENCE
Altest,F47031-AK,FS470,Капачка Терминална за долна каса  FS47007 с припок,4,4,0.0,0.0,86552047089.0,,,,90,,0.0,0.0,0.0,Аксесоар,,DATABASE_EVIDENCE
Altest,F4710-AK,FS470,Панта за врата тип хармоника с ролки от неръждаема,4,4,0.0,0.0,64404758103.0,,,,90,,0.0,0.0,0.0,Аксесоар,,DATABASE_EVIDENCE
Altest,F47100-9005,FS470,"Комплект за заключване за врата тип хармоника
",4,4,0.0,0.0,74037573429.0,,,,90,,0.0,0.0,0.0,Аксесоар,,DATABASE_EVIDENCE
Altest,F47120-9005,FS470,"Комплект за заключване за врата тип хармоника
",4,4,0.0,0.0,60279113614.0,,,,90,,0.0,0.0,0.0,Аксесоар,,DATABASE_EVIDENCE
Altest,F47125-9005,FS470,"Комплект за заключване за врата тип хармоника
",4,4,0.0,0.0,69759283608.0,,,,90,,0.0,0.0,0.0,Аксесоар,,DATABASE_EVIDENCE
Altest,F4750,FS470,Ъглонабивна сглобка крило,4,4,0.0,0.0,38046269787.0,,,,90,,0.0,0.0,0.0,Аксесоар,,DATABASE_EVIDENCE
Altest,F4760-AK,FS470,"Удължение на горен/долен канал
",4,4,0.0,0.0,26914233701.0,,,,90,,0.0,0.0,0.0,Аксесоар,,DATABASE_EVIDENCE
Altest,F4761-AK,FS470,"Удължение на горен/долен канал
",4,4,0.0,0.0,31005853424.0,,,,90,,0.0,0.0,0.0,Аксесоар,,DATABASE_EVIDENCE
Altest,F4762-AK,FS470,"Удължение на горен/долен канал
",4,4,0.0,0.0,30156513344.0,,,,90,,0.0,0.0,0.0,Аксесоар,,DATABASE_EVIDENCE
Altest,F6000-AK,FS470,"Панта за крило за врата тип хармоника
",4,4,0.0,0.0,81897987134.0,,,,90,,0.0,0.0,0.0,Аксесоар,,DATABASE_EVIDENCE
Altest,F6020-AK,FS470,Панта за подравняване за врата тип хармоника с ока,4,4,0.0,0.0,98067389139.0,,,,90,,0.0,0.0,0.0,Аксесоар,,DATABASE_EVIDENCE
Altest,F6030-AK,FS470,"Комплект дръжка с държач и щифт
",4,4,0.0,0.0,75147370525.0,,,,90,,0.0,0.0,0.0,Аксесоар,,DATABASE_EVIDENCE
Altest,F6031-AK,FS470,"Комплект дръжка без държач
",4,4,0.0,0.0,36258440378.0,,,,90,,0.0,0.0,0.0,Аксесоар,,DATABASE_EVIDENCE
Altest,F8015-AK,FS471,"Дистанционер за панта за единичен механизъм
",4,4,0.0,0.0,85632558363.0,,,,90,,0.0,0.0,0.0,Аксесоар,,DATABASE_EVIDENCE
Altest,F8110-9005,FS470,"Комплект за заключване за врата тип хармоника, 2 т",4,4,0.0,0.0,88025655105.0,,,,90,,0.0,0.0,0.0,Аксесоар,,DATABASE_EVIDENCE
Altest,F8115-3700,FS470,"Комплект за заключване за врата тип хармоника
",4,4,0.0,0.0,81644389348.0,,,,90,,0.0,0.0,0.0,Аксесоар,,DATABASE_EVIDENCE
Altest,F8130-3700,FS470,"Комплект за заключване за врата тип хармоника
",4,4,0.0,0.0,50389691008.0,,,,90,,0.0,0.0,0.0,Аксесоар,,DATABASE_EVIDENCE
Altest,FAP3720,ALTEST,сюрме АЛ.,4,4,0.0,0.0,63126580545.0,,,,90,,0.0,0.0,,Аксесоар,,DATABASE_EVIDENCE
Altest,FB001,ALTEST,Панта ком. мет. ос бяла,4,37,0.0,0.0,28299879665.0,,,,90,,0.0,0.0,0.0,Комарник  - Аксесоар,,DATABASE_EVIDENCE
Altest,FB0011,ALTEST,Панта ком. мет. ос кафява,4,37,0.0,0.0,46129769268.0,,,,90,,0.0,0.0,0.0,Комарник  - Аксесоар,,DATABASE_EVIDENCE
Altest,FB002,ALTEST,Панта комарник бяла,4,37,0.0,0.0,31239819274.0,Акс.Комарници,,,90,,0.0,0.0,0.0,Комарник  - Аксесоар,,DATABASE_EVIDENCE
Altest,FB0021,ALTEST,Панта комарник кафява,4,37,0.0,0.0,46299219675.0,Акс.Комарници,,,90,,0.0,0.0,0.0,Комарник  - Аксесоар,,DATABASE_EVIDENCE
Altest,FB0022,ALTEST,Панта комарник черна,4,37,0.0,0.0,71269819646.0,Акс.Комарници,,,90,,0.0,0.0,0.0,Комарник  - Аксесоар,,DATABASE_EVIDENCE
Altest,FB005,ALTEST,Ъгъл комарник бял,4,37,0.0,0.0,83289339579.0,Акс.Комарници,,,90,,0.0,0.0,0.0,Комарник  - Аксесоар,,DATABASE_EVIDENCE
Altest,FB0051,ALTEST,Ъгъл комарник кафяв,4,37,0.0,0.0,17579199921.0,Акс.Комарници,,,90,,0.0,0.0,0.0,Комарник  - Аксесоар,,DATABASE_EVIDENCE
Altest,FB0052,ALTEST,Ъгъл комарник черен,4,37,0.0,0.0,26549889773.0,Акс.Комарници,,,90,,0.0,0.0,0.0,Комарник  - Аксесоар,,DATABASE_EVIDENCE
Altest,FB006,ALTEST,Дръжка комарник бяла,4,37,0.0,0.0,75269619362.0,Акс.Комарници,,,90,,0.0,0.0,0.0,Комарник  - Аксесоар,,DATABASE_EVIDENCE
Altest,FB0061,ALTEST,Дръжка комарник кафява,4,37,0.0,0.0,86689539117.0,Акс.Комарници,,,90,,0.0,0.0,0.0,Комарник  - Аксесоар,,DATABASE_EVIDENCE
Altest,FB0062,ALTEST,Дръжка ком. голяма черна,4,37,0.0,0.0,57649849255.0,Дръжки,,,90,,0.0,0.0,0.0,Комарник  - Аксесоар,,DATABASE_EVIDENCE
Altest,FB007,ALTEST,Закопчалка ком. бяла,4,37,0.0,0.0,15249289685.0,Акс.Комарници,,,90,,0.0,0.0,0.0,Комарник  - Аксесоар,,DATABASE_EVIDENCE
Altest,FB0071,ALTEST,Закопчалка ком. кафява,4,37,0.0,0.0,56769419172.0,Акс.Комарници,,,90,,0.0,0.0,0.0,Комарник  - Аксесоар,,DATABASE_EVIDENCE
Altest,FB0072,ALTEST,Закопчалка ком. черна,4,37,0.0,0.0,77769359523.0,,,,90,,0.0,0.0,0.0,Комарник  - Аксесоар,,DATABASE_EVIDENCE
Altest,FB3003-9016,КОМАРНИЦИ,Ъгъл за кутия 20*40 бял,4,37,0.0,0.0,19303242172.0,Акс.Комарници,,,90,,0.0,0.0,0.0,Комарник  - Аксесоар,,DATABASE_EVIDENCE
Altest,FB30031-8019,КОМАРНИЦИ,Ъгъл за кутия 20*40 кафяв ral 8019,4,37,0.0,0.0,41155386457.0,Акс.Комарници,,,90,,0.0,0.0,0.0,Комарник  - Аксесоар,,DATABASE_EVIDENCE
Altest,FB30032-9005,КОМАРНИЦИ,Ъгъл за кутия 20*40 черен ral 9005,4,37,0.0,0.0,62247317302.0,Акс.Комарници,,,90,,0.0,0.0,0.0,Комарник  - Аксесоар,,DATABASE_EVIDENCE
Altest,FBSL009010006,SIEGENIA,"Панта каса горна KF D 6 X 8 DH Siegenia 
",4,24,0.0,0.0,74916970041.0,SIEGENIA,,,90,,0.0,0.0,0.0,Панта за прозорец,,DATABASE_EVIDENCE
Altest,FBSL009010006_,SIEGENIA,"Панта каса горна KF D 6 X 8 DH Siegenia 
",4,24,0.0,0.0,316180126.0,SIEGENIA,,,90,,0.0,0.0,0.0,Панта за прозорец,,DATABASE_EVIDENCE
Altest,FEKB1010100040,SIEGENIA,"Ъгъл комбинирано отваряне долен Siegenia 
",4,8,0.0,0.0,71951202475.0,SIEGENIA,,,90,,0.0,0.0,,Обков,,DATABASE_EVIDENCE
Altest,FEUL002010004,SIEGENIA,"Ъгъл комбин. отваряне горен с микровентилация Si
",4,8,0.0,0.0,32751383246.0,,,,90,,0.0,0.0,0.0,Обков,,DATABASE_EVIDENCE
Altest,FEUL023010005,SIEGENIA,"Ъгъл комбин. отваряне горен Siegenia
",4,8,0.0,0.0,45062384867.0,SIEGENIA,,,90,,0.0,0.0,,Обков,,DATABASE_EVIDENCE
Altest,FEUL051010005,SIEGENIA,"Ъгъл секюрити комбин. отваряне горен Siegenia
",4,8,0.0,0.0,87140752494.0,,,,90,,0.0,0.0,,Обков,,DATABASE_EVIDENCE
Altest,FEUL0520100051,SIEGENIA,"Ъгъл комб.отваряне горен малък Siegenia 
",4,8,0.0,0.0,43501703864.0,SIEGENIA,,,90,,0.0,0.0,,Обков,,DATABASE_EVIDENCE
Altest,FEUL053010005,SIEGENIA,"Ъгъл секюр. комб.отвар. горен малък Siegenia 
",4,8,0.0,0.0,11362544033.0,SIEGENIA,,,90,,0.0,0.0,,Обков,,DATABASE_EVIDENCE
Altest,FEUL150010005,SIEGENIA,Ъгъл секюрити комбин. отваряне долен с ролка  S-ES,4,8,0.0,0.0,26190491336.0,SIEGENIA,,,90,,0.0,0.0,,Обков,,DATABASE_EVIDENCE
Altest,FEUL151010005,SIEGENIA,Ъгъл долен сек. с ролка,4,8,0.0,0.0,89251052320.0,SIEGENIA,,,90,,0.0,0.0,,Обков,,DATABASE_EVIDENCE
Altest,FEUL207010004,SIEGENIA,"Гръб комбин. отваряне VSU/BS Gr.50 1V Siegenia 
",4,32,0.0,0.0,76468278247.0,SIEGENIA,,,90,,0.0,0.0,,Гръб - обков,,DATABASE_EVIDENCE
Altest,FEUL208010004,SIEGENIA,"Гръб комбин. отваряне VSU/BS  Gr.70 1V Siegenia 
",4,32,0.0,0.0,30559879165.0,SIEGENIA,,,90,,0.0,0.0,,Гръб - обков,,DATABASE_EVIDENCE
Altest,FEUL209010004,SIEGENIA,"Гръб комбин. отваряне VSU/BS  Gr.90 1V Siegenia 
",4,32,0.0,0.0,37670470734.0,SIEGENIA,,,90,,0.0,0.0,,Гръб - обков,,DATABASE_EVIDENCE
Altest,FEUL263010004,SIEGENIA,"Гръб комбин. отваряне VSU/BS Gr.130 1V Siegenia 
",4,32,0.0,0.0,64624054110.0,SIEGENIA,,,90,,0.0,0.0,,Гръб - обков,,DATABASE_EVIDENCE
Altest,FFMV0050100060,SIEGENIA,Панта крило скрита с реглаж Siegenia TITAN,4,24,0.0,0.0,37716436633.0,SIEGENIA,,,90,,0.0,0.0,0.0,Панта за прозорец,,DATABASE_EVIDENCE
Altest,FGKK40100004,SIEGENIA,Мартина комбин. отваряне с фикс. долен край G180/3,4,30,0.0,0.0,44265553678.0,SIEGENIA,,,90,,0.0,0.0,,Мартина,,DATABASE_EVIDENCE
Altest,FGMD401010004,SIEGENIA,"Мартина обикновено отваряне Gr20/200-400/Siegenia",4,30,0.0,0.0,36676234406.0,SIEGENIA,,,90,,0.0,0.0,,Мартина,,DATABASE_EVIDENCE
Altest,FGMD402010004,SIEGENIA,Мартина обикновено отваряне Gr40/400-600/Siegenia,4,30,0.0,0.0,48717765068.0,SIEGENIA,,,90,,0.0,0.0,,Мартина,,DATABASE_EVIDENCE
Altest,FGMD403010004,SIEGENIA,Мартина обикновено отваряне Gr60/600-800/Siegenia,4,30,0.0,0.0,45808656335.0,SIEGENIA,,,90,,0.0,0.0,,Мартина,,DATABASE_EVIDENCE
Altest,FGMD404010004,SIEGENIA,Мартина обикновено отваряне Gr80 /800-1000/Siegeni,4,30,0.0,0.0,74989387978.0,SIEGENIA,,,90,,0.0,0.0,,Мартина,,DATABASE_EVIDENCE
Altest,FGMD405010004,SIEGENIA,Мартина обикновено отваряне Gr100/1000-1200/Siegen,4,30,0.0,0.0,69040838547.0,SIEGENIA,,,90,,0.0,0.0,,Мартина,,DATABASE_EVIDENCE
Altest,FGMD406010004,SIEGENIA,Мартина обикновено отваряне Gr120 /1200-1400/Siege,4,30,0.0,0.0,71171269331.0,SIEGENIA,,,90,,0.0,0.0,,Мартина,,DATABASE_EVIDENCE
Altest,FGMD407010004,SIEGENIA,Мартина обикновено отваряне Gr140/1400-1600/Siegen,4,30,0.0,0.0,46202620679.0,SIEGENIA,,,90,,0.0,0.0,,Мартина,,DATABASE_EVIDENCE
Altest,FGMD408010004,SIEGENIA,Мартина обикновено отваряне Gr160/1600-1800/Siegen,4,30,0.0,0.0,84363561471.0,SIEGENIA,,,90,,0.0,0.0,,Мартина,,DATABASE_EVIDENCE
Altest,FGMD409010004,SIEGENIA,Мартина обикновено отваряне Gr180 /1800-2000/Siege,4,30,0.0,0.0,55464592483.0,SIEGENIA,,,90,,0.0,0.0,,Мартина,,DATABASE_EVIDENCE
Altest,FGMD410010004,SIEGENIA,Мартина обикновено отваряне Gr200 /2000-2200/Siege,4,30,0.0,0.0,90685553494.0,SIEGENIA,,,90,,0.0,0.0,,Мартина,,DATABASE_EVIDENCE
Altest,FGMD411010004,SIEGENIA,Мартина обикновено отваряне GR220 /2200-2400/Siege,4,30,0.0,0.0,88776644961.0,SIEGENIA,,,90,,0.0,0.0,0.0,Мартина,,DATABASE_EVIDENCE
Altest,FGMK057010002,SIEGENIA,Мартина PZ Gr.200/2000-2400/,4,30,0.0,0.0,5078967280.0,SIEGENIA,,,90,,0.0,0.0,,Мартина,,DATABASE_EVIDENCE
Altest,FGMK058010002,SIEGENIA,Мартина PZ Gr.160/1600-2000/,4,30,0.0,0.0,52199188438.0,SIEGENIA,,,90,,0.0,0.0,,Мартина,,DATABASE_EVIDENCE
Altest,FGMK401010004,SIEGENIA,"Мартина комбин. отваряне Gr20 /260-600/ Siegenia
",4,30,0.0,0.0,42326621582.0,SIEGENIA,,,90,,0.0,0.0,0.0,Мартина,,DATABASE_EVIDENCE
Altest,FGMK402010004,SIEGENIA,Мартина комбин. отваряне Gr60 /601-1000/  Siegenia,4,30,0.0,0.0,1497592424.0,SIEGENIA,,,90,,0.0,0.0,0.0,Мартина,,DATABASE_EVIDENCE
Altest,FGMK403010004,SIEGENIA,Мартина комбин. отваряне Gr70 /701-1100/ 1V Siegen,4,30,0.0,0.0,64588783642.0,SIEGENIA,,,90,,0.0,0.0,0.0,Мартина,,DATABASE_EVIDENCE
Altest,FGMK404010004,SIEGENIA,Мартина комбин. отваряне Gr80/801-1200/ 1V Siegeni,4,30,0.0,0.0,6699624708.0,SIEGENIA,,,90,,0.0,0.0,0.0,Мартина,,DATABASE_EVIDENCE
Altest,FGMK405010004,SIEGENIA,Мартина комбин. отваряне Gr120 /1201-1600/ 1V Sieg,4,30,0.0,0.0,56720645829.0,SIEGENIA,,,90,,0.0,0.0,0.0,Мартина,,DATABASE_EVIDENCE
Altest,FGMK411010004,SIEGENIA,Мартина комбин. отваряне Gr160/1601-2000/ 2V Siege,4,30,0.0,0.0,40436461365.0,SIEGENIA,,,90,,0.0,0.0,,Мартина,,DATABASE_EVIDENCE
Altest,FGMK415010004,SIEGENIA,Мартина комбин. отваряне Gr160 /1601-2000/  1V Sie,4,30,0.0,0.0,27860925932.0,SIEGENIA,,,90,,0.0,0.0,,Мартина,,DATABASE_EVIDENCE
Altest,FGMS403010004,SIEGENIA,Пасивна м-на /700-1100/,4,30,0.0,0.0,37348261620.0,SIEGENIA,,,90,,0.0,0.0,,Мартина,,DATABASE_EVIDENCE
Altest,FGMS404010004,SIEGENIA,Пасивна м-на /800-1200/,4,30,0.0,0.0,89479532712.0,SIEGENIA,,,90,,0.0,0.0,,Мартина,,DATABASE_EVIDENCE
Altest,FGMS405010004,SIEGENIA,Пасивна м-на /1200-1600/,4,30,0.0,0.0,34530463100.0,SIEGENIA,,,90,,0.0,0.0,,Мартина,,DATABASE_EVIDENCE
Altest,FGMS410010002,SIEGENIA,Пасивна м-на /2000-2400/ 3 SB,4,30,0.0,0.0,15165558595.0,SIEGENIA,,,90,,0.0,0.0,,Мартина,,DATABASE_EVIDENCE
Altest,FGMS415010004,SIEGENIA,Пасивна м-на /1600-2000/ 1 SB,4,30,0.0,0.0,92690833486.0,SIEGENIA,,,90,,0.0,0.0,,Мартина,,DATABASE_EVIDENCE
Altest,FKЕU001002306,SIEGENIA,Кап. д. панта каса ЧЕРНА,4,10,0.0,0.0,60744363576.0,SIEGENIA,,,90,,0.0,0.0,,Капачки,,DATABASE_EVIDENCE
Altest,FKEO0010002061,SIEGENIA,КАПАЧКА ПАНТА КАС,4,10,0.0,0.0,22475465753.0,SIEGENIA,,,90,,0.0,0.0,,Капачки,,DATABASE_EVIDENCE
Altest,FKEO0010011061,SIEGENIA,КАПАЧКА ПАНТА КАС,4,10,0.0,0.0,63454576546.0,SIEGENIA,,,90,,0.0,0.0,,Капачки,,DATABASE_EVIDENCE
Altest,FKEO001002306,SIEGENIA,Кап. д. панта каса ЧЕРНА,4,10,0.0,0.0,38326597425.0,SIEGENIA,,,90,,0.0,0.0,0.0,Капачки,,DATABASE_EVIDENCE
Altest,FKEO00100G708,SIEGENIA,"Капачка долна панта каса EL O, Бронз",4,10,0.0,0.0,45880138427.0,,,,90,,0.0,0.0,,Капачки,,DATABASE_EVIDENCE
Altest,FKEO0010L34060,SIEGENIA,КАПАЧКА ПАНТА КАС,4,10,0.0,0.0,59725568830.0,SIEGENIA,,,90,,0.0,0.0,,Капачки,,DATABASE_EVIDENCE
Altest,FKEU0010002061,SIEGENIA,КАПАЧКА ПАНТА КАС,4,10,0.0,0.0,30015181472.0,SIEGENIA,,,90,,0.0,0.0,,Капачки,,DATABASE_EVIDENCE
Altest,FKEU0010011061,SIEGENIA,КАПАЧКА ПАНТА КАС,4,10,0.0,0.0,74084352849.0,SIEGENIA,,,90,,0.0,0.0,,Капачки,,DATABASE_EVIDENCE
Altest,FKEU00100G708,SIEGENIA,"Капачка долна панта каса EL U, Бронз",4,10,0.0,0.0,43460834778.0,,,,90,,0.0,0.0,,Капачки,,DATABASE_EVIDENCE
Altest,FKEU0010L34060,SIEGENIA,КАПАЧКА ПАНТА КАС,4,10,0.0,0.0,65345854555.0,SIEGENIA,,,90,,0.0,0.0,,Капачки,,DATABASE_EVIDENCE
Altest,FKFE0011-004081,SIEGENIA,S Капачка FEB/R бяла 9016,4,8,0.0,0.0,53589165226.0,Group,,,90,,0.0,0.0,0.0,Обков,,DATABASE_EVIDENCE
Altest,FKFE0011002061,SIEGENIA,Капачка фалцпанта R БЯЛА,4,10,0.0,0.0,67656385175.0,SIEGENIA,,,90,,0.0,0.0,0.0,Капачки,,DATABASE_EVIDENCE
Altest,FKFE0011011061,SIEGENIA,Капачка фалцпанта R КАФЕ,4,10,0.0,0.0,22655646747.0,SIEGENIA,,,90,,0.0,0.0,,Капачки,,DATABASE_EVIDENCE
Altest,FKFE001102306,SIEGENIA,Кап. д. панта крило R ЧЕРНА,4,10,0.0,0.0,8597227146.0,SIEGENIA,,,90,,0.0,0.0,,Капачки,,DATABASE_EVIDENCE
Altest,FKFE00110G708,SIEGENIA,"Капачка фалцпанта крило R ДЯСНА, Бронз",4,10,0.0,0.0,72051618495.0,,,,90,,0.0,0.0,,Капачки,,DATABASE_EVIDENCE
Altest,FKFE0011L34060,SIEGENIA,Капачка фалцпанта R ТИТАН,4,10,0.0,0.0,46986408328.0,,,,90,,0.0,0.0,,Капачки,,DATABASE_EVIDENCE
Altest,FKFE0011LH4081,SIEGENIA,Капачка фалцпанта R Siegenia-7016,4,10,0.0,0.0,18226569658.0,SIEGENIA,,,90,,0.0,0.0,0.0,Капачки,,DATABASE_EVIDENCE
Altest,FKFE0012-004081,SIEGENIA,S Капачка FEB/L бяла 9016,4,8,0.0,0.0,95659755706.0,Group,,,90,,0.0,0.0,0.0,Обков,,DATABASE_EVIDENCE
Altest,FKFE0012002061,SIEGENIA,Капачка фалцпанта L БЯЛА,4,10,0.0,0.0,22786715214.0,SIEGENIA,,,90,,0.0,0.0,,Капачки,,DATABASE_EVIDENCE
Altest,FKFE0012011061,SIEGENIA,Капачка фалцпанта L КАФЕ,4,10,0.0,0.0,67755686704.0,SIEGENIA,,,90,,0.0,0.0,,Капачки,,DATABASE_EVIDENCE
Altest,FKFE001202306,SIEGENIA,Кап. д. панта крило L ЧЕРНА,4,10,0.0,0.0,52627487816.0,SIEGENIA,,,90,,0.0,0.0,,Капачки,,DATABASE_EVIDENCE
Altest,FKFE00120G708,SIEGENIA,"Капачка фалцпанта крило L ЛЯВА , Бронз",4,10,0.0,0.0,83171548851.0,,,,90,,0.0,0.0,,Капачки,,DATABASE_EVIDENCE
Altest,FKFE0012L34060,SIEGENIA,Капачка фалцпанта L ТИТАН,4,10,0.0,0.0,53036568888.0,,,,90,,0.0,0.0,,Капачки,,DATABASE_EVIDENCE
Altest,FKFE0012LH4061,SIEGENIA,Капачка фалцпанта L Siegenia-7016,4,10,0.0,0.0,41136229837.0,SIEGENIA,,,90,,0.0,0.0,0.0,Капачки,,DATABASE_EVIDENCE
Altest,FKSL0010002061,SIEGENIA,КАПАЧКА ПАНТА КАС Бял,4,10,0.0,0.0,89539512637.0,SIEGENIA,,,90,,0.0,0.0,,Капачки,,DATABASE_EVIDENCE
Altest,FKSL0010011061,SIEGENIA,"Капачка горна панта каса S Siegenia , Кафяв",4,10,0.0,0.0,32538683726.0,SIEGENIA,,,90,,0.0,0.0,,Капачки,,DATABASE_EVIDENCE
Altest,FKSL001002306,SIEGENIA,"Капачка горна крило Черна
",4,10,0.0,0.0,81460844743.0,SIEGENIA,,,90,,0.0,0.0,0.0,Капачки,,DATABASE_EVIDENCE
Altest,FKSL00100G708,SIEGENIA,"Капачка горна панта каса S, Бронз",4,10,0.0,0.0,42964095833.0,,,,90,,0.0,0.0,,Капачки,,DATABASE_EVIDENCE
Altest,FKSL0010L34060,SIEGENIA,КАПАЧКА ПАНТА КАС,4,10,0.0,0.0,68819615136.0,SIEGENIA,,,90,,0.0,0.0,,Капачки,,DATABASE_EVIDENCE
Altest,FKWB0010002061,SIEGENIA,Капачка горна крило БЯЛА,4,10,0.0,0.0,57993972607.0,SIEGENIA,,,90,,0.0,0.0,,Капачки,,DATABASE_EVIDENCE
Altest,FKWB0010011061,SIEGENIA,КАПАЧКА ПАНТА КРИ,4,10,0.0,0.0,85952853073.0,SIEGENIA,,,90,,0.0,0.0,,Капачки,,DATABASE_EVIDENCE
Altest,FKWB001002306,SIEGENIA,КАПАЧКА ПАНТА КРИ,4,10,0.0,0.0,8834114907.0,SIEGENIA,,,90,,0.0,0.0,0.0,Капачки,,DATABASE_EVIDENCE
Altest,FKWB00100G708,SIEGENIA,"Капачка горна панта крило W, Бронз",4,10,0.0,0.0,27328075748.0,,,,90,,0.0,0.0,,Капачки,,DATABASE_EVIDENCE
Altest,FKWB0010L34061,SIEGENIA,КАПАЧКА ПАНТА КРИ,4,10,0.0,0.0,98223505728.0,SIEGENIA,,,90,,0.0,0.0,,Капачки,,DATABASE_EVIDENCE
Altest,FL1,ALTEST,Мрежа за комарник 100см,4,37,0.0,0.0,73651671124.0,Акс.Комарници,,,90,,0.0,0.0,0.0,Комарник  - Аксесоар,,DATABASE_EVIDENCE
Altest,FL12,ALTEST,Мрежа за комарник 120см,4,37,0.0,0.0,51501569576.0,Акс.Комарници,,,90,,0.0,0.0,0.0,Комарник  - Аксесоар,,DATABASE_EVIDENCE
Altest,FL14,ALTEST,Мрежа за комарник 140см,4,37,0.0,0.0,83531519750.0,Акс.Комарници,,,90,,0.0,0.0,0.0,Комарник  - Аксесоар,,DATABASE_EVIDENCE
Altest,FL16,ALTEST,Мрежа за комарник 160см,4,37,0.0,0.0,13561549597.0,Акс.Комарници,,,90,,0.0,0.0,0.0,Комарник  - Аксесоар,,DATABASE_EVIDENCE
Altest,FL8,ALTEST,Мрежа за комарник 80см,4,37,0.0,0.0,12641111181.0,Акс.Комарници,,,90,,0.0,0.0,0.0,Комарник  - Аксесоар,,DATABASE_EVIDENCE
Altest,FMSL025010005,SIEGENIA,Мех. за дръжка за PZ мартина 25мм,4,30,0.0,0.0,34832326753.0,SIEGENIA,,,90,,0.0,0.0,0.0,Мартина,,DATABASE_EVIDENCE
Altest,FMSL035010005,SIEGENIA,Мех. за дръжка за PZ мартина 35мм,4,30,0.0,0.0,15912486495.0,SIEGENIA,,,90,,0.0,0.0,0.0,Мартина,,DATABASE_EVIDENCE
Altest,FRKA027010006,SIEGENIA,"Долен насрещник за AL секюрити А4860
",4,8,0.0,0.0,27626897146.0,SIEGENIA,,,90,,0.0,0.0,,Обков,,DATABASE_EVIDENCE
Altest,FRKA054010006,SIEGENIA,Комбин. сек н-к S-ES A2860,4,8,0.0,0.0,11683244481.0,SIEGENIA,,,90,,0.0,0.0,,Обков,,DATABASE_EVIDENCE
Altest,FRZM0080040060,SIEGENIA,S TF Панта притискаща каса А1900,4,8,0.0,0.0,88981494064.0,SIEGENIA,,,90,,0.0,0.0,0.0,Обков,,DATABASE_EVIDENCE
Altest,FS4750,Сглобки - ъглонабивни,Ъглонабивна сглобка крило FS470,4,4,0.0,0.0,39333429079.0,,,,90,,0.0,0.0,0.0,Аксесоар,,DATABASE_EVIDENCE
Altest,FZSZ010010005,SIEGENIA,УДЪЛЖЕНИЕ 200мм,4,8,0.0,0.0,72937655873.0,SIEGENIA,,,90,,0.0,0.0,,Обков,,DATABASE_EVIDENCE
Altest,FZSZ011010004,SIEGENIA,УДЪЛЖЕНИЕ 400мм,4,8,0.0,0.0,45048266336.0,SIEGENIA,,,90,,0.0,0.0,,Обков,,DATABASE_EVIDENCE
Altest,FZSZ012010004,SIEGENIA,Удължител 200 mm за пасивна м-на,4,8,0.0,0.0,69149167525.0,SIEGENIA,,,90,,0.0,0.0,,Обков,,DATABASE_EVIDENCE
Altest,FZSZ013010004,SIEGENIA,Удължител 400 mm за пасивна м-на,4,8,0.0,0.0,5240878828.0,SIEGENIA,,,90,,0.0,0.0,0.0,Обков,,DATABASE_EVIDENCE
Altest,G-22000-00-0-1,GU,март. фиксирана,4,30,0.0,0.0,33961716012.0,GU,,,90,,0.0,0.0,,Мартина,,DATABASE_EVIDENCE
Altest,G03,,Гума тръбичка,4,4,0.0,0.0,25972061155.0,,,,90,,0.0,0.0,,Аксесоар,,DATABASE_EVIDENCE
Altest,G06,,,4,4,0.0,0.0,96952121531.0,,,,90,,0.0,0.0,,Аксесоар,,DATABASE_EVIDENCE
Altest,GBA3402,ENDOW,Скрит. прит. панта 13мм,4,4,0.0,0.0,48329561247.0,ENDOW,,,90,,0.0,0.0,0.0,Аксесоар,,DATABASE_EVIDENCE
Altest,GI100,ГИЛОТИНА,Конзола гилотина,4,4,0.0,0.0,7191450858.0,,,,90,,0.0,0.0,0.0,Аксесоар,,DATABASE_EVIDENCE
Altest,GI102,ГИЛОТИНА,Макара за ос,4,4,0.0,0.0,18151640151.0,,,,90,,0.0,0.0,0.0,Аксесоар,,DATABASE_EVIDENCE
Altest,GI103,ГИЛОТИНА,Доп. планка за лагер,4,4,0.0,0.0,26191660526.0,,,,90,,0.0,0.0,,Аксесоар,,DATABASE_EVIDENCE
Altest,GI105,ГИЛОТИНА,Накрайник ос,4,4,0.0,0.0,121670352.0,,,,90,,0.0,0.0,0.0,Аксесоар,,DATABASE_EVIDENCE
Altest,GI106,ГИЛОТИНА,Лагер,4,4,0.0,0.0,45181560637.0,,,,90,,0.0,0.0,,Аксесоар,,DATABASE_EVIDENCE
Altest,GI107,ГИЛОТИНА,Странична капачка за 06 0003,4,4,0.0,0.0,32151270459.0,,,,90,,0.0,0.0,,Аксесоар,,DATABASE_EVIDENCE
Altest,GI108,ГИЛОТИНА,Адаптор ремък крило система гилотина,4,4,0.0,0.0,87131670507.0,,,,90,,0.0,0.0,0.0,Аксесоар,,DATABASE_EVIDENCE
Altest,GI11,ГИЛОТИНА,Ролка крило,4,4,0.0,0.0,25322170476.0,,,,90,,0.0,0.0,,Аксесоар,,DATABASE_EVIDENCE
Altest,GI115,ГИЛОТИНА,Ремък гилотина,4,4,0.0,0.0,92201240665.0,,,,90,,0.0,0.0,0.0,Аксесоар,,DATABASE_EVIDENCE
Altest,GI120,ГИЛОТИНА,Ос гилотина,4,4,0.0,0.0,33321650476.0,,,,90,,0.0,0.0,0.0,Аксесоар,,DATABASE_EVIDENCE
Altest,GSK3600-MA,FS470,"Уплътнение за каса
",4,4,0.0,0.0,41279559434.0,,,,90,,0.0,0.0,0.0,Аксесоар,,DATABASE_EVIDENCE
Altest,GSK3602-MA,FS470,"Уплътнение за крило- двойно 
",4,4,0.0,0.0,34481691337.0,,,,90,,0.0,0.0,0.0,Аксесоар,,DATABASE_EVIDENCE
Altest,GSK3603-MA,FS470,"Уплътнение за крило за плоска релса
",4,4,0.0,0.0,87502852162.0,,,,90,,0.0,0.0,0.0,Аксесоар,,DATABASE_EVIDENCE
Altest,GSK3608-MA,FS470,"Капачка за уплътнение на каса/крило
",4,4,0.0,0.0,76017127383.0,,,,90,,0.0,0.0,0.0,Аксесоар,,DATABASE_EVIDENCE
Altest,GSK3612-MA,FS470,"Капачка за канал
",4,4,0.0,0.0,14541571283.0,,,,90,,0.0,0.0,0.0,Аксесоар,,DATABASE_EVIDENCE
Altest,GSK3851A-MA,FS470,Сглобка ъглова за уплътнение GSK3603 + GSK3602/ Ля,4,4,0.0,0.0,67557590914.0,,,,90,,0.0,0.0,0.0,Аксесоар,,DATABASE_EVIDENCE
Altest,GSK3851D-MA,FS470,Сглобка ъглова за уплътнение GSK3603 + GSK3602/ Дя,4,4,0.0,0.0,83827620679.0,,,,90,,0.0,0.0,0.0,Аксесоар,,DATABASE_EVIDENCE
Altest,GU210400001,gupvc,"Удължител за пасивна ZH мартина
",4,8,0.0,0.0,6756527111.0,GU,,,90,,0.0,0.0,0.0,Обков,,DATABASE_EVIDENCE
Altest,GU6226480408,GU,"Насрещник за LS - ALTEST
",4,18,0.0,0.0,56096322838.0,GU,,,90,,0.0,0.0,0.0,Външни елементи,,DATABASE_EVIDENCE
Altest,GU6229160001,GUPVC,Долно  сюрме GU,4,8,0.0,0.0,13403049494.0,GU,,,90,,0.0,0.0,0.0,Обков,,DATABASE_EVIDENCE
Altest,GU6229170001,GUPVC,Горно сюрме,4,8,0.0,0.0,44553119227.0,GU,,,90,,0.0,0.0,0.0,Обков,,DATABASE_EVIDENCE
Altest,GU6243990001,GU,Ъгъл сюрме за пасивна мартина G-U,4,0,0.0,0.0,41173127238.0,GU,,,90,,0.0,0.0,0.0,UNKNOWN,,DATABASE_EVIDENCE
Altest,GU6246060001,GU,Единична дръжка за LS - сива / без място за патрон,4,26,0.0,0.0,24214868576.0,Дръжки,,,90,,0.0,0.0,0.0,Дръжка за прозорец,,DATABASE_EVIDENCE
Altest,GU6246060005,gu,Дръжка LS70 крило едностр.без патрон 8022,4,4,0.0,0.0,87204138802.0,GU,,,90,,0.0,0.0,0.0,Аксесоар,,DATABASE_EVIDENCE
Altest,GU6246060007,GU,Дръжка единична за LS 70 бяла без  място за патрон,4,18,0.0,0.0,81274488920.0,Дръжки,,,90,,0.0,0.0,0.0,Външни елементи,,DATABASE_EVIDENCE
Altest,GU6246070001,GU,Дръжка LS70 едностранна с място за патрон -СИВ,4,4,0.0,0.0,58334718182.0,,,,90,,0.0,0.0,0.0,Аксесоар,,DATABASE_EVIDENCE
Altest,GU6246070005,gu,Дръжка LS70 едностранна с място за патрон 8022,4,4,0.0,0.0,56334118643.0,,,,90,,0.0,0.0,0.0,Аксесоар,,DATABASE_EVIDENCE
Altest,GU6246070007,gu,Дръжка LS70 едностранна с място за патрон 9016,4,4,0.0,0.0,57334858632.0,,,,90,,0.0,0.0,0.0,Аксесоар,,DATABASE_EVIDENCE
Altest,GU6246080006,GU,Единична дръжка за LS -черна / без място за патрон,4,18,0.0,0.0,68444468284.0,Дръжки,,,90,,0.0,0.0,0.0,Външни елементи,,DATABASE_EVIDENCE
Altest,GU6246130001,GU,Дръжка LS70 крило двустранна без място за патрон G,4,0,0.0,0.0,67085669876.0,GU,,,90,,0.0,0.0,0.0,UNKNOWN,,DATABASE_EVIDENCE
Altest,GU6246130005,GU,Дръжка LS70 крило двустранна без място за патрон G,4,0,0.0,0.0,88035149333.0,GU,,,90,,0.0,0.0,0.0,UNKNOWN,,DATABASE_EVIDENCE
Altest,GU6246130007,,Дръжка LS70 двустранна без място за патрон 9016,4,4,0.0,0.0,53035309011.0,,,,90,,0.0,0.0,0.0,Аксесоар,,DATABASE_EVIDENCE
Altest,GU6246159606,GU,Двойна дръжка за LS - черна / с място за патрон,4,18,0.0,0.0,28724229253.0,Дръжки,,,90,,0.0,0.0,1.0,Външни елементи,,DATABASE_EVIDENCE
Altest,GU6247370001,GU,Удължение 250мм VW GU,4,8,0.0,0.0,34727681836.0,GU VW,,,90,,0.0,0.0,0.0,Обков,,DATABASE_EVIDENCE
Altest,GU6251710001,GUPVC,Горен накр. март л.кемфер,4,8,0.0,0.0,61082045071.0,GU,,,90,,0.0,0.0,0.0,Обков,,DATABASE_EVIDENCE
Altest,GU6255870301,GU,Насрещник VW за АЛ трапецовиден G-U,4,0,0.0,0.0,22403566353.0,GU VW,,,90,,0.0,0.0,0.0,UNKNOWN,,DATABASE_EVIDENCE
Altest,GU6260770001,GUPVC,"Накрайник за пасивна мартина долен G-U
",4,8,0.0,0.0,85683855324.0,GU,,,90,,0.0,0.0,0.0,Обков,,DATABASE_EVIDENCE
Altest,GU6261340001,GU,"Насрещник за сюрме G-U
",4,8,0.0,0.0,77079971447.0,GU,,,90,,0.0,0.0,0.0,Обков,,DATABASE_EVIDENCE
Altest,GU6275950101,GU,Мартина брава врата през патрон 35х92 мм с куки,4,30,0.0,0.0,31346727873.0,GU,,,90,,0.0,0.0,0.0,Мартина,,DATABASE_EVIDENCE
Altest,GU6284783101,GU,Брава SEC. AUTOMATIK MR2  35/92/20/8/ 1020/ 2285/ ,4,4,0.0,0.0,89778425675.0,GU,,,90,,0.0,0.0,0.0,Аксесоар,,DATABASE_EVIDENCE
Altest,GU6284803101,GU,Автоматична м-на триточкова  92/35 мм за WDS,4,30,0.0,0.0,18099456712.0,GU,,,90,,0.0,0.0,0.0,Мартина,,DATABASE_EVIDENCE
Altest,GU6285540101,GU,Мартина брава врата с ПВЦ канал SH2 35/92/8 DH 102,4,30,0.0,0.0,55943413745.0,GU,,,90,,0.0,0.0,0.0,Мартина,,DATABASE_EVIDENCE
Altest,GU6290403101,GU,Мартина WDS70 за безфалцова врата SECURY Automatik,4,0,0.0,0.0,25386352244.0,GU,,,90,,0.0,0.0,0.0,UNKNOWN,,DATABASE_EVIDENCE
Altest,GU6292110001,GU,Панта скрита за крило метална с реглаж 13мм G-U,4,0,0.0,0.0,6940179581.0,GU,,,90,,0.0,0.0,0.0,UNKNOWN,,DATABASE_EVIDENCE
Altest,GU6294200101,GU,Брава м-на 35x92 през патрон,4,30,0.0,0.0,26221890831.0,GU,,,90,,0.0,0.0,0.0,Мартина,,DATABASE_EVIDENCE
Altest,GU6295100101,GU,Насрещник регул.  за мартина с кука за АL еврокана,4,0,0.0,0.0,95260379255.0,GU,,,90,,0.0,0.0,0.0,UNKNOWN,,DATABASE_EVIDENCE
Altest,GU6298540000,GU,пружина добавка мотор ел.упр,4,4,0.0,0.0,72274843421.0,,,,90,,0.0,0.0,0.0,Аксесоар,,DATABASE_EVIDENCE
Altest,GU6299870001,gupvc,"Осигурителка
 крило",4,4,0.0,0.0,18947516116.0,GU,,,90,,0.0,0.0,0.0,Аксесоар,,DATABASE_EVIDENCE
Altest,GU6300191101,GU,Мартина LS70 за крило LS от 850мм до 1270мм,4,0,0.0,0.0,74912380807.0,GU,,,90,,0.0,0.0,0.0,UNKNOWN,,DATABASE_EVIDENCE
Altest,GU6300191101_M,GU,"Мартина LS70 за крило LS от 850мм до 1270мм
",4,30,0.0,0.0,54320479873.0,,,,90,,0.0,0.0,1.0,Мартина,,DATABASE_EVIDENCE
Altest,GU6300191901,GU,Мартина LS70 за крило LS от 1235мм до 1865мм,4,0,0.0,0.0,48772460596.0,GU,,,90,,0.0,0.0,0.0,UNKNOWN,,DATABASE_EVIDENCE
Altest,GU6300191901_M,GU,"Мартина LS70 за крило LS от 1235мм до 1865мм
",4,30,0.0,0.0,44170727666.0,GU,,,90,,0.0,0.0,1.0,Мартина,,DATABASE_EVIDENCE
Altest,GU6300192401,GU,Мартина LS70 за крило LS от 1865мм до 2365мм,4,0,0.0,0.0,13353620146.0,GU,,,90,,0.0,0.0,0.0,UNKNOWN,,DATABASE_EVIDENCE
Altest,GU6300192401_M,GU,"Мартина LS70 за крило LS от 1865мм до 2365мм
",4,30,0.0,0.0,51771802332.0,GU,,,90,,0.0,0.0,1.0,Мартина,,DATABASE_EVIDENCE
Altest,GU6300192801,GU,Мартина LS70 за крило LS от 2115 мм до 2765мм,4,0,0.0,0.0,54753820107.0,GU,,,90,,0.0,0.0,0.0,UNKNOWN,,DATABASE_EVIDENCE
Altest,GU6303880006,GU,Буфер oZ/ Mz,4,0,0.0,0.0,52678907457.0,GU,,,90,,0.0,0.0,0.0,UNKNOWN,,DATABASE_EVIDENCE
Altest,GU6310670301,gupvc,Наср. SECURY Koemmerling,4,4,0.0,0.0,57407065763.0,GU,,,90,,0.0,0.0,0.0,Аксесоар,,DATABASE_EVIDENCE
Altest,GU6311080001,GU,Насрещник WDS70 за безфалцова врата,4,0,0.0,0.0,43791739630.0,GU,,,90,,0.0,0.0,0.0,UNKNOWN,,DATABASE_EVIDENCE
Altest,GU63138233011,GU,"Дръжка VW OZ обикн.без патрон , Сив F1",4,26,0.0,0.0,46660398248.0,GU VW,,,90,,0.0,0.0,0.0,Дръжка за прозорец,,DATABASE_EVIDENCE
Altest,GU6313823305,GU,"Дръжка VW OZ обикн.без патрон , Кафе 8022",4,26,0.0,0.0,68722047803.0,GU VW,,,90,,0.0,0.0,0.0,Дръжка за прозорец,,DATABASE_EVIDENCE
Altest,GU6313823307,GU,"Дръжка VW OZ обикн.без патрон ,Бял 9016",4,26,0.0,0.0,68722447183.0,GU VW,,,90,,0.0,0.0,0.0,Дръжка за прозорец,,DATABASE_EVIDENCE
Altest,GU63152222L1,GU,Панта Стандартен,4,0,0.0,0.0,78945071201.0,GU,,,90,,0.0,0.0,0.0,UNKNOWN,,DATABASE_EVIDENCE
Altest,GU63152222R1,GU,Панта Стандартен,4,0,0.0,0.0,72585871246.0,GU,,,90,,0.0,0.0,0.0,UNKNOWN,,DATABASE_EVIDENCE
Altest,GU6315411301,GU,Мартина за алуминий врата с евро канал 35х92 20 х ,4,0,0.0,0.0,32276023121.0,GU,,,90,,0.0,0.0,0.0,UNKNOWN,,DATABASE_EVIDENCE
Altest,GU6315411701,GU,Мартина WDS70 за безфалцова врата 35х92 U24 x 6 SE,4,0,0.0,0.0,61686823622.0,GU,,,90,,0.0,0.0,0.0,UNKNOWN,,DATABASE_EVIDENCE
Altest,GU6315421701,GU,Мартина триточкова за WDS70 безфалцова,4,30,0.0,0.0,65776693251.0,GU,,,90,,0.0,0.0,0.0,Мартина,,DATABASE_EVIDENCE
Altest,GU6315522L01,GU,Насрещник за кука за ПВЦ врата KMG 4 кам /Brugmann,4,0,0.0,0.0,60088464424.0,GU,,,90,,0.0,0.0,0.0,UNKNOWN,,DATABASE_EVIDENCE
Altest,GU6315522R01,GU,Насрещник за кука за ПВЦ врата KMG 4 кам /Salamand,4,0,0.0,0.0,91628944433.0,GU,,,90,,0.0,0.0,0.0,UNKNOWN,,DATABASE_EVIDENCE
Altest,GU6315530701,GU,Наср.за кука за пвц врата 4кам,4,18,0.0,0.0,15856384474.0,,,,90,,0.0,0.0,0.0,Външни елементи,,DATABASE_EVIDENCE
Altest,GU6315532L01,GU,Насрещник за кука за ПВЦ врата KMG 6 кам /Brugmann,4,0,0.0,0.0,71178814094.0,GU,,,90,,0.0,0.0,0.0,UNKNOWN,,DATABASE_EVIDENCE
Altest,GU6315532R01,GU,Наср.за кука за пвц врата KMG 70мм,4,18,0.0,0.0,76718254179.0,GU,,,90,,0.0,0.0,0.0,Външни елементи,,DATABASE_EVIDENCE
Altest,GU6316611DL1,GU,наср.центр.вр.Salama,4,8,0.0,0.0,83088885238.0,GU,,,90,,0.0,0.0,0.0,Обков,,DATABASE_EVIDENCE
Altest,GU6316611DR1,GU,наср.центр.вр.Salama,4,8,0.0,0.0,47698055785.0,GU,,,90,,0.0,0.0,0.0,Обков,,DATABASE_EVIDENCE
Altest,GU63166162L1,GU,наср.центр.вр.REHAU,4,8,0.0,0.0,33703585856.0,GU,,,90,,0.0,0.0,0.0,Обков,,DATABASE_EVIDENCE
Altest,GU63166162R1,GU,наср.центр.вр.REHAU,4,8,0.0,0.0,31353125536.0,GU,,,90,,0.0,0.0,0.0,Обков,,DATABASE_EVIDENCE
Altest,GU6320100001,GU,Гръб 280-750 G-U,4,0,0.0,0.0,54073850660.0,GU,,,90,,0.0,0.0,0.0,UNKNOWN,,DATABASE_EVIDENCE
Altest,GU6320120001,GUPVC,"Долно заключване 401-750 Sec
",4,4,0.0,0.0,86263790051.0,GU,,,90,,0.0,0.0,0.0,Аксесоар,,DATABASE_EVIDENCE
Altest,GU6320130001,GU,Ъгъл VW комбинирано отваряне секюрити трапец/арка ,4,0,0.0,0.0,80313740933.0,GU VW,,,90,,0.0,0.0,0.0,UNKNOWN,,DATABASE_EVIDENCE
Altest,GU6320210001,GUPVC,"Горен ъгъл к.отв.за по-гол.сиг. MV1
",4,4,0.0,0.0,71254151019.0,GU,,,90,,0.0,0.0,0.0,Аксесоар,,DATABASE_EVIDENCE
Altest,GU6320300001,GU,Удължение м-на за LS 500мм,4,8,0.0,0.0,35235832133.0,GU,,,90,,0.0,0.0,0.0,Обков,,DATABASE_EVIDENCE
Altest,GU6320750501,GU,Гръб секюрити комбин. отваряне 530мм /721-1100/ G-,4,0,0.0,0.0,88649716496.0,GU,,,90,,0.0,0.0,0.0,UNKNOWN,,DATABASE_EVIDENCE
Altest,GU6320750701,GU,Гръб секюрити комбин. отваряне 740мм /1101-1350/ G,4,0,0.0,0.0,78889546750.0,GU,,,90,,0.0,0.0,0.0,UNKNOWN,,DATABASE_EVIDENCE
Altest,GU6320751201,GU,Гръб секюрити комбин. отваряне 1190мм/1351-1850/ G,4,0,0.0,0.0,53490366725.0,GU,,,90,,0.0,0.0,0.0,UNKNOWN,,DATABASE_EVIDENCE
Altest,GU6320751501,GU,Гръб секюрити комбин. отваряне 1450мм/1701-2100/ G,4,0,0.0,0.0,62730816744.0,GU,,,90,,0.0,0.0,0.0,UNKNOWN,,DATABASE_EVIDENCE
Altest,GU6320760301,GU,Ъгъл дол.к.отвм/330/мм сек - по хоризонтал G-U,4,0,0.0,0.0,3589076336.0,GU,,,90,,0.0,0.0,0.0,UNKNOWN,,DATABASE_EVIDENCE
Altest,GU6320760501,gupvc,"Долно заключване 751-1000 SEC 2 ML
",4,4,0.0,0.0,47779986442.0,GU,,,90,,0.0,0.0,0.0,Аксесоар,,DATABASE_EVIDENCE
Altest,GU6320760701,gupvc,"Долно заключване 951-1200 SEC 2 ML
",4,4,0.0,0.0,6949726189.0,GU,,,90,,0.0,0.0,0.0,Аксесоар,,DATABASE_EVIDENCE
Altest,GU6321040001,gupvc,"Горен накрайник SE  90  1 ML
",4,8,0.0,0.0,83432179928.0,GU,,,90,,0.0,0.0,0.0,Обков,,DATABASE_EVIDENCE
Altest,GU6321050001,gupvc,"Долен накрайник SE  180 1 ML
",4,8,0.0,0.0,57562499977.0,GU,,,90,,0.0,0.0,0.0,Обков,,DATABASE_EVIDENCE
Altest,GU6321420001,GUPVC,Удължение за мартина 250-500 mm GU,4,4,0.0,0.0,25656073294.0,GU,,,90,,0.0,0.0,0.0,Аксесоар,,DATABASE_EVIDENCE
Altest,GU6321550301,"GUPVC
","Дол.накр. комб.отваряне
",4,4,0.0,0.0,68347434215.0,,,,90,,0.0,0.0,0.0,Аксесоар,,DATABASE_EVIDENCE
Altest,GU6322240001,gupvc,"Ъгъл късо рамо  SEC  45/160 SLK
",4,4,0.0,0.0,55714421081.0,GU,,,90,,0.0,0.0,0.0,Аксесоар,,DATABASE_EVIDENCE
Altest,GU6322380001,GUPVC,"Ъгъл комбин. отваряне горен малък G-U
",4,4,0.0,0.0,88245262543.0,GU,,,90,,0.0,0.0,0.0,Аксесоар,,DATABASE_EVIDENCE
Altest,GU6323030001,GUPVC,"Долен накрайник 180 без закл.
",4,4,0.0,0.0,57582679542.0,GU,,,90,,0.0,0.0,0.0,Аксесоар,,DATABASE_EVIDENCE
Altest,GU6323040501,GU,Удължение по вертикал за PSK G-U MZ /1621-1850/,4,30,0.0,0.0,87182479521.0,GU VW,,,90,,0.0,0.0,0.0,Мартина,,DATABASE_EVIDENCE
Altest,GU6323040601,GUVW,Удължение по вертикал за PSK G-U MZ /1821-2120/,4,30,0.0,0.0,97212049145.0,GU VW,,,90,,0.0,0.0,0.0,Мартина,,DATABASE_EVIDENCE
Altest,GU6323040701,GU,Удължител по вертикал за PSK G-U MZ /2121-2370/,4,30,0.0,0.0,46382259441.0,GU VW,,,90,,0.0,0.0,0.0,Мартина,,DATABASE_EVIDENCE
Altest,GU6323070101,GU,Удължение по хоризонтал за VW MZ /890-1100/,4,8,0.0,0.0,84032119581.0,GU VW,,,90,,0.0,0.0,0.0,Обков,,DATABASE_EVIDENCE
Altest,GU6323070201,GU,Удължение по хоризонтал за VW MZ /1101-1350/,4,8,0.0,0.0,90122749328.0,GU VW,,,90,,0.0,0.0,0.0,Обков,,DATABASE_EVIDENCE
Altest,GU6323070301,GU,Удължение по хоризонтал за VW MZ /1351-1600/,4,8,0.0,0.0,57222729519.0,GU VW,,,90,,0.0,0.0,0.0,Обков,,DATABASE_EVIDENCE
Altest,GU6323070401,GU,Удължение по хоризонтал за VW MZ /1601-1850/,4,8,0.0,0.0,66362679804.0,GU VW,,,90,,0.0,0.0,0.0,Обков,,DATABASE_EVIDENCE
Altest,GU6323071201,GU,Удължение по хоризонтал за VW MZ  /720-889/,4,8,0.0,0.0,52263149566.0,GU VW,,,90,,0.0,0.0,0.0,Обков,,DATABASE_EVIDENCE
Altest,GU6323350601,GU,Мартина VW с брава 150/200 MZ автоматичен DM 40x92,4,0,0.0,0.0,45625432846.0,GU VW,,,90,,0.0,0.0,0.0,UNKNOWN,,DATABASE_EVIDENCE
Altest,GU6323350701,GU,Мартина VW с брава 150/200 MZ автоматичен DM 40x92,4,0,0.0,0.0,62795652717.0,GU VW,,,90,,0.0,0.0,0.0,UNKNOWN,,DATABASE_EVIDENCE
Altest,GU6323430601,GU,Мартина VW GU MZ 30/92 с място за патрон 1871-2120,4,8,0.0,0.0,97536313239.0,GU VW,,,90,,0.0,0.0,0.0,Обков,,DATABASE_EVIDENCE
Altest,GU6323430701,GU,Мартина VW GU MZ 30/92 с място за патрон 2121-2370,4,8,0.0,0.0,98656073863.0,GU VW,,,90,,0.0,0.0,0.0,Обков,,DATABASE_EVIDENCE
Altest,GU6323435501,GU,Мартина VW GU MZ 30/92 с място за патрон 1620-1870,4,30,0.0,0.0,69951533388.0,GU VW,,,90,,0.0,0.0,0.0,Мартина,,DATABASE_EVIDENCE
Altest,GU6324943001,GU,Удължение VW с пвц канал по хоризонтал и заден вер,4,0,0.0,0.0,71914938755.0,GU VW,,,90,,0.0,0.0,0.0,UNKNOWN,,DATABASE_EVIDENCE
Altest,GU6324944001,GU,Удължение VW с пвц канал 851-1101,4,4,0.0,0.0,77065548641.0,GU VW,,,90,,0.0,0.0,0.0,Аксесоар,,DATABASE_EVIDENCE
Altest,GU6324945001,GU,Удължение VW с пвц канал 1101-1350,4,4,0.0,0.0,62156608737.0,GU VW,,,90,,0.0,0.0,0.0,Аксесоар,,DATABASE_EVIDENCE
Altest,GU6324946001,GU,Удължение VW с пвц канал 1351-1600,4,4,0.0,0.0,92277128169.0,GU VW,,,90,,0.0,0.0,0.0,Аксесоар,,DATABASE_EVIDENCE
Altest,GU6324947001,GU,Удължение VW с пвц канал 1601-1850,4,4,0.0,0.0,39318558156.0,GU VW,,,90,,0.0,0.0,0.0,Аксесоар,,DATABASE_EVIDENCE
Altest,GU6324948001,GU,Удължение VW вертикал с пвц канал 1851-2100,4,4,0.0,0.0,34429178555.0,GU VW,,,90,,0.0,0.0,0.0,Аксесоар,,DATABASE_EVIDENCE
Altest,GU6324949001,GU,Удължение VW вертикал с пвц канал 2101-2350,4,4,0.0,0.0,81530108553.0,GU VW,,,90,,0.0,0.0,0.0,Аксесоар,,DATABASE_EVIDENCE
Altest,GU6325800101,GU,Брава м-на 35х92 през дръжка,4,30,0.0,0.0,80350017315.0,GU,,,90,,0.0,0.0,0.0,Мартина,,DATABASE_EVIDENCE
Altest,GU632993001,GU,Удължител VW MZ 500мм,4,8,0.0,0.0,57281388838.0,GU VW,,,90,,0.0,0.0,0.0,Обков,,DATABASE_EVIDENCE
Altest,GU6332090101,GU,ШНАПЕР ВРАТА - GU,4,18,0.0,0.0,25263289187.0,,,,90,,0.0,0.0,0.0,Външни елементи,,DATABASE_EVIDENCE
Altest,GU6332780101,GU,Насрещник Стандартен обикновен за АЛ 13мм Вива,4,0,0.0,0.0,12850476467.0,GU,,,90,,0.0,0.0,0.0,UNKNOWN,,DATABASE_EVIDENCE
Altest,GU63409619L1,GU,Панта долна крило Li  G-U,4,31,0.0,0.0,81464478432.0,GU,,,90,,0.0,0.0,0.0,Панта за крило прозорец,,DATABASE_EVIDENCE
Altest,GU63409619R1,GU,Панта долна крило Re G-U,4,31,0.0,0.0,11084648415.0,GU,,,90,,0.0,0.0,0.0,Панта за крило прозорец,,DATABASE_EVIDENCE
Altest,GU6342011001,GUPVC,Гръб  EURO JET   1351-1700 мм  3 ML,4,32,0.0,0.0,78575779652.0,GU,,,90,,0.0,0.0,0.0,Гръб - обков,,DATABASE_EVIDENCE
Altest,GU6342011901,gupvc,"Гръб  EURO JET   2101-2450  3 ML
",4,32,0.0,0.0,63405519764.0,GU,,,90,,0.0,0.0,0.0,Гръб - обков,,DATABASE_EVIDENCE
Altest,GU6342120001,gupvc,"Мартина дв.GU/751-1200/мм MV1
",4,30,0.0,0.0,13665310743.0,GU,,,90,,0.0,0.0,0.0,Мартина,,DATABASE_EVIDENCE
Altest,GU6342130001,GUPVC,"Мартина дв.GU / 951-1450 / мм MV1
",4,30,0.0,0.0,20775200173.0,GU,,,90,,0.0,0.0,0.0,Мартина,,DATABASE_EVIDENCE
Altest,GU6342140001,GUPVC,"Мартина дв.GU/1201-1700/мм 
",4,30,0.0,0.0,42815830464.0,GU,,,90,,0.0,0.0,0.0,Мартина,,DATABASE_EVIDENCE
Altest,GU6342150001,GUPVC,"Мартина дв.GU /1451-1950/мм MV2
",4,30,0.0,0.0,13925680788.0,GU,,,90,,0.0,0.0,0.0,Мартина,,DATABASE_EVIDENCE
Altest,GU6342160001,GUPVC,"Мартина дв.GU/1951-2450/мм MV3
",4,30,0.0,0.0,24025810465.0,GU,,,90,,0.0,0.0,0.0,Мартина,,DATABASE_EVIDENCE
Altest,GU6342290001,GUPVC,Средна панта крило,4,31,0.0,0.0,31436361176.0,GU,,,90,,0.0,0.0,0.0,Панта за крило прозорец,,DATABASE_EVIDENCE
Altest,GU6349950301,GU,Ножица Стандартен,4,0,0.0,0.0,53733458731.0,GU,,,90,,0.0,0.0,0.0,UNKNOWN,,DATABASE_EVIDENCE
Altest,GU6349950601,GU,Ножица Стандартен,4,0,0.0,0.0,79073728747.0,GU,,,90,,0.0,0.0,0.0,UNKNOWN,,DATABASE_EVIDENCE
Altest,GU6349950801,GU,Ножица Стандартен,4,0,0.0,0.0,43293868694.0,GU,,,90,,0.0,0.0,0.0,UNKNOWN,,DATABASE_EVIDENCE
Altest,GU6349951001,GUPVC,"Ножица /951-1200/мм
",4,33,0.0,0.0,81524818612.0,GU,,,90,,0.0,0.0,0.0,Ножица - обков,,DATABASE_EVIDENCE
Altest,GU6349951201,GU,Ножица Стандартен,4,0,0.0,0.0,50714718885.0,GU,,,90,,0.0,0.0,0.0,UNKNOWN,,DATABASE_EVIDENCE
Altest,GU63517500L1,GU,Панта долна каса  Li G-U,4,24,0.0,0.0,18342776044.0,GU,,,90,,0.0,0.0,0.0,Панта за прозорец,,DATABASE_EVIDENCE
Altest,GU63517500R1,GU,Панта долна каса Re G-U,4,24,0.0,0.0,35962566064.0,GU,,,90,,0.0,0.0,0.0,Панта за прозорец,,DATABASE_EVIDENCE
Altest,GU6352170001,GUPVC,"Горен Ъгъл EURO JET  160/160
",4,8,0.0,0.0,29286830203.0,GU,,,90,,0.0,0.0,0.0,Обков,,DATABASE_EVIDENCE
Altest,GU63525630L1,GU,Рамо за ножица + панта 390-750 Li G-U,4,0,0.0,0.0,81613514134.0,GU,,,90,,0.0,0.0,0.0,UNKNOWN,,DATABASE_EVIDENCE
Altest,GU63525630R1,GU,Рамо за ножица + панта 390-750 Re G-U,4,0,0.0,0.0,31283764806.0,GU,,,90,,0.0,0.0,0.0,UNKNOWN,,DATABASE_EVIDENCE
Altest,GU63525645L1,GU,Рамо за ножица + панта  751-1400 Li G-U,4,0,0.0,0.0,20284884591.0,GU,,,90,,0.0,0.0,0.0,UNKNOWN,,DATABASE_EVIDENCE
Altest,GU63525645R1,GU,Рамо за ножица + панта  751-1400 Re G-U,4,0,0.0,0.0,73824424855.0,GU,,,90,,0.0,0.0,0.0,UNKNOWN,,DATABASE_EVIDENCE
Altest,GU63525809L1,GU,Панта горна крило едноосов Li G-U,4,0,0.0,0.0,82480144793.0,GU,,,90,,0.0,0.0,0.0,UNKNOWN,,DATABASE_EVIDENCE
Altest,GU63525809R1,GU,Панта горна крило едноосов Re G-U,4,0,0.0,0.0,11070764436.0,GU,,,90,,0.0,0.0,0.0,UNKNOWN,,DATABASE_EVIDENCE
Altest,GU6355960501,GUPVC,"Гръб  EURO JET   730-1350   2 ML
",4,32,0.0,0.0,55734848580.0,GU,,,90,,0.0,0.0,0.0,Гръб - обков,,DATABASE_EVIDENCE
Altest,GU6355960701,GUPVC,"Гръб  EURO JET   1351-1600   2 ML
",4,32,0.0,0.0,1974478106.0,GU,,,90,,0.0,0.0,0.0,Гръб - обков,,DATABASE_EVIDENCE
Altest,GU6355961201,GU,Гръб 1195мм/1351-1850/,4,0,0.0,0.0,3535388075.0,GU,,,90,,0.0,0.0,0.0,UNKNOWN,,DATABASE_EVIDENCE
Altest,GU6355961501,GUPVC,"Гръб  EURO JET   1600-2450  3 ML
",4,32,0.0,0.0,69865968262.0,GU,,,90,,0.0,0.0,0.0,Гръб - обков,,DATABASE_EVIDENCE
Altest,GU6359350101,GU,Насрещник секюрити за алуминий с  евроканал 14/18,4,4,0.0,0.0,58058512466.0,GU,,,90,,0.0,0.0,0.0,Аксесоар,,DATABASE_EVIDENCE
Altest,GU6359350201,GU,Насрещник Стандартен,4,0,0.0,0.0,38128172948.0,GU,,,90,,0.0,0.0,0.0,UNKNOWN,,DATABASE_EVIDENCE
Altest,GU6359350501,GU,Секюрити н-к за алуминий 9мм.,4,8,0.0,0.0,60488252318.0,GU,,,90,,0.0,0.0,0.0,Обков,,DATABASE_EVIDENCE
Altest,GU6360260301,GU,"Панта каса горна ф3х2,5 G-U",4,0,0.0,0.0,43438261398.0,GU,,,90,,0.0,0.0,0.0,UNKNOWN,,DATABASE_EVIDENCE
Altest,GU6360260601,GUPVC,"Горна панта каса 
",4,24,0.0,0.0,87738981345.0,GU,,,90,,0.0,0.0,0.0,Панта за прозорец,,DATABASE_EVIDENCE
Altest,GU6360411801,GU,Панта Стандартен,4,0,0.0,0.0,6721413808.0,GU,,,90,,0.0,0.0,0.0,UNKNOWN,,DATABASE_EVIDENCE
Altest,GU6360432001,GUPVC,"Горна панта крило за 13мм
",4,31,0.0,0.0,22222813787.0,GU,,,90,,0.0,0.0,0.0,Панта за крило прозорец,,DATABASE_EVIDENCE
Altest,GU63613920L1,GUPVC,"Долна панта крило L 
",4,31,0.0,0.0,98631542259.0,GU,,,90,,0.0,0.0,0.0,Панта за крило прозорец,,DATABASE_EVIDENCE
Altest,GU63613920R1,GUPVC,"Долна панта крило R 
",4,31,0.0,0.0,80221152642.0,GU,,,90,,0.0,0.0,0.0,Панта за крило прозорец,,DATABASE_EVIDENCE
Altest,GU6361443501,GU,Добавка Ролка/Буре бр.Мартина GU,4,8,0.0,0.0,51043383182.0,GU,,,90,,0.0,0.0,0.0,Обков,,DATABASE_EVIDENCE
Altest,GU6361504501,GUAL,Брава-мартина GU 35x92 20x3 триточкова с езици,4,30,0.0,0.0,27815364646.0,GU,,,90,,0.0,0.0,0.0,Мартина,,DATABASE_EVIDENCE
Altest,GU6361800101,GUPVC,"Долна панта крило универсална
",4,31,0.0,0.0,46334017951.0,GU,,,90,,0.0,0.0,0.0,Панта за крило прозорец,,DATABASE_EVIDENCE
Altest,GU6368382001,GU,Панта крило средна за алуминий 9/20мм G-U,4,0,0.0,0.0,84491112662.0,GU,,,90,,0.0,0.0,0.0,UNKNOWN,,DATABASE_EVIDENCE
Altest,GU6368392001,GUPVC,"Средна панта Крило РЕГУЛИРУЕМА
",4,4,0.0,0.0,40541982034.0,GU,,,90,,0.0,0.0,0.0,Аксесоар,,DATABASE_EVIDENCE
Altest,GU6368822201,GUPVC,"Долна панта каса + Щифт
",4,24,0.0,0.0,57556547563.0,GU,,,90,,0.0,0.0,0.0,Панта за прозорец,,DATABASE_EVIDENCE
Altest,GU63736701L1,GU,Насрещник за врата WDS L,4,18,0.0,0.0,53973305514.0,GU,,,90,,0.0,0.0,0.0,Външни елементи,,DATABASE_EVIDENCE
Altest,GU63736701R1,GU,Насрещник за врата WDS R,4,18,0.0,0.0,95523565410.0,GU,,,90,,0.0,0.0,0.0,Външни елементи,,DATABASE_EVIDENCE
Altest,GU63745518L1,GU,Долна панта крило за AL 9-18 GU L,4,0,0.0,0.0,59523854744.0,GU,,,90,,0.0,0.0,0.0,UNKNOWN,,DATABASE_EVIDENCE
Altest,GU63745518R1,GU,Долна панта крило за AL 9-18 GU R,4,0,0.0,0.0,13163104275.0,GU,,,90,,0.0,0.0,0.0,UNKNOWN,,DATABASE_EVIDENCE
Altest,GU63745520L1,GU,Панта крило долна фалцова за АЛ L лява 9/20мм G-U,4,0,0.0,0.0,53834114872.0,GU,,,90,,0.0,0.0,0.0,UNKNOWN,,DATABASE_EVIDENCE
Altest,GU63745520R1,GU,Панта крило долна фалцова за АЛ R дясна 9/20мм G-U,4,0,0.0,0.0,37454494315.0,GU,,,90,,0.0,0.0,0.0,UNKNOWN,,DATABASE_EVIDENCE
Altest,GU63745620L1,GU,Панта крило долна фалцова за АЛ L лява 13/20мм G-U,4,0,0.0,0.0,37984324252.0,GU,,,90,,0.0,0.0,0.0,UNKNOWN,,DATABASE_EVIDENCE
Altest,GU63745620R1,GU,Панта крило долна фалцова за АЛ R дясна 13/20мм G-,4,0,0.0,0.0,21524514571.0,GU,,,90,,0.0,0.0,0.0,UNKNOWN,,DATABASE_EVIDENCE
Altest,GU6376321AL1,GU,Центр. н-к за лет.делител L,4,18,0.0,0.0,58131792951.0,GU,,,90,,0.0,0.0,0.0,Външни елементи,,DATABASE_EVIDENCE
Altest,GU6376321AR1,GU,Центр. н-к за лет.делител R,4,18,0.0,0.0,93771262066.0,GU,,,90,,0.0,0.0,0.0,Външни елементи,,DATABASE_EVIDENCE
Altest,GU63767507L1,GU,Насрещник за врата 60 мм L,4,18,0.0,0.0,25794126887.0,GU,,,90,,0.0,0.0,0.0,Външни елементи,,DATABASE_EVIDENCE
Altest,GU63767507R1,GU,Насрещник за врата 60 мм R,4,18,0.0,0.0,58384866987.0,GU,,,90,,0.0,0.0,0.0,Външни елементи,,DATABASE_EVIDENCE
Altest,GU6376752TL1,,Насрещник за врата ПВЦ  KMG60мм централен L ляв G-,4,18,0.0,0.0,78856256964.0,,,,90,,0.0,0.0,0.0,Външни елементи,,DATABASE_EVIDENCE
Altest,GU6376752TR1,,Насрещник за врата ПВЦ  KMG60мм централен R десен,4,18,0.0,0.0,46436066881.0,,,,90,,0.0,0.0,0.0,Външни елементи,,DATABASE_EVIDENCE
Altest,GU63767531L1,GU,"Центр. н-к за врата 70 мм L
",4,18,0.0,0.0,61497256355.0,GU,,,90,,0.0,0.0,0.0,Външни елементи,,DATABASE_EVIDENCE
Altest,GU63767531R1,GU,Центр. н-к за врата 70 мм R,4,18,0.0,0.0,25037346628.0,GU,,,90,,0.0,0.0,0.0,Външни елементи,,DATABASE_EVIDENCE
Altest,GU6378450001,GU,Комплект ключове за реглаж G-U,4,0,0.0,0.0,69141583317.0,GU,,,90,,0.0,0.0,0.0,UNKNOWN,,DATABASE_EVIDENCE
Altest,GU6384740501,GUAL,Пружинен насрещник No5 TENF за безфалцова врата,4,4,0.0,0.0,7515796383.0,GU,,,90,,0.0,0.0,0.0,Аксесоар,,DATABASE_EVIDENCE
Altest,GU6385130109,GU,Дръжка за алуминий и пвц прозорец с пвц канал РАБО,4,0,0.0,0.0,92559780661.0,GU,,,90,,0.0,0.0,0.0,UNKNOWN,,DATABASE_EVIDENCE
Altest,GU63867809L1,GU,Централен н-к AL GU ЛЯВ,4,18,0.0,0.0,88315646101.0,,,,90,,0.0,0.0,0.0,Външни елементи,,DATABASE_EVIDENCE
Altest,GU63867809R1,GU,Централен н-к AL GU ДЕСЕН,4,18,0.0,0.0,79985776226.0,,,,90,,0.0,0.0,0.0,Външни елементи,,DATABASE_EVIDENCE
Altest,GU63867904L1,GU,Насрещник Брава - 24x3 - L G-U,4,0,0.0,0.0,24945546488.0,GU,,,90,,0.0,0.0,0.0,UNKNOWN,,DATABASE_EVIDENCE
Altest,GU63867904R1,GU,Насрещник Брава - 24x3 - R G-U,4,0,0.0,0.0,55545626139.0,GU,,,90,,0.0,0.0,0.0,UNKNOWN,,DATABASE_EVIDENCE
Altest,GU6389990301,GUPVC,"Ножица  /280-500/мм
",4,33,0.0,0.0,75517158338.0,GU,,,90,,0.0,0.0,0.0,Ножица - обков,,DATABASE_EVIDENCE
Altest,GU6389990601,GUPVC,"Ножица / 501-750
 /",4,33,0.0,0.0,36847818886.0,GU,,,90,,0.0,0.0,0.0,Ножица - обков,,DATABASE_EVIDENCE
Altest,GU6389990801,GUPVC,"Ножица /751-1000/мм
",4,33,0.0,0.0,43037488613.0,GU,,,90,,0.0,0.0,0.0,Ножица - обков,,DATABASE_EVIDENCE
Altest,GU6389991001,GUPVC,Ножица /951-1200мм/,4,33,0.0,0.0,91338148187.0,GU,,,90,,0.0,0.0,0.0,Ножица - обков,,DATABASE_EVIDENCE
Altest,GU6389991201,GUPVC,"Ножица  EURO JET 2019  1201-1450
",4,33,0.0,0.0,34568668737.0,GU,,,90,,0.0,0.0,0.0,Ножица - обков,,DATABASE_EVIDENCE
Altest,GU6390740601,GU,Ножица 500-750/ G-U,4,0,0.0,0.0,79376076753.0,GU,,,90,,0.0,0.0,0.0,UNKNOWN,,DATABASE_EVIDENCE
Altest,GUК164880001,GU,"К-т ролки за LS (до 300кг).
",4,8,0.0,0.0,56932075703.0,GU,,,90,,0.0,0.0,0.0,Обков,,DATABASE_EVIDENCE
Altest,GUE181960001,GU,Насрещник SECURITY за мартина термо плъзгане за S3,4,0,0.0,0.0,53472736916.0,GU,,,90,,0.0,0.0,0.0,UNKNOWN,,DATABASE_EVIDENCE
Altest,GUE1922300L1,GU,Насрещник комб.отваряне L ляв за Алупласт G-U,4,0,0.0,0.0,72426519385.0,GU,,,90,,0.0,0.0,0.0,UNKNOWN,,DATABASE_EVIDENCE
Altest,GUE1922300R1,GU,Насрещник комб.отваряне L ляв за Алупласт G-U,4,0,0.0,0.0,27086179184.0,GU,,,90,,0.0,0.0,0.0,UNKNOWN,,DATABASE_EVIDENCE
Altest,GUG167201501,GU,Насрещник обикновен ДЪЛБОК за S38 G-U,4,0,0.0,0.0,34376529771.0,GU,,,90,,0.0,0.0,0.0,UNKNOWN,,DATABASE_EVIDENCE
Altest,GUG196430401,GUPVC,"Мартина обикновено отваряне 400 /301-400/ G-U
",4,30,0.0,0.0,45840161121.0,GU,,,90,,0.0,0.0,0.0,Мартина,,DATABASE_EVIDENCE
Altest,GUG196430601,GUPVC,"Мартина обикновено отваряне 600 /501-600/ G-U
",4,30,0.0,0.0,35030191172.0,GU,,,90,,0.0,0.0,0.0,Мартина,,DATABASE_EVIDENCE
Altest,GUG196430701,GUPVC,"Мартина обикновено отваряне 700 /601-700/ G-U
",4,30,0.0,0.0,42160211416.0,GU,,,90,,0.0,0.0,0.0,Мартина,,DATABASE_EVIDENCE
Altest,GUG196430801,GUPVC,"Мартина обикновено отваряне 800 /701-800/ G-U
",4,30,0.0,0.0,71240461683.0,GU,,,90,,0.0,0.0,0.0,Мартина,,DATABASE_EVIDENCE
Altest,GUG196430901,GUPVC,"Мартина обикновено отваряне 900 /801-900/ G-U
",4,30,0.0,0.0,30330641173.0,,,,90,,0.0,0.0,0.0,Мартина,,DATABASE_EVIDENCE
Altest,GUG196431001,GUPVC,"Мартина обикновено отваряне 1000 /901-1000/ G-U
",4,30,0.0,0.0,37591181054.0,,,,90,,0.0,0.0,0.0,Мартина,,DATABASE_EVIDENCE
Altest,GUG196431201,GUPVC,"Мартина обикновено отваряне 1200 /1101-1200/ G-U
",4,30,0.0,0.0,33721011495.0,,,,90,,0.0,0.0,0.0,Мартина,,DATABASE_EVIDENCE
Altest,MKS1101,ENDOW,ножица 400-650,4,33,0.0,0.0,66120365884.0,ENDOW,,,90,,0.0,0.0,0.0,Ножица - обков,,DATABASE_EVIDENCE
Altest,MKS1103,ENDOW,ножица 850-1100,4,33,0.0,0.0,10170505169.0,ENDOW,,,90,,0.0,0.0,0.0,Ножица - обков,,DATABASE_EVIDENCE
Altest,MKSK1121,ENDOW,ножица 640-850,4,33,0.0,0.0,65830451372.0,ENDOW,,,90,,0.0,0.0,0.0,Ножица - обков,,DATABASE_EVIDENCE
Altest,MKXP3001,ALTEST,Дръжка+кит капаци черна,4,26,0.0,0.0,43777506906.0,Дръжки,,,90,,0.0,0.0,0.0,Дръжка за прозорец,,DATABASE_EVIDENCE
Altest,MM1052,ALTEST,Панта капаци бяла,4,24,0.0,0.0,40427436829.0,,,,90,,0.0,0.0,,Панта за прозорец,,DATABASE_EVIDENCE
Altest,MM10521,ALTEST,Панта капаци черна,4,24,0.0,0.0,18410914815.0,,,,90,,0.0,0.0,,Панта за прозорец,,DATABASE_EVIDENCE
Altest,GU6390740801,GU,Ножица 751-1000/ G-U,4,0,0.0,0.0,93526346250.0,GU,,,90,,0.0,0.0,0.0,UNKNOWN,,DATABASE_EVIDENCE
Altest,GU6390741001,GU,Ножица 950-1400/ G-U,4,0,0.0,0.0,45877856848.0,GU,,,90,,0.0,0.0,0.0,UNKNOWN,,DATABASE_EVIDENCE
Altest,GU6390750101,GU,Панта горна каса едноосов G-U,4,0,0.0,0.0,2976376622.0,GU,,,90,,0.0,0.0,0.0,UNKNOWN,,DATABASE_EVIDENCE
Altest,GU6391471801,GU,Рамо за еднос.отваряне G-U 9/18мм,4,0,0.0,0.0,54744173921.0,GU,,,90,,0.0,0.0,0.0,UNKNOWN,,DATABASE_EVIDENCE
Altest,GU6391472001,,Рамо+панта крило горно за обикновено отваряне за A,4,4,0.0,0.0,32075473346.0,,,,90,,0.0,0.0,0.0,Аксесоар,,DATABASE_EVIDENCE
Altest,GU6391482001,GUPVC,"Горен ъгъл обик.отваряне + панта
",4,8,0.0,0.0,45145343608.0,GU,,,90,,0.0,0.0,0.0,Обков,,DATABASE_EVIDENCE
Altest,GU6392062001,GU,Рамо+панта Стандартен,4,0,0.0,0.0,27671169329.0,GU,,,90,,0.0,0.0,0.0,UNKNOWN,,DATABASE_EVIDENCE
Altest,GU6392072001,GU,Рамо+панта Стандартен,4,0,0.0,0.0,10721289815.0,GU,,,90,,0.0,0.0,0.0,UNKNOWN,,DATABASE_EVIDENCE
Altest,GU6392082001,GU,Рамо+панта Стандартен,4,0,0.0,0.0,96861699287.0,GU,,,90,,0.0,0.0,0.0,UNKNOWN,,DATABASE_EVIDENCE
Altest,GU6392092001,GU,Рамо+панта Стандартен,4,0,0.0,0.0,31991189783.0,GU,,,90,,0.0,0.0,0.0,UNKNOWN,,DATABASE_EVIDENCE
Altest,GU6392102001,GU,Рамо+панта Стандартен,4,0,0.0,0.0,37152030933.0,GU,,,90,,0.0,0.0,0.0,UNKNOWN,,DATABASE_EVIDENCE
Altest,GU6392112001,GU,Рамо+панта Стандартен,4,0,0.0,0.0,74272420731.0,GU,,,90,,0.0,0.0,0.0,UNKNOWN,,DATABASE_EVIDENCE
Altest,GU6392122001,GU,Рамо+панта Стандартен,4,0,0.0,0.0,15362180428.0,GU,,,90,,0.0,0.0,0.0,UNKNOWN,,DATABASE_EVIDENCE
Altest,GU6392132001,GU,Рамо+панта Стандартен,4,0,0.0,0.0,58412680527.0,GU,,,90,,0.0,0.0,0.0,UNKNOWN,,DATABASE_EVIDENCE
Altest,GU6393960601,GU,Заключващ елемент,4,0,0.0,0.0,62068168879.0,GU,,,90,,0.0,0.0,0.0,UNKNOWN,,DATABASE_EVIDENCE
Altest,GU6398341801,GU,Рамо+панта  комб.отв 9/18мм /280-500мм/,4,0,0.0,0.0,4063642905.0,GU,,,90,,0.0,0.0,0.0,UNKNOWN,,DATABASE_EVIDENCE
Altest,GU6398351801,GU,Рамо+панта комб.отв 9/18мм /501-750мм/,4,0,0.0,0.0,35133632034.0,GU,,,90,,0.0,0.0,0.0,UNKNOWN,,DATABASE_EVIDENCE
Altest,GU6398361801,GU,Рамо+панта комб.отв 9/18мм /751-1200мм/,4,0,0.0,0.0,56243642217.0,GU,,,90,,0.0,0.0,0.0,UNKNOWN,,DATABASE_EVIDENCE
Altest,GU6398371801,GU,Рамо+панта комб.отв 9/18мм /1201-1600мм/,4,0,0.0,0.0,86373552463.0,GU,,,90,,0.0,0.0,0.0,UNKNOWN,,DATABASE_EVIDENCE
Altest,GU6398382001,GUPVC,Рамо+панта комб.отвар. /280-500мм/,4,8,0.0,0.0,28764062642.0,GU,,,90,,0.0,0.0,0.0,Обков,,DATABASE_EVIDENCE
Altest,GU63983820L1,GU,Рамо+панта комб.отв 13/20мм /280-500мм/ляво G-U,4,0,0.0,0.0,5534532351.0,GU,,,90,,0.0,0.0,0.0,UNKNOWN,,DATABASE_EVIDENCE
Altest,GU63983820R1,GU,Рамо+панта комб.отв 13/20мм /280-500мм/дясно G-U,4,0,0.0,0.0,71164322977.0,GU,,,90,,0.0,0.0,0.0,UNKNOWN,,DATABASE_EVIDENCE
Altest,GU6398392001,GUPVC,Рамо+панта комб.отв 13/20мм /501-750мм/,4,8,0.0,0.0,18854182821.0,GU,,,90,,0.0,0.0,0.0,Обков,,DATABASE_EVIDENCE
Altest,GU63983920L1,GU,Рамо+панта комб.отв 13/20мм /501-750мм/ляво,4,0,0.0,0.0,65634562156.0,GU,,,90,,0.0,0.0,0.0,UNKNOWN,,DATABASE_EVIDENCE
Altest,GU63983920R1,GU,Рамо+панта комб.отв 13/20мм /501-750мм/дясно,4,0,0.0,0.0,53224662612.0,GU,,,90,,0.0,0.0,0.0,UNKNOWN,,DATABASE_EVIDENCE
Altest,GU6398402001,GUPVC,Рамо+панта комб.отв.13/20мм /751-1200мм/,4,8,0.0,0.0,43045633234.0,GU,,,90,,0.0,0.0,0.0,Обков,,DATABASE_EVIDENCE
Altest,GU63984020L1,GU,Рамо+панта комб.отв 13/20мм/751-1200мм/ляво,4,0,0.0,0.0,88855053466.0,GU,,,90,,0.0,0.0,0.0,UNKNOWN,,DATABASE_EVIDENCE
Altest,GU63984020R1,GU,Рамо+панта комб.отв 13/20мм /751-1200мм/дясно,4,0,0.0,0.0,91435233675.0,GU,,,90,,0.0,0.0,0.0,UNKNOWN,,DATABASE_EVIDENCE
Altest,GU6398412001,GU,Рамо  комб.отв 13/20мм /1201-1600мм/универсално,4,0,0.0,0.0,26185143385.0,GU,,,90,,0.0,0.0,0.0,UNKNOWN,,DATABASE_EVIDENCE
Altest,GU63984120L1,GUPVC,"Рамо  /1201 - 1600 /мм + панта L
",4,8,0.0,0.0,27945763281.0,GU,,,90,,0.0,0.0,0.0,Обков,,DATABASE_EVIDENCE
Altest,GU63984120R1,GUPVC,"Рамо  /1201 - 1600 /мм + панта R
",4,8,0.0,0.0,62565353405.0,GU,,,90,,0.0,0.0,0.0,Обков,,DATABASE_EVIDENCE
Altest,GU640032AC01,GU,Насрещник за врата WDS малък,4,18,0.0,0.0,44930163602.0,GU,,,90,,0.0,0.0,0.0,Външни елементи,,DATABASE_EVIDENCE
Altest,GU640032DK01,GU,Насрещник малък за триточкова мартина- език за ПВC,4,4,0.0,0.0,53073933534.0,,,,90,,0.0,0.0,0.0,Аксесоар,,DATABASE_EVIDENCE
Altest,GU640032DR01,GU,Насрещник за врата малък AL евроканал GU,4,4,0.0,0.0,23723593264.0,,,,90,,0.0,0.0,0.0,Аксесоар,,DATABASE_EVIDENCE
Altest,GU640075AR01,,,4,0,0.0,0.0,78134867243.0,,,,90,,0.0,0.0,0.0,UNKNOWN,,DATABASE_EVIDENCE
Altest,GU8006250001,GUPVC,"Удължител 115-250 mm
",4,4,0.0,0.0,42914258353.0,GU,,,90,,0.0,0.0,0.0,Аксесоар,,DATABASE_EVIDENCE
Altest,GU800756001,GU,"Sleeve for Closer GU ,Цилиндър за шнапер",4,18,0.0,0.0,667141544.0,GU,,,90,,0.0,0.0,0.0,Външни елементи,,DATABASE_EVIDENCE
Altest,GU8008710001,GU,Насрещник комбиниран долен G-U,4,0,0.0,0.0,18249033578.0,GU,,,90,,0.0,0.0,0.0,UNKNOWN,,DATABASE_EVIDENCE
Altest,GU9132747501,GU,Винт за дръжка LS,4,18,0.0,0.0,54630884824.0,Крепежи ,,,90,,0.0,0.0,0.0,Външни елементи,,DATABASE_EVIDENCE
Altest,GU9254761101,GU,Шина LS /700мм-1600мм/,4,8,0.0,0.0,44316675853.0,GU,,,90,,0.0,0.0,0.0,Обков,,DATABASE_EVIDENCE
Altest,GU9254761401,GU,Шина LS /1600мм-1850мм/,4,8,0.0,0.0,86626655632.0,GU,,,90,,0.0,0.0,0.0,Обков,,DATABASE_EVIDENCE
Altest,GU9254761801,GU,Шина LS /1850мм-2350мм/,4,8,0.0,0.0,11086355441.0,GU,,,90,,0.0,0.0,0.0,Обков,,DATABASE_EVIDENCE
Altest,GU9254763301,GU,Шина LS /2350мм-3300мм/,4,8,0.0,0.0,57728315846.0,GU,,,90,,0.0,0.0,0.0,Обков,,DATABASE_EVIDENCE
Altest,GU9254766001,,,4,4,0.0,0.0,86711345527.0,,,,90,,0.0,0.0,0.0,Аксесоар,,DATABASE_EVIDENCE
Altest,GU928149,GU,Успокоител свързваща шина за  ролки  LS,4,30,0.0,0.0,68085650331.0,,,,90,,0.0,0.0,0.0,Мартина,,DATABASE_EVIDENCE
Altest,GU9295270001,,Дръжка LS70 крило външна декоративна без вкопаване,4,4,0.0,0.0,68214450174.0,,,,90,,0.0,0.0,0.0,Аксесоар,,DATABASE_EVIDENCE
Altest,GU9295270006,,Дръжка LS70 крило външна декоративна без вкопаване,4,4,0.0,0.0,26274220323.0,,,,90,,0.0,0.0,0.0,Аксесоар,,DATABASE_EVIDENCE
Altest,GU9295270007,,Дръжка LS70 крило външна декоративна без вкопаване,4,4,0.0,0.0,7274430852.0,,,,90,,0.0,0.0,0.0,Аксесоар,,DATABASE_EVIDENCE
Altest,GU9299900801,GU,Насрещник позициониращ 966/976 G-U,4,0,0.0,0.0,66461247548.0,GU,,,90,,0.0,0.0,0.0,UNKNOWN,,DATABASE_EVIDENCE
Altest,GU9299920101,,Дръжка LS70 крило външна декоративна за вкопаване ,4,4,0.0,0.0,37981437086.0,,,,90,,0.0,0.0,0.0,Аксесоар,,DATABASE_EVIDENCE
Altest,GU9299920101_M,GU,Външна вкопана дръжка за LS -СИВА,4,18,0.0,0.0,68359516768.0,Дръжки,,,90,,0.0,0.0,1.0,Външни елементи,,DATABASE_EVIDENCE
Altest,GU9299920106,GU,Дръжка LS70 крило външна декоративна за вкопаване ,4,18,0.0,0.0,45961747872.0,GU,,,90,,0.0,0.0,0.0,Външни елементи,,DATABASE_EVIDENCE
Altest,GU9299920106-9005,GU,Външна вкопана дръжка за LS -ЧЕРНА,4,18,0.0,0.0,35182111888.0,Дръжки,,,90,,0.0,0.0,1.0,Външни елементи,,DATABASE_EVIDENCE
Altest,GU9299920107,GU,Дръжка LS70 крило външна декоративна за вкопаване ,4,18,0.0,0.0,37961267311.0,GU,,,90,,0.0,0.0,0.0,Външни елементи,,DATABASE_EVIDENCE
Altest,GU9299920107_M,GU,Външна вкопана дръжка за LS  - БЯЛА,4,18,0.0,0.0,62929376211.0,Дръжки,,,90,,0.0,0.0,1.0,Външни елементи,,DATABASE_EVIDENCE
Altest,GU9302560001,gupvc,"Наср.за пасивна ZH мартина
",4,10,0.0,0.0,47358654013.0,GU,,,90,,0.0,0.0,0.0,Капачки,,DATABASE_EVIDENCE
Altest,GU9334443305,GU,"Профил покриващ за механ.високо отвар 3000мм, Кафя",4,0,0.0,0.0,14143643376.0,GU,,,90,,0.0,0.0,0.0,UNKNOWN,,DATABASE_EVIDENCE
Altest,GU9334443307,GU,"Профил покриващ за механ.високо отвар 3000мм, Бял ",4,0,0.0,0.0,16133053333.0,GU,,,90,,0.0,0.0,0.0,UNKNOWN,,DATABASE_EVIDENCE
Altest,GU9334446005,GU,"Профил покриващ за механ.високо отвар 6000мм, Кафя",4,0,0.0,0.0,34156703154.0,GU,,,90,,0.0,0.0,0.0,UNKNOWN,,DATABASE_EVIDENCE
Altest,GU9334446007,GU,"Профил покриващ за механ.високо отвар 6000мм, Бял ",4,0,0.0,0.0,42116853469.0,GU,,,90,,0.0,0.0,0.0,UNKNOWN,,DATABASE_EVIDENCE
Altest,GU9349070000,GU,Наср.за пъпка за 60мм KMG,4,4,0.0,0.0,32087649437.0,,,,90,,0.0,0.0,0.0,Аксесоар,,DATABASE_EVIDENCE
Altest,GU9349070001,GU,Насрещник обикновен G-U,4,0,0.0,0.0,21047779390.0,GU,,,90,,0.0,0.0,0.0,UNKNOWN,,DATABASE_EVIDENCE
Altest,GU9349070201,gupvc,"Насрещник 13 mm PROFINE , VEKA,KBE
",4,8,0.0,0.0,23297779633.0,GU,,,90,,0.0,0.0,0.0,Обков,,DATABASE_EVIDENCE
Altest,GU9357400001,GU,Насрещник трапецовиден за PSK,4,0,0.0,0.0,75682553557.0,GU,,,90,,0.0,0.0,0.0,UNKNOWN,,DATABASE_EVIDENCE
Altest,GU9357700001,GU,Насрещник обикновен Алупласт G-U,4,0,0.0,0.0,44975376378.0,GU,,,90,,0.0,0.0,0.0,UNKNOWN,,DATABASE_EVIDENCE
Altest,GU9357710001,GU,Насрещник трапецовиден за PSK G-U,4,0,0.0,0.0,78055446505.0,GU,,,90,,0.0,0.0,0.0,UNKNOWN,,DATABASE_EVIDENCE
Altest,GU9357720001,GUPVC,"Долен наср.Rehau комб.
",4,4,0.0,0.0,76135306133.0,GU,,,90,,0.0,0.0,0.0,Аксесоар,,DATABASE_EVIDENCE
Altest,GU9358580001,GU,Насрещник обикновен GEA 3000  G-U,4,0,0.0,0.0,7653634501.0,GU,,,90,,0.0,0.0,0.0,UNKNOWN,,DATABASE_EVIDENCE
Altest,GU9362270001,GU,Насрещник за  сюрме Aluplast 13мм  G-U,4,0,0.0,0.0,81791651202.0,GU,,,90,,0.0,0.0,0.0,UNKNOWN,,DATABASE_EVIDENCE
Altest,GU9362770001,GU,Трапецовиден н-к за VW GU MZ,4,8,0.0,0.0,58246126364.0,GU VW,,,90,,0.0,0.0,0.0,Обков,,DATABASE_EVIDENCE
Altest,GU93653100L1,GUPVC,"Долен наср.L
",4,4,0.0,0.0,22322552881.0,GU,,,90,,0.0,0.0,0.0,Аксесоар,,DATABASE_EVIDENCE
Altest,GU93653100R1,GUPVC,"Долен наср.R
",4,4,0.0,0.0,55982462726.0,GU,,,90,,0.0,0.0,0.0,Аксесоар,,DATABASE_EVIDENCE
Altest,GU938798,GU,Ножица за рязане на мартини G-U,4,0,0.0,0.0,18205551546.0,GU,,,90,,0.0,0.0,0.0,UNKNOWN,,DATABASE_EVIDENCE
Altest,GU9400660001,GU,Насрещник осигурителка за каса Алупласт 4000 G-U,4,0,0.0,0.0,68379726813.0,GU,,,90,,0.0,0.0,0.0,UNKNOWN,,DATABASE_EVIDENCE
Altest,GU9401490001,GUPVC,"Наср.за осиг.март.лет.кемф.
",4,4,0.0,0.0,18537434220.0,,,,90,,0.0,0.0,0.0,Аксесоар,,DATABASE_EVIDENCE
Altest,GU9402290001,GU,Заключваща пластина клапа,4,0,0.0,0.0,65435672320.0,GU,,,90,,0.0,0.0,0.0,UNKNOWN,,DATABASE_EVIDENCE
Altest,GU9402350500,GU,Пружина др.LS70,4,4,0.0,0.0,35656273614.0,GU,,,90,,0.0,0.0,0.0,Аксесоар,,DATABASE_EVIDENCE
Altest,GU9404630001,GU,Насрещник осигурителка за каса Rehau G-U,4,0,0.0,0.0,55419526646.0,GU,,,90,,0.0,0.0,0.0,UNKNOWN,,DATABASE_EVIDENCE
Altest,GU94048700L5,GU,"Капачка долна панта крило L лява за AL G-U, Кафяв ",4,0,0.0,0.0,83831038236.0,GU,,,90,,0.0,0.0,0.0,UNKNOWN,,DATABASE_EVIDENCE
Altest,GU94048700L6,GU,"Капачка долна панта крило R за AL G-U, Черен RAL 9",4,0,0.0,0.0,77871428715.0,GU,,,90,,0.0,0.0,0.0,UNKNOWN,,DATABASE_EVIDENCE
Altest,GU94048700L7,GU,"Кап.долна пан.крило L за AL
",4,4,0.0,0.0,18831528523.0,,,,90,,0.0,0.0,0.0,Аксесоар,,DATABASE_EVIDENCE
Altest,GU94048700L9N,GU,Капачка долна панта крило L лява за AL G-U До изче,4,0,0.0,0.0,77527426781.0,GU,,,90,,0.0,0.0,0.0,UNKNOWN,,DATABASE_EVIDENCE
Altest,GU94048700LC,GU,"Капачка долна панта крило L лява за AL G-U, Титан",4,0,0.0,0.0,83871328445.0,GU,,,90,,0.0,0.0,0.0,UNKNOWN,,DATABASE_EVIDENCE
Altest,GU94048700R5,GU,"Капачка долна панта крило R дясна за AL G-U, Кафяв",4,0,0.0,0.0,48461828238.0,GU,,,90,,0.0,0.0,0.0,UNKNOWN,,DATABASE_EVIDENCE
Altest,GU94048700R6,GU,"Капачка долна панта крило R за AL G-U, Черен RAL 9",4,0,0.0,0.0,86481558786.0,GU,,,90,,0.0,0.0,0.0,UNKNOWN,,DATABASE_EVIDENCE
Altest,GU94048700R7,GU,"Кап.долна пан.крило R за AL
",4,4,0.0,0.0,62461518559.0,,,,90,,0.0,0.0,0.0,Аксесоар,,DATABASE_EVIDENCE
Altest,GU94048700R9N,GU,Капачка долна панта крило R дясна за AL G-U До изч,4,0,0.0,0.0,46133426963.0,GU,,,90,,0.0,0.0,0.0,UNKNOWN,,DATABASE_EVIDENCE
Altest,GU94048700RC,GU,"Капачка долна панта крило R дясна за AL G-U, Титан",4,0,0.0,0.0,86471048875.0,GU,,,90,,0.0,0.0,0.0,UNKNOWN,,DATABASE_EVIDENCE
Altest,GU9405640001,GUPVC,"Панта крило скрита G-U
 (пвц)",4,8,0.0,0.0,87699476421.0,GU,,,90,,0.0,0.0,0.0,Обков,,DATABASE_EVIDENCE
Altest,GU9405650601,GUPVC,"Панта каса скрита G-U
",4,8,0.0,0.0,57319666359.0,GU,,,90,,0.0,0.0,0.0,Обков,,DATABASE_EVIDENCE
Altest,GU9408660001,GUPVC,"Средна панта каса 13 mm
",4,8,0.0,0.0,1179306123.0,GU,,,90,,0.0,0.0,0.0,Обков,,DATABASE_EVIDENCE
Altest,GU9415060008,GU,Насрещник Стандартен фиксиращ,4,0,0.0,0.0,59374780269.0,GU,,,90,,0.0,0.0,0.0,UNKNOWN,,DATABASE_EVIDENCE
Altest,GU9415300001,GUPVC,Наср.обик.за по-гол.сиг.,4,4,0.0,0.0,68027183942.0,GU,,,90,,0.0,0.0,0.0,Аксесоар,,DATABASE_EVIDENCE
Altest,GU9415320001,GU,Наср.обик.за по-гол.сиг.6кам GU,4,4,0.0,0.0,81227093325.0,GU,,,90,,0.0,0.0,0.0,Аксесоар,,DATABASE_EVIDENCE
Altest,GU941776001,GU,Насрещник осигурителка за каса за AL-9mm G-U,4,0,0.0,0.0,15471067222.0,GU,,,90,,0.0,0.0,0.0,UNKNOWN,,DATABASE_EVIDENCE
Altest,GU9417780001,GU,Насрещник комб. отваряне за AL-9mm G-U,4,0,0.0,0.0,94431347437.0,GU,,,90,,0.0,0.0,0.0,UNKNOWN,,DATABASE_EVIDENCE
Altest,GU9419590001,GU,Панта каса притискаща метална G-U,4,0,0.0,0.0,68529565573.0,GU,,,90,,0.0,0.0,0.0,UNKNOWN,,DATABASE_EVIDENCE
Altest,GU9426830005,GUPVC,"Капачка долна панта каса /кубче/ G-U, Кафяв RAL 80",4,4,0.0,0.0,22073688752.0,GU,,,90,,0.0,0.0,0.0,Аксесоар,,DATABASE_EVIDENCE
Altest,GU9426830006,GUPVC,"Капачка долна каса  ЧЕРНО
",4,4,0.0,0.0,6073588585.0,GU,,,90,,0.0,0.0,0.0,Аксесоар,,DATABASE_EVIDENCE
Altest,GU9426830007,GUPVC,"Капачка долна панта каса /кубче/ G-U, Бял RAL 9016",4,4,0.0,0.0,49093518765.0,GU,,,90,,0.0,0.0,0.0,Аксесоар,,DATABASE_EVIDENCE
Altest,GU942683000AM,GU,"Капачка долна панта каса /кубче/ G-U, Бронз",4,0,0.0,0.0,13561926431.0,GU,,,90,,0.0,0.0,0.0,UNKNOWN,,DATABASE_EVIDENCE
Altest,GU942683000C,GU,"Капачка долна панта каса /кубче/ G-U, Титан",4,0,0.0,0.0,66033428166.0,GU,,,90,,0.0,0.0,0.0,UNKNOWN,,DATABASE_EVIDENCE
Altest,GU9429720000,GU,наср.за пъпка 70мм KMG,4,4,0.0,0.0,23152077337.0,GU,,,90,,0.0,0.0,0.0,Аксесоар,,DATABASE_EVIDENCE
Altest,GU9436316406,GU,Ключ за реглаж шестограм 4 мм G-U,4,0,0.0,0.0,33445463586.0,GU,,,90,,0.0,0.0,0.0,UNKNOWN,,DATABASE_EVIDENCE
Altest,GU9452191401,GU,Насрещник AL 9мм 14 /18,4,0,0.0,0.0,53330211922.0,GU,,,90,,0.0,0.0,0.0,UNKNOWN,,DATABASE_EVIDENCE
Altest,GU9453950001,GU,Наср.об.sec.60мм KMG,4,4,0.0,0.0,83347689482.0,GU,,,90,,0.0,0.0,0.0,Аксесоар,,DATABASE_EVIDENCE
Altest,GU9466860007,GU,"Дръжка  за вкопаване-МОСТРА, Бял RAL 9016",4,0,0.0,0.0,92787418964.0,GU,,,90,,0.0,0.0,0.0,UNKNOWN,,DATABASE_EVIDENCE
Altest,GU9472950401,GU,Подложка за ролки за LS -,4,8,0.0,0.0,22849309137.0,GU,,,90,,0.0,0.0,0.0,Обков,,DATABASE_EVIDENCE
Altest,GU9472960601,GU,Подложка за мартина за LS,4,8,0.0,0.0,33169459458.0,GU,,,45,,0.0,0.0,0.0,Обков,,DATABASE_EVIDENCE
Altest,GU9473340105,GUPVC,"Капачка горна панта каса G-U, Кафяв RAL 8022
",4,4,0.0,0.0,28983193124.0,,,,90,,0.0,0.0,0.0,Аксесоар,,DATABASE_EVIDENCE
Altest,GU9473340106,GUPVC,"Капачка горна каса  ЧЕРНО
",4,4,0.0,0.0,81923683511.0,GU,,,90,,0.0,0.0,0.0,Аксесоар,,DATABASE_EVIDENCE
Altest,GU9473340107,GUPVC,"Капачка горна панта каса G-U, Бял RAL 9016
",4,4,0.0,0.0,35953813584.0,GU,,,90,,0.0,0.0,0.0,Аксесоар,,DATABASE_EVIDENCE
Altest,GU947334010AM,GU,"Капачка горна панта каса G-U, Бронз",4,0,0.0,0.0,93441632058.0,GU,,,90,,0.0,0.0,0.0,UNKNOWN,,DATABASE_EVIDENCE
Altest,GU947334010C,GU,"Капачка горна панта каса G-U, Титан",4,0,0.0,0.0,3933823581.0,GU,,,90,,0.0,0.0,0.0,UNKNOWN,,DATABASE_EVIDENCE
Altest,GU94778200L5,GUPVC,"Капачка долна панта крило фалцова L лява G-U, Кафя",4,4,0.0,0.0,28338088573.0,GU,,,90,,0.0,0.0,0.0,Аксесоар,,DATABASE_EVIDENCE
Altest,GU94778200L6,GU,Капачка долна пан.крило L G-U,4,0,0.0,0.0,19348498391.0,GU,,,90,,0.0,0.0,0.0,UNKNOWN,,DATABASE_EVIDENCE
Altest,GU94778200L7,GUPVC,"Капачка долна панта крило фалцова L лява G-U, БЯЛ",4,4,0.0,0.0,61338748246.0,GU,,,90,,0.0,0.0,0.0,Аксесоар,,DATABASE_EVIDENCE
Altest,GU94778200LAM,GU,"Капачка долна панта крило фалцова L лява G-U, Брон",4,0,0.0,0.0,72844156714.0,GU,,,90,,0.0,0.0,0.0,UNKNOWN,,DATABASE_EVIDENCE
Altest,GU94778200LC,GU,"Капачка долна панта крило фалцова L лява G-U, Тита",4,0,0.0,0.0,43388328175.0,GU,,,90,,0.0,0.0,0.0,UNKNOWN,,DATABASE_EVIDENCE
Altest,GU94778200R5,GUPVC,"Капачка долна панта крило фалцова R дясна G-U, Каф",4,4,0.0,0.0,13988738652.0,GU,,,90,,0.0,0.0,0.0,Аксесоар,,DATABASE_EVIDENCE
Altest,GU94778200R6,GU,Капачка долна пан.крило R G-U,4,0,0.0,0.0,3988068026.0,GU,,,90,,0.0,0.0,0.0,UNKNOWN,,DATABASE_EVIDENCE
Altest,GU94778200R7,GUPVC,"Капачка долна панта крило фалцова R дясна G-U, Бял",4,4,0.0,0.0,75978688381.0,GU,,,90,,0.0,0.0,0.0,Аксесоар,,DATABASE_EVIDENCE
Altest,GU94778200RAM,GU,"Капачка долна панта крило фалцова R дясна G-U, Бро",4,0,0.0,0.0,1450656643.0,GU,,,90,,0.0,0.0,0.0,UNKNOWN,,DATABASE_EVIDENCE
Altest,GU94778200RC,GU,"Капачка долна панта крило фалцова R дясна G-U, Тит",4,0,0.0,0.0,54938118885.0,GU,,,90,,0.0,0.0,0.0,UNKNOWN,,DATABASE_EVIDENCE
Altest,GU9477830105,GUPVC,"Капачка долна панта крило унивесална G-U, Кафяв RA",4,4,0.0,0.0,38798388926.0,GU,,,90,,0.0,0.0,0.0,Аксесоар,,DATABASE_EVIDENCE
Altest,GU9477830106,GUPVC,"Капачка долна крило / Перо  ЧЕРНО
",4,4,0.0,0.0,48708628256.0,GU,,,90,,0.0,0.0,0.0,Аксесоар,,DATABASE_EVIDENCE
Altest,GU9477830107,GUPVC,"Капачка долна панта крило унивесална G-U, Бял RAL",4,4,0.0,0.0,20788198372.0,GU,,,90,,0.0,0.0,0.0,Аксесоар,,DATABASE_EVIDENCE
Altest,GU947783010AM,GU,"Капачка долна панта крило унивесална G-U, Бронз",4,0,0.0,0.0,80256337214.0,GU,,,90,,0.0,0.0,0.0,UNKNOWN,,DATABASE_EVIDENCE
Altest,GU947783010C,GU,"Капачка долна панта крило унивесална G-U, Титан",4,0,0.0,0.0,14708628258.0,GU,,,90,,0.0,0.0,0.0,UNKNOWN,,DATABASE_EVIDENCE
Altest,GU9477950105,GUPVC,"Капачка горна панта крило G-U, Кафяв RAL 8022
",4,4,0.0,0.0,31089239915.0,GU,,,90,,0.0,0.0,0.0,Аксесоар,,DATABASE_EVIDENCE
Altest,GU9477950106,GUPVC,"Капачка горна крило  ЧЕРНО
",4,4,0.0,0.0,59059639407.0,GU,,,90,,0.0,0.0,0.0,Аксесоар,,DATABASE_EVIDENCE
Altest,GU9477950107,GUPVC,"Капачка горна панта крило G-U, Бял RAL 9016
",4,4,0.0,0.0,58029689935.0,GU,,,90,,0.0,0.0,0.0,Аксесоар,,DATABASE_EVIDENCE
Altest,GU947795010AM,GU,"Капачка горна панта крило G-U, Бронз",4,0,0.0,0.0,58577138021.0,GU,,,90,,0.0,0.0,0.0,UNKNOWN,,DATABASE_EVIDENCE
Altest,GU947795010C,GU,"Капачка горна панта крило G-U, Титан",4,0,0.0,0.0,61009219783.0,GU,,,90,,0.0,0.0,0.0,UNKNOWN,,DATABASE_EVIDENCE
Altest,GU9485530306,GUAL,Кожух за централен насрещник за брава [нов],4,0,0.0,0.0,35536345325.0,GU,,,90,,0.0,0.0,0.0,UNKNOWN,,DATABASE_EVIDENCE
Altest,GU9486840607,GU,Добавка за  AL за Долна панта крило универсална G-,4,0,0.0,0.0,97399858372.0,GU,,,90,,0.0,0.0,0.0,UNKNOWN,,DATABASE_EVIDENCE
Altest,GU9488980001,GUPVC,"Щифт за горна панта каса G-U
",4,4,0.0,0.0,38480729757.0,GU,,,90,,0.0,0.0,0.0,Аксесоар,,DATABASE_EVIDENCE
Altest,GU9505170101,GUPVC,"Наср.за осиг.за каса
 GU9404630001",4,4,0.0,0.0,94604762876.0,GU,,,90,,0.0,0.0,0.0,Аксесоар,,DATABASE_EVIDENCE
Altest,GUA7115700,GU,Крило за Автоматична врата GU,4,0,0.0,0.0,17079248269.0,GU,,,90,,0.0,0.0,0.0,UNKNOWN,,DATABASE_EVIDENCE
Altest,GUA7170760,GU,Гума за крило за Автоматична врата стъкло 10мм,4,0,0.0,0.0,55744233752.0,GU,,,90,,0.0,0.0,0.0,UNKNOWN,,DATABASE_EVIDENCE
Altest,GUAV,GU,Автоматична врата тип плъзгане G-U,4,0,0.0,0.0,63112580654.0,GU,,,90,,0.0,0.0,0.0,UNKNOWN,,DATABASE_EVIDENCE
Altest,GUB000890001,ALTEST Патрон,Патрон 35х55 за Eskimos,4,18,0.0,0.0,60360864528.0,AL,,,90,,0.0,0.0,0.0,Външни елементи,,DATABASE_EVIDENCE
Altest,GUB00092,GU,Патрон PVC врата GU 40x50,4,18,0.0,0.0,12356298346.0,,,,90,,0.0,0.0,0.0,Външни елементи,,DATABASE_EVIDENCE
Altest,GUB000920001,GU,Патрон за алуминий и пвц врата 90 мм 40*50mm G-U,4,0,0.0,0.0,69731615388.0,GU,,,90,,0.0,0.0,0.0,UNKNOWN,,DATABASE_EVIDENCE
Altest,GUB000960001,GU,Патрон за алуминий и пвц врата 100 мм 45*55mm G-U,4,0,0.0,0.0,90181615955.0,GU,,,90,,0.0,0.0,0.0,UNKNOWN,,DATABASE_EVIDENCE
Altest,GUB00966001,GU,Патрон за алуминий и пвц врата 105 мм 45*60mm G-U,4,0,0.0,0.0,6948522216.0,GU,,,90,,0.0,0.0,0.0,UNKNOWN,,DATABASE_EVIDENCE
Altest,GUB71303,ALTEST,Външна дръжка за антипаник,4,18,0.0,0.0,87537515161.0,Дръжки,,,90,,0.0,0.0,0.0,Външни елементи,,DATABASE_EVIDENCE
Altest,GUB71306011,GU,Насрещник врата ПВЦ антипаник G-U,4,0,0.0,0.0,67623273578.0,GU,,,90,,0.0,0.0,0.0,UNKNOWN,,DATABASE_EVIDENCE
Altest,GUB71308002,ALTEST,Едноточков антипаник GU,4,8,0.0,0.0,76713883066.0,,,,90,,0.0,0.0,0.0,Обков,,DATABASE_EVIDENCE
Altest,GUB71308102,ALTEST,Двуточков антипаник GU,4,8,0.0,0.0,50814903984.0,,,,90,,0.0,0.0,0.0,Обков,,DATABASE_EVIDENCE
Altest,GUB88000510,GU,Партон BKS Серия 88 с доп. защита  35/65_N G-U,4,18,0.0,0.0,72075064767.0,GU,,,90,,0.0,0.0,0.0,Външни елементи,,DATABASE_EVIDENCE
Altest,GUB88000522,GU,Патрон 95мм 45/50 mm G-U,4,18,0.0,0.0,16175824456.0,,,,90,,0.0,0.0,0.0,Външни елементи,,DATABASE_EVIDENCE
Altest,GUB89000101,ALTEST,Патрон за външна дръжка за антипаник,4,18,0.0,0.0,40622494193.0,,,,90,,0.0,0.0,0.0,Външни елементи,,DATABASE_EVIDENCE
Altest,GUК132670001,GU,Двустранна дръжка LS с патрон СИВА,4,26,0.0,0.0,60137913247.0,Дръжки,,,90,,0.0,0.0,1.0,Дръжка за прозорец,,DATABASE_EVIDENCE
Altest,GUК132670007,GU,Двустранна дръжка LS с патрон БЯЛА,4,26,0.0,0.0,22157853533.0,Дръжки,,,90,,0.0,0.0,1.0,Дръжка за прозорец,,DATABASE_EVIDENCE
Altest,GUE135341201,GUPVC,"Насрещник летящ кемпфер G-U
",4,8,0.0,0.0,26872640526.0,GU,,,90,,0.0,0.0,0.0,Обков,,DATABASE_EVIDENCE
Altest,GUE138800001,GU,Насрещник обикновен за мартина термо плъзгане за S,4,0,0.0,0.0,29916345462.0,GU,,,90,,0.0,0.0,0.0,UNKNOWN,,DATABASE_EVIDENCE
Altest,GUE153210001,GU,"Насрещник обикновен за AL
 9мм.",4,8,0.0,0.0,73162649213.0,GU,,,90,,0.0,0.0,,Обков,,DATABASE_EVIDENCE
Altest,GUG196431401,GUPVC,"Мартина обикновено отваряне 1400 /1301-1400/ G-U
",4,30,0.0,0.0,1941981658.0,GU,,,90,,0.0,0.0,0.0,Мартина,,DATABASE_EVIDENCE
Altest,GUG196431601,GUPVC,"Мартина обикновено отваряне 1600 /1501-1600/ G-U
",4,30,0.0,0.0,3131641681.0,GU,,,90,,0.0,0.0,0.0,Мартина,,DATABASE_EVIDENCE
Altest,GUG196431801,GUPVC,"Мартина обикновено отваряне 1800 /1701-1800/ G-U
",4,30,0.0,0.0,74381521108.0,GU,,,90,,0.0,0.0,0.0,Мартина,,DATABASE_EVIDENCE
Altest,GUG196432001,GUPVC,"Мартина обикновено отваряне 2000 /1901-2000/ G-U
",4,30,0.0,0.0,56612791262.0,GU,,,90,,0.0,0.0,0.0,Мартина,,DATABASE_EVIDENCE
Altest,GUG220000001,GU,Мартина комбин. отваряне FIX G-U,4,0,0.0,0.0,25579918416.0,GU,,,90,,0.0,0.0,0.0,UNKNOWN,,DATABASE_EVIDENCE
Altest,GUG220800001,GUPVC,Мартина дв.отваряне /480-590/,4,30,0.0,0.0,35347926880.0,GU,,,90,,0.0,0.0,0.0,Мартина,,DATABASE_EVIDENCE
Altest,GUG220810001,GUPVC,"Мартина дв. отваряне /591-750/ G-U
",4,30,0.0,0.0,81417726428.0,GU,,,90,,0.0,0.0,0.0,Мартина,,DATABASE_EVIDENCE
Altest,GUG220820001,GU,Мартина секюрити комбин. отваряне /751-1200/ G-U,4,0,0.0,0.0,81517566889.0,GU,,,90,,0.0,0.0,0.0,UNKNOWN,,DATABASE_EVIDENCE
Altest,GUG220830001,GU,Мартина секюрити комбин. отваряне /951-1450/ G-U,4,0,0.0,0.0,41687726807.0,GU,,,90,,0.0,0.0,0.0,UNKNOWN,,DATABASE_EVIDENCE
Altest,GUG220850001,GU,Мартина секюрити комбин. отваряне /1451-1950/ G-U,4,0,0.0,0.0,91837816637.0,GU,,,90,,0.0,0.0,0.0,UNKNOWN,,DATABASE_EVIDENCE
Altest,GUG220860001,GU,Мартина секюрити комбин. отваряне /1951-2450/ G-U,4,0,0.0,0.0,87957816634.0,GU,,,90,,0.0,0.0,0.0,UNKNOWN,,DATABASE_EVIDENCE
Altest,GUG221200001,GUPVC,"Конст.Мартина 350-490 mm -фиксиран край
 дв.отвар",4,30,0.0,0.0,63861580853.0,GU,,,90,,0.0,0.0,0.0,Мартина,,DATABASE_EVIDENCE
Altest,GUG221330001,GU,Мартина комбин. отваряне /1851-2100/ G-U,4,0,0.0,0.0,26252411236.0,GU,,,90,,0.0,0.0,0.0,UNKNOWN,,DATABASE_EVIDENCE
Altest,GUG221340001,GU,Мартина комбин. отваряне /2101-2225/ G-U,4,0,0.0,0.0,29372521358.0,GU,,,90,,0.0,0.0,0.0,UNKNOWN,,DATABASE_EVIDENCE
Altest,GUG221700001,gupvc,"Мартина л.кемпфер /701-950/мм
 ZH",4,4,0.0,0.0,83376765942.0,GU,,,90,,0.0,0.0,0.0,Аксесоар,,DATABASE_EVIDENCE
Altest,GUG221710001,GUPVC,"Мартина л.кемпфер / 951-1450 /мм
",4,4,0.0,0.0,22466875388.0,GU,,,90,,0.0,0.0,0.0,Аксесоар,,DATABASE_EVIDENCE
Altest,GUG221720001,GUPVC,"Мартина л.кемпфер /1451-1950/мм
",4,4,0.0,0.0,68526855730.0,GU,,,90,,0.0,0.0,0.0,Аксесоар,,DATABASE_EVIDENCE
Altest,GUG221730001,GUPVC,"Мартина л.кемпфер /1951-2450/мм
",4,4,0.0,0.0,58646835248.0,GU,,,90,,0.0,0.0,0.0,Аксесоар,,DATABASE_EVIDENCE
Altest,GUG223312501,GUPVC,"Мартина с място за патрон /1451-1950/мм MV2
",4,4,0.0,0.0,54944581675.0,GU,,,90,,0.0,0.0,0.0,Аксесоар,,DATABASE_EVIDENCE
Altest,GUG223322501,GUPVC,"Мартина с място за патрон/1951-2450/мм MV3
",4,4,0.0,0.0,25054311510.0,GU,,,90,,0.0,0.0,0.0,Аксесоар,,DATABASE_EVIDENCE
Altest,GUG257160301,GU,Мартина за алуминий термо плъзгане S38/300 мм/15mm,4,0,0.0,0.0,56573269703.0,GU,,,90,,0.0,0.0,0.0,UNKNOWN,,DATABASE_EVIDENCE
Altest,GUG257160601,GU,Мартина за алуминий термо плъзгане S38/600 мм/15mm,4,0,0.0,0.0,45883149433.0,GU,,,90,,0.0,0.0,0.0,UNKNOWN,,DATABASE_EVIDENCE
Altest,GUG257161001,GU,Мартина за алуминий термо плъзгане S38/1000 мм/15m,4,0,0.0,0.0,10324369841.0,GU,,,90,,0.0,0.0,0.0,UNKNOWN,,DATABASE_EVIDENCE
Altest,GUG257161601,GU,Мартина за алуминий термо плъзгане S38/1600 мм/15m,4,0,0.0,0.0,71924289844.0,GU,,,90,,0.0,0.0,0.0,UNKNOWN,,DATABASE_EVIDENCE
Altest,GUG257161801,GU,Мартина за алуминий термо плъзгане S38/1800 мм/15m,4,0,0.0,0.0,95174539669.0,GU,,,90,,0.0,0.0,0.0,UNKNOWN,,DATABASE_EVIDENCE
Altest,GUH013380905,GU,Панта GU Балк.- КАФЕ,4,25,0.0,0.0,17672039427.0,GU,,,90,,0.0,0.0,0.0,Панта за врата,,DATABASE_EVIDENCE
Altest,GUH013380907,GU,Панта GU Балк. 3D - БЯЛА,4,25,0.0,0.0,6672879063.0,GU,,,90,,0.0,0.0,0.0,Панта за врата,,DATABASE_EVIDENCE
Altest,GUH0133811015,GU,Панта 3D GU Сива 60/70,4,25,0.0,0.0,45811388684.0,GU,,,90,,0.0,0.0,0.0,Панта за врата,,DATABASE_EVIDENCE
Altest,GUH013381105,GU,Панта 3D GU Кафе 60/70,4,25,0.0,0.0,46973739446.0,GU,,,90,,0.0,0.0,0.0,Панта за врата,,DATABASE_EVIDENCE
Altest,GUH013381107,GU,Панта 3D GU Бяла 60/70,4,25,0.0,0.0,14983799446.0,GU,,,90,,0.0,0.0,0.0,Панта за врата,,DATABASE_EVIDENCE
Altest,GUH013390905,GU,Панта GU Балк.- КАФЕ,4,25,0.0,0.0,72772539458.0,GU,,,90,,0.0,0.0,0.0,Панта за врата,,DATABASE_EVIDENCE
Altest,GUH013390907,GU,Панта GU Балк. 3D - БЯЛА,4,25,0.0,0.0,67702719968.0,GU,,,90,,0.0,0.0,0.0,Панта за врата,,DATABASE_EVIDENCE
Altest,GUH013391101,GU,Панта за пвц врата регулируема 3-D голяма до 120кг,4,0,0.0,0.0,45063969648.0,GU,,,90,,0.0,0.0,0.0,UNKNOWN,,DATABASE_EVIDENCE
Altest,GUH0133911015,GU,Панта GU 3D 76 - Сива,4,25,0.0,0.0,72971438616.0,GU,,,90,,0.0,0.0,0.0,Панта за врата,,DATABASE_EVIDENCE
Altest,GUH013391105,GU,Панта GU 3D 76 - Кафе,4,25,0.0,0.0,65073129221.0,GU,,,90,,0.0,0.0,0.0,Панта за врата,,DATABASE_EVIDENCE
Altest,GUH013391107,GU,Панта GU 3D 76 - Бяла,4,25,0.0,0.0,75053559289.0,GU,,,90,,0.0,0.0,0.0,Панта за врата,,DATABASE_EVIDENCE
Altest,GUK120240006,GU,"Буфер за крило LS - ALTEST
",4,18,0.0,0.0,30485229482.0,GU,,,90,,0.0,0.0,0.0,Външни елементи,,DATABASE_EVIDENCE
Altest,GUK120570001,GU,Насрещник за микровентилация LS,4,18,0.0,0.0,69008012521.0,GU,,,90,,0.0,0.0,0.0,Външни елементи,,DATABASE_EVIDENCE
Altest,GUK129190001,GU,Дръжка VW с пвц канал 150/200 МZ автоматичен двуст,4,0,0.0,0.0,14764618887.0,GU VW,,,90,,0.0,0.0,0.0,UNKNOWN,,DATABASE_EVIDENCE
Altest,GUK129190001-F1,GUVW,Дръжка VW авт. двустр.с място за патрон - Сива,4,4,0.0,0.0,16137886674.0,GU VW,,,90,,0.0,0.0,0.0,Аксесоар,,DATABASE_EVIDENCE
Altest,GUK129190005,GU,Дръжка VW с пвц канал 150/200 МZ автоматичен двуст,4,0,0.0,0.0,58724478270.0,GU VW,,,90,,0.0,0.0,0.0,UNKNOWN,,DATABASE_EVIDENCE
Altest,GUK129190005-8022,GUVW,Дръжка VW авт. двустр.с място за патрон - Кафе,4,4,0.0,0.0,94945451216.0,GU VW,,,90,,0.0,0.0,0.0,Аксесоар,,DATABASE_EVIDENCE
Altest,GUK129190007,GU,Дръжка VW с пвц канал 150/200 МZ автоматичен двуст,4,0,0.0,0.0,55784428562.0,GU VW,,,90,,0.0,0.0,0.0,UNKNOWN,,DATABASE_EVIDENCE
Altest,GUK129190007-9016,GUVW,Дръжка VW авт. двустр.с място за патрон - Бяла,4,4,0.0,0.0,28105521647.0,GU VW,,,90,,0.0,0.0,0.0,Аксесоар,,DATABASE_EVIDENCE
Altest,GUK1292000L1,GU,Дръжка за VW 150/200 MZ L-СИВА,4,26,0.0,0.0,38725749149.0,GU VW,,,90,,0.0,0.0,0.0,Дръжка за прозорец,,DATABASE_EVIDENCE
Altest,GUK1292000L5,GU,Дръжка за VW 150/200 MZ L-КАФЕ,4,26,0.0,0.0,23765829988.0,GU VW,,,90,,0.0,0.0,0.0,Дръжка за прозорец,,DATABASE_EVIDENCE
Altest,GUK1292000L7,GU,Дръжка за VW  150/200 MZ L-БЯЛА,4,26,0.0,0.0,47715229471.0,GU VW,,,90,,0.0,0.0,0.0,Дръжка за прозорец,,DATABASE_EVIDENCE
Altest,GUK1292000R1,GU,Дръжка за VW 150/200 MZ R-СИВА,4,26,0.0,0.0,40335739314.0,GU VW,,,90,,0.0,0.0,0.0,Дръжка за прозорец,,DATABASE_EVIDENCE
Altest,GUK1292000R5,GU,Дръжка за VW  150/200 MZ R-КАФЕ,4,26,0.0,0.0,39365219405.0,GU VW,,,90,,0.0,0.0,0.0,Дръжка за прозорец,,DATABASE_EVIDENCE
Altest,GUK1292000R7,GU,Дръжка за VW  150/200 MZ R-БЯЛА,4,26,0.0,0.0,75325329272.0,GU VW,,,90,,0.0,0.0,0.0,Дръжка за прозорец,,DATABASE_EVIDENCE
Altest,GUK132670001,GU,Двойна дръжка за LS - сива / с място за патрон,4,26,0.0,0.0,7410113027.0,Дръжки,,,90,,0.0,0.0,0.0,Дръжка за прозорец,,DATABASE_EVIDENCE
Altest,GUK132670005,,,4,0,0.0,0.0,27480413181.0,,,,90,,0.0,0.0,0.0,UNKNOWN,,DATABASE_EVIDENCE
Altest,GUK132670007,GU,Двойна дръжка за LS - бяла / с място за патрон,4,26,0.0,0.0,76410853553.0,Дръжки,,,90,,0.0,0.0,0.0,Дръжка за прозорец,,DATABASE_EVIDENCE
Altest,GUK150110005,GU,"Сет за механ.високо отваряне механичен F200 G-U, К",4,0,0.0,0.0,18397748172.0,GU,,,90,,0.0,0.0,0.0,UNKNOWN,,DATABASE_EVIDENCE
Altest,GUK150110007,GU,"Сет за механ.високо отваряне механичен F200 G-U, Б",4,0,0.0,0.0,84347178440.0,GU,,,90,,0.0,0.0,0.0,UNKNOWN,,DATABASE_EVIDENCE
Altest,GUK150130005,GU,Ножица втора за мех високо отвар. механичен F200 G,4,0,0.0,0.0,80537668281.0,GU,,,90,,0.0,0.0,0.0,UNKNOWN,,DATABASE_EVIDENCE
Altest,GUK150130007,GU,Ножица втора за мех високо отвар. механичен F200 G,4,0,0.0,0.0,19527568637.0,GU,,,90,,0.0,0.0,0.0,UNKNOWN,,DATABASE_EVIDENCE
Altest,GUK152250005,GU,Връзка крило ножица за мех високо отвар. механичен,4,0,0.0,0.0,59038369814.0,GU,,,90,,0.0,0.0,0.0,UNKNOWN,,DATABASE_EVIDENCE
Altest,GUK152250007,,,4,4,0.0,0.0,35078319131.0,,,,90,,0.0,0.0,0.0,Аксесоар,,DATABASE_EVIDENCE
Altest,GUK1526600L,GU,К-т колички за VW за PVC 200 MZ  L,4,8,0.0,0.0,84742463832.0,GU VW,,,90,,0.0,0.0,0.0,Обков,,DATABASE_EVIDENCE
Altest,GUK1526600R,GU,К-т колички за VW за PVC 200 MZ R,4,8,0.0,0.0,75762543145.0,GU VW,,,90,,0.0,0.0,0.0,Обков,,DATABASE_EVIDENCE
Altest,GUK152673005,GU,Водач VW за пвц 200 MZ автоматичен комплект 3000 м,4,0,0.0,0.0,46925893084.0,GU VW,,,90,,0.0,0.0,0.0,UNKNOWN,,DATABASE_EVIDENCE
Altest,GUK152673501,GU,К-т релси за VW MZ GR 350 СИВО,4,8,0.0,0.0,87475713117.0,GU VW,,,90,,0.0,0.0,0.0,Обков,,DATABASE_EVIDENCE
Altest,GUK152673505,GU,К-т релси за VW MZ GR.350 КАФЕ,4,8,0.0,0.0,68465723437.0,GU VW,,,90,,0.0,0.0,0.0,Обков,,DATABASE_EVIDENCE
Altest,GUK152673507,GU,К-т релси за VW MZ GR.350 БЕЛИ,4,8,0.0,0.0,22425783190.0,GU VW,,,90,,0.0,0.0,0.0,Обков,,DATABASE_EVIDENCE
Altest,GUK152674001,GU,К-т релси за VW MZ GR.400 СИВИ,4,8,0.0,0.0,47006513646.0,GU VW,,,90,,0.0,0.0,0.0,Обков,,DATABASE_EVIDENCE
Altest,GUK152674005,GU,К-т релси за VW MZ GR.400 КАФЕ,4,8,0.0,0.0,79026463894.0,GU VW,,,90,,0.0,0.0,0.0,Обков,,DATABASE_EVIDENCE
Altest,GUK152674007,GU,К-т релси за VW MZ GR.400 БЕЛИ,4,8,0.0,0.0,62076703213.0,GU VW,,,90,,0.0,0.0,0.0,Обков,,DATABASE_EVIDENCE
Altest,GUK152674501,GU,К-т релси за VW MZ GR.450 СИВИ,4,8,0.0,0.0,76536263927.0,GU VW,,,90,,0.0,0.0,0.0,Обков,,DATABASE_EVIDENCE
Altest,GUK152674505,GU,К-т релси за VW MZ GR.450 КАФЕ,4,8,0.0,0.0,61556413177.0,GU VW,,,90,,0.0,0.0,0.0,Обков,,DATABASE_EVIDENCE
Altest,GUK152674507,GU,К-т релси за VW MZ GR.450 БЕЛИ,4,8,0.0,0.0,59556453617.0,GU VW,,,90,,0.0,0.0,0.0,Обков,,DATABASE_EVIDENCE
Altest,GUK1527600L,GU,К-т колички за VW L ЛЕВИ,4,8,0.0,0.0,10843414474.0,GU VW,,,90,,0.0,0.0,0.0,Обков,,DATABASE_EVIDENCE
Altest,GUK1527600R,GU,К-т колички за VW R ДЕСНИ,4,8,0.0,0.0,78883984924.0,GU VW,,,90,,0.0,0.0,0.0,Обков,,DATABASE_EVIDENCE
Altest,GUK152772005,GU,Водач VW за пвц 150MZ/OZ автоамтичен и обикновен к,4,0,0.0,0.0,74945484611.0,GU VW,,,90,,0.0,0.0,0.0,UNKNOWN,,DATABASE_EVIDENCE
Altest,GUK152772007,GU,К-т релси за VW GR.200 БЕЛИ,4,8,0.0,0.0,54955774751.0,GU VW,,,90,,0.0,0.0,0.0,Обков,,DATABASE_EVIDENCE
Altest,GUK1527725005,GU,К-т релси за VW GR.250 КАФЕ,4,8,0.0,0.0,52223847357.0,GU VW,,,90,,0.0,0.0,0.0,Обков,,DATABASE_EVIDENCE
Altest,GUK1527725007,GU,К-т релси за VW GR.250 БЕЛИ,4,8,0.0,0.0,74233047423.0,GU VW,,,90,,0.0,0.0,0.0,Обков,,DATABASE_EVIDENCE
Altest,GUK152772501,GU,К-т релси за VW GR.250 Сиво,4,8,0.0,0.0,94445624544.0,GU VW,,,90,,0.0,0.0,0.0,Обков,,DATABASE_EVIDENCE
Altest,GUK1527730001,GU,К-т релси за VW GR.300 Сиво,4,8,0.0,0.0,13884322461.0,GU VW,,,90,,0.0,0.0,0.0,Обков,,DATABASE_EVIDENCE
Altest,GUK1527730005,GU,К-т релси за VW GR.300 КАФЕ,4,8,0.0,0.0,45884872346.0,GU VW,,,90,,0.0,0.0,0.0,Обков,,DATABASE_EVIDENCE
Altest,GUK1527730007,GU,К-т релси за VW GR.300 БЕЛИ,4,8,0.0,0.0,22834402532.0,GU VW,,,90,,0.0,0.0,0.0,Обков,,DATABASE_EVIDENCE
Altest,GUK152773001,GU,Водач VW за пвц 150MZ/OZ автоамтичен и обикновен к,4,0,0.0,0.0,79006114121.0,GU VW,,,90,,0.0,0.0,0.0,UNKNOWN,,DATABASE_EVIDENCE
Altest,GUK152773007,GU,Водач VW за пвц 150MZ/OZ автоамтичен и обикновен к,4,0,0.0,0.0,72016374832.0,GU VW,,,90,,0.0,0.0,0.0,UNKNOWN,,DATABASE_EVIDENCE
Altest,GUK1527735005,GU,К-т релси за VW GR.350 КАФЕ,4,8,0.0,0.0,7314727576.0,GU VW,,,90,,0.0,0.0,0.0,Обков,,DATABASE_EVIDENCE
Altest,GUK1527735007,GU,К-т релси за VW GR.350 БЕЛИ,4,8,0.0,0.0,39374377775.0,GU VW,,,90,,0.0,0.0,0.0,Обков,,DATABASE_EVIDENCE
Altest,GUK152773501,GU,К-т релси за VW GR.350 Сиво,4,8,0.0,0.0,58586844636.0,GU VW,,,90,,0.0,0.0,0.0,Обков,,DATABASE_EVIDENCE
Altest,GUK1527800L,GU,К-т колички за VW за AL ЛЕВИ,4,8,0.0,0.0,91003744590.0,GU VW,,,90,,0.0,0.0,0.0,Обков,,DATABASE_EVIDENCE
Altest,GUK1527800R,GU,К-т колички за VW за AL ДЕСНИ,4,8,0.0,0.0,76043444454.0,GU VW,,,90,,0.0,0.0,0.0,Обков,,DATABASE_EVIDENCE
Altest,GUK1527925005,GU,К-т релси за VW за AL 150 OZ до 2500мм КАФЕ,4,8,0.0,0.0,55413557157.0,GU VW,,,90,,0.0,0.0,0.0,Обков,,DATABASE_EVIDENCE
Altest,GUK1527925007,,,4,4,0.0,0.0,67473817317.0,,,,90,,0.0,0.0,0.0,Аксесоар,,DATABASE_EVIDENCE
Altest,GUK152792501,GU,К-т релси за VW за AL 150 OZ до 2500мм СИВИ,4,8,0.0,0.0,95625504550.0,GU VW,,,90,,0.0,0.0,0.0,Обков,,DATABASE_EVIDENCE
Altest,GUK152792507,GU,К-т релси за VW за AL 150 OZ до 2500мм БЯЛО,4,8,0.0,0.0,21655844194.0,GU VW,,,90,,0.0,0.0,0.0,Обков,,DATABASE_EVIDENCE
Altest,GUK152793001,GU,К-т релси за VW за AL 150 OZ до 3000мм СИВИ,4,8,0.0,0.0,36296224104.0,GU VW,,,90,,0.0,0.0,0.0,Обков,,DATABASE_EVIDENCE
Altest,GUK152793005,GU,К-т релси за VW за AL 150 OZ до 3000мм  КАФЕ,4,8,0.0,0.0,66236294557.0,GU VW,,,90,,0.0,0.0,0.0,Обков,,DATABASE_EVIDENCE
Altest,GUK152793007,GU,К-т релси за VW за AL 150 OZ до 3000мм БЕЛИ,4,8,0.0,0.0,24226844337.0,GU VW,,,90,,0.0,0.0,0.0,Обков,,DATABASE_EVIDENCE
Altest,GUK1527935001,GU,К-т релси за VW за AL 150 OZ до 3500мм СИВИ,4,8,0.0,0.0,57524127832.0,GU VW,,,90,,0.0,0.0,0.0,Обков,,DATABASE_EVIDENCE
Altest,GUK1527935005,GU,К-т релси за VW за AL 150 OZ до 3500мм КАФЕ,4,8,0.0,0.0,20514457922.0,GU VW,,,90,,0.0,0.0,0.0,Обков,,DATABASE_EVIDENCE
Altest,GUK1527935007,GU,К-т релси за VW за AL 150 OZ до 3500мм БЕЛИ,4,8,0.0,0.0,71524907593.0,GU VW,,,90,,0.0,0.0,0.0,Обков,,DATABASE_EVIDENCE
Altest,GUK155970106,GU,Добавка към центр.наср за буре,4,18,0.0,0.0,25385666048.0,,,,90,,0.0,0.0,0.0,Външни елементи,,DATABASE_EVIDENCE
Altest,GUK164880001,GU,Ролка к-т  GU за  LS70 300 кг,4,0,0.0,0.0,34285355252.0,GU,,,90,,0.0,0.0,0.0,UNKNOWN,,DATABASE_EVIDENCE
Altest,GUK164930001,OBKOV LS38,К-т ролки за LS 934/ 954 G-U(до 150кг),4,8,0.0,0.0,35826176824.0,,,,90,,0.0,0.0,0.0,Обков,,DATABASE_EVIDENCE
Altest,GUK16784,GU,Адаптор VW комплект  за крило за контрол на наляга,4,0,0.0,0.0,50591129649.0,GU VW,,,90,,0.0,0.0,0.0,UNKNOWN,,DATABASE_EVIDENCE
Altest,GUK167850001,GU,К-кт адаптори за ножица за VW за AL СИВИ,4,8,0.0,0.0,26285045097.0,GU VW,,,90,,0.0,0.0,0.0,Обков,,DATABASE_EVIDENCE
Altest,GUK167850005,GU,К-кт адаптори за ножица за VW за AL КАФЕ,4,8,0.0,0.0,80245445101.0,GU VW,,,90,,0.0,0.0,0.0,Обков,,DATABASE_EVIDENCE
Altest,GUK167850007,GU,К-кт адаптори за ножица за VW за AL БЕЛИ,4,8,0.0,0.0,30285355238.0,GU VW,,,90,,0.0,0.0,0.0,Обков,,DATABASE_EVIDENCE
Altest,GUK167860001,GU,НОЖИЦИ к-т VW 150 OZ,4,33,0.0,0.0,31335625012.0,GU VW,,,90,,0.0,0.0,0.0,Ножица - обков,,DATABASE_EVIDENCE
Altest,GUK168210001,GU,К-т капачки за ножици OZ СИВИ,4,8,0.0,0.0,76369889520.0,GU,,,90,,0.0,0.0,,Обков,,DATABASE_EVIDENCE
Altest,GUK168210005,GU,К-т капачки за ножици OZ КАФЕ,4,8,0.0,0.0,61339479173.0,GU,,,90,,0.0,0.0,,Обков,,DATABASE_EVIDENCE
Altest,GUK168210007,GU,К-т капачки за ножици OZ БЕЛИ,4,8,0.0,0.0,51379179267.0,GU,,,90,,0.0,0.0,,Обков,,DATABASE_EVIDENCE
Altest,GUK169220001,GU,"Ъгъл VW полуавтомат 150 OZ, Сив EV1",4,0,0.0,0.0,42509629125.0,GU VW,,,90,,0.0,0.0,0.0,UNKNOWN,,DATABASE_EVIDENCE
Altest,GUK16922001,GU,Kомплект ъгли долни VW GU,4,33,0.0,0.0,11709479821.0,GU VW,,,90,,0.0,0.0,0.0,Ножица - обков,,DATABASE_EVIDENCE
Altest,GUK1699313L1,GU,Комплект ножици + ъгли 13мм L,4,15,0.0,0.0,16547436284.0,GU VW,,,90,,0.0,0.0,0.0,Колона,,DATABASE_EVIDENCE
Altest,GUK1699313R1,GU,Комплект ножици + ъгли 13мм R,4,33,0.0,0.0,36157556238.0,GU VW,,,90,,0.0,0.0,0.0,Ножица - обков,,DATABASE_EVIDENCE
Altest,GUK1699709L1,GU,Ножица Стандартен,4,0,0.0,0.0,41466206075.0,GU,,,90,,0.0,0.0,0.0,UNKNOWN,,DATABASE_EVIDENCE
Altest,GUK171180001,GU,Шнапер за алуминий 13мм Вива G-U,4,0,0.0,0.0,89359418216.0,GU,,,90,,0.0,0.0,0.0,UNKNOWN,,DATABASE_EVIDENCE
Altest,GUK171390001,GU,Шнапер за балкони KMG 70mm/Rehau G-U,4,0,0.0,0.0,53621420078.0,GU,,,90,,0.0,0.0,0.0,UNKNOWN,,DATABASE_EVIDENCE
Altest,GUK172280001,GU,Шнапер за летящ кефер със сюрмета G-U,4,0,0.0,0.0,14570559357.0,GU,,,90,,0.0,0.0,0.0,UNKNOWN,,DATABASE_EVIDENCE
Altest,GUK172290001,GU,Шнапер за пасивна мартина ПВЦ G-U,4,0,0.0,0.0,65670249116.0,GU,,,90,,0.0,0.0,0.0,UNKNOWN,,DATABASE_EVIDENCE
Altest,GUK178040101,GU,Тандемни колички за крила от 200kg-400kg,4,8,0.0,0.0,38608267121.0,GU,,,90,,0.0,0.0,0.0,Обков,,DATABASE_EVIDENCE
Altest,GUK181530100,GU,Мотор към мартина ел.упр.,4,4,0.0,0.0,40434522533.0,,,,90,,0.0,0.0,0.0,Аксесоар,,DATABASE_EVIDENCE
Altest,GUK181710006,GU,Механизъм за високо отваряне електрически ELTRAL K,4,0,0.0,0.0,23336384157.0,GU,,,90,,0.0,0.0,0.0,UNKNOWN,,DATABASE_EVIDENCE
Altest,GUK181710007,GU,Механизъм за високо отваряне електрически ELTRAL K,4,0,0.0,0.0,53326744725.0,GU,,,90,,0.0,0.0,0.0,UNKNOWN,,DATABASE_EVIDENCE
Altest,GUK19046,GU,Дистанционно за клапа за фасада G-U,4,0,0.0,0.0,77794649549.0,GU,,,90,,0.0,0.0,0.0,UNKNOWN,,DATABASE_EVIDENCE
Altest,GUK193070106,GUAL,Компенсираща планка за безфалцови крила,4,4,0.0,0.0,24660637273.0,GU,,,90,,0.0,0.0,0.0,Аксесоар,,DATABASE_EVIDENCE
Altest,GUL149472963806,GU,Подложка LS38 за мартина,4,8,0.0,0.0,28362638624.0,,,,90,,0.0,0.0,0.0,Обков,,DATABASE_EVIDENCE
Altest,GUL14H111403806,GU,Подложка за мартина S38 INLINE,4,4,0.0,0.0,52742900136.0,GU,,,90,,0.0,0.0,0.0,Аксесоар,,DATABASE_EVIDENCE
Altest,GUU76500001,GUPVC,"Ножица за падащо крило
",4,33,0.0,0.0,83517823928.0,GU,,,45,,0.0,0.0,0.0,Ножица - обков,,DATABASE_EVIDENCE
Altest,GUY705500001,GUPVC,"Наср.обикновен 13мм
",4,4,0.0,0.0,13650838332.0,GU,,,90,,0.0,0.0,0.0,Аксесоар,,DATABASE_EVIDENCE
Altest,GZ256-9016,ALTEST,Дръжка врата бяла с розетка,4,27,0.0,0.0,41743880294.0,Дръжки,,,90,,0.0,0.0,0.0,Дръжка за врата,,DATABASE_EVIDENCE
Altest,GZ2561-9005,ALTEST,Дръжка врата черна с розетка,4,27,0.0,0.0,81529798465.0,Дръжки,,,90,,0.0,0.0,0.0,Дръжка за врата,,DATABASE_EVIDENCE
Altest,GZ5022,ALTEST,Дръжка врата бяла,4,27,0.0,0.0,83215710543.0,Дръжки,,,90,,0.0,0.0,0.0,Дръжка за врата,,DATABASE_EVIDENCE
Altest,GZ5023,ALTEST,Дръжка врата черна,4,27,0.0,0.0,74285210116.0,Дръжки,,,90,,0.0,0.0,0.0,Дръжка за врата,,DATABASE_EVIDENCE
Altest,GZ505,,Дръжка за врата PAYLA бяла,4,27,0.0,0.0,36245730282.0,,,,90,,0.0,0.0,0.0,Дръжка за врата,,DATABASE_EVIDENCE
Altest,GZ8411,,Сет алуминий,4,4,0.0,0.0,15838120127.0,,,,90,,0.0,0.0,0.0,Аксесоар,,DATABASE_EVIDENCE
Altest,GZM10PR2,ALTEST,Панта за M10PR БЯЛА,4,24,0.0,0.0,26757489758.0,AL,,,90,,0.0,0.0,0.0,Панта за прозорец,,DATABASE_EVIDENCE
Altest,GZM10PR3,ALTEST,Панта за M10PR ЧЕРНА,4,24,0.0,0.0,47737679732.0,AL,,,90,,0.0,0.0,0.0,Панта за прозорец,,DATABASE_EVIDENCE
Altest,GZM10S2,,"Панта за алуминий тройна , Бял RAL 9016",4,24,0.0,0.0,23837469813.0,,,,90,,0.0,0.0,0.0,Панта за прозорец,,DATABASE_EVIDENCE
Altest,GZM10S3,,"Панта за алуминий тройна , Черен RAL 9005",4,24,0.0,0.0,55827269438.0,,,,90,,0.0,0.0,0.0,Панта за прозорец,,DATABASE_EVIDENCE
Altest,HOP10789447,HOPPE ATLANTA,Дръжка HOPPE ATLANTA  БРОНЗЕ,4,26,0.0,0.0,29019856640.0,Дръжки,,,90,,0.0,0.0,,Дръжка за прозорец,,DATABASE_EVIDENCE
Altest,HOP10789447 ATLANTA БРОНЗЕ,HOPPE ATLANTA,Дръжка HOPPE ATLANTA  БРОНЗЕ,4,18,0.0,0.0,57737411614.0,Дръжки,,,90,,0.0,0.0,0.0,Външни елементи,,DATABASE_EVIDENCE
Altest,HOP10789455 ATLANTA БЯЛА,HOPPE ATLANTA,Дръжка HOPPE ATLANTA БЯЛА,4,18,0.0,0.0,59459074473.0,Дръжки,,,90,,0.0,0.0,0.0,Външни елементи,,DATABASE_EVIDENCE
Altest,HOP10799776 ATLANTA ТИТАН,HOPPE ATLANTA,Дръжка HOPPE ATLANTA ТИТАН,4,18,0.0,0.0,77451037502.0,Дръжки,,,90,,0.0,0.0,0.0,Външни елементи,,DATABASE_EVIDENCE
Altest,HOP10799784 ATLANTA КАФЕ,HOPPE ATLANTA,Дръжка HOPPE ATLANTA КАФЕ,4,18,0.0,0.0,41751288632.0,Дръжки,,,90,,0.0,0.0,0.0,Външни елементи,,DATABASE_EVIDENCE
Altest,HOP11586345 ATLANTA ЧЕРНА,HOPPE,Дръжка HOPPE ATLANTA ЧЕРНА,4,18,0.0,0.0,55479380157.0,Дръжки,,,90,,0.0,0.0,0.0,Външни елементи,,DATABASE_EVIDENCE
Altest,HOP11819935 35х92 СИВ,HOPPE ATLANTA,Шилд HOPPE 35х92 СИВ,4,18,0.0,0.0,63106458207.0,GU,,,90,,0.0,0.0,0.0,Външни елементи,,DATABASE_EVIDENCE
Altest,HOP11819960 35х92 БЯЛ,HOPPE ШИЛД,Шилд HOPPE 35х92 БЯЛ,4,18,0.0,0.0,99615581845.0,GU,,,90,,0.0,0.0,0.0,Външни елементи,,DATABASE_EVIDENCE
Altest,HOP11819984 35х92 КАФЕ,HOPPE ATLANTA,Шилд HOPPE 35х92 КАФЕ,4,18,0.0,0.0,28248485151.0,GU,,,90,,0.0,0.0,0.0,Външни елементи,,DATABASE_EVIDENCE
Altest,HOP11839570 35х92 ЧЕРЕН,HOPPE,Шилд HOPPE 35х92 ЧЕРЕН,4,18,0.0,0.0,87613439386.0,Дръжки,,,90,,0.0,0.0,0.0,Външни елементи,,DATABASE_EVIDENCE
Altest,HOP2652977 SALVADOR КАФЕ,HOPPE,Дръжка HOPPE 35 мм кафява+2бр Винт V545,4,26,0.0,0.0,73957238386.0,Дръжки,,,90,,0.0,0.0,0.0,Дръжка за прозорец,,DATABASE_EVIDENCE
Altest,HOP3072333,HOPPE,Сет крепеж за врати до 88мм,4,18,0.0,0.0,45701722835.0,,,,90,,0.0,0.0,0.0,Външни елементи,,DATABASE_EVIDENCE
Altest,HOP3672697,HOPPE,ДР. HOPPE LIMA БЯЛА,4,26,0.0,0.0,65237562391.0,Дръжки,,,90,,0.0,0.0,0.0,Дръжка за прозорец,,DATABASE_EVIDENCE
Altest,HOP3672697 LIMA БЯЛА,HOPPE,ДР. HOPPE LIMA БЯЛА,4,18,0.0,0.0,25187562339.0,Дръжки,,,90,,0.0,0.0,0.0,Външни елементи,,DATABASE_EVIDENCE
Altest,HOP3682625 LIMA КАФЕ,HOPPE,HOP2652977 SALVADOR КАФЕ,4,18,0.0,0.0,78029040928.0,Дръжки,,,90,,0.0,0.0,0.0,Външни елементи,,DATABASE_EVIDENCE
Altest,HOP3969992 LIMA СИВА,HOPPE,ДР. HOPPE LIMA СИВА,4,18,0.0,0.0,64223554642.0,,,,90,,0.0,0.0,0.0,Външни елементи,,DATABASE_EVIDENCE
Altest,HOP572113,HOPPE,Дръжка шнапер K435 бяла,4,18,0.0,0.0,61787604188.0,Дръжки,,,90,,0.0,0.0,0.0,Външни елементи,,DATABASE_EVIDENCE
Altest,HOP572120,HOPPE,Дръжка шнапер K435 кафява,4,18,0.0,0.0,38877434322.0,Дръжки,,,90,,0.0,0.0,0.0,Външни елементи,,DATABASE_EVIDENCE
Altest,I10PR,ALTEST,Панта M10PR с дупка /ral 9016/,4,24,0.0,0.0,76042612847.0,AL,,,90,,0.0,0.0,0.0,Панта за прозорец,,DATABASE_EVIDENCE
Altest,I10PR1,ALTEST,Панта M10PR с дупка /ral 9005/,4,24,0.0,0.0,77272772239.0,AL,,,90,,0.0,0.0,0.0,Панта за прозорец,,DATABASE_EVIDENCE
Altest,Обработка дръжка PS50,PS50,Обработка дръжка PS50,4,4,0.0,0.0,92485257672.0,,,,90,,0.0,0.0,0.0,Аксесоар,,DATABASE_EVIDENCE
Altest,Паронепропусклива вътр.мембрана,,SWS EXTRA 150 ВЪТРЕШНА 150*30м,4,15,0.0,0.0,14937777357.0,,,,90,,0.0,0.0,,Колона,,DATABASE_EVIDENCE
Altest,Паропропусклива вън.мембрана,,SWS EXTRA 150 ВЪНШНА UV 150*30м,4,15,0.0,0.0,25863243160.0,,,,90,,0.0,0.0,0.0,Колона,,DATABASE_EVIDENCE
Altest,Огледало 4мм,,Огледало 4мм,4,38,0.0,0.0,32217569812.0,,,,45,,0.0,0.0,,Стъклопакети -Аксесоар,,DATABASE_EVIDENCE
Altest,Пакетаж + доставка,,Пакетаж + доставка,4,18,0.0,0.0,77060228265.0,,,,90,,0.0,0.0,0.0,Външни елементи,,DATABASE_EVIDENCE
Altest,Пакетаж-дървена констр.,,Пакетаж-дървена констр.,4,18,0.0,0.0,9308683531.0,,,,90,,0.0,0.0,0.0,Външни елементи,,DATABASE_EVIDENCE
Altest,панта за врата pvc -3D,,панта за врата pvc -3D,4,15,0.0,0.0,42078533111.0,,,,90,,0.0,0.0,0.0,Колона,,DATABASE_EVIDENCE
Altest,Общо кв.м.,,Обща площ,4,4,0.0,0.0,75214819085.0,,,,45,,0.0,0.0,0.0,Аксесоар,,DATABASE_EVIDENCE
Altest,Полиамид-24,,P 24,4,4,0.0,0.0,65714670174.0,,,,90,,0.0,0.0,,Аксесоар,,DATABASE_EVIDENCE
Altest,Полиамид-28,,P 28,4,4,0.0,0.0,43764250367.0,,,,90,,0.0,0.0,,Аксесоар,,DATABASE_EVIDENCE
Altest,Монтаж AL,,Труд монтаж,4,4,0.0,0.0,75228965075.0,,,,90,,0.0,0.0,0.0,Аксесоар,,DATABASE_EVIDENCE
Altest,Монтаж ком.,,Труд монтаж комарници,4,4,0.0,0.0,25526727784.0,,,,90,,0.0,0.0,0.0,Аксесоар,,DATABASE_EVIDENCE
Altest,Монтаж PVC,KMG,Труд монтаж,4,4,0.0,0.0,3388427625.0,,,,90,,0.0,0.0,,Аксесоар,,DATABASE_EVIDENCE
Altest,IKS6002,ENDOW,Наср.за пвц прозорец обикновен 13 mm Endow,4,8,0.0,0.0,62175266883.0,ENDOW,,,90,,0.0,0.0,0.0,Обков,,DATABASE_EVIDENCE
Altest,ILV3901,ENDOW,Крайно удължение 500мм,4,8,0.0,0.0,82187323288.0,ENDOW,,,90,,0.0,0.0,0.0,Обков,,DATABASE_EVIDENCE
Altest,Оскъпяване стп,,Стп арка/отвор в стп,4,4,0.0,0.0,40635360525.0,,,,90,,0.0,0.0,,Аксесоар,,DATABASE_EVIDENCE
Altest,Остъкляване,,Остъкляване,4,4,0.0,0.0,17042750122.0,,,,90,,0.0,0.0,0.0,Аксесоар,,DATABASE_EVIDENCE
Altest,Отвор в Стъклопакет - 2,,Двоен СП,4,15,0.0,0.0,34713822693.0,,,,90,,0.0,0.0,0.0,Колона,,DATABASE_EVIDENCE
Altest,Отвор в Стъклопакет - 3,,Троен Стъклопакет,4,15,0.0,0.0,80723612055.0,,,,90,,0.0,0.0,0.0,Колона,,DATABASE_EVIDENCE
Altest,ISP100,ENDOW,март.DK 430-700,4,30,0.0,0.0,57384442513.0,ENDOW,,,90,,0.0,0.0,0.0,Мартина,,DATABASE_EVIDENCE
Altest,ISP101,ENDOW,март.DK450-720,4,30,0.0,0.0,48364642791.0,ENDOW,,,90,,0.0,0.0,0.0,Мартина,,DATABASE_EVIDENCE
Altest,ISP102,ENDOW,март.DK700-1200,4,30,0.0,0.0,57344392622.0,ENDOW,,,90,,0.0,0.0,0.0,Мартина,,DATABASE_EVIDENCE
Altest,ISP103,ENDOW,март.DK900-1400,4,30,0.0,0.0,47384012612.0,ENDOW,,,90,,0.0,0.0,0.0,Мартина,,DATABASE_EVIDENCE
Altest,ISP104,ENDOW,март.DK1200-1700,4,30,0.0,0.0,11324682410.0,ENDOW,,,90,,0.0,0.0,0.0,Мартина,,DATABASE_EVIDENCE
Altest,ISP105,ENDOW,март.DK1700-2200,4,30,0.0,0.0,69354842583.0,ENDOW,,,90,,0.0,0.0,0.0,Мартина,,DATABASE_EVIDENCE
Altest,ISP106,ENDOW,март.DK2200-2700,4,30,0.0,0.0,89344532002.0,ENDOW,,,90,,0.0,0.0,0.0,Мартина,,DATABASE_EVIDENCE
Altest,Пяна,,Пяна монтажна,4,4,0.0,0.0,81928906628.0,,,,45,,0.0,0.0,0.0,Аксесоар,,DATABASE_EVIDENCE
Altest,Пяна монтаж,ALTEST,Пяна за монтаж,4,18,0.0,0.0,22287878507.0,Крепежи ,,,45,,0.0,0.0,0.0,Външни елементи,,DATABASE_EVIDENCE
Altest,IZK15301,S38,Насрещник за мартина,4,8,0.0,0.0,26942081149.0,,,,90,,0.0,0.0,,Обков,,DATABASE_EVIDENCE
Altest,KA0,KMG,Кап. PVC бяла за AL козирка,4,14,0.0,0.0,92016531900.0,,,,90,,0.0,0.0,,Капачки за подпрозоречна дъска,,DATABASE_EVIDENCE
Altest,KA1,KMG,Кап. PVC кафява за AL козирка,4,14,0.0,0.0,84056711366.0,,,,90,,0.0,0.0,,Капачки за подпрозоречна дъска,,DATABASE_EVIDENCE
Altest,KA2402,ENDOW,наср.сюрме,4,8,0.0,0.0,34066014615.0,ENDOW,,,90,,0.0,0.0,0.0,Обков,,DATABASE_EVIDENCE
Altest,KA260102,ENDOW,Секюрити насрещник,4,8,0.0,0.0,26944908522.0,ENDOW,,,90,,0.0,0.0,0.0,Обков,,DATABASE_EVIDENCE
Altest,KDK3202,ENDOW,Секюр. н-к комбин. 13 мм,4,8,0.0,0.0,74731655061.0,ENDOW,,,90,,0.0,0.0,0.0,Обков,,DATABASE_EVIDENCE
Altest,KE1301,ENDOW,Горен ъгъл несиметричен,4,8,0.0,0.0,55285834658.0,ENDOW,,,90,,0.0,0.0,0.0,Обков,,DATABASE_EVIDENCE
Altest,KE1302,ENDOW,горен ъг.малък комб.,4,8,0.0,0.0,93225164047.0,ENDOW,,,90,,0.0,0.0,0.0,Обков,,DATABASE_EVIDENCE
Altest,KE1303,ENDOW,Сек. ъгъл комб.,4,8,0.0,0.0,77225784244.0,ENDOW,,,90,,0.0,0.0,0.0,Обков,,DATABASE_EVIDENCE
Altest,KE1304,ENDOW,Горен ъгъл микров.,4,8,0.0,0.0,73255614628.0,ENDOW,,,90,,0.0,0.0,0.0,Обков,,DATABASE_EVIDENCE
Altest,KE1305,ENDOW,Горен ъгъл комб. симетр.16-16,4,8,0.0,0.0,92285364887.0,ENDOW,,,90,,0.0,0.0,0.0,Обков,,DATABASE_EVIDENCE
Altest,KE1321,ENDOW,Малък ъгъл секюрити,4,8,0.0,0.0,49415344111.0,ENDOW,,,90,,0.0,0.0,0.0,Обков,,DATABASE_EVIDENCE
Altest,KIT AL,KMG,Kit,4,4,0.0,0.0,48940524512.0,,,,90,,0.0,0.0,,Аксесоар,,DATABASE_EVIDENCE
Altest,KKI1,ENDOW,Брава Мартина 160/85/ 28 без език,4,27,0.0,0.0,47356684961.0,,,,90,,0.0,0.0,0.0,Дръжка за врата,,DATABASE_EVIDENCE
Altest,KKI11,ENDOW,Брава Мартина 180/85/ 28 без език,4,27,0.0,0.0,71219314370.0,,,,90,,0.0,0.0,0.0,Дръжка за врата,,DATABASE_EVIDENCE
Altest,KKI25160,ENDOW,Брава мартина 25х85 1600мм без език за патрон,4,30,0.0,0.0,28912434049.0,ENDOW,,,90,,0.0,0.0,0.0,Мартина,,DATABASE_EVIDENCE
Altest,KKI25180,ENDOW,Брава мартина 25х85 1800мм без език за патрон,4,30,0.0,0.0,66182114660.0,ENDOW,,,90,,0.0,0.0,0.0,Мартина,,DATABASE_EVIDENCE
Altest,KKI252,ENDOW,Брава мартина 25х85 2000мм без език за патрон,4,30,0.0,0.0,95609764331.0,ENDOW,,,90,,0.0,0.0,0.0,Мартина,,DATABASE_EVIDENCE
Altest,KKI3592160/92/35,ENDOW,Брава Мартина 160/92 без език,4,27,0.0,0.0,22723643351.0,,,,90,,0.0,0.0,0.0,Дръжка за врата,,DATABASE_EVIDENCE
Altest,KKI3592180/92/35,ENDOW,Брава Мартина 180/92 без език,4,27,0.0,0.0,71985723149.0,,,,90,,0.0,0.0,0.0,Дръжка за врата,,DATABASE_EVIDENCE
Altest,KKI3592200/92/35,ENDOW,Брава Мартина 200/92 без език,4,27,0.0,0.0,78297733995.0,,,,90,,0.0,0.0,0.0,Дръжка за врата,,DATABASE_EVIDENCE
Altest,KKPLK8212,ENDOW,к-т капачки черни унив. панта,4,10,0.0,0.0,93641840024.0,,,,90,,0.0,0.0,0.0,Капачки,,DATABASE_EVIDENCE
Altest,KLS072,LS70,Сет за упл. каса към крило,4,18,0.0,0.0,81709554936.0,,,,90,,0.0,0.0,0.0,Външни елементи,,DATABASE_EVIDENCE
Altest,KLS075L,LS70,Сет за ляво крило LS,4,18,0.0,0.0,32094112636.0,,,,90,,0.0,0.0,0.0,Външни елементи,,DATABASE_EVIDENCE
Altest,KLS075R,LS70,Сет за дясно крило LS,4,18,0.0,0.0,24054382631.0,,,,90,,0.0,0.0,0.0,Външни елементи,,DATABASE_EVIDENCE
Altest,KLS076,LS70,Сет за срещащ профил LS,4,18,0.0,0.0,79769214357.0,,,,90,,0.0,0.0,0.0,Външни елементи,,DATABASE_EVIDENCE
Altest,KM1.1,KMG,T сглобка за 482.04,4,4,0.0,0.0,97705834610.0,СГЛОБКИ,,,90,,0.0,0.0,,Аксесоар,,DATABASE_EVIDENCE
Altest,KM1.4,KMG,кап лет.дел. 482.10,4,4,0.0,0.0,40715674024.0,,,,90,,0.0,0.0,,Аксесоар,,DATABASE_EVIDENCE
Altest,KM1411,ENDOW,Обикн.насрещник 13мм,4,8,0.0,0.0,41225854084.0,ENDOW,,,90,,0.0,0.0,0.0,Обков,,DATABASE_EVIDENCE
Altest,KM1421,KMG,Шнапер за KMG 70мм,4,18,0.0,0.0,72315654454.0,,,,90,,0.0,0.0,0.0,Външни елементи,,DATABASE_EVIDENCE
Altest,KM1431,KMG,Шнапер за KMG 60мм,4,18,0.0,0.0,18485784728.0,,,,90,,0.0,0.0,0.0,Външни елементи,,DATABASE_EVIDENCE
Altest,KM145,KMG,Наср.за врата ПВЦ KMG 70 - R,4,18,0.0,0.0,44385324328.0,,,,90,,0.0,0.0,0.0,Външни елементи,,DATABASE_EVIDENCE
Altest,KM146,KMG,Наср.за врата ПВЦ KMG 70 - L,4,18,0.0,0.0,75355534389.0,,,,90,,0.0,0.0,0.0,Външни елементи,,DATABASE_EVIDENCE
Altest,KM241,KMG,Сглобка за дел. KMG 3к,4,4,0.0,0.0,38466364721.0,СГЛОБКИ,,,90,,0.0,0.0,0.0,Аксесоар,,DATABASE_EVIDENCE
Altest,KM242,KMG,Сглобка за дел. KMG 4к,4,4,0.0,0.0,41446284477.0,СГЛОБКИ,,,90,,0.0,0.0,0.0,Аксесоар,,DATABASE_EVIDENCE
Altest,KM250,KMG,Сглобка дел. към крило KMG 6к,4,4,0.0,0.0,71516134066.0,СГЛОБКИ,,,90,,0.0,0.0,0.0,Аксесоар,,DATABASE_EVIDENCE
Altest,KM251,KMG,Сглобка дел. към каса KMG 6к,4,4,0.0,0.0,56536314822.0,СГЛОБКИ,,,90,,0.0,0.0,0.0,Аксесоар,,DATABASE_EVIDENCE
Altest,KM3441A,KMG,Кап. кафе лет.дел. 4к KMG,4,4,0.0,0.0,97699246583.0,,,,90,,0.0,0.0,0.0,Аксесоар,,DATABASE_EVIDENCE
Altest,KM3442A,KMG,Кап. черна лет.дел. 4к KMG,4,4,0.0,0.0,64719246081.0,,,,90,,0.0,0.0,0.0,Аксесоар,,DATABASE_EVIDENCE
Altest,KM344A,KMG,Кап. бяла лет.дел. 4к KMG,4,4,0.0,0.0,77737284252.0,,,,90,,0.0,0.0,0.0,Аксесоар,,DATABASE_EVIDENCE
Altest,KM350,KMG,Кап. бяла за ППД 200мм,4,14,0.0,0.0,41617274037.0,,,,90,,0.0,0.0,0.0,Капачки за подпрозоречна дъска,,DATABASE_EVIDENCE
Altest,KM351,KMG,Кап. кафе за ППД 200мм,4,14,0.0,0.0,5657364155.0,,,,90,,0.0,0.0,0.0,Капачки за подпрозоречна дъска,,DATABASE_EVIDENCE
Altest,KM352,KMG,Кап. черна за ППД 200мм,4,14,0.0,0.0,95667834764.0,,,,90,,0.0,0.0,0.0,Капачки за подпрозоречна дъска,,DATABASE_EVIDENCE
Altest,KM364,KMG,Кап. бяла за ППД 250мм,4,14,0.0,0.0,84717604310.0,,,,90,,0.0,0.0,0.0,Капачки за подпрозоречна дъска,,DATABASE_EVIDENCE
Altest,KM365,KMG,Кап. черна за ППД 250мм,4,14,0.0,0.0,57757234921.0,,,,90,,0.0,0.0,0.0,Капачки за подпрозоречна дъска,,DATABASE_EVIDENCE
Altest,KM366,KMG,Кап. кафе за ППД 250мм,4,14,0.0,0.0,81717634543.0,,,,90,,0.0,0.0,0.0,Капачки за подпрозоречна дъска,,DATABASE_EVIDENCE
Altest,KM510,KMG,Кап. бяла лет.дел. 6к KMG,4,4,0.0,0.0,72479244844.0,,,,90,,0.0,0.0,,Аксесоар,,DATABASE_EVIDENCE
Altest,KM511,KMG,Кап. кафе лет.дел. 6к KMG,4,4,0.0,0.0,66439344546.0,,,,90,,0.0,0.0,,Аксесоар,,DATABASE_EVIDENCE
Altest,KM5112,KMG,Кап. т.сива лет.дел. 6к KMG,4,4,0.0,0.0,44349354918.0,,,,90,,0.0,0.0,,Аксесоар,,DATABASE_EVIDENCE
Altest,KM520,KMG,Кап. бяла за AL праг за 6к KMG,4,4,0.0,0.0,3529434472.0,,,,90,,0.0,0.0,0.0,Аксесоар,,DATABASE_EVIDENCE
Altest,KM521,KMG,Кап. кафе за AL праг за 6к KMG,4,4,0.0,0.0,63509274724.0,,,,90,,0.0,0.0,0.0,Аксесоар,,DATABASE_EVIDENCE
Altest,KM522,KMG,Кап. черна за AL праг за 4к KMG,4,4,0.0,0.0,23549324376.0,AL,,,90,,0.0,0.0,0.0,Аксесоар,,DATABASE_EVIDENCE
Altest,KM530,KMG,Кап. бяла за AL праг за 4к KMG,4,4,0.0,0.0,57639744314.0,,,,90,,0.0,0.0,0.0,Аксесоар,,DATABASE_EVIDENCE
Altest,KM531,KMG,Кап. кафе за AL праг за 4к KMG,4,4,0.0,0.0,76679454767.0,,,,90,,0.0,0.0,0.0,Аксесоар,,DATABASE_EVIDENCE
Altest,KM532,KMG,Кап. кафе за AL праг за 6к KMG,4,4,0.0,0.0,84619014721.0,AL,,,90,,0.0,0.0,0.0,Аксесоар,,DATABASE_EVIDENCE
Altest,KP101Y9230TITAN,ALTEST,Др.Шилд за врата ТИТАН 30x92,4,27,0.0,0.0,22220617625.0,,,,90,,0.0,0.0,0.0,Дръжка за врата,,DATABASE_EVIDENCE
Altest,KT1035 Брава ENDOW za AL,ENDOW,Брава ENDOW за AL с насрещник,4,12,0.0,0.0,27082470433.0,ENDOW,,,90,,0.0,0.0,0.0,Брава,,DATABASE_EVIDENCE
Altest,LKSA2901,ENDOW,Сюрме долно,4,8,0.0,0.0,52420880924.0,ENDOW,,,90,,0.0,0.0,0.0,Обков,,DATABASE_EVIDENCE
Altest,LKSU3001,ENDOW,Сюрме горно,4,8,0.0,0.0,85671540959.0,ENDOW,,,90,,0.0,0.0,0.0,Обков,,DATABASE_EVIDENCE
Altest,LS0015,LS70,Кап. отводн. пр. 2релса LS,4,15,0.0,0.0,91435315088.0,,,,90,,0.0,0.0,0.0,Колона,,DATABASE_EVIDENCE
Altest,LS0016,LS70,Кап. отводн. пр. 3релса LS,4,15,0.0,0.0,89465355412.0,,,,90,,0.0,0.0,0.0,Колона,,DATABASE_EVIDENCE
Altest,LS0701,LS70,Иноксова релса LS,4,4,0.0,0.0,86035635367.0,AL,,,90,,0.0,0.0,0.0,Аксесоар,,DATABASE_EVIDENCE
Altest,LS0702,LS70,"Профил LS70 от пвц за каса 42мм, Черен RAL 9005",4,4,0.0,0.0,3055775745.0,AL,,,45,,0.0,0.0,0.0,Аксесоар,,DATABASE_EVIDENCE
Altest,LS070300,LS70,Ъглон. сглобка крило LS,4,4,0.0,0.0,87933510611.0,СГЛОБКИ,,,90,,0.0,0.0,0.0,Аксесоар,,DATABASE_EVIDENCE
Altest,LS0704,LS70,Ъглон. сгл. каса/крило LS 26.2mm,4,4,0.0,0.0,92055475545.0,,,,90,,0.0,0.0,0.0,Аксесоар,,DATABASE_EVIDENCE
Altest,LS0705,LS70,"Профил LS70 от пвц за капак 07.0009 към крило 46,6",4,4,0.0,0.0,7065865113.0,AL,,,90,,0.0,0.0,0.0,Аксесоар,,DATABASE_EVIDENCE
Altest,LS1718,LS70,Кап. за профил дръжка LS,4,4,0.0,0.0,75216875493.0,,,,45,,0.0,0.0,,Аксесоар,,DATABASE_EVIDENCE
Altest,M10PR - Панта Македоники бяла,ALTEST,Панта М10PR /ral 9016/,4,24,0.0,0.0,39085105878.0,AL,,,90,,0.0,0.0,0.0,Панта за прозорец,,DATABASE_EVIDENCE
Altest,M10PR1 - Панта Македоники черна,ALTEST,Панта М10PR /ral 9005/,4,24,0.0,0.0,74702028348.0,AL,,,90,,0.0,0.0,0.0,Панта за прозорец,,DATABASE_EVIDENCE
Altest,M10S,ALTEST,"Панта тройна M10S /ral9016/
",4,24,0.0,0.0,42498676566.0,AL,,,90,,0.0,0.0,0.0,Панта за прозорец,,DATABASE_EVIDENCE
Altest,M10S1,ALTEST,"Панта тройна M10S /ral9005/
",4,24,0.0,0.0,51726856238.0,AL,,,90,,0.0,0.0,0.0,Панта за прозорец,,DATABASE_EVIDENCE
Altest,M137,NOVO,Подложка VEKA ,4,18,0.0,0.0,75778266826.0,Akses.VEKA,,,90,,0.0,0.0,0.0,Външни елементи,,DATABASE_EVIDENCE
Altest,M949,ALTEST,Декор. клик-лок вкопан бял,4,18,0.0,0.0,72678876747.0,,,,90,,0.0,0.0,0.0,Външни елементи,,DATABASE_EVIDENCE
Altest,M9491,ALTEST,Декор. клик-лок вкопан черен,4,18,0.0,0.0,49370876053.0,,,,90,,0.0,0.0,1.0,Външни елементи,,DATABASE_EVIDENCE
Altest,MA077101,,"Дръжка за алуминий прозорец с квадрат 7мм SIRIUS, Бял RAL 9016
",4,4,0.0,0.0,66731781466.0,,,,90,,0.0,0.0,0.0,Аксесоар,,DATABASE_EVIDENCE
Altest,MA077102,,"Дръжка за алуминий прозорец с квадрат 7мм SIRIUS, Черен RAL 9005
",4,4,0.0,0.0,61751711160.0,,,,90,,0.0,0.0,0.0,Аксесоар,,DATABASE_EVIDENCE
Altest,MA34F31,MASTER,"Гръб за алуминий комбиниран обков MASTER ITALY
",4,4,0.0,0.0,45659248346.0,,,,90,,0.0,0.0,0.0,Аксесоар,,DATABASE_EVIDENCE
Altest,MA34F32,MASTER,"Допълнително заключване + н-к регулируем за AL със евроканал MASTER ITALY
",4,4,0.0,0.0,66689538696.0,,,,90,,0.0,0.0,0.0,Аксесоар,,DATABASE_EVIDENCE
Altest,MA6005-9005,MASTER,"Дръжка за алум.с евроканал ,ral 9005",4,4,0.0,0.0,61333479423.0,,,,90,,0.0,0.0,0.0,Аксесоар,,DATABASE_EVIDENCE
Altest,MA6005-9016,MASTER,"Дръжка за алум.с евроканал ,ral 9016",4,4,0.0,0.0,26483919614.0,,,,90,,0.0,0.0,0.0,Аксесоар,,DATABASE_EVIDENCE
Altest,MAP20001,ALTEST,Стопер за крило,4,4,0.0,0.0,19686996262.0,,,,90,,0.0,0.0,,Аксесоар,,DATABASE_EVIDENCE
Altest,MB077701R,ALTEST,"Дръжка с кв. дясна SIRIUS, Бял RAL 9016",4,18,0.0,0.0,32389851894.0,Дръжки,,,90,,0.0,0.0,0.0,Външни елементи,,DATABASE_EVIDENCE
Altest,MB077702R,ALTEST,"Дръжка с кв. дясна SIRIUS, Черен RAL 9005",4,26,0.0,0.0,81469211303.0,Дръжки,,,90,,0.0,0.0,0.0,Дръжка за прозорец,,DATABASE_EVIDENCE
Altest,MB077801L,ALTEST,"Дръжка с кв. лява SIRIUS, Бял RAL 9016",4,26,0.0,0.0,8449661874.0,Дръжки,,,90,,0.0,0.0,0.0,Дръжка за прозорец,,DATABASE_EVIDENCE
Altest,MB077802L,ALTEST,"Дръжка с кв. лява SIRIUS, Черен RAL 9",4,26,0.0,0.0,24559141637.0,Дръжки,,,90,,0.0,0.0,0.0,Дръжка за прозорец,,DATABASE_EVIDENCE
Altest,MBP1501,ALTEST,Метална ос до 150см,4,4,0.0,0.0,83341725971.0,,,,90,,0.0,0.0,,Аксесоар,,DATABASE_EVIDENCE
Altest,MBP2301,ALTEST,Метална ос до 230см,4,4,0.0,0.0,64229876522.0,,,,90,,0.0,0.0,,Аксесоар,,DATABASE_EVIDENCE
Altest,ME1,ALTEST,сюрме за WDS70,4,8,0.0,0.0,45698961175.0,AL,,,90,,0.0,0.0,,Обков,,DATABASE_EVIDENCE
Altest,ME105,MEDOS,Сет крепеж за двустранен монтаж,4,4,0.0,0.0,16307776151.0,,,,90,,0.0,0.0,0.0,Аксесоар,,DATABASE_EVIDENCE
Altest,ME1169005,MEDOS,Дръжка Врата WDS  - шилд тип лапа 36*92 черен,4,18,0.0,0.0,67129325152.0,MEDOS,,,90,,0.0,0.0,0.0,Външни елементи,,DATABASE_EVIDENCE
Altest,ME1169016,MEDOS,Дръжка Врата WDS  - шилд тип лапа 36*92 бяла,4,18,0.0,0.0,49249555214.0,MEDOS,,,90,,0.0,0.0,0.0,Външни елементи,,DATABASE_EVIDENCE
Altest,ME1200.45,MEDOS,ME120045-INOX,4,18,0.0,0.0,84981906534.0,MEDOS,,,90,,0.0,0.0,0.0,Външни елементи,,DATABASE_EVIDENCE
Altest,ME150INOX,MEDOS,Розетка за патрон INOX,4,18,0.0,0.0,24613969735.0,MEDOS,,,90,,0.0,0.0,0.0,Външни елементи,,DATABASE_EVIDENCE
Altest,ME1609005,MEDOS,Дръжка DUBLIN ЧЕРНА,4,26,0.0,0.0,23083450642.0,MEDOS,,,90,,0.0,0.0,0.0,Дръжка за прозорец,,DATABASE_EVIDENCE
Altest,ME1609016,MEDOS,Дръжка DUBLIN БЯЛА,4,26,0.0,0.0,74113250777.0,MEDOS,,,90,,0.0,0.0,0.0,Дръжка за прозорец,,DATABASE_EVIDENCE
Altest,ME3209016,ENDOW,Квадратна капачка за долна панта за каса /ral 9016,4,10,0.0,0.0,63915556454.0,ENDOW,,,90,,0.0,0.0,0.0,Капачки,,DATABASE_EVIDENCE
Altest,ME3219016,ENDOW,Капачка за долна панта крило универсална /ral 9016,4,10,0.0,0.0,86046726717.0,ENDOW,,,90,,0.0,0.0,,Капачки,,DATABASE_EVIDENCE
Altest,ME3229016,ENDOW,Капачка пластмасова за долна панта каса /ral 9016/,4,10,0.0,0.0,87107316856.0,ENDOW,,,90,,0.0,0.0,,Капачки,,DATABASE_EVIDENCE
Altest,ME40458019,MEDOS,Дръжка с ключ КАФЕ,4,26,0.0,0.0,86478060434.0,MEDOS,,,90,,0.0,0.0,0.0,Дръжка за прозорец,,DATABASE_EVIDENCE
Altest,ME40459016,MEDOS,Дръжка с ключ БЯЛА,4,26,0.0,0.0,31519821252.0,MEDOS,,,90,,0.0,0.0,0.0,Дръжка за прозорец,,DATABASE_EVIDENCE
Altest,ME450.45,ALTEST,Дръжка голяма INOX 450.45,4,18,0.0,0.0,78768029571.0,MEDOS,,,90,,0.0,0.0,0.0,Външни елементи,,DATABASE_EVIDENCE
Altest,ME4535GOLD,MEDOS,Дръжка за PVC PLUTОН GOLD,4,26,0.0,0.0,19132860011.0,MEDOS,,,90,,0.0,0.0,0.0,Дръжка за прозорец,,DATABASE_EVIDENCE
Altest,ME4535TITAN,MEDOS,Дръжка за PVC PLUTОН СИВА,4,26,0.0,0.0,24129863492.0,MEDOS,,,90,,0.0,0.0,0.0,Дръжка за прозорец,,DATABASE_EVIDENCE
Altest,ME503R,ENDOW,Долна панта каса и крило комплект + щифт,4,24,0.0,0.0,13861906162.0,ENDOW,,,90,,0.0,0.0,,Панта за прозорец,,DATABASE_EVIDENCE
Altest,ME600.45,MEDOS,Дръжка голяма INOX 600.45,4,18,0.0,0.0,90440964463.0,MEDOS,,,90,,0.0,0.0,0.0,Външни елементи,,DATABASE_EVIDENCE
Altest,ME85258019,MEDOS,Шилд PLUTON 25/85 КАФЕ,4,27,0.0,0.0,25150235421.0,MEDOS,,,90,,0.0,0.0,0.0,Дръжка за врата,,DATABASE_EVIDENCE
Altest,ME85259005,MEDOS,Шилд PLUTON 25/85 ЧЕРЕН,4,27,0.0,0.0,24191856284.0,MEDOS,,,90,,0.0,0.0,0.0,Дръжка за врата,,DATABASE_EVIDENCE
Altest,ME85259016,MEDOS,Шилд PLUTON 25/85 БЯЛ,4,27,0.0,0.0,50241776381.0,MEDOS,,,90,,0.0,0.0,0.0,Дръжка за врата,,DATABASE_EVIDENCE
Altest,ME8525TITAN,ALTEST,Шилд PLUTON 25/85 ТИТАН,4,27,0.0,0.0,18442543677.0,MEDOS,,,90,,0.0,0.0,0.0,Дръжка за врата,,DATABASE_EVIDENCE
Altest,ME902125,MEDOS,болт за панта за AL,4,4,0.0,0.0,64025384201.0,MEDOS,,,90,,0.0,0.0,0.0,Аксесоар,,DATABASE_EVIDENCE
Altest,ME9029005,MEDOS,панта за AL врата Jo,4,25,0.0,0.0,25473124817.0,MEDOS,,,90,,0.0,0.0,0.0,Панта за врата,,DATABASE_EVIDENCE
Altest,ME9029016,MEDOS,панта за AL врата Joker,4,25,0.0,0.0,18583434132.0,MEDOS,,,90,,0.0,0.0,0.0,Панта за врата,,DATABASE_EVIDENCE
Altest,ME902SILVER,MEDOS,панта за AL врата JOKER,4,25,0.0,0.0,42824847341.0,MEDOS,,,90,,0.0,0.0,0.0,Панта за врата,,DATABASE_EVIDENCE
Altest,ME9039005,MEDOS,Панта тройна WDS Черна,4,25,0.0,0.0,84594224877.0,MEDOS,,,90,,0.0,0.0,0.0,Панта за врата,,DATABASE_EVIDENCE
Altest,ME9039016,MEDOS,Панта тройна WDS Бяла,4,25,0.0,0.0,75634444787.0,MEDOS,,,90,,0.0,0.0,0.0,Панта за врата,,DATABASE_EVIDENCE
Altest,ME903INOX,MEDOS,Панта тройна WDS INOX,4,25,0.0,0.0,15284864833.0,MEDOS,,,90,,0.0,0.0,0.0,Панта за врата,,DATABASE_EVIDENCE
Altest,ME903SILVER,MEDOS,Панта тройна WDS СИВО,4,25,0.0,0.0,57955757978.0,MEDOS,,,90,,0.0,0.0,0.0,Панта за врата,,DATABASE_EVIDENCE
Altest,ME9059005,MEDOS,Подложка за панта JOKER-Черна,4,8,0.0,0.0,21756934655.0,MEDOS,,,90,,0.0,0.0,0.0,Обков,,DATABASE_EVIDENCE
Altest,ME9059016,MEDOS,Подложка за панта JOKER-Бяла,4,8,0.0,0.0,21816034248.0,MEDOS,,,90,,0.0,0.0,0.0,Обков,,DATABASE_EVIDENCE
Altest,ME905INOX,MEDOS,Подложка за панта JOKER-INOX,4,8,0.0,0.0,80406274896.0,MEDOS,,,90,,0.0,0.0,0.0,Обков,,DATABASE_EVIDENCE
Altest,ME905SILVER,MEDOS,Подложка за панта JOKER-Сива,4,8,0.0,0.0,63117567774.0,MEDOS,,,90,,0.0,0.0,0.0,Обков,,DATABASE_EVIDENCE
Altest,ME92368019,MEDOS,Шилд SATURN 36х92 КАФЯВ,4,27,0.0,0.0,14162502750.0,MEDOS,,,90,,0.0,0.0,0.0,Дръжка за врата,,DATABASE_EVIDENCE
Altest,ME92369005,MEDOS,Шилд SATURN 36х92 ЧЕРЕН,4,18,0.0,0.0,81193873485.0,MEDOS,,,90,,0.0,0.0,0.0,Външни елементи,,DATABASE_EVIDENCE
Altest,ME92369016,MEDOS,Шилд SATURN 36х92 БЯЛ,4,27,0.0,0.0,98293343430.0,MEDOS,,,90,,0.0,0.0,0.0,Дръжка за врата,,DATABASE_EVIDENCE
Altest,ME9236SILVER,MEDOS,Шилд SATURN 36х92 СИВ,4,27,0.0,0.0,26545979074.0,MEDOS,,,90,,0.0,0.0,0.0,Дръжка за врата,,DATABASE_EVIDENCE
Altest,MEP20001,ALTEST,Насрещник за каса черен,4,8,0.0,0.0,82076136476.0,,,,90,,0.0,0.0,0.0,Обков,,DATABASE_EVIDENCE
Altest,MKIT-9005,ALTEST,Кит за Алуминий дръжка прозорец,4,4,0.0,0.0,23744040625.0,,,,90,,0.0,0.0,0.0,Аксесоар,,DATABASE_EVIDENCE
Altest,MKS11,ENDOW,ножица 340-590,4,33,0.0,0.0,61431456668.0,ENDOW,,,90,,0.0,0.0,0.0,Ножица - обков,,DATABASE_EVIDENCE
Altest,MNS035131,ENDOW,К-т едноос. отваряне без к-ки,4,8,0.0,0.0,65001274661.0,ENDOW,,,90,,0.0,0.0,0.0,Обков,,DATABASE_EVIDENCE
Altest,MNT1402,ENDOW,горна панта крило 13,4,31,0.0,0.0,64894585668.0,ENDOW,,,90,,0.0,0.0,0.0,Панта за крило прозорец,,DATABASE_EVIDENCE
Altest,MNT4113,ENDOW,Горнa панта каса,4,8,0.0,0.0,85991368104.0,ENDOW,,,90,,0.0,0.0,0.0,Обков,,DATABASE_EVIDENCE
Altest,MNT4113_,ENDOW,Горнa панта каса,4,8,0.0,0.0,24051448249.0,ENDOW,,,90,,0.0,0.0,0.0,Обков,,DATABASE_EVIDENCE
Altest,MNT4114,ENDOW,Универсална панта крило,4,4,0.0,0.0,49941428818.0,,,,90,,0.0,0.0,0.0,Аксесоар,,DATABASE_EVIDENCE
Altest,MNT4115,ENDOW,ДПК+Щифт,4,24,0.0,0.0,81951688862.0,ENDOW,,,90,,0.0,0.0,0.0,Панта за прозорец,,DATABASE_EVIDENCE
Altest,MNT4115_,ENDOW,ДПК+Щифт,4,24,0.0,0.0,59221258835.0,ENDOW,,,90,,0.0,0.0,0.0,Панта за прозорец,,DATABASE_EVIDENCE
Altest,S229323,SIEGENIA,283615-Горна панта к,4,31,0.0,0.0,45165269671.0,SIEGENIA,,,90,,0.0,0.0,,Панта за крило прозорец,,DATABASE_EVIDENCE
Altest,S229743,SIEGENIA,283806-Горна панта к,4,24,0.0,0.0,23759419304.0,SIEGENIA,,,90,,0.0,0.0,,Панта за прозорец,,DATABASE_EVIDENCE
Altest,S229842,SIEGENIA,229842-Капачка за ви,4,10,0.0,0.0,31860219577.0,SIEGENIA,,,90,,0.0,0.0,,Капачки,,DATABASE_EVIDENCE
Altest,S229866,SIEGENIA,229866Капачка каф.за,4,10,0.0,0.0,38070489870.0,SIEGENIA,,,90,,0.0,0.0,,Капачки,,DATABASE_EVIDENCE
Altest,S260449,SIEGENIA,ПАНТА КАСА ПРИТИС,4,31,0.0,0.0,88940350877.0,SIEGENIA,,,90,,0.0,0.0,,Панта за крило прозорец,,DATABASE_EVIDENCE
Altest,S276242,SIEGENIA,"Удължение за гръб 600мм
",4,8,0.0,0.0,73409826867.0,SIEGENIA,,,90,,0.0,0.0,,Обков,,DATABASE_EVIDENCE
Altest,S276266,SIEGENIA,КРАЙНО УДЪЛЖЕНИЕ 500мм,4,8,0.0,0.0,14669646215.0,SIEGENIA,,,90,,0.0,0.0,,Обков,,DATABASE_EVIDENCE
Altest,S276433,SIEGENIA,КОМБ. СЮРМЕ ДОЛНО,4,8,0.0,0.0,87511336498.0,SIEGENIA,,,90,,0.0,0.0,,Обков,,DATABASE_EVIDENCE
Altest,S276501,SIEGENIA,КОМБ. СЮРМЕ ГОРНО,4,8,0.0,0.0,55312826701.0,SIEGENIA,,,90,,0.0,0.0,,Обков,,DATABASE_EVIDENCE
Altest,S278994,SIEGENIA,Накрайник едноос. 90,4,8,0.0,0.0,25896198628.0,SIEGENIA,,,90,,0.0,0.0,,Обков,,DATABASE_EVIDENCE
Altest,S279618,SIEGENIA,УДЪЛЖЕНИЕ ЗА VW /400-680/,4,8,0.0,0.0,72883569624.0,SIEGENIA,,,90,,0.0,0.0,,Обков,,DATABASE_EVIDENCE
Altest,S279632,SIEGENIA,УДЪЛЖЕНИЕ ЗА VW /600-1100/,4,8,0.0,0.0,63073589813.0,SIEGENIA,,,90,,0.0,0.0,,Обков,,DATABASE_EVIDENCE
Altest,S279649,SIEGENIA,УДЪЛЖЕНИЕ ЗА VW /1000-1460/,4,8,0.0,0.0,85133869658.0,SIEGENIA,,,90,,0.0,0.0,,Обков,,DATABASE_EVIDENCE
Altest,S279656,SIEGENIA,УДЪЛЖЕНИЕ ЗА VW /1460-1920/,4,8,0.0,0.0,27213339863.0,SIEGENIA,,,90,,0.0,0.0,,Обков,,DATABASE_EVIDENCE
Altest,S279663,SIEGENIA,УДЪЛЖЕНИЕ ЗА VW /1880-2360/,4,8,0.0,0.0,80303059228.0,SIEGENIA,,,90,,0.0,0.0,,Обков,,DATABASE_EVIDENCE
Altest,S280010,SIEGENIA,ЩИФТ ГОРНА ПАНТА КАСА,4,8,0.0,0.0,12448250438.0,SIEGENIA,,,90,,0.0,0.0,,Обков,,DATABASE_EVIDENCE
Altest,S280607,SIEGENIA,ПАНТА КАСА ДОЛНА D6 Siegenia,4,24,0.0,0.0,34984480863.0,SIEGENIA,,,90,,0.0,0.0,0.0,Панта за прозорец,,DATABASE_EVIDENCE
Altest,S280713,SIEGENIA,"Средна панта KF-12/20-9
",4,31,0.0,0.0,88185420735.0,SIEGENIA,,,90,,0.0,0.0,,Панта за крило прозорец,,DATABASE_EVIDENCE
Altest,S280737,SIEGENIA,ПАНТА КРИЛО СРЕДН,4,31,0.0,0.0,77375910233.0,SIEGENIA,,,90,,0.0,0.0,,Панта за крило прозорец,,DATABASE_EVIDENCE
Altest,S283431,SIEGENIA,НОЖИЦА Gr.30 /410-570/,4,33,0.0,0.0,44362223269.0,SIEGENIA,,,90,,0.0,0.0,,Ножица - обков,,DATABASE_EVIDENCE
Altest,S283455,SIEGENIA,НОЖИЦА Gr.35 /570-800/,4,33,0.0,0.0,22522553532.0,SIEGENIA,,,90,,0.0,0.0,,Ножица - обков,,DATABASE_EVIDENCE
Altest,S283479,SIEGENIA,НОЖИЦА Gr.50 /800-1030/,4,33,0.0,0.0,86722453531.0,SIEGENIA,,,90,,0.0,0.0,,Ножица - обков,,DATABASE_EVIDENCE
Altest,S283493,SIEGENIA,НОЖИЦА GR.55 /1030-1260/,4,33,0.0,0.0,72972523964.0,SIEGENIA,,,90,,0.0,0.0,,Ножица - обков,,DATABASE_EVIDENCE
Altest,S283516,SIEGENIA,Рамо едноос. 7DF TS,4,8,0.0,0.0,35213763641.0,SIEGENIA,,,90,,0.0,0.0,,Обков,,DATABASE_EVIDENCE
Altest,S283615,SIEGENIA,Горна панта крило  KF-12/20-9 DH,4,31,0.0,0.0,4324363078.0,SIEGENIA,,,90,,0.0,0.0,,Панта за крило прозорец,,DATABASE_EVIDENCE
Altest,S283653,SIEGENIA,ПАНТА КРИЛО ГОРНА KF-12/20-13 DH,4,31,0.0,0.0,46754423765.0,SIEGENIA,,,90,,0.0,0.0,,Панта за крило прозорец,,DATABASE_EVIDENCE
Altest,S286333,SIEGENIA,Насрещник за сюрме,4,8,0.0,0.0,40551666536.0,,,,90,,0.0,0.0,0.0,Обков,,DATABASE_EVIDENCE
Altest,S286388,SIEGENIA,НАСРЕЩНИК ЗА СЮРМ,4,8,0.0,0.0,95051796170.0,SIEGENIA,,,90,,0.0,0.0,0.0,Обков,,DATABASE_EVIDENCE
Altest,S286746,SIEGENIA,Комбиниран н-к за AL L/R - А0941 Siegenia,4,8,0.0,0.0,11035626610.0,SIEGENIA,,,90,,0.0,0.0,,Обков,,DATABASE_EVIDENCE
Altest,S288337,SIEGENIA,288337-Насрешник оби,4,8,0.0,0.0,9761418464.0,SIEGENIA,,,90,,0.0,0.0,,Обков,,DATABASE_EVIDENCE
Altest,S288498,SIEGENIA,Насрещ. среден пасив. м-на,4,8,0.0,0.0,11492458445.0,SIEGENIA,,,90,,0.0,0.0,,Обков,,DATABASE_EVIDENCE
Altest,S288641,SIEGENIA,НАСРЕЩНИК ОБИКН. - ЛЕТ.ДЕЛИТЕЛ,4,8,0.0,0.0,80154388670.0,SIEGENIA,,,90,,0.0,0.0,,Обков,,DATABASE_EVIDENCE
Altest,S288719,SIEGENIA,288337-Насрешник оби,4,8,0.0,0.0,98935618661.0,SIEGENIA,,,90,,0.0,0.0,,Обков,,DATABASE_EVIDENCE
Altest,S289006,SIEGENIA,"Насрещник горен за DSG
",4,8,0.0,0.0,11228419842.0,SIEGENIA,,,90,,0.0,0.0,,Обков,,DATABASE_EVIDENCE
Altest,S290408,SIEGENIA,283387-Фалцпанта кри,4,31,0.0,0.0,22853960836.0,SIEGENIA,,,45,,0.0,0.0,,Панта за крило прозорец,,DATABASE_EVIDENCE
Altest,S294161,SIEGENIA,Kaпачка за фалцпанта,4,10,0.0,0.0,48570344657.0,SIEGENIA,,,45,,0.0,0.0,,Капачки,,DATABASE_EVIDENCE
Altest,S294185,SIEGENIA,Скрита притискаща панта за крило,4,10,0.0,0.0,85780314346.0,SIEGENIA,,,45,,0.0,0.0,,Капачки,,DATABASE_EVIDENCE
Altest,S294321,SIEGENIA,капачка за фалцпанта,4,10,0.0,0.0,81372524525.0,SIEGENIA,,,45,,0.0,0.0,,Капачки,,DATABASE_EVIDENCE
Altest,S294345,SIEGENIA,Капачка за фалцпанта,4,10,0.0,0.0,67542164651.0,SIEGENIA,,,45,,0.0,0.0,,Капачки,,DATABASE_EVIDENCE
Altest,S299623,SIEGENIA,МАЛКО СЮРМЕ,4,8,0.0,0.0,54115499548.0,GU,,,90,,0.0,0.0,,Обков,,DATABASE_EVIDENCE
Altest,S300251,SIEGENIA,Ножица за PSK+ GR 87,4,33,0.0,0.0,52372270457.0,SIEGENIA,,,90,,0.0,0.0,,Ножица - обков,,DATABASE_EVIDENCE
Altest,S300268,SIEGENIA,Ножица за PSK+ GR 107,4,33,0.0,0.0,34422350025.0,SIEGENIA,,,45,,0.0,0.0,,Ножица - обков,,DATABASE_EVIDENCE
Altest,S300275,SIEGENIA,"Ножица за PSK+ GR130
",4,33,0.0,0.0,67572260197.0,SIEGENIA,,,90,,0.0,0.0,,Ножица - обков,,DATABASE_EVIDENCE
Altest,S300282,SIEGENIA,Ножица за PSK+ GR160,4,33,0.0,0.0,55682240712.0,SIEGENIA,,,90,,0.0,0.0,,Ножица - обков,,DATABASE_EVIDENCE
Altest,S305850,SIEGENIA,Покривен профил ножица VW 160+ GR 87 БЯЛ,4,8,0.0,0.0,77438295635.0,SIEGENIA,,,90,,0.0,0.0,,Обков,,DATABASE_EVIDENCE
Altest,MO 54,KMG,Панти,4,4,0.0,0.0,94170886376.0,0,,,90,,0.0,0.0,,Аксесоар,,DATABASE_EVIDENCE
Altest,MO 90.2,KMG,Подложка за съклопак,4,4,0.0,0.0,67918053318.0,,,,90,,0.0,0.0,,Аксесоар,,DATABASE_EVIDENCE
Altest,MP1,ALTEST,Държач за ламел за кепенци- черен RAL9005,4,4,0.0,0.0,22738711132.0,AL,,,90,,0.0,0.0,0.0,Аксесоар,,DATABASE_EVIDENCE
Altest,MS 03.20,KMG,Стопер,4,4,0.0,0.0,51741194436.0,0,,,90,,0.0,0.0,,Аксесоар,,DATABASE_EVIDENCE
Altest,MS 10,KMG,Стопер,4,4,0.0,0.0,67140346322.0,0,,,90,,0.0,0.0,,Аксесоар,,DATABASE_EVIDENCE
Altest,MS 23,KMG,Ролка комарник,4,4,0.0,0.0,57270086297.0,Акс.Комарници,,,90,,0.0,0.0,,Аксесоар,,DATABASE_EVIDENCE
Altest,MS 34,KMG,Сглобка комарник,4,4,0.0,0.0,44360826462.0,Акс.Комарници,,,90,,0.0,0.0,,Аксесоар,,DATABASE_EVIDENCE
Altest,MSD1,ALTEST,"Скрито сюрме БЯЛО
",4,8,0.0,0.0,67858766234.0,AL,,,90,,0.0,0.0,0.0,Обков,,DATABASE_EVIDENCE
Altest,MSD10001,ALTEST,Скрито сюрме ЧЕРНО,4,8,0.0,0.0,71114995781.0,AL,,,90,,0.0,0.0,0.0,Обков,,DATABASE_EVIDENCE
Altest,MSG,,,4,15,0.0,0.0,45098501871.0,,,,90,,0.0,0.0,0.0,Колона,,DATABASE_EVIDENCE
Altest,MSS100,ALTEST,"Сюрме SS 100 СЕ
",4,4,0.0,0.0,56051236278.0,AL,,,90,,0.0,0.0,,Аксесоар,,DATABASE_EVIDENCE
Altest,MTT100,ALTEST,Панта харм. капаци бяла,4,24,0.0,0.0,96212566423.0,,,,90,,0.0,0.0,0.0,Панта за прозорец,,DATABASE_EVIDENCE
Altest,MTT101,ALTEST,Панта харм. капаци черна,4,24,0.0,0.0,63242636718.0,,,,90,,0.0,0.0,,Панта за прозорец,,DATABASE_EVIDENCE
Altest,Сглобка 30x30,KMG,Ъглова сглобка,4,4,0.0,0.0,445588562.0,СГЛОБКИ,,,90,,0.0,0.0,0.0,Аксесоар,,DATABASE_EVIDENCE
Altest,СКЛАДОВЕ,,СКЛАДОВЕ,4,4,0.0,0.0,36239630707.0,,,,90,,0.0,0.0,0.0,Аксесоар,,DATABASE_EVIDENCE
Altest,Сложност врата 4/6К,,Сложност врата 4/6К,4,4,0.0,0.0,6369389239.0,,,,45,,0.0,0.0,0.0,Аксесоар,,DATABASE_EVIDENCE
Altest,Сложност врата ПВЦ,,Сложност врата ПВЦ,4,4,0.0,0.0,82112557682.0,,,,45,,0.0,0.0,0.0,Аксесоар,,DATABASE_EVIDENCE
Altest,Сложност AL капачки,,Сложност AL капачки,4,4,0.0,0.0,48774132588.0,,,,90,,0.0,0.0,0.0,Аксесоар,,DATABASE_EVIDENCE
Altest,Сложност AL коз,,Сложност AL коз,4,4,0.0,0.0,91788294333.0,,,,45,,0.0,0.0,0.0,Аксесоар,,DATABASE_EVIDENCE
Altest,Сложност AL/PVC первази,,Сложност AL/PVC первази,4,4,0.0,0.0,24494126087.0,,,,45,,0.0,0.0,0.0,Аксесоар,,DATABASE_EVIDENCE
Altest,Сложност Лет.Врата,,Сложност Лет.Врата,4,4,0.0,0.0,14263258072.0,,,,45,,0.0,0.0,0.0,Аксесоар,,DATABASE_EVIDENCE
Altest,Сложност крив делител,,Сложност наклонен делител,4,4,0.0,0.0,43119198856.0,,,,45,,0.0,0.0,0.0,Аксесоар,,DATABASE_EVIDENCE
Altest,Сложност криви AL,,Сложност непр. форми AL,4,4,0.0,0.0,90316399466.0,,,,45,,0.0,0.0,0.0,Аксесоар,,DATABASE_EVIDENCE
Altest,Сложност криви ПВЦ,,Сложност непр. форми ПВЦ,4,4,0.0,0.0,73976419343.0,,,,45,,0.0,0.0,0.0,Аксесоар,,DATABASE_EVIDENCE
Altest,Сложност колона 90,,Сложност колона 90,4,4,0.0,0.0,49738761318.0,,,,45,,0.0,0.0,0.0,Аксесоар,,DATABASE_EVIDENCE
Altest,Сложност огъвки,,Сложност огъвки,4,4,0.0,0.0,58741107715.0,,,,45,,0.0,0.0,0.0,Аксесоар,,DATABASE_EVIDENCE
Altest,Сложност св.профил,,Сложност св.профил,4,4,0.0,0.0,89811019150.0,,,,45,,0.0,0.0,0.0,Аксесоар,,DATABASE_EVIDENCE
Altest,Сложност термопанел,,Сложност термопанел,4,4,0.0,0.0,55689641744.0,,,,45,,0.0,0.0,0.0,Аксесоар,,DATABASE_EVIDENCE
Altest,Сложност тр.профил,,Сложност тр.профил,4,4,0.0,0.0,21365240245.0,,,,45,,0.0,0.0,0.0,Аксесоар,,DATABASE_EVIDENCE
Altest,Сложност тръба+адаптори,,Сложност тръба+адаптори,4,4,0.0,0.0,88171039211.0,,,,45,,0.0,0.0,0.0,Аксесоар,,DATABASE_EVIDENCE
Altest,Сложност хънтър,,Сложност хънтър,4,4,0.0,0.0,98660144183.0,,,,45,,0.0,0.0,0.0,Аксесоар,,DATABASE_EVIDENCE
Altest,Сложност ушерения,,Сложност ушерения,4,4,0.0,0.0,39033892281.0,,,,45,,0.0,0.0,0.0,Аксесоар,,DATABASE_EVIDENCE
Altest,Сложност уширения,,Сложност уширения,4,4,0.0,0.0,72373892766.0,,,,45,,0.0,0.0,0.0,Аксесоар,,DATABASE_EVIDENCE
Altest,NO-01,KMG,Упл. средно,4,4,0.0,0.0,57064027636.0,,,,90,,0.0,0.0,,Аксесоар,,DATABASE_EVIDENCE
Altest,Стъклопакет непр. форми -2,,Стъклопакет двоен непр.форма,4,4,0.0,0.0,62868317264.0,,,,90,,0.0,0.0,0.0,Аксесоар,,DATABASE_EVIDENCE
Altest,Стъклопакет непр. форми -3,,Стъклопакет троен непр.форма,4,4,0.0,0.0,16868167214.0,,,,90,,0.0,0.0,0.0,Аксесоар,,DATABASE_EVIDENCE
Altest,Стъклопакет по шаблон 2-ен,,Стъклопакет по шаблон 2-ен,4,4,0.0,0.0,6097214298.0,,,,90,,0.0,0.0,0.0,Аксесоар,,DATABASE_EVIDENCE
Altest,Стъклопакет по шаблон 3-ен,,Стъклопакет по шаблон 3-ен,4,4,0.0,0.0,31118444013.0,,,,90,,0.0,0.0,0.0,Аксесоар,,DATABASE_EVIDENCE
Altest,NVC100,NOVO,Патрон NOVO двойно отваряне 100мм 45X55,4,18,0.0,0.0,19826777537.0,,,,90,,0.0,0.0,0.0,Външни елементи,,DATABASE_EVIDENCE
Altest,NVC110,NOVO,Патрон NOVO двойно отваряне 110мм 45X65,4,18,0.0,0.0,62936587276.0,,,,90,,0.0,0.0,0.0,Външни елементи,,DATABASE_EVIDENCE
Altest,NVC90,NOVO,Патрон ПВЦ  40*50 ,4,18,0.0,0.0,39826447618.0,,,,90,,0.0,0.0,0.0,Външни елементи,,DATABASE_EVIDENCE
Altest,NVECVK701,NOVO,"Капачка за праг Veka Efect Line 70
",4,4,0.0,0.0,63449734967.0,Akses.VEKA,,,90,,0.0,0.0,0.0,Аксесоар,,DATABASE_EVIDENCE
Altest,NVGB1228200,,Подложка VEKA 70 ,4,18,0.0,0.0,35429803312.0,,,,90,,0.0,0.0,0.0,Външни елементи,,DATABASE_EVIDENCE
Altest,NVRCVK76AD,NOVO,Капачка за праг Veka 76AD,4,4,0.0,0.0,21862499554.0,Akses.VEKA,,,90,,0.0,0.0,0.0,Аксесоар,,DATABASE_EVIDENCE
Altest,ТП Антрацитно сиво 7016 -20мм,PAN,ТП Антрацитно сиво 7016 -20мм,4,50,0.0,0.0,11740149602.0,ТЕРМОПАНЕЛИ,,,90,,0.0,0.0,0.0,Стъклопакети  - Аксесоар,,DATABASE_EVIDENCE
Altest,ТП Антрацитно сиво 7016 -24мм,PAN,ТП Антрацитно сиво 7016 -24мм,4,38,0.0,0.0,22134269855.0,ТЕРМОПАНЕЛИ,,,90,,0.0,0.0,0.0,Стъклопакети -Аксесоар,,DATABASE_EVIDENCE
Altest,ТП Антрацитно сиво 7016 -32мм,PAN,ТП Антрацитно сиво 7016 -32мм,4,38,0.0,0.0,78052489703.0,ТЕРМОПАНЕЛИ,,,90,,0.0,0.0,0.0,Стъклопакети -Аксесоар,,DATABASE_EVIDENCE
Altest,ТП Антрацитно сиво 7016 -42мм,,ТП Антрацитно сиво 7016 -42мм,4,38,0.0,0.0,18122799573.0,,,,90,,0.0,0.0,0.0,Стъклопакети -Аксесоар,,DATABASE_EVIDENCE
Altest,ТП бял 20мм,PAN,ТП бял 20мм,4,38,0.0,0.0,77028476464.0,ТЕРМОПАНЕЛИ,,,90,,0.0,0.0,0.0,Стъклопакети -Аксесоар,,DATABASE_EVIDENCE
Altest,ТП бял 24мм,PAN,ТП бял 24мм,4,38,0.0,0.0,44422536982.0,ТЕРМОПАНЕЛИ,,,90,,0.0,0.0,0.0,Стъклопакети -Аксесоар,,DATABASE_EVIDENCE
Altest,ТП бял 32мм,PAN,ТП бял 32мм,4,38,0.0,0.0,86360716245.0,ТЕРМОПАНЕЛИ,,,90,,0.0,0.0,0.0,Стъклопакети -Аксесоар,,DATABASE_EVIDENCE
Altest,ТП бял 38мм,,ТП бял 38мм,4,18,0.0,0.0,84966666458.0,,,,90,,0.0,0.0,0.0,Външни елементи,,DATABASE_EVIDENCE
Altest,ТП зл.дъб 20мм,PAN,ТП зл.дъб 20мм,4,38,0.0,0.0,77011350329.0,ТЕРМОПАНЕЛИ,,,90,,0.0,0.0,0.0,Стъклопакети -Аксесоар,,DATABASE_EVIDENCE
Altest,ТП зл.дъб 24мм,PAN,ТП зл.дъб 24мм,4,18,0.0,0.0,68481820673.0,ТЕРМОПАНЕЛИ,,,90,,0.0,0.0,0.0,Външни елементи,,DATABASE_EVIDENCE
Altest,ТП зл.дъб 32мм,PAN,ТП зл.дъб 32мм,4,18,0.0,0.0,86332560823.0,ТЕРМОПАНЕЛИ,,,90,,0.0,0.0,0.0,Външни елементи,,DATABASE_EVIDENCE
Altest,ТП ПВЦ Махагон 32мм,PAN,ТП ПВЦ Махагон 32мм,4,50,0.0,0.0,86477022586.0,ТЕРМОПАНЕЛИ,,,90,,0.0,0.0,0.0,Стъклопакети  - Аксесоар,,DATABASE_EVIDENCE
Altest,ТП орех 20мм,PAN,ТП орех 20мм,4,38,0.0,0.0,49798862585.0,ТЕРМОПАНЕЛИ,,,90,,0.0,0.0,0.0,Стъклопакети -Аксесоар,,DATABASE_EVIDENCE
Altest,ТП орех 24мм,PAN,ТП орех 24мм,4,38,0.0,0.0,22108222243.0,ТЕРМОПАНЕЛИ,,,90,,0.0,0.0,0.0,Стъклопакети -Аксесоар,,DATABASE_EVIDENCE
Altest,ТП орех 32мм,PAN,ТП орех 32мм,4,38,0.0,0.0,36029142174.0,ТЕРМОПАНЕЛИ,,,90,,0.0,0.0,0.0,Стъклопакети -Аксесоар,,DATABASE_EVIDENCE
Altest,ТП тъмен дъб 20мм,PAN,ТП тъмен дъб 20мм,4,38,0.0,0.0,51404820121.0,ТЕРМОПАНЕЛИ,,,90,,0.0,0.0,0.0,Стъклопакети -Аксесоар,,DATABASE_EVIDENCE
Altest,ТП тъмен дъб 24мм,PAN,ТП тъмен дъб 24мм,4,38,0.0,0.0,30838290485.0,,,,90,,0.0,0.0,0.0,Стъклопакети -Аксесоар,,DATABASE_EVIDENCE
Altest,ТП тъмен дъб 32мм,PAN,ТП тъмен дъб 32мм,4,38,0.0,0.0,72716630818.0,ТЕРМОПАНЕЛИ,,,90,,0.0,0.0,0.0,Стъклопакети -Аксесоар,,DATABASE_EVIDENCE
Altest,ТП тъмен дъб 42мм,,ТП тъмен дъб 42мм,4,38,0.0,0.0,55886440022.0,,,,90,,0.0,0.0,0.0,Стъклопакети -Аксесоар,,DATABASE_EVIDENCE
Altest,"ТП+AL 7016структура 42мм 2,5*1,25",,"ТП+AL 7016структура 42мм 2,5*1,25",4,50,0.0,0.0,27826474448.0,,,,90,,0.0,0.0,0.0,Стъклопакети  - Аксесоар,,DATABASE_EVIDENCE
Altest,ТП+AL 9016 -бял 24мм,PAN,Панел комб.от ПВЦ+АЛ  24мм - 9016,4,50,0.0,0.0,57388232325.0,ТЕРМОПАНЕЛИ,,,90,,0.0,0.0,0.0,Стъклопакети  - Аксесоар,,DATABASE_EVIDENCE
Altest,ТП+AL Антрацит -тъмно сив 24мм,PAN,Панел комб.от ПВЦ+АЛ за външно фолиран 24мм - 7016,4,50,0.0,0.0,48905237874.0,ТЕРМОПАНЕЛИ,,,90,,0.0,0.0,0.0,Стъклопакети  - Аксесоар,,DATABASE_EVIDENCE
Altest,ТП+AL Антрацит -тъмно сив 32мм,PAN,Панел комб.от ПВЦ+АЛ за външно фолиран 32мм - 7016,4,50,0.0,0.0,18826347153.0,ТЕРМОПАНЕЛИ,,,90,,0.0,0.0,0.0,Стъклопакети  - Аксесоар,,DATABASE_EVIDENCE
Altest,ТП+AL Златен дъб 24мм,PAN,Панел комб.от ПВЦ+АЛ за външ. фолиран 24мм - GOLD,4,50,0.0,0.0,32488572683.0,ТЕРМОПАНЕЛИ,,,90,,0.0,0.0,0.0,Стъклопакети  - Аксесоар,,DATABASE_EVIDENCE
Altest,ТП+AL Златен дъб 32мм,PAN,Панел комб.от ПВЦ+АЛ за външ. фолиран 32мм - GOLD,4,50,0.0,0.0,80326872410.0,ТЕРМОПАНЕЛИ,,,90,,0.0,0.0,0.0,Стъклопакети  - Аксесоар,,DATABASE_EVIDENCE
Altest,ТП+AL Орех 24мм,PAN,Панел комб.от ПВЦ+АЛ за външ. фолиран 24мм - Орех,4,50,0.0,0.0,87329825574.0,ТЕРМОПАНЕЛИ,,,90,,0.0,0.0,0.0,Стъклопакети  - Аксесоар,,DATABASE_EVIDENCE
Altest,ТП+AL Орех 32мм,PAN,Панел комб.от ПВЦ+АЛ за външ. фолиран 32мм - Орех,4,50,0.0,0.0,26257145512.0,ТЕРМОПАНЕЛИ,,,90,,0.0,0.0,0.0,Стъклопакети  - Аксесоар,,DATABASE_EVIDENCE
Altest,ТП+AL Тъмен Дъб 22мм,,Панел комб.от ПВЦ+АЛ за външ. фолиран 22мм - Тъм.Д,4,50,0.0,0.0,34674201361.0,ТЕРМОПАНЕЛИ,,,90,,0.0,0.0,0.0,Стъклопакети  - Аксесоар,,DATABASE_EVIDENCE
Altest,ТП+AL Тъмен Дъб 24мм,PAN,Панел комб.от ПВЦ+АЛ за външ. фолиран 24мм - Тъм.Д,4,50,0.0,0.0,45814401076.0,ТЕРМОПАНЕЛИ,,,90,,0.0,0.0,0.0,Стъклопакети  - Аксесоар,,DATABASE_EVIDENCE
Altest,ТП+AL Тъмен Дъб 32мм,PAN,Панел комб.от ПВЦ+АЛ за външ. фолиран 32мм - Тъм.Д,4,50,0.0,0.0,36755771215.0,ТЕРМОПАНЕЛИ,,,90,,0.0,0.0,0.0,Стъклопакети  - Аксесоар,,DATABASE_EVIDENCE
Altest,P3.4,KMG,патрон,4,4,0.0,0.0,35771639684.0,,,,90,,0.0,0.0,0.0,Аксесоар,,DATABASE_EVIDENCE
Altest,PA405101-R,REZE,Н-к централен за пвц врата 60mm-десен,4,18,0.0,0.0,51954645586.0,,,,90,,0.0,0.0,0.0,Външни елементи,,DATABASE_EVIDENCE
Altest,PA405102-L,REZE,Н-к централен за пвц врата 60mm-ляв,4,18,0.0,0.0,70014715438.0,,,,90,,0.0,0.0,0.0,Външни елементи,,DATABASE_EVIDENCE
Altest,PA405105,ENDOW,Н-к централен за едноезикова брава мартина,4,18,0.0,0.0,25546717103.0,ENDOW,,,90,,0.0,0.0,2.0,Външни елементи,,DATABASE_EVIDENCE
Altest,PA405901,,пвц наср.лет.делител REZE,4,18,0.0,0.0,84346087624.0,,,,90,,0.0,0.0,0.0,Външни елементи,,DATABASE_EVIDENCE
Altest,PA405902 Наср.за Ал.Врата,REZE,Наср.Ал.Врата - регулируем.,4,18,0.0,0.0,50186719676.0,,,,90,,0.0,0.0,0.0,Външни елементи,,DATABASE_EVIDENCE
Altest,PA510304S Брава за Алум.REZE,REZE,Брава за Ал.Врата - рег.наср.,4,18,0.0,0.0,23080801891.0,,,,90,,0.0,0.0,0.0,Външни елементи,,DATABASE_EVIDENCE
Altest,PA8525 Брава за ПВЦ REZE,REZE,Брава за ПВЦ с език REZE  85/25,4,18,0.0,0.0,9374006552.0,,,,90,,0.0,0.0,0.0,Външни елементи,,DATABASE_EVIDENCE
Altest,PAP07,ALTEST,Падащ праг 70см,4,4,0.0,0.0,39331229818.0,,,,90,,0.0,0.0,,Аксесоар,,DATABASE_EVIDENCE
Altest,PAP08,ALTEST,Падащ праг 80см,4,4,0.0,0.0,58331679935.0,,,,90,,0.0,0.0,,Аксесоар,,DATABASE_EVIDENCE
Altest,PAP09,ALTEST,Падащ праг 90см,4,4,0.0,0.0,23311949671.0,,,,90,,0.0,0.0,,Аксесоар,,DATABASE_EVIDENCE
Altest,PAP10,ALTEST,Падащ праг 100см,4,4,0.0,0.0,17401549607.0,,,,90,,0.0,0.0,,Аксесоар,,DATABASE_EVIDENCE
Altest,PAP12,ALTEST,Падащ праг 120см,4,4,0.0,0.0,9481319583.0,,,,90,,0.0,0.0,,Аксесоар,,DATABASE_EVIDENCE
Altest,PAR-02,KMG,Упл.каса крило KMG,4,4,0.0,0.0,96053339688.0,,,,90,,0.0,0.0,,Аксесоар,,DATABASE_EVIDENCE
Altest,PB7-3P-650,KMG,Четка за комарник,4,4,0.0,0.0,26942859183.0,Акс.Комарници,,,90,,0.0,0.0,0.0,Аксесоар,,DATABASE_EVIDENCE
Altest,PLK 7113,ENDOW,к-т капачки черни,4,0,0.0,0.0,78691321954.0,,,,90,,0.0,0.0,0.0,UNKNOWN,,DATABASE_EVIDENCE
Altest,PLK7101,ENDOW,к-т капачки бели,4,10,0.0,0.0,42395344141.0,ENDOW,,,90,,0.0,0.0,0.0,Капачки,,DATABASE_EVIDENCE
Altest,PLK7104,ENDOW,к-т капачки кафе,4,10,0.0,0.0,30335774152.0,ENDOW,,,90,,0.0,0.0,0.0,Капачки,,DATABASE_EVIDENCE
Altest,PLK7108,ENDOW,К-т капачки Bronze,4,10,0.0,0.0,51365794452.0,ENDOW,,,90,,0.0,0.0,0.0,Капачки,,DATABASE_EVIDENCE
Altest,PLK7109,ENDOW,К-т капачки сиви,4,10,0.0,0.0,68325424528.0,ENDOW,,,90,,0.0,0.0,0.0,Капачки,,DATABASE_EVIDENCE
Altest,PLK7112,ENDOW,к-т капачки черни 9005,4,10,0.0,0.0,76415324629.0,,,,90,,0.0,0.0,0.0,Капачки,,DATABASE_EVIDENCE
Altest,PMAJ003000205,SIEGENIA,К-кт капачки за PSK100 БЕЛИ,4,10,0.0,0.0,6523192459.0,SIEGENIA,,,90,,0.0,0.0,,Капачки,,DATABASE_EVIDENCE
Altest,PMAJ003001205,SIEGENIA,К-кт капачки за PSK100 КАФЕ,4,10,0.0,0.0,65623573083.0,SIEGENIA,,,90,,0.0,0.0,,Капачки,,DATABASE_EVIDENCE
Altest,PMAJ00302505,SIEGENIA,К-кт капачки за PSK100 СИВИ,4,10,0.0,0.0,96245854816.0,SIEGENIA,,,90,,0.0,0.0,,Капачки,,DATABASE_EVIDENCE
Altest,PMKJ003110001,SIEGENIA,К-кт колички VW ДЕСНИ,4,8,0.0,0.0,67502332513.0,SIEGENIA,,,90,,0.0,0.0,,Обков,,DATABASE_EVIDENCE
Altest,PMKJ003210001,SIEGENIA,К-кт колички VW ЛЕВИ,4,8,0.0,0.0,35692272287.0,SIEGENIA,,,90,,0.0,0.0,0.0,Обков,,DATABASE_EVIDENCE
Altest,PMPF712050201,SIEGENIA,Покривен профил ножица VW 160+ GR 160/346 БЯЛ,4,8,0.0,0.0,86889487192.0,SIEGENIA,,,90,,0.0,0.0,,Обков,,DATABASE_EVIDENCE
Altest,PMPF7120512012,SIEGENIA,Покривен профил ножица VW 160+ GR 160/346 КАФЕ,4,8,0.0,0.0,21839688062.0,SIEGENIA,,,90,,0.0,0.0,,Обков,,DATABASE_EVIDENCE
Altest,PMPJ010050201,SIEGENIA,"Профил за PSK+ GR 87/200 
БЯЛ",4,8,0.0,0.0,45330269056.0,SIEGENIA,,,90,,0.0,0.0,,Обков,,DATABASE_EVIDENCE
Altest,PMPJ0100512011,SIEGENIA,Профил за PSK+ Gr 87/200 кафе,4,8,0.0,0.0,73310220471.0,SIEGENIA,,,90,,0.0,0.0,,Обков,,DATABASE_EVIDENCE
Altest,PMPJ011050201,SIEGENIA,Профил за PSK+ GR 107/240 БЯЛ,4,8,0.0,0.0,73421310814.0,SIEGENIA,,,90,,0.0,0.0,,Обков,,DATABASE_EVIDENCE
Altest,PMPJ0110512011,SIEGENIA,"Профил за PSK+ GR 107/240 кафе
",4,8,0.0,0.0,77441921469.0,SIEGENIA,,,90,,0.0,0.0,,Обков,,DATABASE_EVIDENCE
Altest,PMPJ012050201,SIEGENIA,Профил за PSK+ GR 130/286 БЯЛ,4,8,0.0,0.0,57572211446.0,SIEGENIA,,,90,,0.0,0.0,,Обков,,DATABASE_EVIDENCE
Altest,PMPJ0120512011,SIEGENIA,Профил за PSK+ GR 130/286 КАФЕ,4,8,0.0,0.0,78532202535.0,SIEGENIA,,,90,,0.0,0.0,,Обков,,DATABASE_EVIDENCE
Altest,PMPJ0120525012,SIEGENIA,Профил за PSK+ GR 130/286 СИВ,4,8,0.0,0.0,62915243635.0,SIEGENIA,,,90,,0.0,0.0,,Обков,,DATABASE_EVIDENCE
Altest,PMPJ013050201,SIEGENIA,Профил за PSK+ GR160/346 БЯЛ,4,8,0.0,0.0,5643652366.0,SIEGENIA,,,90,,0.0,0.0,,Обков,,DATABASE_EVIDENCE
Altest,PMPJ0130512011,SIEGENIA,Профил за PSK+ GR160/346 КАФЕ,4,8,0.0,0.0,31683343916.0,SIEGENIA,,,90,,0.0,0.0,,Обков,,DATABASE_EVIDENCE
Altest,PS1500,PS50,Каса PS голяма,1,1,57.8,0.0,67340139785.0,PONI-MINI,AL,,90,,57.8,120.7,0.0,Каса,Frame,DATABASE_EVIDENCE
Altest,PS1501,PS50,Ниска каса PS,1,1,7.6,0.0,82380279789.0,PONI-MINI,AL,,90,,7.6,120.7,0.0,Каса,Frame,DATABASE_EVIDENCE
Altest,PS1502,PS50,Висока каса PS,4,1,0.0,0.0,41310779947.0,PONI-MINI,,,90,,0.0,0.0,0.0,Каса,Frame,DATABASE_EVIDENCE
Altest,PS1503,PS50,Крило д.хор. н.каса 8мм,2,2,95.7,0.0,14330589054.0,PONI-MINI,AL,,90,,95.7,17.7,0.0,Крило,Wing,DATABASE_EVIDENCE
Altest,PS1504,PS50,Крило д.хор. в.каса 8мм,2,2,93.7,0.0,81380079337.0,PONI-MINI,AL,,90,,93.7,17.7,0.0,Крило,Wing,DATABASE_EVIDENCE
Altest,PS1505,PS50,Крило верт. 10мм,2,2,15.9,0.0,80340389583.0,PONI-MINI,AL,,90,,15.9,17.7,0.0,Крило,Wing,DATABASE_EVIDENCE
Altest,PS1506,PS50,Доб. верт. вис.каса PS,4,4,0.0,0.0,34300469647.0,PONI-MINI,,,90,,0.0,0.0,0.0,Аксесоар,,DATABASE_EVIDENCE
Altest,PS1507,PS50,Доб. висока каса PS,1,1,20.0,0.0,44380819713.0,PONI-MINI,AL,,90,,20.0,120.7,0.0,Каса,Frame,DATABASE_EVIDENCE
Altest,PS1508,PS50,Крило г.хор. 8мм,2,2,21.8,0.0,84330959616.0,PONI-MINI,AL,,90,,21.8,17.7,0.0,Крило,Wing,DATABASE_EVIDENCE
Altest,PS1509,PS50,Крило верт. 8мм,2,2,15.9,0.0,25340689241.0,PONI-MINI,AL,,90,,15.9,17.7,0.0,Крило,Wing,DATABASE_EVIDENCE
Altest,PS1510,PS50,Крило д.хор. н.каса 10мм,2,2,95.7,0.0,12470619661.0,PONI-MINI,AL,,90,,95.7,17.7,0.0,Крило,Wing,DATABASE_EVIDENCE
Altest,PS1511,PS50,Крило д.хор. в.каса 10мм,2,2,93.7,0.0,71410409578.0,PONI-MINI,AL,,90,,93.7,17.7,0.0,Крило,Wing,DATABASE_EVIDENCE
Altest,PS1512,PS50,Крило г.хор. 10мм,2,2,21.8,0.0,85460939917.0,PONI-MINI,AL,,90,,21.8,17.7,0.0,Крило,Wing,DATABASE_EVIDENCE
Altest,PS2002,PS50,Двойна ролка ниска каса,4,4,0.0,0.0,13931159988.0,,,,90,,0.0,0.0,,Аксесоар,,DATABASE_EVIDENCE
Altest,PS2003,PS50,Двойна ролка вис.каса,4,4,0.0,0.0,32921429335.0,,,,90,,0.0,0.0,0.0,Аксесоар,,DATABASE_EVIDENCE
Altest,PS2004,PS50,Горна ролка двойна PS,4,4,0.0,0.0,38961159677.0,,,,90,,0.0,0.0,0.0,Аксесоар,,DATABASE_EVIDENCE
Altest,PS2010 INOX,PS50,Дръжка INOX за PS 8mm-10mm,4,18,0.0,0.0,53020019566.0,Дръжки,,,90,,0.0,0.0,0.0,Външни елементи,,DATABASE_EVIDENCE
Altest,PS2011,PS50,Кап. L дол.хор. н.каса,4,4,0.0,0.0,84091779212.0,,,,90,,0.0,0.0,0.0,Аксесоар,,DATABASE_EVIDENCE
Altest,PS2012,PS50,Кап. R дол.хор. н.каса,4,4,0.0,0.0,23071869754.0,,,,90,,0.0,0.0,0.0,Аксесоар,,DATABASE_EVIDENCE
Altest,PS2013,PS50,Водач крило PS,4,4,0.0,0.0,68021079333.0,,,,45,,0.0,0.0,,Аксесоар,,DATABASE_EVIDENCE
Altest,PS2014,PS50,Лепило за PS,4,4,0.0,0.0,15091289587.0,Крепежи ,,,90,,0.0,0.0,,Аксесоар,,DATABASE_EVIDENCE
Altest,PS2015,PS50,Кап. дол. хор. вис. каса,4,4,0.0,0.0,24081759244.0,,,,90,,0.0,0.0,0.0,Аксесоар,,DATABASE_EVIDENCE
Altest,PS2017,PS50,Буфер за PS,4,4,0.0,0.0,31021859454.0,,,,45,,0.0,0.0,,Аксесоар,,DATABASE_EVIDENCE
Altest,PS2018,PS50,Закопч. мет. ниска каса,4,4,0.0,0.0,6051239852.0,,,,90,,0.0,0.0,,Аксесоар,,DATABASE_EVIDENCE
Altest,PS2019,PS50,Закопч. мет. висока каса,4,4,0.0,0.0,18031539486.0,,,,45,,0.0,0.0,,Аксесоар,,DATABASE_EVIDENCE
Altest,PSKJ005010002,SIEGENIA,"Ножица за PSK портал 100
",4,33,0.0,0.0,42284974103.0,SIEGENIA,,,90,,0.0,0.0,,Ножица - обков,,DATABASE_EVIDENCE
Altest,PVC дист. черен,,PVC дистанционер черен,4,22,0.0,0.0,94120574649.0,,,,90,,0.0,0.0,0.0,Дистанционер,,DATABASE_EVIDENCE
Altest,PVC дист. бял/сив/,,PVC дистанционер бял/сив/,4,22,0.0,0.0,1714639659.0,,,,90,,0.0,0.0,0.0,Дистанционер,,DATABASE_EVIDENCE
Altest,QL102-1040-MA,FS470,"Адаптор за четка (5,5м)
",4,4,0.0,0.0,73817155489.0,,,,90,,0.0,0.0,0.0,Аксесоар,,DATABASE_EVIDENCE
Altest,RAL Стандарт,,RAL Стандарт,4,4,0.0,0.0,75940427303.0,AL,,,90,,0.0,0.0,,Аксесоар,,DATABASE_EVIDENCE
Altest,RAL Структура,,RAL Структура,4,4,0.0,0.0,52835815435.0,,,,90,,0.0,0.0,,Аксесоар,,DATABASE_EVIDENCE
Altest,S21,KMG,Пяна зимна,4,18,0.0,0.0,80354551750.0,Крепежи ,,,45,,0.0,0.0,0.0,Външни елементи,,DATABASE_EVIDENCE
Altest,S226100,SIEGENIA,275894-Шифт долна па,4,8,0.0,0.0,63483746711.0,SIEGENIA,,,90,,0.0,0.0,,Обков,,DATABASE_EVIDENCE
Altest,S226124,SIEGENIA,Капачка долна панта,4,10,0.0,0.0,72633396258.0,SIEGENIA,,,90,,0.0,0.0,,Капачки,,DATABASE_EVIDENCE
Altest,S226131,SIEGENIA,Капачка каф.за долна,4,10,0.0,0.0,51743946358.0,SIEGENIA,,,90,,0.0,0.0,,Капачки,,DATABASE_EVIDENCE
Altest,S226148,SIEGENIA,Капачка долна панта,4,10,0.0,0.0,21873606550.0,SIEGENIA,,,90,,0.0,0.0,,Капачки,,DATABASE_EVIDENCE
Altest,S226155,SIEGENIA,226155Капачка каф.до,4,10,0.0,0.0,19923786746.0,SIEGENIA,,,90,,0.0,0.0,,Капачки,,DATABASE_EVIDENCE
Altest,S226735,SIEGENIA,Капачка горна панта,4,10,0.0,0.0,89329576866.0,SIEGENIA,,,90,,0.0,0.0,,Капачки,,DATABASE_EVIDENCE
Altest,S228081,SIEGENIA,228081-Капачка кафе,4,10,0.0,0.0,38382788503.0,SIEGENIA,,,90,,0.0,0.0,,Капачки,,DATABASE_EVIDENCE
Altest,S228562,SIEGENIA,280607-Долна панта к,4,24,0.0,0.0,22627258494.0,SIEGENIA,,,90,,0.0,0.0,,Панта за прозорец,,DATABASE_EVIDENCE
Altest,S228661,SIEGENIA,280713-Средна панта,4,24,0.0,0.0,48708968631.0,SIEGENIA,,,90,,0.0,0.0,,Панта за прозорец,,DATABASE_EVIDENCE
Altest,S305874,SIEGENIA,Покривен профил ножица VW 160+ GR 87 КАФЕ,4,8,0.0,0.0,12698185105.0,SEGENIA,,,90,,0.0,0.0,,Обков,,DATABASE_EVIDENCE
Altest,S305898,SIEGENIA,Покривен профил ножица VW 160+ GR 107/240 БЯЛ,4,8,0.0,0.0,98888055447.0,SIEGENIA,,,90,,0.0,0.0,0.0,Обков,,DATABASE_EVIDENCE
Altest,S305911,SIEGENIA,Покривен профил ножица VW 160+ GR 107/240 КАФЕ,4,8,0.0,0.0,38169725852.0,SIEGENIA,,,90,,0.0,0.0,,Обков,,DATABASE_EVIDENCE
Altest,S305928,SIEGENIA,Покривен профил ножица VW 160+ GR 107/240  СИВ,4,8,0.0,0.0,5219725598.0,SIEGENIA,,,45,,0.0,0.0,,Обков,,DATABASE_EVIDENCE
Altest,S305935,SIEGENIA,Покривен профил ножица VW 160+ GR 130 БЯЛ,4,8,0.0,0.0,26389015476.0,SIEGENIA,,,90,,0.0,0.0,,Обков,,DATABASE_EVIDENCE
Altest,S305959,SIEGENIA,Покривен профил ножица VW 160+ GR 130 КАФЕ,4,8,0.0,0.0,96559205245.0,SIEGENIA,,,90,,0.0,0.0,,Обков,,DATABASE_EVIDENCE
Altest,s31,KMG,чистител за пяна,4,18,0.0,0.0,77626841632.0,,,,45,,0.0,0.0,0.0,Външни елементи,,DATABASE_EVIDENCE
Altest,S313343,SIEGENIA,Обикновен н-к за AL,4,8,0.0,0.0,72774113297.0,SIEGENIA,,,90,,0.0,0.0,,Обков,,DATABASE_EVIDENCE
Altest,S3177978,SIEGENIA,Брава с Ролка за WDS70 35x92,4,12,0.0,0.0,95598637155.0,,,,90,,0.0,0.0,0.0,Брава,,DATABASE_EVIDENCE
Altest,S3219978,SIEGENIA,Насрещник за пвц централен  за двукрила врата R,4,18,0.0,0.0,82241271375.0,SIEGENIA,,,90,,0.0,0.0,0.0,Външни елементи,,DATABASE_EVIDENCE
Altest,S3219979,SIEGENIA,Насрещник за пвц централен  за двукрила врата L,4,18,0.0,0.0,47221741084.0,SIEGENIA,,,90,,0.0,0.0,0.0,Външни елементи,,DATABASE_EVIDENCE
Altest,S3378542,SIEGENIA,Насрещник центр. за м-на с куки R,4,18,0.0,0.0,61141577736.0,SIEGENIA,,,90,,0.0,0.0,0.0,Външни елементи,,DATABASE_EVIDENCE
Altest,S3378543,SIEGENIA,Насрещник центр. за м-на с куки L,4,18,0.0,0.0,75181147477.0,SIEGENIA,,,90,,0.0,0.0,0.0,Външни елементи,,DATABASE_EVIDENCE
Altest,S3466328,SIEGENIA,Добавка към централен наср.,4,18,0.0,0.0,92510776055.0,SIEGENIA,,,90,,0.0,0.0,0.0,Външни елементи,,DATABASE_EVIDENCE
Altest,S3469528,SIEGENIA,"Брава с език WDS70 безфалц,врата U24x6 WDS 92/35",4,12,0.0,0.0,89043536121.0,,,,90,,0.0,0.0,0.0,Брава,,DATABASE_EVIDENCE
Altest,S3472453,SIEGENIA,Брава м-на KFV 35x92 закл.от дръжка,4,30,0.0,0.0,87686307632.0,SIEGENIA,,,90,,0.0,0.0,0.0,Мартина,,DATABASE_EVIDENCE
Altest,S3473265,SIEGENIA,Бр. м-на 35х92 през патрон KFV,4,30,0.0,0.0,94637337638.0,SIEGENIA,,,90,,0.0,0.0,0.0,Мартина,,DATABASE_EVIDENCE
Altest,S34737420,SIEGENIA,Брава мартина KFV 28/92,4,30,0.0,0.0,75939187697.0,SIEGENIA,,,90,,0.0,0.0,,Мартина,,DATABASE_EVIDENCE
Altest,S3473961,SIEGENIA,Н-к за сюрме/КАСА за WDS - горен /долен,4,8,0.0,0.0,48347197369.0,SIEGENIA,,,90,,0.0,0.0,0.0,Обков,,DATABASE_EVIDENCE
Altest,S3477459,SIEGENIA,Брава м-на с куки за WDS,4,30,0.0,0.0,10161297197.0,SIEGENIA,,,90,,0.0,0.0,,Мартина,,DATABASE_EVIDENCE
Altest,S3485896,SIEGENIA,Пасивна м-на ЛЯВА за WDS /куки/,4,30,0.0,0.0,11879588154.0,SIEGENIA,,,90,,0.0,0.0,,Мартина,,DATABASE_EVIDENCE
Altest,S3485897,SIEGENIA,Пасивна м-на ДЯСНА за WDS /куки/,4,30,0.0,0.0,67879118329.0,SIEGENIA,,,90,,0.0,0.0,,Мартина,,DATABASE_EVIDENCE
Altest,S3486095,SIEGENIA,Горен край за пасивна мартина  за WDS с /куки/,4,8,0.0,0.0,64180528824.0,SIEGENIA,,,90,,0.0,0.0,,Обков,,DATABASE_EVIDENCE
Altest,S3486272,SIEGENIA,Средно удължение U за пас.м-нa WDS,4,8,0.0,0.0,57130338251.0,SIEGENIA,,,90,,0.0,0.0,,Обков,,DATABASE_EVIDENCE
Altest,S3487466,SIEGENIA,Насрещник за куки L,4,18,0.0,0.0,32311518067.0,SIEGENIA,,,90,,0.0,0.0,0.0,Външни елементи,,DATABASE_EVIDENCE
Altest,S3487467,SIEGENIA,Насрещник за куки R,4,18,0.0,0.0,8301818535.0,SIEGENIA,,,90,,0.0,0.0,0.0,Външни елементи,,DATABASE_EVIDENCE
Altest,S9,ALTEST,Лепило за сглобки,4,4,0.0,0.0,73341891122.0,Крепежи ,,,90,,0.0,0.0,0.0,Аксесоар,,DATABASE_EVIDENCE
Altest,SA1901,ENDOW,Долен накр. пас. март,4,8,0.0,0.0,66273812416.0,ENDOW,,,90,,0.0,0.0,0.0,Обков,,DATABASE_EVIDENCE
Altest,SIN8002,ALTEST,Джоб статичен комарник черен,4,37,0.0,0.0,36680468756.0,Акс.Комарници,,,90,,0.0,0.0,,Комарник  - Аксесоар,,DATABASE_EVIDENCE
Altest,SPRP7,ALTEST,ПАТРОН 70мм АЛ.ВР.,4,18,0.0,0.0,25566512451.0,,,,90,,0.0,0.0,0.0,Външни елементи,,DATABASE_EVIDENCE
Altest,ST0204,STAC,Двойна ролка метална усилена STAC,4,4,0.0,0.0,24372222166.0,Аксесоари,,,90,,0.0,0.0,0.0,Аксесоар,,DATABASE_EVIDENCE
Altest,STE0371313,ENDOW,К-т двуос. отваряне без к-ки,4,8,0.0,0.0,85943629178.0,ENDOW,,,90,,0.0,0.0,0.0,Обков,,DATABASE_EVIDENCE
Altest,STPH-10*1,FS470,винт 10*1,4,4,0.0,0.0,41367374555.0,Крепежи ,,,90,,0.0,0.0,0.0,Аксесоар,,DATABASE_EVIDENCE
Altest,STR-119-MA,FS470,"Адаптор за четка (5,5м)
",4,4,0.0,0.0,76152974302.0,,,,90,,0.0,0.0,0.0,Аксесоар,,DATABASE_EVIDENCE
Altest,SU2001,ENDOW,Горен н-к пасив. март.,4,8,0.0,0.0,44454472473.0,ENDOW,,,90,,0.0,0.0,0.0,Обков,,DATABASE_EVIDENCE
Altest,SudaBond Duo,ALTEST,Двукомп.лепило - ъглонабивна 152652,4,4,0.0,0.0,52112749374.0,,,,90,,0.0,0.0,0.0,Аксесоар,,DATABASE_EVIDENCE
Altest,T-10191-20-0-1,GU,ZHмарт.бр.GU об.сюрм,4,30,0.0,0.0,93237218688.0,GU,,,90,,0.0,0.0,,Мартина,,DATABASE_EVIDENCE
Altest,T-19221-00-0-1,GU,наср.за ZHмарт.вх.вр,4,8,0.0,0.0,7326317483.0,GU,,,90,,0.0,0.0,,Обков,,DATABASE_EVIDENCE
Altest,TAK4201,ENDOW,Комб. накрайник 90гр.,4,8,0.0,0.0,82430665277.0,ENDOW,,,90,,0.0,0.0,0.0,Обков,,DATABASE_EVIDENCE
Altest,TBEB61801000,SIEGENIA,Панта крило универсална,4,31,0.0,0.0,24733285437.0,SIEGENIA,,,90,,0.0,0.0,,Панта за крило прозорец,,DATABASE_EVIDENCE
Altest,TBEB618010006,SIEGENIA,Панта крило долна универсална,4,31,0.0,0.0,32531163353.0,SIEGENIA,,,90,,0.0,0.0,,Панта за крило прозорец,,DATABASE_EVIDENCE
Altest,TBEL6220100070,SIEGENIA,S TF Панта каса долна с щифт KF D6 х 3/5,4,8,0.0,0.0,49535407248.0,SIEGENIA,,,90,,0.0,0.0,0.0,Обков,,DATABASE_EVIDENCE
Altest,TBEL6220100070_,SIEGENIA,S TF Панта каса долна с щифт KF D6 х 3/5,4,8,0.0,0.0,84390967665.0,SIEGENIA,,,90,,0.0,0.0,0.0,Обков,,DATABASE_EVIDENCE
Altest,TBFE1011100053,SIEGENIA,Фалц панта 12-20-9 R,4,31,0.0,0.0,18090129853.0,SIEGENIA,,,90,,0.0,0.0,,Панта за крило прозорец,,DATABASE_EVIDENCE
Altest,TBFE1012100053,SIEGENIA,Фалц панта 12-20-9 L,4,31,0.0,0.0,5140039973.0,SIEGENIA,,,90,,0.0,0.0,,Панта за крило прозорец,,DATABASE_EVIDENCE
Altest,TBFE1021-100054,SIEGENIA,S 15 Панта крило долна KF-12/20-13 R B6,4,8,0.0,0.0,27655641756.0,Group,,,90,,0.0,0.0,0.0,Обков,,DATABASE_EVIDENCE
Altest,TBFE1021100053,SIEGENIA,Фалц панта 12-20-13 R,4,31,0.0,0.0,88191360271.0,SIEGENIA,,,90,,0.0,0.0,,Панта за крило прозорец,,DATABASE_EVIDENCE
Altest,TBFE1022-100054,SIEGENIA,S 15 Панта крило долна KF-12/20-13 L B6,4,8,0.0,0.0,75745551657.0,Group,,,90,,0.0,0.0,0.0,Обков,,DATABASE_EVIDENCE
Altest,TBFE1022100053,SIEGENIA,Фалц панта 12-20-13 L,4,31,0.0,0.0,40221000774.0,SIEGENIA,,,90,,0.0,0.0,,Панта за крило прозорец,,DATABASE_EVIDENCE
Altest,TBKF6550100050,SIEGENIA,S TF Панта средна KF-12/20-13,4,8,0.0,0.0,1944614460.0,SIEGENIA,,,90,,0.0,0.0,0.0,Обков,,DATABASE_EVIDENCE
Altest,TBLB0010100060,SIEGENIA,ЩИФТ ПАНТА  ДОЛНА,4,8,0.0,0.0,25205776111.0,SIEGENIA,,,90,,0.0,0.0,,Обков,,DATABASE_EVIDENCE
Altest,TBSB6200100080,SIEGENIA,S TF Щифт за горна панта Ф6 K500,4,8,0.0,0.0,50857365346.0,SIEGENIA,,,90,,0.0,0.0,0.0,Обков,,DATABASE_EVIDENCE
Altest,TBSL6220100060,SIEGENIA,Siegenia Панта каса горна KF D6 x 5 DH,4,24,0.0,0.0,84849167052.0,SIEGENIA,,,90,,0.0,0.0,0.0,Панта за прозорец,,DATABASE_EVIDENCE
Altest,TBSL6220100060_,SIEGENIA,Siegenia Панта каса горна KF D6 x 5 DH,4,24,0.0,0.0,17683727575.0,SIEGENIA,,,90,,0.0,0.0,0.0,Панта за прозорец,,DATABASE_EVIDENCE
Altest,TBWB6350100060,SIEGENIA,S TF Панта крило горна KF-12/20-13 DH,4,8,0.0,0.0,49676360580.0,SIEGENIA,,,90,,0.0,0.0,0.0,Обков,,DATABASE_EVIDENCE
Altest,TEKB1130100040,SIEGENIA,Накрайник комбинирано отваряне долен Sieg TITAN,4,8,0.0,0.0,72687658944.0,SIEGENIA,,,90,,0.0,0.0,0.0,Обков,,DATABASE_EVIDENCE
Altest,TESC2030-100040,SIEGENIA,S TF Шлисер VSO 11 мм,4,8,0.0,0.0,85060410041.0,Group,,,90,,0.0,0.0,0.0,Обков,,DATABASE_EVIDENCE
Altest,TEUL2610100040,SIEGENIA,Гръб BS Gr.1 1P /800-1200/,4,8,0.0,0.0,94036836406.0,SIEGENIA,,,90,,0.0,0.0,0.0,Обков,,DATABASE_EVIDENCE
Altest,TEUL2620100040,SIEGENIA,S TF Гръб BS Gr.2 1P /1201-1400/,4,8,0.0,0.0,70187937833.0,SIEGENIA,,,90,,0.0,0.0,0.0,Обков,,DATABASE_EVIDENCE
Altest,TEUL2630100040,SIEGENIA,S TF Гръб BS Gr.3 2P /1401-1800/,4,8,0.0,0.0,8218518976.0,SIEGENIA,,,90,,0.0,0.0,0.0,Обков,,DATABASE_EVIDENCE
Altest,TEUL2640100030,SIEGENIA,S TF Гръб BS Gr.4 2P /1801-3000/,4,8,0.0,0.0,72259739047.0,SIEGENIA,,,90,,0.0,0.0,0.0,Обков,,DATABASE_EVIDENCE
Altest,TEUL2660-100040,SIEGENIA,S TF Гръб BS Gr.2 1P /1201-1400/,4,8,0.0,0.0,89055062161.0,Sig Titan,,,90,,0.0,0.0,0.0,Обков,,DATABASE_EVIDENCE
Altest,TEUL4410100050,SIEGENIA,S TF Горен ъгъл голям,4,8,0.0,0.0,75108876456.0,SIEGENIA,,,90,,0.0,0.0,0.0,Обков,,DATABASE_EVIDENCE
Altest,TEUL4420100050,SIEGENIA,S TF Горен ъгъл малък 1P,4,8,0.0,0.0,56299927558.0,SIEGENIA,,,90,,0.0,0.0,0.0,Обков,,DATABASE_EVIDENCE
Altest,TEUL4510-100050,SIEGENIA,S TF Горен ъгъл 1P за пасивна мартина,4,8,0.0,0.0,92772417376.0,Group,,,90,,0.0,0.0,0.0,Обков,,DATABASE_EVIDENCE
Altest,TEUL5100-100050,SIEGENIA,S TF Ъгъл долен малък VSU/K 56 1S+1P,4,8,0.0,0.0,41312206172.0,Group,,,90,,0.0,0.0,0.0,Обков,,DATABASE_EVIDENCE
Altest,TEUL5500-100050,SIEGENIA,S TF Ъгъл долен VSU/K 56 1S+1P,4,8,0.0,0.0,72782976464.0,Group,,,90,,0.0,0.0,0.0,Обков,,DATABASE_EVIDENCE
Altest,TEUL5510100050,SIEGENIA,Долен ъгъл Siegenia TITAN 1000,4,8,0.0,0.0,85399076185.0,,,,90,,0.0,0.0,0.0,Обков,,DATABASE_EVIDENCE
Altest,TFFH0080-023061,SIEGENIA,S TF Повдигаща пластина 13 мм,4,8,0.0,0.0,83212359362.0,Group,,,90,,0.0,0.0,0.0,Обков,,DATABASE_EVIDENCE
Altest,TFMV0020-100061,SIEGENIA,S TF Панта притискаща крило,4,8,0.0,0.0,86371628656.0,Group,,,90,,0.0,0.0,0.0,Обков,,DATABASE_EVIDENCE
Altest,TFMV0020100061,SIEGENIA,"Панта крило скрита Siegenia
 - S275979",4,31,0.0,0.0,27897337173.0,SIEGENIA,,,90,,0.0,0.0,0.0,Панта за крило прозорец,,DATABASE_EVIDENCE
Altest,TGKK4000-100040,SIEGENIA,S TF Механизъм двуосов константен Gr.30/G180 /310-,4,8,0.0,0.0,32181665783.0,Group,,,90,,0.0,0.0,0.0,Обков,,DATABASE_EVIDENCE
Altest,TGKS4410-100040,SIEGENIA,S TF Механизъм DSG Gr. 30 VSU/K+ /310-600/,4,8,0.0,0.0,92402444122.0,Group,,,90,,0.0,0.0,0.0,Обков,,DATABASE_EVIDENCE
Altest,TGKS4420100040,SIEGENIA,S AF Механизъм DSG Gr. 60 VSU/K+ /601-800/,4,8,0.0,0.0,63019124118.0,SIEGENIA,,,90,,0.0,0.0,0.0,Обков,,DATABASE_EVIDENCE
Altest,TGMD4210100040,SIEGENIA,S TF Механизъм едноосов DF Gr. 20 - 1P /320 - 430/,4,8,0.0,0.0,52410938727.0,Group,,,90,,0.0,0.0,0.0,Обков,,DATABASE_EVIDENCE
Altest,TGMD4220100040,SIEGENIA,S TF Механизъм едноосов DF Gr. 40 - 2P /431 - 600/,4,8,0.0,0.0,44531079886.0,Group,,,90,,0.0,0.0,0.0,Обков,,DATABASE_EVIDENCE
Altest,TGMD4230100040,SIEGENIA,S TF Механизъм едноосов DF Gr. 60 - 2P /601 - 800/,4,8,0.0,0.0,57632760949.0,Group,,,90,,0.0,0.0,0.0,Обков,,DATABASE_EVIDENCE
Altest,TGMD4240100040,SIEGENIA,S TF Механизъм едноосов DF Gr. 80 - 2P /801 - 1000,4,8,0.0,0.0,21773701574.0,Group,,,90,,0.0,0.0,0.0,Обков,,DATABASE_EVIDENCE
Altest,TGMD4250100040,SIEGENIA,S TF Механизъм едноосов DF Gr.100 - 3P /1001 - 120,4,8,0.0,0.0,1884852792.0,Group,,,90,,0.0,0.0,0.0,Обков,,DATABASE_EVIDENCE
Altest,TGMD4260100040,SIEGENIA,S TF Механизъм едноосов DF Gr.120 - 3P /1201 - 140,4,8,0.0,0.0,30985013680.0,Group,,,90,,0.0,0.0,0.0,Обков,,DATABASE_EVIDENCE
Altest,TGMD4270100040,SIEGENIA,S TF Механизъм едноосов DF Gr.140 - 3P /1401 - 160,4,8,0.0,0.0,17056524371.0,Group,,,90,,0.0,0.0,0.0,Обков,,DATABASE_EVIDENCE
Altest,TGMD4280100020,SIEGENIA,S TF Механизъм едноосов DF Gr.160 - 4P /1600 - 180,4,8,0.0,0.0,5947645347.0,Group,,,90,,0.0,0.0,0.0,Обков,,DATABASE_EVIDENCE
Altest,TGMD4290100020,SIEGENIA,S TF Механизъм едноосов DF Gr.180 - 4P /1800 - 200,4,8,0.0,0.0,23008206333.0,Group,,,90,,0.0,0.0,0.0,Обков,,DATABASE_EVIDENCE
Altest,TGMD4300100020,SIEGENIA,S TF Механизъм едноосов DF Gr.200 - 4P /2000 - 220,4,8,0.0,0.0,77249757501.0,Group,,,90,,0.0,0.0,0.0,Обков,,DATABASE_EVIDENCE
Altest,TGMD4310100020,SIEGENIA,S TF Механизъм едноосов DF Gr.220 - 4P /2200 - 240,4,8,0.0,0.0,9340688421.0,Group,,,90,,0.0,0.0,0.0,Обков,,DATABASE_EVIDENCE
Altest,TGMK4010100040,SIEGENIA,S AF Механизъм двуосов Gr.20 /260-600/,4,8,0.0,0.0,34980735746.0,SIEGENIA,,,90,,0.0,0.0,0.0,Обков,,DATABASE_EVIDENCE
Altest,TGMK4020100041,SIEGENIA,S AF Механизъм двуосов Gr.60 /601-1000/,4,8,0.0,0.0,46011866636.0,SIEGENIA,,,90,,0.0,0.0,0.0,Обков,,DATABASE_EVIDENCE
Altest,TGMK4050-100040,SIEGENIA,S TF Механизъм двуосов  Gr.120 1P FFH /1201-1600/,4,8,0.0,0.0,84838380653.0,Group,,,90,,0.0,0.0,0.0,Обков,,DATABASE_EVIDENCE
Altest,TGMK4540100040,SIEGENIA,S TF Механизъм двуосов  Gr. 80 1P FFH /801-1200/,4,30,0.0,0.0,61753168485.0,SIEGENIA,,,90,,0.0,0.0,0.0,Мартина,,DATABASE_EVIDENCE
Altest,TGMK4550100040,SIEGENIA,S TF Механизъм двуосов  Gr.120 1P FFH /1201-1400/,4,8,0.0,0.0,67854269283.0,SIEGENIA,,,90,,0.0,0.0,0.0,Обков,,DATABASE_EVIDENCE
Altest,TGMK4570100020,SIEGENIA,S TF Механизъм двуосов  Gr.160 2P FFH /1601-2000/,4,8,0.0,0.0,18876831226.0,SIEGENIA,,,90,,0.0,0.0,0.0,Обков,,DATABASE_EVIDENCE
Altest,TGMK4590100020,SIEGENIA,S TF Механизъм двуосов  Gr.200 3P FFH /2001-3000/,4,8,0.0,0.0,27048523462.0,SIEGENIA,,,90,,0.0,0.0,0.0,Обков,,DATABASE_EVIDENCE
Altest,TGMS4050-100041,SIEGENIA,S TF Механизъм DSG Gr.120 1SB /1201-1600/,4,8,0.0,0.0,41668948798.0,Group,,,90,,0.0,0.0,0.0,Обков,,DATABASE_EVIDENCE
Altest,TGMS4230100040,SIEGENIA,Мартина пасивна /701-1100/ 1SB Siegenia TITAN 1000,4,8,0.0,0.0,31122835885.0,SIEGENIA,,,90,,0.0,0.0,0.0,Обков,,DATABASE_EVIDENCE
Altest,TGMS4240100040,SIEGENIA,Мартина пасивна /801-1200/ 1SB Siegenia TITAN 1000,4,8,0.0,0.0,67263486217.0,SIEGENIA,,,90,,0.0,0.0,0.0,Обков,,DATABASE_EVIDENCE
Altest,TGMS4250100040,SIEGENIA,Мартина пасивна /1201-1600/ SB Siegenia TITAN 1000,4,8,0.0,0.0,15334627043.0,SIEGENIA,,,90,,0.0,0.0,0.0,Обков,,DATABASE_EVIDENCE
Altest,TGMS4270100020,SIEGENIA,Мартина пасивна /1601-2000/ 2SB Siegenia TITAN 100,4,8,0.0,0.0,75336319667.0,SIEGENIA,,,90,,0.0,0.0,0.0,Обков,,DATABASE_EVIDENCE
Altest,TGMS4290100020,SIEGENIA,Мартина пасивна /2000-2400/ 3SB Siegenia TITAN 100,4,8,0.0,0.0,73558821967.0,SIEGENIA,,,90,,0.0,0.0,0.0,Обков,,DATABASE_EVIDENCE
Altest,TKA3602S,S38,Мартина 800 - 1000,4,30,0.0,0.0,41754334717.0,,,,90,,0.0,0.0,0.0,Мартина,,DATABASE_EVIDENCE
Altest,TKA3605S,S38,Мартина 1000 - 1200,4,30,0.0,0.0,96074604703.0,,,,90,,0.0,0.0,0.0,Мартина,,DATABASE_EVIDENCE
Altest,TKA3607S,S38,Мартина 1400 - 1600,4,30,0.0,0.0,14234254416.0,,,,90,,0.0,0.0,0.0,Мартина,,DATABASE_EVIDENCE
Altest,TKA3608S,S38,Мартина 1600 - 1800,4,30,0.0,0.0,42324334835.0,,,,90,,0.0,0.0,0.0,Мартина,,DATABASE_EVIDENCE
Altest,TKA3609S,S38,Мартина 1800 - 2000,4,30,0.0,0.0,86494754449.0,,,,90,,0.0,0.0,0.0,Мартина,,DATABASE_EVIDENCE
Altest,TKA361,ENDOW,мар.об.отв.2000-2200,4,30,0.0,0.0,37920443854.0,ENDOW,,,90,,0.0,0.0,0.0,Мартина,,DATABASE_EVIDENCE
Altest,TKA3610S,S38,Мартина 2000 - 2200,4,30,0.0,0.0,83614574241.0,,,,90,,0.0,0.0,0.0,Мартина,,DATABASE_EVIDENCE
Altest,TKA3610Sizr,S38,Мартина 2000 - 2200,4,30,0.0,0.0,74677152813.0,,,,90,,0.0,0.0,0.0,Мартина,,DATABASE_EVIDENCE
Altest,TKA3611,ENDOW,м.об.отв.300-400,4,30,0.0,0.0,42864744330.0,ENDOW,,,90,,0.0,0.0,0.0,Мартина,,DATABASE_EVIDENCE
Altest,TKA362,ENDOW,март.об отв.400-600,4,30,0.0,0.0,46950233734.0,ENDOW,,,90,,0.0,0.0,0.0,Мартина,,DATABASE_EVIDENCE
Altest,TKA363,ENDOW,март.об.отв.600-800,4,30,0.0,0.0,32950453476.0,ENDOW,,,90,,0.0,0.0,0.0,Мартина,,DATABASE_EVIDENCE
Altest,TKA364,ENDOW,март.об.отв.800-1000,4,30,0.0,0.0,10980363106.0,ENDOW,,,90,,0.0,0.0,0.0,Мартина,,DATABASE_EVIDENCE
Altest,TKA365,ENDOW,мар.об.отв.1000-1200,4,30,0.0,0.0,55920383774.0,ENDOW,,,90,,0.0,0.0,0.0,Мартина,,DATABASE_EVIDENCE
Altest,TKA366,ENDOW,мар.об.отв.1200-1400,4,30,0.0,0.0,72930863638.0,ENDOW,,,90,,0.0,0.0,0.0,Мартина,,DATABASE_EVIDENCE
Altest,TKA367,ENDOW,мар.об.отв.1400-1600,4,30,0.0,0.0,16920883347.0,ENDOW,,,90,,0.0,0.0,0.0,Мартина,,DATABASE_EVIDENCE
Altest,TKA368,ENDOW,мар.об.отв.1600-1800,4,30,0.0,0.0,75930963132.0,ENDOW,,,90,,0.0,0.0,0.0,Мартина,,DATABASE_EVIDENCE
Altest,TKA369,ENDOW,мар.об.отв.1800-2000,4,30,0.0,0.0,44940483916.0,ENDOW,,,90,,0.0,0.0,0.0,Мартина,,DATABASE_EVIDENCE
Altest,TKA369MAKO,,мар.об.отв.1800-2000,4,30,0.0,0.0,62311531771.0,,,,90,,0.0,0.0,0.0,Мартина,,DATABASE_EVIDENCE
Altest,TKEB002000206,SIEGENIA,Кап. универ. панта крило БЯЛА,4,10,0.0,0.0,36270857241.0,SIEGENIA,,,90,,0.0,0.0,,Капачки,,DATABASE_EVIDENCE
Altest,TKEB002001106,SIEGENIA,Кап. универ. панта крило КАФЕ,4,10,0.0,0.0,38279148823.0,SIEGENIA,,,90,,0.0,0.0,0.0,Капачки,,DATABASE_EVIDENCE
Altest,TKEB002002306,SIEGENIA,Кап. универ. панта крило ЧЕРНА,4,10,0.0,0.0,66571219333.0,SIEGENIA,,,90,,0.0,0.0,,Капачки,,DATABASE_EVIDENCE
Altest,TKEB0020L34061,SIEGENIA,Кап. универ. панта крило TITAN,4,10,0.0,0.0,63960220387.0,SIEGENIA,,,90,,0.0,0.0,0.0,Капачки,,DATABASE_EVIDENCE
Altest,TKEO6200002060,SIEGENIA,S TF Капачка ELO MB бяла 9003 K100,4,8,0.0,0.0,68584668380.0,Group,,,90,,0.0,0.0,0.0,Обков,,DATABASE_EVIDENCE
Altest,TKEO6200004060,SIEGENIA,Капачна долна панта лента O Siegenia TITAN 9016,4,8,0.0,0.0,16766788976.0,SIEGENIA,,,90,,0.0,0.0,0.0,Обков,,DATABASE_EVIDENCE
Altest,TKEO6200012060,SIEGENIA,Капачна долна панта лента Siegenia TITAN кафе,4,10,0.0,0.0,60694679069.0,SIEGENIA,,,90,,0.0,0.0,0.0,Капачки,,DATABASE_EVIDENCE
Altest,TKEO6200023060,SIEGENIA,Капачна долна панта лента Siegenia TITAN 9005,4,10,0.0,0.0,13865820864.0,SIEGENIA,,,90,,0.0,0.0,0.0,Капачки,,DATABASE_EVIDENCE
Altest,TKEO6200LH4060,SIEGENIA,Капачна долна панта лента Siegenia TITAN 1000-7016,4,10,0.0,0.0,31914002012.0,SIEGENIA,,,90,,0.0,0.0,0.0,Капачки,,DATABASE_EVIDENCE
Altest,TKEU6200002060,SIEGENIA,Капачна долна панта кубче U Siegenia TITAN 9016,4,10,0.0,0.0,48184094426.0,SIEGENIA,,,90,,0.0,0.0,0.0,Капачки,,DATABASE_EVIDENCE
Altest,TKEU6200004060,SIEGENIA,S TF Капачка ELU бяла 9016,4,8,0.0,0.0,73366754320.0,Group,,,90,,0.0,0.0,0.0,Обков,,DATABASE_EVIDENCE
Altest,TKEU6200012060,SIEGENIA,Капачна долна панта кубче U Siegenia TITAN кафе,4,10,0.0,0.0,31264635444.0,SIEGENIA,,,90,,0.0,0.0,0.0,Капачки,,DATABASE_EVIDENCE
Altest,TKEU6200023060,SIEGENIA,Капачна долна панта кубче U Siegenia TITAN 9005,4,10,0.0,0.0,81425156411.0,SIEGENIA,,,90,,0.0,0.0,0.0,Капачки,,DATABASE_EVIDENCE
Altest,TKEU6200LH4060,SIEGENIA,Капачна долна панта кубче U Siegenia TITAN 7016,4,10,0.0,0.0,92584858669.0,SIEGENIA,,,90,,0.0,0.0,0.0,Капачки,,DATABASE_EVIDENCE
Altest,TKR160-9016,Ролетен Комарник,Ролетен ком. 160см,4,36,0.0,0.0,32164547621.0,,,,90,,0.0,0.0,0.0,Комарник  - Профил,,DATABASE_EVIDENCE
Altest,TKR1607016M,Ролетен Комарник,Ролетен ком.160см - антрацит 7016,4,36,0.0,0.0,84845537435.0,,,,90,,0.0,0.0,0.0,Комарник  - Профил,,DATABASE_EVIDENCE
Altest,TKR160T,Ролетен Комарник,Ролетен ком.160см - тъмен дъб декорал,4,36,0.0,0.0,66281802912.0,,,,90,,0.0,0.0,0.0,Комарник  - Профил,,DATABASE_EVIDENCE
Altest,TKR160TZ,Ролетен Комарник,Ролетен ком.160см - Орех декорал,4,36,0.0,0.0,84651352920.0,,,,90,,0.0,0.0,0.0,Комарник  - Профил,,DATABASE_EVIDENCE
Altest,TKR160Z,Ролетен Комарник,Ролетен ком.160см - златен дъб декорал,4,36,0.0,0.0,86231132276.0,,,,90,,0.0,0.0,0.0,Комарник  - Профил,,DATABASE_EVIDENCE
Altest,TKR240-9016,Ролетен Комарник,Ролетен ком. 240см бял 9016,4,36,0.0,0.0,90052528142.0,,,,90,,0.0,0.0,0.0,Комарник  - Профил,,DATABASE_EVIDENCE
Altest,TKR2407016M,Ролетен комарник,Ролетен ком.240см - антрацит ral 7016,4,36,0.0,0.0,6763458832.0,,,,90,,0.0,0.0,0.0,Комарник  - Профил,,DATABASE_EVIDENCE
Altest,TKR240T,,Ролетен ком.240см - тъмен дъб декорал,4,36,0.0,0.0,53139373513.0,,,,90,,0.0,0.0,0.0,Комарник  - Профил,,DATABASE_EVIDENCE
Altest,TKR240TZ,,Ролетен ком.240см - Орех декорал,4,36,0.0,0.0,63559413314.0,,,,90,,0.0,0.0,0.0,Комарник  - Профил,,DATABASE_EVIDENCE
Altest,TKR240Z,,Ролетен ком.240см - Златен Дъб  декорал,4,36,0.0,0.0,26169783688.0,,,,90,,0.0,0.0,0.0,Комарник  - Профил,,DATABASE_EVIDENCE
Altest,TKRB1,ALTEST,Четка за водач за рол. ком.,4,37,0.0,0.0,47727783474.0,Акс.Комарници,,,90,,0.0,0.0,0.0,Комарник  - Аксесоар,,DATABASE_EVIDENCE
Altest,TKRS,ALTEST,Сет за ролетен ком.,4,37,0.0,0.0,66195133745.0,,,,90,,0.0,0.0,0.0,Комарник  - Аксесоар,,DATABASE_EVIDENCE
Altest,TKRV-9016,Ролетен Комарник,Водач за рол. комарник бял,4,37,0.0,0.0,21690579136.0,Акс.Комарници,,,90,,0.0,0.0,0.0,Комарник  - Аксесоар,,DATABASE_EVIDENCE
Altest,TKRV7016M,Ролетен Комарник,Водач за рол. ком.7016,4,37,0.0,0.0,82351129582.0,Акс.Комарници,,,90,,0.0,0.0,0.0,Комарник  - Аксесоар,,DATABASE_EVIDENCE
Altest,TKRVT,Ролетен Комарник,Водач за рол. ком.Тъмен Дъб Декорал,4,37,0.0,0.0,37737003875.0,Акс.Комарници,,,90,,0.0,0.0,0.0,Комарник  - Аксесоар,,DATABASE_EVIDENCE
Altest,TKRVTZ,Ролетен Комарник,Водач за рол. ком.Орех Декорал,4,37,0.0,0.0,33117583741.0,Акс.Комарници,,,90,,0.0,0.0,0.0,Комарник  - Аксесоар,,DATABASE_EVIDENCE
Altest,TKRVZ,Ролетен Комарник,Водач за рол. ком.Златен Дъб Декорал,4,37,0.0,0.0,6727513151.0,Акс.Комарници,,,90,,0.0,0.0,0.0,Комарник  - Аксесоар,,DATABASE_EVIDENCE
Altest,TKSL6200002060,SIEGENIA,S TF Капачка S бяла 9003 K100,4,8,0.0,0.0,43678615866.0,Group,,,90,,0.0,0.0,0.0,Обков,,DATABASE_EVIDENCE
Altest,TKSL6200004060,SIEGENIA,Капачка горна панта каса S Siegenia TITAN 9016,4,10,0.0,0.0,5850085531.0,SIEGENIA,,,90,,0.0,0.0,0.0,Капачки,,DATABASE_EVIDENCE
Altest,TKSL6200012060,SIEGENIA,Капачка горна панта каса S Siegenia TITAN кафе,4,10,0.0,0.0,18748756025.0,SIEGENIA,,,90,,0.0,0.0,0.0,Капачки,,DATABASE_EVIDENCE
Altest,TKSL6200023060,SIEGENIA,Капачка горна панта каса S Siegenia TITAN 9005,4,10,0.0,0.0,37979417391.0,SIEGENIA,,,90,,0.0,0.0,0.0,Капачки,,DATABASE_EVIDENCE
Altest,TKSL6200LH4060,SIEGENIA,Капачка горна панта каса S Siegenia TITAN 7016,4,10,0.0,0.0,28088559027.0,SIEGENIA,,,90,,0.0,0.0,0.0,Капачки,,DATABASE_EVIDENCE
Altest,TKWB6200-002060,SIEGENIA,S TF Капачка WKF бяла 9003 K100,4,8,0.0,0.0,97555925665.0,Group,,,90,,0.0,0.0,0.0,Обков,,DATABASE_EVIDENCE
Altest,TKWB6200004060,SIEGENIA,Капачка горна панта крило W Siegenia TITAN 9016,4,10,0.0,0.0,33264725685.0,SIEGENIA,,,90,,0.0,0.0,0.0,Капачки,,DATABASE_EVIDENCE
Altest,TKWB6200012060,SIEGENIA,Капачка горна  панта крило W Siegenia TITAN кафе,4,10,0.0,0.0,53152266273.0,SIEGENIA,,,90,,0.0,0.0,0.0,Капачки,,DATABASE_EVIDENCE
Altest,TKWB6200023060,SIEGENIA,Капачка горна  панта крило W Siegenia TITAN 9005,4,10,0.0,0.0,76373637281.0,SIEGENIA,,,90,,0.0,0.0,0.0,Капачки,,DATABASE_EVIDENCE
Altest,TKWB6200LH4060,SIEGENIA,Капачка горна  панта крило W Siegenia TITAN 7016,4,10,0.0,0.0,53402829684.0,SIEGENIA,,,90,,0.0,0.0,0.0,Капачки,,DATABASE_EVIDENCE
Altest,TMSL125010005,SIEGENIA,Мех. за патрон за PZ мартина 25мм,4,30,0.0,0.0,44337560073.0,SIEGENIA,,,90,,0.0,0.0,0.0,Мартина,,DATABASE_EVIDENCE
Altest,TMSL135010005,SIEGENIA,Мех. за патрон за PZ мартина 35мм,4,30,0.0,0.0,19417860003.0,SIEGENIA,,,90,,0.0,0.0,0.0,Мартина,,DATABASE_EVIDENCE
Altest,TPS Дистанционер черен,,TPS Дистанционер черен,4,22,0.0,0.0,34083130761.0,,,,90,,0.0,0.0,0.0,Дистанционер,,DATABASE_EVIDENCE
Altest,TPS Дистанционер бял/сив/,,TPS Дистанционер бял/сив/,4,22,0.0,0.0,28658647624.0,,,,90,,0.0,0.0,0.0,Дистанционер,,DATABASE_EVIDENCE
Altest,TRE-01,Метал,Армировка 1.5 мм,4,6,0.0,0.0,67814833482.0,Метал,Метали,,90,,0.0,0.0,0.0,Армировка,,DATABASE_EVIDENCE
Altest,TRE01-1mm,KMG,Армировка - каса и крило прозорец KMG,4,6,0.0,0.0,57562541547.0,"УП 1,2мм",Усилващ профил,,90,,0.0,0.0,0.0,Армировка,,DATABASE_EVIDENCE
Altest,TRE0100 - 1.2,KMG,Армировка - каса и крило прозорец KMG,4,6,0.0,0.0,73225311236.0,"УП 1,2мм",Усилващ профил,,90,,0.0,0.0,0.0,Армировка,,DATABASE_EVIDENCE
Altest,TRE0108,KMG,Армировка - каса и крило прозорец KMG,4,6,0.0,0.0,96013821524.0,"УП 1,2мм",Усилващ профил,,90,,0.0,0.0,0.0,Армировка,,DATABASE_EVIDENCE
Altest,TRE0110 - 1.5,KMG,Армировка - каса и крило прозорец KMG,4,6,0.0,0.0,95385731352.0,"УП 1,5мм",Усилващ профил,,90,,0.0,0.0,0.0,Армировка,,DATABASE_EVIDENCE
Altest,TRE0120 - 2,KMG,Армировка - каса и крило прозорец KMG,4,6,0.0,0.0,44946179496.0,"УП 2,0мм",Усилващ профил,,90,,0.0,0.0,0.0,Армировка,,DATABASE_EVIDENCE
Altest,TRE0200 - 1.2,KMG,Армировка стат. делител KMG,4,6,0.0,0.0,63386711396.0,"УП 1,2мм",Усилващ профил,,90,,0.0,0.0,0.0,Армировка,,DATABASE_EVIDENCE
Altest,TRE0201K,KMG,Армировка стат. делител KMG,4,6,0.0,0.0,56064361428.0,"УП 1,2мм",Усилващ профил,,90,,0.0,0.0,0.0,Армировка,,DATABASE_EVIDENCE
Altest,TRE0210 - 1.5,KMG,Армировка стат. делител KMG,4,6,0.0,0.0,55436041021.0,"УП 1,5мм",Усилващ профил,,90,,0.0,0.0,0.0,Армировка,,DATABASE_EVIDENCE
Altest,TRE0220,KMG,Армировка стат. делител KMG,4,6,0.0,0.0,7384961978.0,"УП 2,0мм",Усилващ профил,,90,,0.0,0.0,0.0,Армировка,,DATABASE_EVIDENCE
Altest,TRE0312,KMG,Армировка Крило Врата KMG 60mm,4,6,0.0,0.0,64355521338.0,"УП 1,2мм",Усилващ профил,,90,,0.0,0.0,0.0,Армировка,,DATABASE_EVIDENCE
Altest,TRE0315,KMG,Армировка Крило Врата KMG 60mm,4,6,0.0,0.0,85375501665.0,"УП 1,5мм",Усилващ профил,,90,,0.0,0.0,0.0,Армировка,,DATABASE_EVIDENCE
Altest,TRE0320 - 2,KMG,Армировка Крило Врата KMG 60mm,4,6,0.0,0.0,95118669535.0,"УП 2,0мм",Усилващ профил,,90,,0.0,0.0,0.0,Армировка,,DATABASE_EVIDENCE
Altest,TRE0610 - 1.5,KMG,Армировка квадратна колона 52*52,4,6,0.0,0.0,53870001410.0,"УП 1,5мм",Метал - Лет.Дел,,90,,0.0,0.0,0.0,Армировка,,DATABASE_EVIDENCE
Altest,TRE0715,KMG,Армировка Крило Врата KMG 70mm,4,6,0.0,0.0,4789831457.0,"УП 1,5мм",Усилващ профил,,90,,0.0,0.0,0.0,Армировка,,DATABASE_EVIDENCE
Altest,TRE0720 - 2,KMG,Армировка Крило Врата KMG 70mm,4,6,0.0,0.0,42582439458.0,"УП 2,0мм",Усилващ профил,,90,,0.0,0.0,0.0,Армировка,,DATABASE_EVIDENCE
Altest,TRE0900 - 1.2,KMG,Армировка Лет.Делител  KMG 70mm  549.04,4,6,0.0,0.0,43083791478.0,"УП 1,2мм",Метал - Лет.Дел,,90,,0.0,0.0,0.0,Армировка,,DATABASE_EVIDENCE
Altest,TRE1000 - 1.2,KMG,Арм. тръба 549.07/04.840,4,6,0.0,0.0,48254362196.0,"УП 1,2мм",Метал - Лет.Дел,,90,,0.0,0.0,0.0,Армировка,,DATABASE_EVIDENCE
Altest,TRE1100 - 1.2,KMG,Арм. колона 6к 549.08,4,6,0.0,0.0,32345442878.0,"УП 1,2мм",Метал - Лет.Дел,,90,,0.0,0.0,0.0,Армировка,,DATABASE_EVIDENCE
Altest,TRE1200,KMG,Арм. съчетав. 482.13,4,6,0.0,0.0,63294232124.0,"УП 1,2мм",Метал - Лет.Дел,,90,,0.0,0.0,0.0,Армировка,,DATABASE_EVIDENCE
Altest,TRE1610 - 1.5,KMG,Армировка Балк.Крило KMG 60mm,4,6,0.0,0.0,55910312876.0,"УП 1,5мм",Усилващ профил,,90,,0.0,0.0,0.0,Армировка,,DATABASE_EVIDENCE
Altest,TRE1620 - 2,KMG,Армировка Балк.Крило KMG 60mm,4,6,0.0,0.0,24591160253.0,"УП 2,0мм",Усилващ профил,,90,,0.0,0.0,0.0,Армировка,,DATABASE_EVIDENCE
Altest,TRE1700 - 1.2,KMG,Армировка Лет.Делител  KMG 60mm  482.11,4,6,0.0,0.0,83981642127.0,"УП 1,2мм",Метал - Лет.Дел,,90,,0.0,0.0,0.0,Армировка,,DATABASE_EVIDENCE
Altest,TRE1800 - 1.2,KMG,Арм. каса с перваз 549.20,4,6,0.0,0.0,76042812867.0,"УП 1,2мм",Усилващ профил,,90,,0.0,0.0,0.0,Армировка,,DATABASE_EVIDENCE
Altest,TRE28,KMG,"Армировка квадрат за каса KMG 28,5*28.5 кв. ",4,6,0.0,0.0,87514183476.0,"УП 1,2мм",Усилващ профил,,90,,0.0,0.0,0.0,Армировка,,DATABASE_EVIDENCE
Altest,TRKF0060100072,SIEGENIA,Насрещник долен комб. унив L/R  А2860 Siegenia TIT,4,8,0.0,0.0,45719505095.0,SIEGENIA,,,90,,0.0,0.0,0.0,Обков,,DATABASE_EVIDENCE
Altest,TRKV0071-100070,SIEGENIA,S Комбиниран насрещник А 0905/R,4,8,0.0,0.0,48094863074.0,Group,,,90,,0.0,0.0,0.0,Обков,,DATABASE_EVIDENCE
Altest,TRKV0071100070,SIEGENIA,НАСРЕЩНИК 2ос. R,4,8,0.0,0.0,42580412987.0,SIEGENIA,,,90,,0.0,0.0,,Обков,,DATABASE_EVIDENCE
Altest,TRKV0072-100070,SIEGENIA,S Комбиниран насрещник А 0905/L,4,8,0.0,0.0,93164563121.0,Group,,,90,,0.0,0.0,0.0,Обков,,DATABASE_EVIDENCE
Altest,TRKV0072100070,SIEGENIA,НАСРЕЩНИК 2ос. L,4,8,0.0,0.0,8610252575.0,SIEGENIA,,,90,,0.0,0.0,,Обков,,DATABASE_EVIDENCE
Altest,TRSA0010-100050,SIEGENIA,S TF Насрещник 0767,4,8,0.0,0.0,49876006235.0,Group,,,90,,0.0,0.0,0.0,Обков,,DATABASE_EVIDENCE
Altest,TRSK0510-100072,SIEGENIA,S AF Насрещник противовзломен S-RS 3SL A2860 KOPIB,4,8,0.0,0.0,42556286882.0,Group,,,90,,0.0,0.0,0.0,Обков,,DATABASE_EVIDENCE
Altest,TRSK051010007,SIEGENIA,Секюрити н-к S-RS,4,8,0.0,0.0,28572915230.0,SIEGENIA,,,90,,0.0,0.0,,Обков,,DATABASE_EVIDENCE
Altest,TRSK070010007,SIEGENIA,"Насрещник S-RS A2000
",4,8,0.0,0.0,17681834758.0,SIEGENIA,,,90,,0.0,0.0,,Обков,,DATABASE_EVIDENCE
Altest,TRSM006010008,SIEGENIA,НАСРЕЩНИК ОБИКНОВ 13мм.,4,8,0.0,0.0,73777542559.0,SIEGENIA,,,90,,0.0,0.0,,Обков,,DATABASE_EVIDENCE
Altest,TRSN0040-100080,SIEGENIA,S TF Насрещник S 56 H А1900,4,8,0.0,0.0,75739172743.0,Group,,,90,,0.0,0.0,0.0,Обков,,DATABASE_EVIDENCE
Altest,TRSN0200100080,SIEGENIA,"Насрещник S 56 H А1940 Siegenia TITAN 1000
",4,8,0.0,0.0,80081297310.0,SIEGENIA,,,90,,0.0,0.0,0.0,Обков,,DATABASE_EVIDENCE
Altest,TRZAB,ALTEST,Сглобка Габи MGABI,4,4,0.0,0.0,38115623049.0,СГЛОБКИ,,,90,,0.0,0.0,0.0,Аксесоар,,DATABASE_EVIDENCE
Altest,TSKD2000100060,SIEGENIA,Рамо за едноосово отваряне 7DF Siegenia TITAN 1000,4,10,0.0,0.0,77165677362.0,SIEGENIA,,,90,,0.0,0.0,0.0,Капачки,,DATABASE_EVIDENCE
Altest,TSKK2200100040,SIEGENIA,S TF Ножица Gr.0 /230-450/,4,8,0.0,0.0,72885974764.0,SIEGENIA,,,90,,0.0,0.0,0.0,Обков,,DATABASE_EVIDENCE
Altest,TSKK2210100040,SIEGENIA,Ножица  /451-680/ GR.1 Siegenia TITAN 1000,4,8,0.0,0.0,57976525566.0,SIEGENIA,,,90,,0.0,0.0,0.0,Обков,,DATABASE_EVIDENCE
Altest,TSKK2230100040,SIEGENIA,"Ножица /681-880/ GR.2 1P Siegenia TITAN 1000
",4,8,0.0,0.0,71138597655.0,SIEGENIA,,,90,,0.0,0.0,0.0,Обков,,DATABASE_EVIDENCE
Altest,TSKK2240100040,SIEGENIA,S TF Ножица Gr.3 1P /881-1050/,4,33,0.0,0.0,82229198968.0,SIEGENIA,,,90,,0.0,0.0,0.0,Ножица - обков,,DATABASE_EVIDENCE
Altest,TSKK2270100040,SIEGENIA,S TF Ножица Gr.4 1RS /1051-1450/,4,8,0.0,0.0,86572061372.0,SIEGENIA,,,90,,0.0,0.0,0.0,Обков,,DATABASE_EVIDENCE
Altest,TUM21-04,ENDOW,"фалц.панта кр.лява/панта кр,долна 13",4,4,0.0,0.0,56811773134.0,ENDOW,,,90,,0.0,0.0,0.0,Аксесоар,,DATABASE_EVIDENCE
Altest,TUM2101,ENDOW,Рамо едноос .отваряне,4,8,0.0,0.0,11331463729.0,ENDOW,,,90,,0.0,0.0,0.0,Обков,,DATABASE_EVIDENCE
Altest,TUM2103,ENDOW,фалц.панта кр.дясна,4,4,0.0,0.0,52301183574.0,ENDOW,,,90,,0.0,0.0,0.0,Аксесоар,,DATABASE_EVIDENCE
Altest,TUM210711,ENDOW,основа за средна пан,4,8,0.0,0.0,58766133592.0,ENDOW,,,90,,0.0,0.0,0.0,Обков,,DATABASE_EVIDENCE
Altest,TUM2109,ENDOW,Средна п. крило 2D 13мм,4,24,0.0,0.0,37351053328.0,ENDOW,,,90,,0.0,0.0,0.0,Панта за прозорец,,DATABASE_EVIDENCE
Altest,TUPLK2301,ENDOW,к-т кап.ср.пант. БЕЛИ,4,10,0.0,0.0,67961519848.0,ENDOW,,,90,,0.0,0.0,0.0,Капачки,,DATABASE_EVIDENCE
Altest,TUPLK2304,ENDOW,к-т кап.ср.пант.КАФЕ,4,10,0.0,0.0,26961639514.0,ENDOW,,,90,,0.0,0.0,0.0,Капачки,,DATABASE_EVIDENCE
Altest,TUPLK2308,ENDOW,к-т кап.ср.пант.BRONZE,4,10,0.0,0.0,16921479738.0,ENDOW,,,90,,0.0,0.0,0.0,Капачки,,DATABASE_EVIDENCE
Altest,TUPLK2309,ENDOW,к-т кап.ср.пант.Сиви,4,10,0.0,0.0,15961339545.0,,,,90,,0.0,0.0,0.0,Капачки,,DATABASE_EVIDENCE
Altest,TUPLK2312,ENDOW,к-т кап.ср.пант. ЧЕРНИ,4,10,0.0,0.0,78091839146.0,,,,90,,0.0,0.0,0.0,Капачки,,DATABASE_EVIDENCE
Altest,TZ10,ГИЛОТИНА,Четка 10мм,4,4,0.0,0.0,13395743194.0,Акс.Комарници,,,90,,0.0,0.0,0.0,Аксесоар,,DATABASE_EVIDENCE
Altest,TZ12,ALTEST,Четка за плъзг. N12,4,4,0.0,0.0,87325083307.0,Акс.Комарници,,,90,,0.0,0.0,0.0,Аксесоар,,DATABASE_EVIDENCE
Altest,TZ18,ALTEST,Четка за плъзг. N18,4,4,0.0,0.0,51325713110.0,Акс.Комарници,,,90,,0.0,0.0,0.0,Аксесоар,,DATABASE_EVIDENCE
Altest,TZ5.5,ALTEST,Четка за плъзгащо,4,4,0.0,0.0,81398413730.0,Акс.Комарници,,,90,,0.0,0.0,0.0,Аксесоар,,DATABASE_EVIDENCE
Altest,TZ6,ALTEST,Четка за плъзг. N6,4,4,0.0,0.0,81445491538.0,Акс.Комарници,,,90,,0.0,0.0,0.0,Аксесоар,,DATABASE_EVIDENCE
Altest,TZ7,ALTEST,"Четка за плъзг. N7 6,7*7mm",4,4,0.0,0.0,49425751424.0,Акс.Комарници,,,90,,0.0,0.0,0.0,Аксесоар,,DATABASE_EVIDENCE
Altest,TZ8,ALTEST,Четка за плъзг. N8,4,4,0.0,0.0,89475281147.0,Акс.Комарници,,,90,,0.0,0.0,0.0,Аксесоар,,DATABASE_EVIDENCE
Altest,TZBS0340-100040,SIEGENIA,S TF Удължител BS/FH Gr.1 1P,4,8,0.0,0.0,44232247234.0,Group,,,90,,0.0,0.0,0.0,Обков,,DATABASE_EVIDENCE
Altest,TZBS0350-100040,SIEGENIA,S TF Удължител BS/FH Gr.2 1P,4,8,0.0,0.0,66373788244.0,Group,,,90,,0.0,0.0,0.0,Обков,,DATABASE_EVIDENCE
Altest,TZKK1110100040,SIEGENIA,Удължение за мартина GR 200mm TITAN,4,8,0.0,0.0,29485775404.0,SIEGENIA,,,90,,0.0,0.0,0.0,Обков,,DATABASE_EVIDENCE
Altest,TZKK1120100040,SIEGENIA,Удължение за мартина GR400 Siegenia TITAN,4,8,0.0,0.0,51516846862.0,SIEGENIA,,,90,,0.0,0.0,0.0,Обков,,DATABASE_EVIDENCE
Altest,TZKS1040-100040,SIEGENIA,S TF Удължител Gr.1 A0767,4,8,0.0,0.0,83962217653.0,Group,,,90,,0.0,0.0,0.0,Обков,,DATABASE_EVIDENCE
Altest,TZPS,ALTEST,Четка самоз. 8мм за PS,4,4,0.0,0.0,16465703345.0,Акс.Комарници,,,90,,0.0,0.0,0.0,Аксесоар,,DATABASE_EVIDENCE
Altest,TZWDS,ALTEST,"Четка WDS70 2,2 м. за безфалцови врати за добавка ",4,4,0.0,0.0,46972123662.0,Акс.Комарници,,,90,,0.0,0.0,0.0,Аксесоар,,DATABASE_EVIDENCE
Altest,U-76500-00-1-0,GU,Ножица за пад.крило,4,8,0.0,0.0,1875764871.0,GU,,,90,,0.0,0.0,,Обков,,DATABASE_EVIDENCE
Altest,U4,ALTEST,"Уплътнител за алуминий набивен № 4 , Черен ",4,18,0.0,0.0,58561511324.0,,,,90,,0.0,0.0,0.0,Външни елементи,,DATABASE_EVIDENCE
Altest,U5,ALTEST,"Уплътнител за алуминий набивен № 5 , Черен ",4,18,0.0,0.0,41571431157.0,,,,90,,0.0,0.0,0.0,Външни елементи,,DATABASE_EVIDENCE
Altest,U60,ALTEST,Гума за отв. MO 60 200m,4,4,0.0,0.0,56976791224.0,,,,90,,0.0,0.0,0.0,Аксесоар,,DATABASE_EVIDENCE
Altest,U68,ALTEST,Гума каса MO 68,4,4,0.0,0.0,68936751107.0,,,,90,,0.0,0.0,0.0,Аксесоар,,DATABASE_EVIDENCE
Altest,UG6168,,Централен уплътнител за Пони,4,15,0.0,0.0,87380234631.0,Акс.Комарници,,,90,,0.0,0.0,0.0,Колона,,DATABASE_EVIDENCE
Altest,UK51,ALTEST,Фитил за ком. 5мм сив,4,34,0.0,0.0,26366874975.0,Акс.Комарници,,,90,,0.0,0.0,0.0,Уплътнение,,DATABASE_EVIDENCE
Altest,UK61,ALTEST,Фитил за ком. 6мм сив,4,34,0.0,0.0,10436784494.0,Акс.Комарници,,,90,,0.0,0.0,0.0,Уплътнение,,DATABASE_EVIDENCE
Altest,UK71,ALTEST,"Уплътнител комарник 7 мм, Сив
",4,37,0.0,0.0,82566194158.0,Акс.Комарници,,,90,,0.0,0.0,0.0,Комарник  - Аксесоар,,DATABASE_EVIDENCE
Altest,ULS 3806,LS38,Гума за капак LS38,4,34,0.0,0.0,26120376718.0,,,,90,,0.0,0.0,0.0,Уплътнение,,DATABASE_EVIDENCE
Altest,ULS3807,LS38,Гума за срещащ профил,4,34,0.0,0.0,62905025145.0,,,,90,,0.0,0.0,0.0,Уплътнение,,DATABASE_EVIDENCE
Altest,UN0,ALTEST,"Уплътнител за алуминий набивен EPDM № 0, Черен RAL",4,18,0.0,0.0,33316291798.0,,,,90,,0.0,0.0,0.0,Външни елементи,,DATABASE_EVIDENCE
Altest,UN00-не,,"Уплътнител за алуминий набивен EPDM № 00 нов, Чере",4,4,0.0,0.0,7139672958.0,,,,90,,0.0,0.0,0.0,Аксесоар,,DATABASE_EVIDENCE
Altest,UN0001,,"Уплътнител за алуминий набивен EPDM № 000 нов, Черен RAL 9005
",4,4,0.0,0.0,5704714084.0,,,,90,,0.0,0.0,0.0,Аксесоар,,DATABASE_EVIDENCE
Altest,UN001,ALTEST,"Уплътнител за алуминий набивен EPDM № 00 нов, Чере",4,18,0.0,0.0,44954944753.0,,,,90,,0.0,0.0,0.0,Външни елементи,,DATABASE_EVIDENCE
Altest,UN1,ALTEST,"Уплътнител за алуминий набивен EPDM № 1 нов, Черен",4,18,0.0,0.0,73386991343.0,,,,90,,0.0,0.0,0.0,Външни елементи,,DATABASE_EVIDENCE
Altest,UN15,ALTEST,"Уплътнител за алуминий набивен EPDM № 1,5 нов, Чер",4,18,0.0,0.0,55296404124.0,,,,90,,0.0,0.0,0.0,Външни елементи,,DATABASE_EVIDENCE
Altest,UN2,ALTEST,"Уплътнител за алуминий набивен EPDM № 2 нов, Черен",4,18,0.0,0.0,69316651651.0,,,,90,,0.0,0.0,0.0,Външни елементи,,DATABASE_EVIDENCE
Altest,UN25,ALTEST,"Уплътнител за алуминий набивен EPDM № 2,5 нов, Чер",4,18,0.0,0.0,61396754442.0,,,,90,,0.0,0.0,0.0,Външни елементи,,DATABASE_EVIDENCE
Altest,UN3,ALTEST,"Уплътнител за алуминий набивен EPDM № 3 нов, Черен",4,18,0.0,0.0,78336281442.0,,,,90,,0.0,0.0,0.0,Външни елементи,,DATABASE_EVIDENCE
Altest,UP S38,ENDOW,UP мартина S38,4,8,0.0,0.0,91128644658.0,AL,,,90,,0.0,0.0,0.0,Обков,,DATABASE_EVIDENCE
Altest,UP2701,ENDOW,Удължение 250мм,4,8,0.0,0.0,58826174146.0,ENDOW,,,90,,0.0,0.0,0.0,Обков,,DATABASE_EVIDENCE
Altest,UPS38,ENDOW,UP мартина S38,4,8,0.0,0.0,99979334118.0,AL,,,90,,0.0,0.0,0.0,Обков,,DATABASE_EVIDENCE
Altest,UR0724,LS70,Уплътнител неотв. WDS/LS 70 каса и крило EPDM,4,4,0.0,0.0,78094964322.0,,,,90,,0.0,0.0,0.0,Аксесоар,,DATABASE_EVIDENCE
Altest,UR1151,LS70,EPDM гума,4,34,0.0,0.0,53875214179.0,,,,90,,0.0,0.0,0.0,Уплътнение,,DATABASE_EVIDENCE
Altest,US0701,LS70,Гума за долен хориз. и вертик.крило LS,4,4,0.0,0.0,20984964463.0,WDS 70,,,90,,0.0,0.0,0.0,Аксесоар,,DATABASE_EVIDENCE
Altest,US0702,LS70,Гума за крило LS,4,4,0.0,0.0,69974874268.0,WDS 70,,,90,,0.0,0.0,0.0,Аксесоар,,DATABASE_EVIDENCE
Altest,US0703,LS70,Гума за кап. на крило LS,4,4,0.0,0.0,18954214486.0,WDS 70,,,90,,0.0,0.0,0.0,Аксесоар,,DATABASE_EVIDENCE
Altest,US0704,LS70,Гума за релса LS UR0704,4,4,0.0,0.0,69934274510.0,WDS 70,,,90,,0.0,0.0,0.0,Аксесоар,,DATABASE_EVIDENCE
Altest,US0723,LS70,Уплътнител неотв. WDS/LS 70 каса и крило EPDM,4,4,0.0,0.0,82174334039.0,,,,90,,0.0,0.0,0.0,Аксесоар,,DATABASE_EVIDENCE
Altest,US115101,ALTEST,уплътнител,4,18,0.0,0.0,27648363146.0,,,,90,,0.0,0.0,0.0,Външни елементи,,DATABASE_EVIDENCE
Altest,US115102,ALTEST,Отваряема гума,4,34,0.0,0.0,28668013852.0,WDS 70,,,90,,0.0,0.0,0.0,Уплътнение,,DATABASE_EVIDENCE
Altest,US115103-не,ALTEST,Набивна гума LS/WDS,4,34,0.0,0.0,88941531366.0,WDS 70,,,90,,0.0,0.0,0.0,Уплътнение,,DATABASE_EVIDENCE
Altest,US115105,ALTEST,Централна гума,4,34,0.0,0.0,11658353158.0,AL,,,90,,0.0,0.0,0.0,Уплътнение,,DATABASE_EVIDENCE
Altest,US115106,ALTEST,уплътнител,4,4,0.0,0.0,82668693858.0,WDS 70,,,90,,0.0,0.0,0.0,Аксесоар,,DATABASE_EVIDENCE
Altest,US115110,ALTEST,упльтнител,4,4,0.0,0.0,54708473044.0,,,,90,,0.0,0.0,0.0,Аксесоар,,DATABASE_EVIDENCE
Altest,US60,ALTEST,Гума за отв. MO 60,4,4,0.0,0.0,47276484754.0,AL,,,90,,0.0,0.0,0.0,Аксесоар,,DATABASE_EVIDENCE
Altest,US68,ALTEST,Гума каса MO 68,4,4,0.0,0.0,25286824166.0,AL,,,90,,0.0,0.0,0.0,Аксесоар,,DATABASE_EVIDENCE
Altest,V.3801.0L02,VORNE,НАСР. ВРАТА - ЛЯВ,4,18,0.0,0.0,29488967918.0,,,,90,,0.0,0.0,0.0,Външни елементи,,DATABASE_EVIDENCE
Altest,V.3801.0R02,VORNE,НАСР. ВРАТА - ДЕСЕН,4,18,0.0,0.0,55024477177.0,,,,90,,0.0,0.0,0.0,Външни елементи,,DATABASE_EVIDENCE
Altest,V113.010 - 2,,Усилващ профил за каса и крило VEKA - 2mm,4,6,0.0,0.0,84513725008.0,"УП 2,0мм",Усилващ профил,,90,,0.0,0.0,0.0,Армировка,,DATABASE_EVIDENCE
Altest,V399-1.5,,"Арм.уширение- 1,5 mm 16x28",4,6,0.0,0.0,54149032278.0,"УП 1,5мм",Метал - Лет.Дел,,90,,0.0,0.0,0.0,Армировка,,DATABASE_EVIDENCE
Altest,V545,,Screw for Handle - 5*45,4,15,0.0,0.0,58187355523.0,,,,90,,0.0,0.0,0.0,Колона,,DATABASE_EVIDENCE
Altest,V66,ALTEST,Болт М6*60,4,4,0.0,0.0,48007011466.0,Крепежи ,,,90,,0.0,0.0,0.0,Аксесоар,,DATABASE_EVIDENCE
Altest,VL1,ALTEST,Панта за AL Македоники до 100кг. БЯЛА,4,24,0.0,0.0,55207511515.0,,,,90,,0.0,0.0,0.0,Панта за прозорец,,DATABASE_EVIDENCE
Altest,VL101,ALTEST,Панта за AL Македоники до 100кг. ЧЕРНА,4,24,0.0,0.0,64976865680.0,,,,90,,0.0,0.0,0.0,Панта за прозорец,,DATABASE_EVIDENCE
Altest,VLAS6888,ALLOCK,Патрон ALLOCK 31x37,4,18,0.0,0.0,37636658127.0,AL,,,90,,0.0,0.0,0.0,Външни елементи,,DATABASE_EVIDENCE
Altest,VLAS9088,ALLOCK,Патрон за ПВЦ 40x50,4,18,0.0,0.0,71199368318.0,AL,,,90,,0.0,0.0,0.0,Външни елементи,,DATABASE_EVIDENCE
Altest,VLB3588,,Брава Алум.Врата ,4,18,0.0,0.0,81816976518.0,,,,90,,0.0,0.0,0.0,Външни елементи,,DATABASE_EVIDENCE
Altest,VLBP35,ALTEST Брава,Брава CIZA 35х85 с патрон 30/40 без насрещник,4,12,0.0,0.0,83973325636.0,,,,90,,0.0,0.0,0.0,Брава,,DATABASE_EVIDENCE
Altest,VLDG092-9005,VIAL,ДР.ШИЛД 92/30 ЧЕРНА,4,18,0.0,0.0,4470166606.0,Дръжки,,,90,,0.0,0.0,0.0,Външни елементи,,DATABASE_EVIDENCE
Altest,VLDG092-9016,VIAL,ДР.ШИЛД 92/30 БЯЛА,4,18,0.0,0.0,93570346048.0,Дръжки,,,90,,0.0,0.0,0.0,Външни елементи,,DATABASE_EVIDENCE
Altest,VLDH1009005,,"ПАНТА АЛ. ВРАТА ДО 100 кг. 3D VIALOCK , Черен RAL 9005",4,25,0.0,0.0,27010975214.0,,,,90,,0.0,0.0,0.0,Панта за врата,,DATABASE_EVIDENCE
Altest,VLDH1009016,,"ПАНТА АЛ. ВРАТА ДО 100 кг. 3D VIALOCK , Бял RAL 9016",4,25,0.0,0.0,58180585712.0,,,,90,,0.0,0.0,0.0,Панта за врата,,DATABASE_EVIDENCE
Altest,VM12212,ALTEST,"Винт 5,5*65 квадрат",4,4,0.0,0.0,85106665585.0,Крепежи ,,,90,,0.0,0.0,0.0,Аксесоар,,DATABASE_EVIDENCE
Altest,VM316W,ALTEST,"Винт 3,9*16 за метал",4,4,0.0,0.0,39718025770.0,Крепежи ,,,90,,0.0,0.0,0.0,Аксесоар,,DATABASE_EVIDENCE
Altest,VM319W,ALTEST,"Винт 3,9*19 за метал",4,4,0.0,0.0,93068535027.0,Крепежи ,,,90,,0.0,0.0,0.0,Аксесоар,,DATABASE_EVIDENCE
Altest,VM325W,ALTEST,"Винт 3,9*25 самопр.",4,4,0.0,0.0,28778555054.0,Крепежи ,,,90,,0.0,0.0,0.0,Аксесоар,,DATABASE_EVIDENCE
Altest,VM332W,ALTEST,Вида самопробивна 3.9*32мм,4,4,0.0,0.0,40558365219.0,,,,90,,0.0,0.0,0.0,Аксесоар,,DATABASE_EVIDENCE
Altest,VM338W,ALTEST,"Винт 3,9*38 самопр.",4,4,0.0,0.0,31158495830.0,Крепежи ,,,90,,0.0,0.0,0.0,Аксесоар,,DATABASE_EVIDENCE
Altest,VM4251W,ALTEST,"Винт 4,2*25 за PVC",4,4,0.0,0.0,56742715164.0,Крепежи ,,,90,,0.0,0.0,0.0,Аксесоар,,DATABASE_EVIDENCE
Altest,VM4252W,ALTEST,"Винт 4,2*30 за PVC",4,4,0.0,0.0,22822315766.0,,,,90,,0.0,0.0,0.0,Аксесоар,,DATABASE_EVIDENCE
Altest,VM4253W,ALTEST,"Винт 4,2*35 за PVC",4,4,0.0,0.0,5922135764.0,,,,90,,0.0,0.0,0.0,Аксесоар,,DATABASE_EVIDENCE
Altest,VM4254W,ALTEST,"Винт 4,2*40 за PVC",4,4,0.0,0.0,42082755613.0,,,,90,,0.0,0.0,0.0,Аксесоар,,DATABASE_EVIDENCE
Altest,VM4255W,ALTEST,"Винт 4,2*55 за PVC",4,18,0.0,0.0,53102615768.0,,,,90,,0.0,0.0,0.0,Външни елементи,,DATABASE_EVIDENCE
Altest,VM445,ALTEST,"Винт 4,2*45 самопр.",4,4,0.0,0.0,85789845464.0,Крепежи ,,,90,,0.0,0.0,,Аксесоар,,DATABASE_EVIDENCE
Altest,VM45W,ALTEST,"Винт 4,8*50 самопр.",4,4,0.0,0.0,18849165575.0,Крепежи ,,,90,,0.0,0.0,0.0,Аксесоар,,DATABASE_EVIDENCE
Altest,VM46W,ALTEST,"Винт 4,8*60 самопр.",4,4,0.0,0.0,84969895335.0,Крепежи ,,,90,,0.0,0.0,0.0,Аксесоар,,DATABASE_EVIDENCE
Altest,VM7152,KMG,Монтажен винт,4,18,0.0,0.0,13022325227.0,Крепежи ,,,90,,0.0,0.0,0.0,Външни елементи,,DATABASE_EVIDENCE
Altest,VMPS338W,PS50,"Винт 3,5*38 с лещ.глава",4,4,0.0,0.0,76428358063.0,Крепежи ,,,90,,0.0,0.0,,Аксесоар,,DATABASE_EVIDENCE
Altest,VSM4101,ENDOW,Ножица за падащо крило,4,33,0.0,0.0,8513457857.0,ENDOW,,,90,,0.0,0.0,0.0,Ножица - обков,,DATABASE_EVIDENCE
Altest,VSM4102,ENDOW,Ножица за падащо крило,4,33,0.0,0.0,22553817221.0,ENDOW,,,90,,0.0,0.0,0.0,Ножица - обков,,DATABASE_EVIDENCE
Altest,VW4301,ALTEST,VW4301 за сгл.делител,4,4,0.0,0.0,63449645954.0,,,,90,,0.0,0.0,0.0,Аксесоар,,DATABASE_EVIDENCE
Altest,W2201-8019,ALTEST,Дръжка за ПВЦ прозорец -Кафе,4,26,0.0,0.0,24213530089.0,,,,90,,0.0,0.0,0.0,Дръжка за прозорец,,DATABASE_EVIDENCE
Altest,WALA - J17 - 9005,WALA,"Панта 3D за PVC Балк.Кр. (14-20mm), Черен RAL 9005
",4,25,0.0,0.0,23269880026.0,,,,90,,0.0,0.0,0.0,Панта за врата,,DATABASE_EVIDENCE
Altest,WALA - J17 - 9016,WALA,"Панта 3D за PVC Балк.Кр. (14-20mm), Бял RAL 9016",4,25,0.0,0.0,75329670685.0,,,,90,,0.0,0.0,0.0,Панта за врата,,DATABASE_EVIDENCE
Altest,WALA 1,WALA,WALA скрита панта WDS Вр.Z 9005,4,25,0.0,0.0,81554856176.0,,,,90,,0.0,0.0,0.0,Панта за врата,,DATABASE_EVIDENCE
Altest,WALA 2,WALA,WALA скрита панта WDS Вр.T 9005,4,25,0.0,0.0,55504766657.0,,,,90,,0.0,0.0,0.0,Панта за врата,,DATABASE_EVIDENCE
Altest,WALA199005,WALA,"Панта 3D за PVC крило ALTEST (16-22mm), Черен RAL 9005
",4,25,0.0,0.0,18290678287.0,,,,90,,0.0,0.0,0.0,Панта за врата,,DATABASE_EVIDENCE
Altest,WALA199016,WALA,"Панта 3D за PVC крило ALTEST (16-22mm), Бял RAL 9016
",4,25,0.0,0.0,12340488745.0,,,,90,,0.0,0.0,0.0,Панта за врата,,DATABASE_EVIDENCE
Altest,WALA229005,WALA,"Панта 3D за PVC крило ALTEST (19-25mm), Черен RAL 9005
",4,25,0.0,0.0,84621748827.0,,,,90,,0.0,0.0,0.0,Панта за врата,,DATABASE_EVIDENCE
Altest,WALA229016,WALA,"Панта 3D за PVC крило ALTEST (19-25mm), Бял RAL 9016
",4,25,0.0,0.0,37771848262.0,,,,90,,0.0,0.0,0.0,Панта за врата,,DATABASE_EVIDENCE
Altest,WD3123-MA,FS470,"Капак за оттичане на вода с диафрагма
",4,4,0.0,0.0,15854775776.0,,,,90,,0.0,0.0,0.0,Аксесоар,,DATABASE_EVIDENCE
Altest,WD333-50-AK,FS470,"Дръжка за врата тип хармоника, вал 7x50 мм
",4,4,0.0,0.0,38468140014.0,,,,90,,0.0,0.0,0.0,Аксесоар,,DATABASE_EVIDENCE
Altest,WD350-37-AK,FS470,"Дръжка TOULON за врати тип хармоника
",4,4,0.0,0.0,12883510774.0,,,,90,,0.0,0.0,0.0,Аксесоар,,DATABASE_EVIDENCE
Altest,WD51020-MA,FS470,Фланец за свързване на тръба за оттичане на вода с,4,4,0.0,0.0,70587843840.0,,,,90,,0.0,0.0,0.0,Аксесоар,,DATABASE_EVIDENCE
Altest,WD65201-MA,FS470,"Тръба за оттичане на вода 25x2, 4 метра
",4,4,0.0,0.0,58111218987.0,,,,90,,0.0,0.0,0.0,Аксесоар,,DATABASE_EVIDENCE
Altest,WD716-ZN,FS470,"Сглобки ъглови 7.3 мм, от леене под налягане
",4,4,0.0,0.0,23867835518.0,,,,90,,0.0,0.0,0.0,Аксесоар,,DATABASE_EVIDENCE
Altest,WD724-T,FS470,"Ъгъл за подравняване, метален
",4,4,0.0,0.0,11745256881.0,,,,90,,0.0,0.0,0.0,Аксесоар,,DATABASE_EVIDENCE
Altest,WD8130-MA,FS470,"Скоба за крило за врата тип хармоника
",4,4,0.0,0.0,49110985105.0,,,,90,,0.0,0.0,0.0,Аксесоар,,DATABASE_EVIDENCE
Altest,wds 056,ALTEST,Сглобка малка,4,4,0.0,0.0,97733150165.0,СГЛОБКИ,,,90,,0.0,0.0,,Аксесоар,,DATABASE_EVIDENCE
Altest,WDS05010,Сглобки - Ъглонабивни,Сглобка за 05.0100 малка,4,4,0.0,0.0,84604534744.0,СГЛОБКИ,,,90,,0.0,0.0,0.0,Аксесоар,,DATABASE_EVIDENCE
Altest,WDS05011,Сглобки - Ъглонабивни,Сглобка за 05.0100 голяма,4,4,0.0,0.0,29644644543.0,СГЛОБКИ,,,90,,0.0,0.0,0.0,Аксесоар,,DATABASE_EVIDENCE
Altest,WDS05100,Сглобки - Ъглонабивни,Сглобка за 05.1103/04 малка,4,4,0.0,0.0,74614134154.0,СГЛОБКИ,,,90,,0.0,0.0,0.0,Аксесоар,,DATABASE_EVIDENCE
Altest,WDS05101,Сглобки - Ъглонабивни,Сглобка за 05.1103/04 голяма,4,4,0.0,0.0,60674384487.0,СГЛОБКИ,,,90,,0.0,0.0,0.0,Аксесоар,,DATABASE_EVIDENCE
Altest,WDS05110,Сглобки - Ъглонабивни,Сглобка за 05.0211 малка,4,4,0.0,0.0,78754354835.0,СГЛОБКИ,,,90,,0.0,0.0,0.0,Аксесоар,,DATABASE_EVIDENCE
Altest,WDS05111,Сглобки - Ъглонабивни,Сглобка за 05.0211 голяма,4,4,0.0,0.0,85754274176.0,СГЛОБКИ,,,90,,0.0,0.0,0.0,Аксесоар,,DATABASE_EVIDENCE
Altest,WDS05120,Сглобки - Ъглонабивни,Сглобка за 05.0205 малка,4,4,0.0,0.0,91854294131.0,СГЛОБКИ,,,90,,0.0,0.0,0.0,Аксесоар,,DATABASE_EVIDENCE
Altest,WDS05121,Сглобки - Ъглонабивни,Сглобка за 05.0205 голяма,4,4,0.0,0.0,3824924208.0,СГЛОБКИ,,,90,,0.0,0.0,0.0,Аксесоар,,DATABASE_EVIDENCE
Altest,WDS05300,ALTEST,Сглобка дел. WDS голяма,4,4,0.0,0.0,45864174186.0,СГЛОБКИ,,,90,,0.0,0.0,0.0,Аксесоар,,DATABASE_EVIDENCE
Altest,WDS05400,ALTEST,Сглобка дел. WDS малка,4,4,0.0,0.0,45944554795.0,СГЛОБКИ,,,90,,0.0,0.0,0.0,Аксесоар,,DATABASE_EVIDENCE
Altest,WDS05410,ALTEST,Сглобка дел. WDS малка,4,4,0.0,0.0,68094554431.0,СГЛОБКИ,,,90,,0.0,0.0,0.0,Аксесоар,,DATABASE_EVIDENCE
Altest,WDS05500,Сглобки - Ъглонабивни,Сглобка за 05.0101 малка,4,4,0.0,0.0,55014144713.0,СГЛОБКИ,,,90,,0.0,0.0,0.0,Аксесоар,,DATABASE_EVIDENCE
Altest,WDS05510,Сглобки - Ъглонабивни,Сглобка за 05.0101 голяма,4,4,0.0,0.0,22134184735.0,СГЛОБКИ,,,90,,0.0,0.0,0.0,Аксесоар,,DATABASE_EVIDENCE
Altest,WDS05800,Сглобки - Ъглонабивни,Сглобка за 05.1203 малка,4,4,0.0,0.0,38364064726.0,СГЛОБКИ,,,90,,0.0,0.0,0.0,Аксесоар,,DATABASE_EVIDENCE
Altest,WDS05810,Сглобки - Ъглонабивни,Сглобка за 05.1203 голяма,4,4,0.0,0.0,15414894371.0,СГЛОБКИ,,,90,,0.0,0.0,0.0,Аксесоар,,DATABASE_EVIDENCE
Altest,WDS05900,Сглобки - Ъглонабивни,Сглобка за 05.1204 малка,4,4,0.0,0.0,64444734436.0,СГЛОБКИ,,,90,,0.0,0.0,0.0,Аксесоар,,DATABASE_EVIDENCE
Altest,WDS05910,Сглобки - Ъглонабивни,Сглобка за 05.1204 голяма,4,4,0.0,0.0,45584284275.0,СГЛОБКИ,,,90,,0.0,0.0,0.0,Аксесоар,,DATABASE_EVIDENCE
Altest,WDS1400,ALTEST,Кап. доб. Z-крило WDS,4,4,0.0,0.0,82703485564.0,,,,90,,0.0,0.0,0.0,Аксесоар,,DATABASE_EVIDENCE
Altest,WDS1401,ALTEST,Кап. доб. T-крило WDS,4,4,0.0,0.0,77753425185.0,,,,90,,0.0,0.0,0.0,Аксесоар,,DATABASE_EVIDENCE
Altest,WDS141,ALTEST,Изравн. подложка стп,4,18,0.0,0.0,67951086374.0,,,,90,,0.0,0.0,0.0,Външни елементи,,DATABASE_EVIDENCE
Altest,XS500+KIT,ALTEST,Дръжка прозоре с кит,4,26,0.0,0.0,54125455742.0,Дръжки,,,90,,0.0,0.0,0.0,Дръжка за прозорец,,DATABASE_EVIDENCE
Altest,ZFZS0020100040,,"Адаптор FAVORIT / TITAN 1000
",4,4,0.0,0.0,64216820243.0,,,,90,,0.0,0.0,0.0,Аксесоар,,DATABASE_EVIDENCE
Baufen,1607,LL,каса плъзгане,1,1,38.0,0.0,32746892481.0,Ал. профил студ,,,45,,0.0,0.0,0.0,каса,Frame,DATABASE_EVIDENCE
Baufen,1633,LL,,1,1,0.0,0.0,22826222728.0,Ал. профил студ,,,45,,0.0,0.0,0.0,каса,Frame,DATABASE_EVIDENCE
Baufen,40-103,LL,Каса широка,1,1,36.0,0.0,6494885284.0,Ал. профил студ,,,45,,0.0,0.0,0.0,каса,Frame,DATABASE_EVIDENCE
Baufen,40-104,LL,Каса двукамерна,1,1,36.0,0.0,87454625491.0,Ал. профил студ,,,45,,0.0,0.0,0.0,каса,Frame,DATABASE_EVIDENCE
Baufen,45T-102,LL,каса плъзг. термо,1,1,50.0,0.0,32762660673.0,Ал. проф. термо,,,45,,0.0,0.0,0.0,каса,Frame,DATABASE_EVIDENCE
Baufen,51LS-101,LL,каса еднорелсова с фикс,1,1,23.8,0.0,,Ал. проф. термо,,,45,,0.0,0.0,0.0,каса,Frame,DATABASE_EVIDENCE
Baufen,51LS-102,51LS,каса двойна релса,1,1,44.0,0.0,,Ал. проф. термо,,,45,,0.0,0.0,0.0,каса,Frame,DATABASE_EVIDENCE
Baufen,51LS-103,51LS,каса тройна релса,1,1,44.0,0.0,,Ал. проф. термо,,,45,,0.0,0.0,0.0,каса,Frame,DATABASE_EVIDENCE
Baufen,60-101,LL,каса права термо,1,1,36.0,0.0,65816817488.0,Ал. проф. термо,,,45,,0.0,0.0,0.0,каса,Frame,DATABASE_EVIDENCE
Baufen,60-103,LL,каса заоблена термо,1,1,36.0,0.0,46866317119.0,Ал. проф. термо,,,45,,0.0,0.0,0.0,каса,Frame,DATABASE_EVIDENCE
Baufen,6101,Baufen,Каса 4к,1,1,44.0,0.0,12771227803.0,PVC Профили,,,45,,0.0,0.0,0.0,каса,Frame,DATABASE_EVIDENCE
Baufen,7101,Baufen,каса UL70,1,1,44.0,0.0,72472988750.0,PVC Профили,,,45,,0.0,0.0,0.0,каса,Frame,DATABASE_EVIDENCE
Baufen,7110,Baufen,каса Renova,1,1,33.0,50.0,6162328625.0,,,,45,,0.0,0.0,0.0,каса,Frame,DATABASE_EVIDENCE
Baufen,74T-102,74T,,1,1,36.6,0.0,,Ал. проф. термо,,,45,,0.0,0.0,0.0,каса,Frame,DATABASE_EVIDENCE
Baufen,8101,Baufen,каса Maxima,1,1,48.0,0.0,26133069180.0,PVC Maxima,,,45,,0.0,0.0,0.0,каса,Frame,DATABASE_EVIDENCE
Baufen,84TH-102,84TH,,1,1,37.0,0.0,,Ал. проф. термо,,,45,,0.0,0.0,0.0,каса,Frame,DATABASE_EVIDENCE
Baufen,1608,LL,крило плъзгане,2,2,41.0,20.0,23756062566.0,Ал. профил студ,,,45,,0.0,0.0,0.0,крило,Wing,DATABASE_EVIDENCE
Baufen,40-201,LL,Крило прозорец ,2,2,19.2,22.0,34164465836.0,Ал. профил студ,,,45,,0.0,0.0,0.0,крило,Wing,DATABASE_EVIDENCE
Baufen,40-203,LL,Крило прозорец широко,2,2,31.2,22.0,1174345421.0,Ал. профил студ,,,45,,0.0,0.0,0.0,крило,Wing,DATABASE_EVIDENCE
Baufen,40-204,LL,"Крило врата ""S""",2,2,51.7,22.0,92164375619.0,Ал. профил студ,,,45,,0.0,0.0,0.0,крило,Wing,DATABASE_EVIDENCE
Baufen,40-205,LL,"Крило врата ""T""",2,2,51.7,22.0,48174745714.0,Ал. профил студ,,,45,,0.0,0.0,0.0,крило,Wing,DATABASE_EVIDENCE
Baufen,40-401,LL,,2,2,98.0,0.0,44554875005.0,Ал. профил студ,,,45,,0.0,0.0,0.0,крило,Wing,DATABASE_EVIDENCE
Baufen,40-402,LL,табла за врата 40С,2,2,98.0,0.0,43584645193.0,Ал. профил студ,,,45,,0.0,0.0,0.0,крило,Wing,DATABASE_EVIDENCE
Baufen,45T-202,LL,крило плъзг термо,2,2,58.0,20.0,56463460086.0,Ал. проф. термо,,,45,,0.0,0.0,0.0,крило,Wing,DATABASE_EVIDENCE
Baufen,51LS-201,LL,крило 51LS,2,2,41.0,22.0,,Ал. проф. термо,,,45,,0.0,0.0,0.0,крило,Wing,DATABASE_EVIDENCE
Baufen,60-201,LL,крило проз термо,2,2,21.4,22.0,81556567185.0,Ал. проф. термо,,,45,,0.0,0.0,0.0,крило,Wing,DATABASE_EVIDENCE
Baufen,60-202,LL,крило балконско термо,2,2,31.2,22.0,62566847888.0,Ал. проф. термо,,,45,,0.0,0.0,0.0,крило,Wing,DATABASE_EVIDENCE
Baufen,60-203,LL,крило врата термо,2,2,51.7,22.0,25536337505.0,Ал. проф. термо,,,45,,0.0,0.0,0.0,крило,Wing,DATABASE_EVIDENCE
Baufen,60-204,LL,крило външно отв. термо,2,2,52.8,22.0,17536187132.0,Ал. проф. термо,,,45,,0.0,0.0,0.0,крило,Wing,DATABASE_EVIDENCE
Baufen,60-401,LL,табла врата термо,2,2,108.0,0.0,97936217506.0,Ал. проф. термо,,,45,,0.0,0.0,0.0,крило,Wing,DATABASE_EVIDENCE
Baufen,6201,Baufen,Крило 4k,2,2,36.0,20.0,63461557615.0,PVC Профили,,,45,,0.0,0.0,0.0,крило,Wing,DATABASE_EVIDENCE
Baufen,6401,Baufen,Врата,2,2,66.0,20.0,84861597765.0,PVC Профили,,,45,,0.0,0.0,0.0,крило,Wing,DATABASE_EVIDENCE
Baufen,6501,Baufen,Врата външно отваряне,2,2,66.0,20.0,1511357472.0,PVC Профили,,,45,,0.0,0.0,0.0,крило,Wing,DATABASE_EVIDENCE
Baufen,7201,Baufen,крило UL70,2,2,36.0,20.0,15182988681.0,PVC Профили,,,45,,0.0,0.0,0.0,крило,Wing,DATABASE_EVIDENCE
Baufen,7210,Baufen,,2,2,35.0,21.0,52882678545.0,PVC Профили,,,45,,0.0,0.0,0.0,крило,Wing,DATABASE_EVIDENCE
Baufen,7401,Baufen,,2,2,66.0,20.0,56522708677.0,PVC Профили,,,45,,0.0,0.0,0.0,крило,Wing,DATABASE_EVIDENCE
Baufen,74T-206,84TH,врата,2,2,87.0,22.0,,Ал. проф. термо,,,45,,0.0,0.0,0.0,крило,Wing,DATABASE_EVIDENCE
Baufen,74T-252,LL 74T,,2,2,32.0,22.0,,Ал. проф. термо,,,45,,0.0,0.0,0.0,крило,Wing,DATABASE_EVIDENCE
Baufen,7501,Baufen,,2,2,65.0,21.0,56282358031.0,PVC Профили,,,45,,0.0,0.0,0.0,крило,Wing,DATABASE_EVIDENCE
Baufen,8201,Baufen,крило Maxima,2,2,38.0,20.0,70863339296.0,PVC Maxima,,,45,,0.0,0.0,0.0,крило,Wing,DATABASE_EVIDENCE
Baufen,8401,Baufen,врата Maxima,2,2,73.0,20.0,,PVC Maxima,,,45,,0.0,0.0,0.0,крило,Wing,DATABASE_EVIDENCE
Baufen,84TH-202,84TH,,2,2,35.0,22.0,,Ал. проф. термо,,,45,,0.0,0.0,0.0,крило,Wing,DATABASE_EVIDENCE
Baufen,84TH-216,,врата,2,2,79.0,22.0,,Ал. проф. термо,,,45,,0.0,0.0,0.0,крило,Wing,DATABASE_EVIDENCE
Baufen,1632,LL,,3,3,20.0,20.0,77866172709.0,Ал. профил студ,,,45,,0.0,0.0,0.0,делител,,DATABASE_EVIDENCE
Baufen,40-301,LL,Делител ,3,3,23.0,22.0,3884225417.0,Ал. профил студ,,,45,,0.0,0.0,0.0,делител,,DATABASE_EVIDENCE
Baufen,40-303,LL,Делител широк,3,3,40.0,22.0,85864145630.0,Ал. профил студ,,,45,,0.0,0.0,0.0,делител,,DATABASE_EVIDENCE
Baufen,45T-302,LL,делител термо плъзг,3,3,38.0,20.0,67154790341.0,Ал. проф. термо,,,45,,0.0,0.0,0.0,делител,,DATABASE_EVIDENCE
Baufen,51LS-301,LL,делител 51LS,3,3,41.0,22.0,,Ал. проф. термо,,,45,,0.0,0.0,0.0,делител,,DATABASE_EVIDENCE
Baufen,60-303,LL,делител термо,3,3,35.4,22.0,85216147936.0,Ал. проф. термо,,,45,,0.0,0.0,0.0,делител,,DATABASE_EVIDENCE
Baufen,6301,Baufen,Делител 4k,3,3,41.0,20.0,93121517179.0,PVC Профили,,,45,,0.0,0.0,0.0,делител,,DATABASE_EVIDENCE
Baufen,7301,Baufen,делител UL70,3,3,40.0,20.0,61822548075.0,PVC Профили,,,45,,0.0,0.0,0.0,делител,,DATABASE_EVIDENCE
Baufen,74T-302,,,3,3,36.6,22.0,,,,,45,,0.0,0.0,0.0,делител,,DATABASE_EVIDENCE
Baufen,8301,Baufen,делител Maxima,3,3,40.0,26.0,74543759806.0,PVC Maxima,,,45,,0.0,0.0,0.0,делител,,DATABASE_EVIDENCE
Baufen,84TH-302,84TH,делител 84TH,3,3,37.0,25.0,,Ал. проф. термо,,,45,,0.0,0.0,0.0,делител,,DATABASE_EVIDENCE
Baufen,четка 12,,,4,4,0.0,0.0,,Аксесоари,,,90,,0.0,0.0,0.0,аксесоар,,DATABASE_EVIDENCE
Baufen,02911000,LL,ролка двойна,4,4,0.0,0.0,,Аксесоари,,,90,,0.0,0.0,0.0,аксесоар,,DATABASE_EVIDENCE
Baufen,02921000,LL,PVC ъгъл за крило,4,4,0.0,0.0,,Аксесоари,,,90,,0.0,0.0,0.0,аксесоар,,DATABASE_EVIDENCE
Baufen,02923000,LL,сглобка крило плъзг,4,4,0.0,0.0,,Аксесоари,,,90,,0.0,0.0,0.0,аксесоар,,DATABASE_EVIDENCE
Baufen,02933000,LL,стопери комплект,4,4,0.0,0.0,,Аксесоари,,,90,,0.0,0.0,0.0,аксесоар,,DATABASE_EVIDENCE
Baufen,02935000,LL,кит за плъзгане,4,4,0.0,0.0,,Аксесоари,,,90,,0.0,0.0,0.0,аксесоар,,DATABASE_EVIDENCE
Baufen,07-201,LL,Писъеденителен профи,4,4,0.0,0.0,,Ал. профил студ,,,90,,0.0,0.0,0.0,аксесоар,,DATABASE_EVIDENCE
Baufen,08-114,LL 74T,стъкл-л 74T 32mm,4,4,0.0,0.0,,Ал. профил студ,,,90,,0.0,0.0,0.0,аксесоар,,DATABASE_EVIDENCE
Baufen,08-115,LL 74T,стъклод-л 28,4,4,0.0,0.0,,Ал. профил студ,,,90,,0.0,0.0,0.0,аксесоар,,DATABASE_EVIDENCE
Baufen,08102,LL,Ст-тел с-пакет,4,4,0.0,0.0,,,,,90,,0.0,0.0,0.0,аксесоар,,DATABASE_EVIDENCE
Baufen,08105,,стъклодържател,4,4,0.0,0.0,,Ал. профил студ,,,90,,0.0,0.0,0.0,аксесоар,,DATABASE_EVIDENCE
Baufen,08109,LL,Стъклодържател,4,4,0.0,0.0,,,,,90,,0.0,0.0,0.0,аксесоар,,DATABASE_EVIDENCE
Baufen,1001,Baufen,Стъклодържател 24mm,4,4,0.0,0.0,,PVC Профили,,,45,,0.0,0.0,0.0,аксесоар,,DATABASE_EVIDENCE
Baufen,1007,Baufen,стъкл-л 24мм,4,4,0.0,0.0,,PVC Профили,,,90,,0.0,0.0,0.0,аксесоар,,DATABASE_EVIDENCE
Baufen,1013,Baufen,Сглобка Maxima,4,4,0.0,0.0,,,,,90,,0.0,0.0,0.0,аксесоар,,DATABASE_EVIDENCE
Baufen,1016,Baufen,PVC подложка Maxima,4,4,0.0,0.0,,,,,90,,0.0,0.0,0.0,аксесоар,,DATABASE_EVIDENCE
Baufen,1019,Baufen,Кап.Летящ дел,4,4,0.0,0.0,,,,,90,,0.0,0.0,0.0,аксесоар,,DATABASE_EVIDENCE
Baufen,1103,Baufen,стъкл-л 32мм Maxima,4,4,0.0,0.0,,PVC Профили,,,90,,0.0,0.0,0.0,аксесоар,,DATABASE_EVIDENCE
Baufen,1105,Baufen,стъкл-л 44мм Maxima,4,4,0.0,0.0,,PVC Профили,,,90,,0.0,0.0,0.0,аксесоар,,DATABASE_EVIDENCE
Baufen,1201,Baufen,Хънтър 20mm,4,4,0.0,0.0,,PVC Профили,,,90,,0.0,0.0,0.0,аксесоар,,DATABASE_EVIDENCE
Baufen,1215,Baufen,ППД 150mm ,4,4,0.0,0.0,,PVC Профили,,,90,,0.0,0.0,0.0,аксесоар,,DATABASE_EVIDENCE
Baufen,1225,Baufen,Капачка ППД,4,4,0.0,0.0,,Аксесоари,,,90,,0.0,0.0,0.0,аксесоар,,DATABASE_EVIDENCE
Baufen,1230,Baufen,ал. праг 60мм,4,4,0.0,0.0,,Ал. профил студ,,,90,,0.0,0.0,0.0,аксесоар,,DATABASE_EVIDENCE
Baufen,1231,Baufen,капачки за 1230,4,4,0.0,0.0,,Аксесоари,,,90,,0.0,0.0,0.0,аксесоар,,DATABASE_EVIDENCE
Baufen,1232,Baufen,капачки за 1240,4,4,0.0,0.0,,Аксесоари,,,90,,0.0,0.0,0.0,аксесоар,,DATABASE_EVIDENCE
Baufen,1240,Baufen,ал. праг,4,4,0.0,0.0,,Ал. профил студ,,,90,,0.0,0.0,0.0,аксесоар,,DATABASE_EVIDENCE
Baufen,1241,Baufen,Хънтър 24 mm,4,4,0.0,0.0,,PVC Профили,,,90,,0.0,0.0,0.0,аксесоар,,DATABASE_EVIDENCE
Baufen,1254,LL,комарник,4,4,0.0,0.0,,Ал. профил студ,,,90,,0.0,0.0,0.0,аксесоар,,DATABASE_EVIDENCE
Baufen,13-134-050,LL,ал. релса,4,4,0.0,0.0,,Аксесоари,,,90,,0.0,0.0,0.0,аксесоар,,DATABASE_EVIDENCE
Baufen,1557,LL,стъклод - л,4,4,0.0,0.0,,Ал. профил студ,,,90,,0.0,0.0,0.0,аксесоар,,DATABASE_EVIDENCE
Baufen,1558,LL,Стъклодържател ст-т,4,4,0.0,0.0,,Ал. профил студ,,,90,,0.0,0.0,0.0,аксесоар,,DATABASE_EVIDENCE
Baufen,1601,Baufen,колона90 Maxima,4,4,0.0,0.0,,PVC Maxima,,,90,,0.0,0.0,0.0,аксесоар,,DATABASE_EVIDENCE
Baufen,1609,LL,затваряч,4,4,0.0,0.0,,Ал. профил студ,,,90,,0.0,0.0,0.0,аксесоар,,DATABASE_EVIDENCE
Baufen,1614,LL,насрещен,4,4,0.0,0.0,,Ал. профил студ,,,90,,0.0,0.0,0.0,аксесоар,,DATABASE_EVIDENCE
Baufen,1701,Baufen,удължител Maxima,4,4,0.0,0.0,,PVC Maxima,,,90,,0.0,0.0,0.0,аксесоар,,DATABASE_EVIDENCE
Baufen,23x28mm,Baufen,Армировка,4,4,0.0,0.0,,Армировка,,,90,,0.0,0.0,0.0,аксесоар,,DATABASE_EVIDENCE
Baufen,28x27mm,Baufen,Армировка,4,4,0.0,0.0,,Армировка,,,90,,0.0,0.0,0.0,аксесоар,,DATABASE_EVIDENCE
Baufen,30x45mm,Baufen,Армировка,4,4,0.0,0.0,,Армировка,,,90,,0.0,0.0,0.0,аксесоар,,DATABASE_EVIDENCE
Baufen,35x20x1.5 mm,Baufen,Армировка Maxima,4,4,0.0,0.0,,,,,90,,0.0,0.0,0.0,аксесоар,,DATABASE_EVIDENCE
Baufen,35x27.5x1.5 mm,Baufen,Армировка Maxima,4,4,0.0,0.0,,,,,90,,0.0,0.0,0.0,аксесоар,,DATABASE_EVIDENCE
Baufen,40-501,LL,Летящ делител,4,4,0.0,0.0,,Ал. профил студ,,,90,,0.0,0.0,0.0,аксесоар,,DATABASE_EVIDENCE
Baufen,4017,Baufen,усилител врата Max,4,4,0.0,0.0,,Армировка,,,90,,0.0,0.0,0.0,аксесоар,,DATABASE_EVIDENCE
Baufen,45Т-502,LL,затварящ профил,4,4,0.0,0.0,,Ал. профил студ,,,90,,0.0,0.0,0.0,аксесоар,,DATABASE_EVIDENCE
Baufen,45T-503,LL,насрещен профил,4,4,0.0,0.0,,Ал. профил студ,,,90,,0.0,0.0,0.0,аксесоар,,DATABASE_EVIDENCE
Baufen,51LS-401,,стъклод. затварящ,4,4,0.0,0.0,,Ал. профил студ,,,90,,0.0,0.0,0.0,аксесоар,,DATABASE_EVIDENCE
Baufen,51LS-413,,стъклод страничен,4,4,0.0,0.0,,Ал. профил студ,,,90,,0.0,0.0,0.0,аксесоар,,DATABASE_EVIDENCE
Baufen,51LS-501,LL,затварящ профил,4,4,0.0,0.0,,Ал. профил студ,,,90,,0.0,0.0,0.0,аксесоар,,DATABASE_EVIDENCE
Baufen,51LS-503,51LS,насрещeн профил 51LS,4,4,0.0,0.0,,Ал. проф. термо,,,90,,0.0,0.0,0.0,аксесоар,,DATABASE_EVIDENCE
Baufen,60-405,LL,праг,4,4,0.0,0.0,,Ал. проф. термо,,,90,,0.0,0.0,0.0,аксесоар,,DATABASE_EVIDENCE
Baufen,60-501,LL,летящ делител,4,4,0.0,0.0,,Ал. проф. термо,,,90,,0.0,0.0,0.0,аксесоар,,DATABASE_EVIDENCE
Baufen,6601,Baufen,Летящ делител,4,4,0.0,0.0,,PVC Профили,,,90,,0.0,0.0,0.0,аксесоар,,DATABASE_EVIDENCE
Baufen,6701,Baufen,Тръба,4,4,0.0,0.0,,PVC Профили,,,90,,0.0,0.0,0.0,аксесоар,,DATABASE_EVIDENCE
Baufen,6801,Baufen,Адаптор,4,4,0.0,0.0,,PVC Профили,,,90,,0.0,0.0,0.0,аксесоар,,DATABASE_EVIDENCE
Baufen,6901,Baufen,Присъединителен пр.,4,4,0.0,0.0,,PVC Профили,,,90,,0.0,0.0,0.0,аксесоар,,DATABASE_EVIDENCE
Baufen,74T-501,LL 74T,лет. кемпфер,4,4,0.0,0.0,,Ал. проф. термо,,,90,,0.0,0.0,0.0,аксесоар,,DATABASE_EVIDENCE
Baufen,7601,Baufen,лет. кемпфер,4,4,0.0,0.0,,PVC Профили,,,90,,0.0,0.0,0.0,аксесоар,,DATABASE_EVIDENCE
Baufen,7701,Baufen,тръба Ф70,4,4,0.0,0.0,,PVC Профили,,,90,,0.0,0.0,0.0,аксесоар,,DATABASE_EVIDENCE
Baufen,7801,Baufen,адаптор,4,4,0.0,0.0,,PVC Профили,,,90,,0.0,0.0,0.0,аксесоар,,DATABASE_EVIDENCE
Baufen,8000,Baufen,монтажен профил,4,4,0.0,0.0,,,,,90,,0.0,0.0,0.0,аксесоар,,DATABASE_EVIDENCE
Baufen,84T-501,84ТН,лет. кемпфер 84Т,4,4,0.0,0.0,,Ал. проф. термо,,,90,,0.0,0.0,0.0,аксесоар,,DATABASE_EVIDENCE
Baufen,8601,Baufen,Летящ делител,4,4,0.0,0.0,,PVC Профили,,,90,,0.0,0.0,0.0,аксесоар,,DATABASE_EVIDENCE
Baufen,Брава FINA 35E,LL,Брава FINA 35E,4,4,0.0,0.0,,Аксесоари,,,90,,0.0,0.0,0.0,аксесоар,,DATABASE_EVIDENCE
Baufen,Брава ICSA 35E,LL,Брава ICSA 35мм език,4,4,0.0,0.0,,Аксесоари,,,90,,0.0,0.0,0.0,аксесоар,,DATABASE_EVIDENCE
Baufen,Брава с мартина,Baufen,,4,4,0.0,0.0,,Аксесоари,,,90,,0.0,0.0,0.0,аксесоар,,DATABASE_EVIDENCE
Baufen,Дръжка  SKALA,LL,"Дръжка ""SKALA""",4,4,0.0,0.0,,Аксесоари,,,90,,0.0,0.0,0.0,аксесоар,,DATABASE_EVIDENCE
Baufen,Дръжка  X302,LL,Дръжка  X302,4,4,0.0,0.0,,Аксесоари,,,90,,0.0,0.0,0.0,аксесоар,,DATABASE_EVIDENCE
Baufen,дръжка прозорец,Bultem,дръжка PVC,4,4,0.0,0.0,,Аксесоари,,,90,,0.0,0.0,0.0,аксесоар,,DATABASE_EVIDENCE
Baufen,Винт-Делител,,Винт-Делител,4,4,0.0,0.0,,,,,90,,0.0,0.0,0.0,аксесоар,,DATABASE_EVIDENCE
Baufen,Винт-Метал,,Винт за коване,4,4,0.0,0.0,,,,,90,,0.0,0.0,0.0,аксесоар,,DATABASE_EVIDENCE
Baufen,Винт-Монтаж,,Винт-Монтаж,4,4,0.0,0.0,,,,,90,,0.0,0.0,0.0,аксесоар,,DATABASE_EVIDENCE
Baufen,ЕМ45-11,LL,PVC за каса,4,4,0.0,0.0,,PVC Профили,,,90,,0.0,0.0,0.0,аксесоар,,DATABASE_EVIDENCE
Baufen,ЕМ45-12,LL,PVC затварящ профил,4,4,0.0,0.0,,PVC Профили,,,90,,0.0,0.0,0.0,аксесоар,,DATABASE_EVIDENCE
Baufen,Голямо габи,LL,Голямо габи,4,4,0.0,0.0,,Аксесоари,,,90,,0.0,0.0,0.0,аксесоар,,DATABASE_EVIDENCE
Baufen,AL перваз 125,Bultem,ППД алум. 125мм,4,4,0.0,0.0,,Ал. профил студ,,,90,,0.0,0.0,0.0,аксесоар,,DATABASE_EVIDENCE
Baufen,Al перваз 200,Bultem,,4,4,0.0,0.0,,Ал. профил студ,,,90,,0.0,0.0,0.0,аксесоар,,DATABASE_EVIDENCE
Baufen,AL перваз 300,Bultem,,4,4,0.0,0.0,,Ал. профил студ,,,90,,0.0,0.0,0.0,аксесоар,,DATABASE_EVIDENCE
Baufen,AL перваз175,Bultem,ППД алум. 175мм,4,4,0.0,0.0,,Ал. профил студ,,,90,,0.0,0.0,0.0,аксесоар,,DATABASE_EVIDENCE
Baufen,ALперваз 250,Bultem,ППД алум. 250мм,4,4,0.0,0.0,,Ал. профил студ,,,90,,0.0,0.0,0.0,аксесоар,,DATABASE_EVIDENCE
Baufen,CC-103-04.6,,сгл. крило 74Т,4,4,0.0,0.0,,Аксесоари,,,90,,0.0,0.0,0.0,аксесоар,,DATABASE_EVIDENCE
Baufen,"CC-103-09,6",,сгл.каса 74Т,4,4,0.0,0.0,,Аксесоари,,,90,,0.0,0.0,0.0,аксесоар,,DATABASE_EVIDENCE
Baufen,CC-103-23,,сгл каса 74Т,4,4,0.0,0.0,,Аксесоари,,,90,,0.0,0.0,0.0,аксесоар,,DATABASE_EVIDENCE
Baufen,CC-110-30.1,,сгл.крило периметрик,4,4,0.0,0.0,,Аксесоари,,,90,,0.0,0.0,0.0,аксесоар,,DATABASE_EVIDENCE
Baufen,CC-113-04.5,,сгл. врата 74Т,4,4,0.0,0.0,,Аксесоари,,,90,,0.0,0.0,0.0,аксесоар,,DATABASE_EVIDENCE
Baufen,CC-113-31.0,,сгл. врата 74Т,4,4,0.0,0.0,,Аксесоари,,,90,,0.0,0.0,0.0,аксесоар,,DATABASE_EVIDENCE
Baufen,CC-901-22.7,,сгл. делител 51LS,4,4,0.0,0.0,,,,,90,,0.0,0.0,0.0,аксесоар,,DATABASE_EVIDENCE
Baufen,CC-902-22.7,,сгл. делител2  51LS ,4,4,0.0,0.0,,,,,90,,0.0,0.0,0.0,аксесоар,,DATABASE_EVIDENCE
Baufen,CC101-17.3,LL,сглобка каса малка,4,4,0.0,0.0,,Аксесоари,,,90,,0.0,0.0,0.0,аксесоар,,DATABASE_EVIDENCE
Baufen,CC101-73.6,,сглобка каса голяма,4,4,0.0,0.0,,Аксесоари,,,90,,0.0,0.0,0.0,аксесоар,,DATABASE_EVIDENCE
Baufen,CC104-09.0,LL,сглобка крило1,4,4,0.0,0.0,,Аксесоари,,,90,,0.0,0.0,0.0,аксесоар,,DATABASE_EVIDENCE
Baufen,CC104-11.4,LL,сглобка крило2,4,4,0.0,0.0,,Аксесоари,,,90,,0.0,0.0,0.0,аксесоар,,DATABASE_EVIDENCE
Baufen,Dr Hann,Bultem,панти Dr Hann,4,4,0.0,0.0,,Аксесоари,,,90,,0.0,0.0,0.0,аксесоар,,DATABASE_EVIDENCE
Baufen,КА 7600,LL,Кликлок,4,4,0.0,0.0,,Аксесоари,,,90,,0.0,0.0,0.0,аксесоар,,DATABASE_EVIDENCE
Baufen,Кап.Летящ дел,Baufen,комплект,4,4,0.0,0.0,,Аксесоари,,,90,,0.0,0.0,0.0,аксесоар,,DATABASE_EVIDENCE
Baufen,Израв. положка,,Изравнителна положка,4,4,0.0,0.0,,,,,90,,0.0,0.0,0.0,аксесоар,,DATABASE_EVIDENCE
Baufen,Колона 90 Мах,Baufen,,4,4,0.0,0.0,,,,,90,,0.0,0.0,0.0,аксесоар,,DATABASE_EVIDENCE
Baufen,Колона 90 ПВЦ,Baufen,,4,4,0.0,0.0,,PVC Профили,,,90,,0.0,0.0,0.0,аксесоар,,DATABASE_EVIDENCE
Baufen,EM 51LS -102A,LL,полиамид каса1,4,4,0.0,0.0,,Аксесоари,,,90,,0.0,0.0,0.0,аксесоар,,DATABASE_EVIDENCE
Baufen,EM 51LS-102B,LL,полиамид каса 2,4,4,0.0,0.0,,Аксесоари,,,90,,0.0,0.0,0.0,аксесоар,,DATABASE_EVIDENCE
Baufen,EM 51LS200,LL,центриращ профил,4,4,0.0,0.0,,Ал. профил студ,,,90,,0.0,0.0,0.0,аксесоар,,DATABASE_EVIDENCE
Baufen,EM3-03,LL,уплътн.крило,4,4,0.0,0.0,,Аксесоари,,,90,,0.0,0.0,0.0,аксесоар,,DATABASE_EVIDENCE
Baufen,EM40-01,LL,уплътнител,4,4,0.0,0.0,,,,,90,,0.0,0.0,0.0,аксесоар,,DATABASE_EVIDENCE
Baufen,EM40-501,LL,капачка лет. кемпфер,4,4,0.0,0.0,,Аксесоари,,,90,,0.0,0.0,0.0,аксесоар,,DATABASE_EVIDENCE
Baufen,EM45-02,LL,четка за плъзгане,4,4,0.0,0.0,,Аксесоари,,,90,,0.0,0.0,0.0,аксесоар,,DATABASE_EVIDENCE
Baufen,EM45-11,LL,PVC за каса,4,4,0.0,0.0,,PVC Профили,,,90,,0.0,0.0,0.0,аксесоар,,DATABASE_EVIDENCE
Baufen,EM45-12,LL,PVC затварящ,4,4,0.0,0.0,,PVC Профили,,,90,,0.0,0.0,0.0,аксесоар,,DATABASE_EVIDENCE
Baufen,EM45-14,LL,PVC насрещен профил,4,4,0.0,0.0,,PVC Профили,,,90,,0.0,0.0,0.0,аксесоар,,DATABASE_EVIDENCE
Baufen,EM51LS-005,LL,Стопер,4,4,0.0,0.0,,Аксесоари,,,90,,0.0,0.0,0.0,аксесоар,,DATABASE_EVIDENCE
Baufen,EM51LS-02,,уплътн. затваряч,4,4,0.0,0.0,,,,,90,,0.0,0.0,0.0,аксесоар,,DATABASE_EVIDENCE
Baufen,EM51LS-03,LL,уплътн. хоризонтално,4,4,0.0,0.0,,,,,90,,0.0,0.0,0.0,аксесоар,,DATABASE_EVIDENCE
Baufen,EM51LS-07,LL,стабилизиращи тапи,4,4,0.0,0.0,,Аксесоари,,,90,,0.0,0.0,0.0,аксесоар,,DATABASE_EVIDENCE
Baufen,EM51LS-250,LL,евроканал за обков,4,4,0.0,0.0,,Аксесоари,,,90,,0.0,0.0,0.0,аксесоар,,DATABASE_EVIDENCE
Baufen,EM51LS-501A,LL,полиамид затваряч,4,4,0.0,0.0,,Аксесоари,,,90,,0.0,0.0,0.0,аксесоар,,DATABASE_EVIDENCE
Baufen,EM51LS-501B,LL,тапа към полиамид,4,4,0.0,0.0,,Аксесоари,,,90,,0.0,0.0,0.0,аксесоар,,DATABASE_EVIDENCE
Baufen,EM51LS201,LL,тапи затваряч к-т,4,4,0.0,0.0,,Аксесоари,,,90,,0.0,0.0,0.0,аксесоар,,DATABASE_EVIDENCE
Baufen,EM5401,LL,уплътнител,4,4,0.0,0.0,,,,,90,,0.0,0.0,0.0,аксесоар,,DATABASE_EVIDENCE
Baufen,EM60-501,LL,тапи за обръщач,4,4,0.0,0.0,,,,,90,,0.0,0.0,0.0,аксесоар,,DATABASE_EVIDENCE
Baufen,EM70LS-03,LL,уплътн. странично,4,4,0.0,0.0,,,,,90,,0.0,0.0,0.0,аксесоар,,DATABASE_EVIDENCE
Baufen,EM74-01,74Т,упл. централен,4,4,0.0,0.0,,Аксесоари,,,90,,0.0,0.0,0.0,аксесоар,,DATABASE_EVIDENCE
Baufen,EM84-01A,84TH,упл. централен,4,4,0.0,0.0,,Аксесоари,,,90,,0.0,0.0,0.0,аксесоар,,DATABASE_EVIDENCE
Baufen,EM84-01B,84TH,упл. централен2,4,4,0.0,0.0,,Аксесоари,,,90,,0.0,0.0,0.0,аксесоар,,DATABASE_EVIDENCE
Baufen,Fuji2000,LL,,4,4,0.0,0.0,,Аксесоари,,,90,,0.0,0.0,0.0,аксесоар,,DATABASE_EVIDENCE
Baufen,наср брава PVC,Bultem,,4,4,0.0,0.0,,Аксесоари,,,90,,0.0,0.0,0.0,аксесоар,,DATABASE_EVIDENCE
Baufen,наср.брава AL,Bultem,насрещник,4,4,0.0,0.0,,Аксесоари,,,90,,0.0,0.0,0.0,аксесоар,,DATABASE_EVIDENCE
Baufen,патрон 68 мм,,патрон за брава,4,4,0.0,0.0,,Аксесоари,,,90,,0.0,0.0,0.0,аксесоар,,DATABASE_EVIDENCE
Baufen,патрон 83 мм,,,4,4,0.0,0.0,,Аксесоари,,,90,,0.0,0.0,0.0,аксесоар,,DATABASE_EVIDENCE
Baufen,Преход90 AL 40C,LL,,4,4,0.0,0.0,,Ал. профил студ,,,90,,0.0,0.0,0.0,аксесоар,,DATABASE_EVIDENCE
Baufen,Преход90 термо,LL,,4,4,0.0,0.0,,Ал. профил студ,,,90,,0.0,0.0,0.0,аксесоар,,DATABASE_EVIDENCE
Baufen,Пластина,,Степенчата пластина,4,4,0.0,0.0,,,,,90,,0.0,0.0,0.0,аксесоар,,DATABASE_EVIDENCE
Baufen,МО 44 2650,LL,МО 2650,4,4,0.0,0.0,,Аксесоари,,,90,,0.0,0.0,0.0,аксесоар,,DATABASE_EVIDENCE
Baufen,ППД 1220,Baufen,ППД 200mm бяла,4,4,0.0,0.0,,PVC Профили,,,90,,0.0,0.0,0.0,аксесоар,,DATABASE_EVIDENCE
Baufen,Монтажна Пяна,Soudal,Монтажна Пяна,4,4,0.0,0.0,,Аксесоари,,,90,,0.0,0.0,0.0,аксесоар,,DATABASE_EVIDENCE
Baufen,LC 1141,LL,сглобка каса,4,4,0.0,0.0,,Аксесоари,,,90,,0.0,0.0,0.0,аксесоар,,DATABASE_EVIDENCE
Baufen,LS дръжка,,,4,4,0.0,0.0,,,,,90,,0.0,0.0,0.0,аксесоар,,DATABASE_EVIDENCE
Baufen,LS механизъм,,,4,4,0.0,0.0,,Аксесоари,,,90,,0.0,0.0,0.0,аксесоар,,DATABASE_EVIDENCE
Baufen,M 10 панти,Bultem,панти,4,4,0.0,0.0,,Аксесоари,,,90,,0.0,0.0,0.0,аксесоар,,DATABASE_EVIDENCE
Baufen,MO11-1327,LL,сглобка проз. термо,4,4,0.0,0.0,,Аксесоари,,,90,,0.0,0.0,0.0,аксесоар,,DATABASE_EVIDENCE
Baufen,MO11-23196,LL,сглобка каса термо,4,4,0.0,0.0,,Аксесоари,,,90,,0.0,0.0,0.0,аксесоар,,DATABASE_EVIDENCE
Baufen,MO11-4327,LL,сглобка врата термо,4,4,0.0,0.0,,Аксесоари,,,90,,0.0,0.0,0.0,аксесоар,,DATABASE_EVIDENCE
Baufen,MO20,LL,ъгъл пластмасов,4,4,0.0,0.0,,Аксесоари,,,90,,0.0,0.0,0.0,аксесоар,,DATABASE_EVIDENCE
Baufen,MO60,LL,гума,4,4,0.0,0.0,,,,,90,,0.0,0.0,0.0,аксесоар,,DATABASE_EVIDENCE
Baufen,MO68,LL,гума,4,4,0.0,0.0,,,,,90,,0.0,0.0,0.0,аксесоар,,DATABASE_EVIDENCE
Baufen,MS 01.01,LL,ролка,4,4,0.0,0.0,,Аксесоари,,,90,,0.0,0.0,0.0,аксесоар,,DATABASE_EVIDENCE
Baufen,MS 03.30,LL,стопер,4,4,0.0,0.0,,Аксесоари,,,90,,0.0,0.0,0.0,аксесоар,,DATABASE_EVIDENCE
Baufen,MS 04.01,LL,,4,4,0.0,0.0,,Аксесоари,,,90,,0.0,0.0,0.0,аксесоар,,DATABASE_EVIDENCE
Baufen,MS 05,LL,MS 05,4,4,0.0,0.0,,Аксесоари,,,90,,0.0,0.0,0.0,аксесоар,,DATABASE_EVIDENCE
Baufen,MS 903,LL,капачка,4,4,0.0,0.0,,Аксесоари,,,90,,0.0,0.0,0.0,аксесоар,,DATABASE_EVIDENCE
Baufen,Сглобка делител,Baufen,Сглобка делител,4,4,0.0,0.0,,Аксесоари,,,90,,0.0,0.0,0.0,аксесоар,,DATABASE_EVIDENCE
Baufen,Сюрме FAPIM2215,LL,Сюрме  FAPIM2215,4,4,0.0,0.0,,Аксесоари,,,90,,0.0,0.0,0.0,аксесоар,,DATABASE_EVIDENCE
Baufen,Сюрме SS 100,LL,Сюрме скрито SS 100,4,4,0.0,0.0,,Аксесоари,,,90,,0.0,0.0,0.0,аксесоар,,DATABASE_EVIDENCE
Baufen,Ф40,Baufen,Армировка,4,4,0.0,0.0,,Армировка,,,90,,0.0,0.0,0.0,аксесоар,,DATABASE_EVIDENCE
Baufen,P-1,LL,упл. набивно,4,4,0.0,0.0,,,,,90,,0.0,0.0,0.0,аксесоар,,DATABASE_EVIDENCE
Baufen,PB7,,четка  №7,4,4,0.0,0.0,,Аксесоари,,,90,,0.0,0.0,0.0,аксесоар,,DATABASE_EVIDENCE
Baufen,Ъг преход Maxim,Baufen,,4,4,0.0,0.0,,,,,90,,0.0,0.0,0.0,аксесоар,,DATABASE_EVIDENCE
Baufen,Шпанолет ACCESS,LL,Шпанолет ACCESS,4,4,0.0,0.0,,Аксесоари,,,90,,0.0,0.0,0.0,аксесоар,,DATABASE_EVIDENCE
Profilink16,1100000040,PROFILINK,Декоративен профил 100 x 3 БЕЗ ЗАЩИТНО ФОЛИО [WT -,4,4,0.0,0.0,56630888131.0,,,,90,,0.0,0.0,,Аксесоар,,DATABASE_EVIDENCE
Profilink16,1100000041,PROFILINK,Декоративен профил 50 x 3 БЕЗ ЗАЩИТНО ФОЛИО [WT -,4,4,0.0,0.0,59620648188.0,,,,90,,0.0,0.0,,Аксесоар,,DATABASE_EVIDENCE
Profilink16,1100000042,PROFILINK,Декоративен профил 30 x 3 БЕЗ ЗАЩИТНО ФОЛИО [WT -,4,4,0.0,0.0,3630308385.0,,,,90,,0.0,0.0,,Аксесоар,,DATABASE_EVIDENCE
Profilink16,1220000021,PROFILINK,Удължител 70 x 24 БЕЗ ЗАЩИТНО ФОЛИО 70 [WT - 9003],4,4,0.0,0.0,33362368314.0,PVC профили,,,90,,0.0,0.0,,Аксесоар,,DATABASE_EVIDENCE
Profilink16,1220000022,PROFILINK,Адаптор 70 x 28 БЕЗ ЗАЩИТНО ФОЛИО 70 [WT - 9003] (,4,4,0.0,0.0,64342678812.0,PVC профили,,,90,,0.0,0.0,,Аксесоар,,DATABASE_EVIDENCE
Profilink16,1220000023,PROFILINK,Тръба 70 x 70 БЕЗ ЗАЩИТНО ФОЛИО 70 [WT - 9003] (6.,4,4,0.0,0.0,67322238072.0,PVC профили,,,90,,0.0,0.0,,Аксесоар,,DATABASE_EVIDENCE
Profilink16,1220000032,PROFILINK,Адаптор 60 x 27 БЕЗ ЗАЩИТНО ФОЛИО 60 [WT - 9003] (,4,4,0.0,0.0,89052358250.0,PVC ПРОФИЛИ,,,90,,0.0,0.0,,Аксесоар,,DATABASE_EVIDENCE
Profilink16,1220000033,PROFILINK,Тръба 59 x 59 БЕЗ ЗАЩИТНО ФОЛИО 60 [WT - 9003] (6.,4,4,0.0,0.0,28082418346.0,PVC ПРОФИЛИ,,,90,,0.0,0.0,,Аксесоар,,DATABASE_EVIDENCE
Profilink16,1220000050,PROFILINK,Адаптор 70 x 20 БЕЗ ЗАЩИТНО ФОЛИО 73 [WT - 9003] (,4,4,0.0,0.0,36482328388.0,,,,90,,0.0,0.0,,Аксесоар,,DATABASE_EVIDENCE
Profilink16,1220000075,PROFILINK,Г-профил 100 x 60 БЕЗ ЗАЩИТНО ФОЛИО [WT - 9003] (6,4,4,0.0,0.0,62862598675.0,,,,90,,0.0,0.0,,Аксесоар,,DATABASE_EVIDENCE
Profilink16,1220000076,PROFILINK,Г-профил 80 x 60 БЕЗ ЗАЩИТНО ФОЛИО [WT - 9003] (6,4,4,0.0,0.0,17862458172.0,,,,90,,0.0,0.0,,Аксесоар,,DATABASE_EVIDENCE
Profilink16,1220000077,PROFILINK,Удължител 70 x 43 С БЯЛО ЗАЩИТНО ФОЛИО 70 [WT - 90,4,4,0.0,0.0,25832098686.0,PVC профили,,,90,,0.0,0.0,,Аксесоар,,DATABASE_EVIDENCE
Profilink16,1220000078,PROFILINK,Удължител 60 x 34 С БЯЛО ЗАЩИТНО ФОЛИО 60 [WT - 90,4,4,0.0,0.0,28852998864.0,PVC ПРОФИЛИ,,,90,,0.0,0.0,,Аксесоар,,DATABASE_EVIDENCE
Profilink16,1220000099,PROFILINK,Frame 82x73 PROFILINK 82 WT-9003 PCE BK 6.5M,1,1,46.0,0.0,232748393.0,PVC ПРОФИЛИ,,,45,,0.0,0.0,0.0,Каса,Frame,DATABASE_EVIDENCE
Profilink16,1220000101,PROFILINK,Sash 82x85 PROFILINK 82 WT-9003 PCE BK 6.5M,2,2,38.0,20.0,15622488165.0,PVC ПРОФИЛИ,,,45,,0.0,0.0,0.0,Крило,Wing,DATABASE_EVIDENCE
Profilink16,1220000103,PROFILINK,Mullion 82x96 PROFILINK 82 WT-9003 PCE ЧЕРНО 6.5M,3,3,42.0,27.0,69662898668.0,PVC ПРОФИЛИ,,,45,,0.0,0.0,0.0,Делител,,DATABASE_EVIDENCE
Profilink16,1220000105,PROFILINK,Overhung 85x78 PL82 WT PCE Ч,4,5,0.0,0.0,48682518665.0,PVC ПРОФИЛИ,,,90,,0.0,0.0,0.0,Летящ делител,,DATABASE_EVIDENCE
Profilink16,1220000107,PROFILINK,Sash DZ 93x120 PROFILINK 82 WT-9003 PCE BK 6.5,2,2,73.0,20.0,90662758261.0,PVC ПРОФИЛИ,,,45,,0.0,0.0,0.0,Крило,Wing,DATABASE_EVIDENCE
Profilink16,1220000110,PROFILINK,Adaptor 82x36 NO PF 82 WT-9003 6.5M,4,4,0.0,0.0,20372448647.0,PVC ПРОФИЛИ,,,90,,0.0,0.0,,Аксесоар,,DATABASE_EVIDENCE
Profilink16,130000049,PROFILINK,Sash DZ 70 x 105 Z70,2,2,84.0,21.0,8470110699.0,PVC ПРОФИЛИ,,,90,,105.0,70.0,,Крило,Wing,DATABASE_EVIDENCE
Profilink16,1320000244,PROFILINK,ППД 150 x 40 ПРОФИЛИНК [CR] White (6.5 М),4,13,0.0,0.0,55862238217.0,,,,90,,0.0,0.0,,Подпрозоречна дъска,,DATABASE_EVIDENCE
Profilink16,1320000249,PROFILINK,ППД 200 x 40 ПРОФИЛИНК [CR] White (6.5 М),4,13,0.0,0.0,18852728785.0,,,,90,,0.0,0.0,,Подпрозоречна дъска,,DATABASE_EVIDENCE
Profilink16,1320000254,PROFILINK,ППД 250 x 40 ПРОФИЛИНК [CR] White (6.5 М),4,13,0.0,0.0,90512428813.0,,,,90,,0.0,0.0,,Подпрозоречна дъска,,DATABASE_EVIDENCE
Profilink16,1320000259,PROFILINK,ППД 308 x 40 ПРОФИЛИНК [CR] White (6.5 М),4,13,0.0,0.0,62512738783.0,,,,90,,0.0,0.0,,Подпрозоречна дъска,,DATABASE_EVIDENCE
Profilink16,1320000263,PROFILINK,ППД 400 x 40 ПРОФИЛИНК [CR] White (6.5 М),4,13,0.0,0.0,5242878515.0,,,,90,,0.0,0.0,,Подпрозоречна дъска,,DATABASE_EVIDENCE
Profilink16,1330000000,PROFILINK,Каса 70 x 62 Profilink Z70 [WT - 9003] CoEx (546 m,1,1,42.0,0.0,64353638170.0,PVC ПРОФИЛИ,,,90,,0.0,0.0,,Каса,Frame,DATABASE_EVIDENCE
Profilink16,1330000001,PROFILINK,Крило 70 x 75 Profilink Z70 [WT - 9003] CoEx (500.,2,2,35.0,20.0,63383508286.0,PVC ПРОФИЛИ,,,90,,0.0,0.0,,Крило,Wing,DATABASE_EVIDENCE
Profilink16,1330000002,PROFILINK,Крило 78 x 75 Profilink Z70 [WT - 9003] CoEx (429,2,2,35.0,20.0,15333838355.0,PVC ПРОФИЛИ,,,90,,0.0,0.0,,Крило,Wing,DATABASE_EVIDENCE
Profilink16,1330000003,PROFILINK,Делител 70 x 82 Profilink Z70 [WT - 9003] CoEx (6.,3,3,42.0,20.0,27303628174.0,PVC ПРОФИЛИ,,,90,,0.0,0.0,,Делител,,DATABASE_EVIDENCE
Profilink16,1330000004,PROFILINK,Летящ делител 74 x 64 white PF Z70 [WT - 9003] (6.,4,5,0.0,0.0,25323478551.0,,,,90,,0.0,0.0,,Летящ делител,,DATABASE_EVIDENCE
Profilink16,1330000011,PROFILINK,Каса 70 x 66 ПРОФИЛИНК 70 [WT - 9003] PCE Сиво CoE,1,1,46.0,0.0,86063688704.0,PVC ПРОФИЛИ,,,45,,0.0,0.0,,Каса,Frame,DATABASE_EVIDENCE
Profilink16,1330000012,PROFILINK,Каса Z 70 x 92 ПРОФИЛИНК 70 [WT - 9003] PCE Сиво (,1,1,37.0,35.0,58023428632.0,PVC Профили,,,45,,0.0,0.0,,Каса,Frame,DATABASE_EVIDENCE
Profilink16,1330000013,PROFILINK,Каса R 70 x 106 ПРОФИЛИНК 70 [WT - 9003] PCE Сиво,1,1,26.0,60.0,48093458138.0,PVC Профили,,,45,,0.0,0.0,,Каса,Frame,DATABASE_EVIDENCE
Profilink16,1330000014,PROFILINK,Крило 70 x 77 ПРОФИЛИНК 70 [WT - 9003] PCE Сиво Co,2,2,37.0,20.0,19033358343.0,PVC ПРОФИЛИ,,,45,,0.0,0.0,,Крило,Wing,DATABASE_EVIDENCE
Profilink16,1330000015,PROFILINK,Крило 80 x 77 ПРОФИЛИНК 70 [WT - 9003] PCE Сиво Co,2,2,37.0,20.0,77023058051.0,PVC ПРОФИЛИ,,,45,,0.0,0.0,,Крило,Wing,DATABASE_EVIDENCE
Profilink16,1330000016,PROFILINK,Делител 70 x 84 ПРОФИЛИНК 70 [WT - 9003] PCE Сиво,3,3,44.0,20.0,67023588116.0,PVC Профили,,,45,,0.0,0.0,,Делител,,DATABASE_EVIDENCE
Profilink16,1330000017,PROFILINK,Делител O 70 x 67 С БЯЛО ЗАЩИТНО ФОЛИО 70 [WT - 90,4,5,0.0,0.0,17083478885.0,PVC ПРОФИЛИ,,,90,,0.0,0.0,,Летящ делител,,DATABASE_EVIDENCE
Profilink16,1330000018,PROFILINK,Колона 80 x 80 С БЯЛО ЗАЩИТНО ФОЛИО 70 [WT] (6.5 М,4,15,0.0,0.0,63053158843.0,PVC ПРОФИЛИ,,,90,,0.0,0.0,,Колона,,DATABASE_EVIDENCE
Profilink16,1330000019,PROFILINK,Повдигащ профил 44 x 37 БЕЗ ЗАЩИТНО ФОЛИО 70 [CR],4,4,0.0,0.0,86013498172.0,,,,90,,0.0,0.0,,Аксесоар,,DATABASE_EVIDENCE
Profilink16,1330000020,PROFILINK,Свързващ профил 94 x 35 БЕЗ ЗАЩИТНО ФОЛИО 70 [WT -,4,4,0.0,0.0,61723228816.0,,,,90,,0.0,0.0,,Аксесоар,,DATABASE_EVIDENCE
Profilink16,1330000021,PROFILINK,Каса 60 x 65 ПРОФИЛИНК 60 [WT - 9003] PCE Сиво CoE,1,1,45.0,0.0,72763678669.0,PVC ПРОФИЛИ,,,45,,0.0,0.0,,Каса,Frame,DATABASE_EVIDENCE
Profilink16,1330000022,PROFILINK,Крило 60 x 77 ПРОФИЛИНК 60 [WT - 9003] PCE Сиво Co,2,2,37.0,20.0,36753168484.0,PVC ПРОФИЛИ,,,45,,0.0,0.0,,Крило,Wing,DATABASE_EVIDENCE
Profilink16,1330000023,PROFILINK,Делител 60 x 84 ПРОФИЛИНК 60 [WT - 9003] PCE Сиво,3,3,44.0,20.0,68793118362.0,PVC Профили,,,45,,0.0,0.0,,Делител,,DATABASE_EVIDENCE
Profilink16,1330000024,PROFILINK,Делител O 60 x 70 С БЯЛО ЗАЩИТНО ФОЛИО 60 [WT - 90,4,5,0.0,0.0,87773498266.0,PVC ПРОФИЛИ,,,90,,0.0,0.0,,Летящ делител,,DATABASE_EVIDENCE
Profilink16,1330000025,PROFILINK,Колона 70 x 70 С БЯЛО ЗАЩИТНО ФОЛИО 60 [WT - 9003],4,15,0.0,0.0,79763038675.0,PVC ПРОФИЛИ,,,90,,0.0,0.0,,Колона,,DATABASE_EVIDENCE
Profilink16,1330000026,PROFILINK,Стъклодържател 10 x 20 Z70 [WT - 9003] PCE Сиво (6,4,7,0.0,0.0,65783068273.0,PVC ПРОФИЛИ,,,45,,0.0,0.0,,Стъклодържател,,DATABASE_EVIDENCE
Profilink16,1330000027,PROFILINK,Стъклодържател 10 x 20 Z70 [WT - 9003] PCE Черно (,4,7,0.0,0.0,43753988157.0,PVC ПРОФИЛИ,,,45,,0.0,0.0,,Стъклодържател,,DATABASE_EVIDENCE
Profilink16,1330000028,PROFILINK,Стъклодържател 20 x 20 Z70 [WT - 9003] PCE Сиво (6,4,7,0.0,0.0,93753228461.0,PVC ПРОФИЛИ,,,45,,0.0,0.0,,Стъклодържател,,DATABASE_EVIDENCE
Profilink16,1330000029,PROFILINK,Стъклодържател 20 x 20 Z70 [WT - 9003] PCE Черно (,4,7,0.0,0.0,47763658349.0,PVC ПРОФИЛИ,,,45,,0.0,0.0,,Стъклодържател,,DATABASE_EVIDENCE
Profilink16,1330000030,PROFILINK,Стъклодържател 26 x 20 Z70 [WT - 9003] PCE Сиво (6,4,7,0.0,0.0,77423168424.0,PVC ПРОФИЛИ,,,45,,0.0,0.0,,Стъклодържател,,DATABASE_EVIDENCE
Profilink16,1330000031,PROFILINK,Стъклодържател 26 x 20 Z70 [WT - 9003] PCE Черно (,4,7,0.0,0.0,66443028544.0,PVC ПРОФИЛИ,,,45,,0.0,0.0,,Стъклодържател,,DATABASE_EVIDENCE
Profilink16,1330000033,PROFILINK,Стъклодържател 9 x 20 [WT - 9003] PCE Сиво (6.5 М),4,7,0.0,0.0,27423588845.0,,,,45,,0.0,0.0,,Стъклодържател,,DATABASE_EVIDENCE
Profilink16,1330000035,PROFILINK,Стъклодържател 15 x 20 [WT - 9003] PCE Сиво (6.5 М,4,7,0.0,0.0,24433418866.0,,,,45,,0.0,0.0,,Стъклодържател,,DATABASE_EVIDENCE
Profilink16,1330000036,PROFILINK,Стъклодържател 21 x 20 [WT - 9003] PCE Сиво (6.5 М,4,7,0.0,0.0,33433448564.0,,,,45,,0.0,0.0,,Стъклодържател,,DATABASE_EVIDENCE
Profilink16,1330000051,PROFILINK,Крило DZ 70 x 115 ПРОФИЛИНК 70 [WT - 9003] PCE Сив,2,2,75.0,20.0,67833488955.0,PVC Профили,,,45,,0.0,0.0,,Крило,Wing,DATABASE_EVIDENCE
Profilink16,1330000052,PROFILINK,Крило DT 70 x 115 ПРОФИЛИНК 70 [WT - 9003] PCE Сив,2,2,75.0,20.0,97843678726.0,PVC Профили,,,45,,0.0,0.0,,Крило,Wing,DATABASE_EVIDENCE
Profilink16,1330000053,PROFILINK,Крило B 60 x 95 ПРОФИЛИНК 60 [WT - 9003] PCE Сиво,2,2,55.0,20.0,57833618571.0,PVC ПРОФИЛИ,,,45,,0.0,0.0,,Крило,Wing,DATABASE_EVIDENCE
Profilink16,1330000054,PROFILINK,Крило DZ 60 x 115 ПРОФИЛИНК 60 [WT - 9003] PCE Сив,2,2,75.0,20.0,67873788787.0,PVC ПРОФИЛИ,,,45,,0.0,0.0,,Крило,Wing,DATABASE_EVIDENCE
Profilink16,1330000055,PROFILINK,Крило DT 60 x 115 ПРОФИЛИНК 60 [WT - 9003] PCE Сив,2,2,75.0,20.0,84883188617.0,PVC Профили,,,45,,0.0,0.0,,Крило,Wing,DATABASE_EVIDENCE
Profilink16,1330000056,PROFILINK,Каса S 73 x 54 ПРОФИЛИНК 73 [WT - 9003] (6.5 М),1,1,54.5,0.0,61873488387.0,PVC Профили,,,45,,54.5,0.0,,Каса,Frame,DATABASE_EVIDENCE
Profilink16,1330000057,PROFILINK,Каса SR 73 x 93 ПРОФИЛИНК 73 [WT - 9003] (6.5 М),1,1,53.5,40.0,84833148670.0,PVC Профили,,,90,,93.5,0.0,,Каса,Frame,DATABASE_EVIDENCE
Profilink16,1330000058,PROFILINK,Крило S 50 x 74 ПРОФИЛИНК 73 [WT - 9003] PCE Сиво,2,2,54.0,0.0,28823408348.0,PVC Профили,,,45,,0.0,0.0,,Крило,Wing,DATABASE_EVIDENCE
Profilink16,1330000059,PROFILINK,Крило S 50 x 85 ПРОФИЛИНК 73 [WT - 9003] PCE Сиво,2,2,65.0,0.0,84863118026.0,PVC Профили,,,45,,0.0,0.0,,Крило,Wing,DATABASE_EVIDENCE
Profilink16,1330000076,PROFILINK,Присъединителен профил H 10 x 15 БЕЗ ЗАЩИТНО ФОЛИО,4,17,0.0,0.0,75203908885.0,,,,90,,0.0,0.0,,Каси,,DATABASE_EVIDENCE
Profilink16,1330000078,PROFILINK,Завършващ профил 50 x 19 БЕЗ ЗАЩИТНО ФОЛИО [WT - 9,4,4,0.0,0.0,54293988487.0,,,,45,,0.0,0.0,,Аксесоар,,DATABASE_EVIDENCE
Profilink16,1330000088,PROFILINK,Glassbead 16x27 82 WT-9003 PCE BK6.5M,4,7,0.0,0.0,36933368515.0,,,,45,,0.0,0.0,,Стъклодържател,,DATABASE_EVIDENCE
Profilink16,1330000089,PROFILINK,Glassbead 36x27 82 WT-9003 PCE BK 6.5M,4,7,0.0,0.0,75943548196.0,,,,45,,0.0,0.0,,Стъклодържател,,DATABASE_EVIDENCE
Profilink16,1400000000,PROFILINK,Повдигащ профил 33 x 37 БЕЗ ЗАЩИТНО ФОЛИО 60 [CR],4,4,0.0,0.0,69960228825.0,,,,90,,0.0,0.0,,Аксесоар,,DATABASE_EVIDENCE
Profilink16,1400000001,PROFILINK,Каса 38 x 47 ПРОФИЛИНК 38 [WT] (6 М),1,1,25.2,0.0,83980238339.0,AL ПРОФИЛИ,,,45,,47.2,37.5,,Каса,Frame,DATABASE_EVIDENCE
Profilink16,311002,PROFILINK,Каса 48 x 77 ПРОФИЛИНК 38 [WT] (6 М),1,1,55.2,0.0,36577474630.0,AL ПРОФИЛИ,,,90,,77.2,37.5,0.0,Каса,Frame,DATABASE_EVIDENCE
Profilink16,1400000003,PROFILINK,Каса 38 x 57 ПРОФИЛИНК 38 [WT] (6 М),1,1,35.2,0.0,25980388454.0,AL ПРОФИЛИ,,,45,,57.2,37.5,,Каса,Frame,DATABASE_EVIDENCE
Profilink16,311004,PROFILINK,Крило 45 x 62 ПРОФИЛИНК 38 [WT] (6 М),2,2,22.9,17.5,70557224302.0,AL ПРОФИЛИ,,,45,,62.4,45.0,0.0,Крило,Wing,DATABASE_EVIDENCE
Profilink16,311005,PROFILINK,Крило DZ 45 x 94 ПРОФИЛИНК 38 [WT] (6 М),2,2,54.4,17.5,40567884321.0,AL ПРОФИЛИ,,,45,,93.9,45.0,0.0,Крило,Wing,DATABASE_EVIDENCE
Profilink16,311006,PROFILINK,Крило DT 45 x 94 ПРОФИЛИНК 38 [WT] (6 М),2,2,54.4,17.5,77527824119.0,AL ПРОФИЛИ,,,45,,93.9,45.0,0.0,Крило,Wing,DATABASE_EVIDENCE
Profilink16,311007,PROFILINK,Делител 38 x 76 ПРОФИЛИНК 38 [WT] (6 М),3,3,32.0,22.0,51557524123.0,AL ПРОФИЛИ,,,45,,76.0,37.5,0.0,Делител,,DATABASE_EVIDENCE
Profilink16,311009,PROFILINK,Делител O 41 x 61 ПРОФИЛИНК 38 [WT] (6 М),4,5,0.0,0.0,46527104651.0,AL ПРОФИЛИ,,,90,,0.0,0.0,0.0,Летящ делител,,DATABASE_EVIDENCE
Profilink16,392016,PROFILINK,Тръба 40 x 40 ПРОФИЛИНК 38 [WT] (6 М),4,4,0.0,0.0,53518834067.0,AL ПРОФИЛИ,,,90,,0.0,0.0,0.0,Аксесоар,,DATABASE_EVIDENCE
Profilink16,392014,PROFILINK,Адаптор 37 x 16 ПРОФИЛИНК 38 [WT] (6 М),4,4,0.0,0.0,97538684958.0,AL ПРОФИЛИ,,,90,,0.0,0.0,0.0,Аксесоар,,DATABASE_EVIDENCE
Profilink16,710031,FLUXIS,Brush,4,0,0.0,0.0,12720348501.0,FLUXIS,,,90,,0.0,0.0,0.0,UNKNOWN,,DATABASE_EVIDENCE
Profilink16,311008,PROFILINK,Табла 38 х 130 ПРОФИЛИНК 38 [WT] (6 М),3,3,86.0,22.0,14537754187.0,AL ПРОФИЛИ,,,90,,130.0,37.5,0.0,Делител,,DATABASE_EVIDENCE
Profilink16,392015,PROFILINK,Колона 39 x 39 ПРОФИЛИНК 38 [WT] (6 М),4,4,0.0,0.0,68588554484.0,AL ПРОФИЛИ,,,90,,0.0,0.0,0.0,Аксесоар,,DATABASE_EVIDENCE
Profilink16,1400000020,PROFILINK,Присъединителен профил 19 x 14 ПРОФИЛИНК 38 [WT] (,4,8,0.0,0.0,43360778604.0,AL ПРОФИЛИ,,,90,,0.0,0.0,,Обков,,DATABASE_EVIDENCE
Profilink16,1400000021,PROFILINK,Ригла 19 x 4 ПРОФИЛИНК 38 [WT] (6 М),4,4,0.0,0.0,35340548810.0,AL ПРОФИЛИ,,,90,,0.0,0.0,,Аксесоар,,DATABASE_EVIDENCE
Profilink16,1400000022,PROFILINK,Ригла 19 x 4 ПРОФИЛИНК 38 [BN] (6 М),4,4,0.0,0.0,13360368117.0,AL ПРОФИЛИ,,,90,,0.0,0.0,,Аксесоар,,DATABASE_EVIDENCE
Profilink16,1400000023,PROFILINK,Перваз 44 x 50 ПРОФИЛИНК 38 [WT] (6 М),4,4,0.0,0.0,15340548195.0,AL ПРОФИЛИ,,,90,,0.0,0.0,,Аксесоар,,DATABASE_EVIDENCE
Profilink16,311010,PROFILINK,Завършващ профил DZ 43 x 33 ПРОФИЛИНК 38 [WT] (6 М,4,4,0.0,0.0,44297364358.0,AL ПРОФИЛИ,,,90,,0.0,0.0,0.0,Аксесоар,,DATABASE_EVIDENCE
Profilink16,1400000025,PROFILINK,Капачка алуминиева 56x40 PL73 RAL 9016 (6.5 M),4,10,0.0,0.0,57380218578.0,PVC ПРОФИЛИ,,,90,,0.0,0.0,,Капачки,,DATABASE_EVIDENCE
Profilink16,1400000026,PROFILINK,Релса алуминиева 8x12 Профилинк 73,4,4,0.0,0.0,90360838664.0,PVC профили,,,90,,0.0,0.0,,Аксесоар,,DATABASE_EVIDENCE
Profilink16,1400000028,PROFILINK,Свързващ профил алуминиев 56x40 Профилинк 73 [WT -,4,17,0.0,0.0,41360208018.0,PVC ПРОФИЛИ,,,90,,0.0,0.0,,Каси,,DATABASE_EVIDENCE
Profilink16,1400000029,PROFILINK,Свързващ профил алуминиев 56x40 Профилинк 73 [BN -,4,17,0.0,0.0,56380358421.0,PVC ПРОФИЛИ,,,90,,0.0,0.0,,Каси,,DATABASE_EVIDENCE
Profilink16,320001,PROFILINK,Каса 45 x 38 ПРОФИЛИНК 38 [WT] (6 М),1,1,38.0,0.0,48526524699.0,AL ПРОФИЛИ,,,45,,0.0,0.0,0.0,Каса,Frame,DATABASE_EVIDENCE
Profilink16,320000,PROFILINK,Каса 43 x 38 ПРОФИЛИНК 38 [WT] (6 М),1,1,38.0,0.0,13516344245.0,AL ПРОФИЛИ,,,45,,0.0,0.0,0.0,Каса,Frame,DATABASE_EVIDENCE
Profilink16,320003,PROFILINK,Крило 28 x 61 ПРОФИЛИНК 38 [WT] (6 М),2,2,46.4,14.6,84506414647.0,AL ПРОФИЛИ,,,45,,61.0,45.0,0.0,Крило,Wing,DATABASE_EVIDENCE
Profilink16,320005,PROFILINK,Делител 28 x 61 ПРОФИЛИНК 38 [WT] (6 М),3,3,61.0,22.0,99516734133.0,AL ПРОФИЛИ,,,45,,0.0,28.0,0.0,Делител,,DATABASE_EVIDENCE
Profilink16,1400000034,PROFILINK,Адаптор 29 x 17 ПРОФИЛИНК 38 [WT] (6 М),4,4,0.0,0.0,15010488699.0,AL Профили,,,90,,0.0,0.0,,Аксесоар,,DATABASE_EVIDENCE
Profilink16,320006,PROFILINK,Насрещен профил 16 x 20 ПРОФИЛИНК 38 [WT] (6 М),4,4,0.0,0.0,79576784155.0,AL ПРОФИЛИ,,,90,,0.0,0.0,0.0,Аксесоар,,DATABASE_EVIDENCE
Profilink16,320007,PROFILINK,Капачка Крило 31 x 34 ПРОФИЛИНК 38 [WT] (6 М),4,4,0.0,0.0,81536254327.0,AL ПРОФИЛИ,,,90,,0.0,0.0,0.0,Аксесоар,,DATABASE_EVIDENCE
Profilink16,1400000039,PROFILINK,Усилител (2040) 50 x 35.5 [1.5mm],4,6,0.0,0.0,20020688692.0,,,,90,,0.0,0.0,,Армировка,,DATABASE_EVIDENCE
Profilink16,1400000040,PROFILINK,Усилител (2041) 50 x 35.5 [2mm],4,6,0.0,0.0,15720898794.0,,,,90,,0.0,0.0,,Армировка,,DATABASE_EVIDENCE
Profilink16,1400000041,PROFILINK,Усилител (2143) 42 x 15 [1.5mm],4,6,0.0,0.0,48700148540.0,,,,90,,0.0,0.0,,Армировка,,DATABASE_EVIDENCE
Profilink16,1400000042,PROFILINK,Усилител (2142) 42 x 15 [2mm],4,6,0.0,0.0,81720648244.0,,,,90,,0.0,0.0,,Армировка,,DATABASE_EVIDENCE
Profilink16,1400000043,PROFILINK,Усилител 36 x 42 [2 mm] (2808),4,6,0.0,0.0,76780118432.0,УСИЛИТЕЛИ,,,90,,0.0,0.0,,Армировка,,DATABASE_EVIDENCE
Profilink16,1400000044,PROFILINK,Reinforcement 35x19 2mm,4,6,0.0,0.0,76710138207.0,,,,90,,0.0,0.0,,Армировка,,DATABASE_EVIDENCE
Profilink16,1400000045,PROFILINK,Reinforcement 34x26 1.5mm,4,6,0.0,0.0,66770528704.0,,,,90,,0.0,0.0,,Армировка,,DATABASE_EVIDENCE
Profilink16,1400000046,PROFILINK,Усилител 34 x 26 [1.5 mm] (2769),4,6,0.0,0.0,41720858533.0,УСИЛИТЕЛИ,,,90,,0.0,0.0,,Армировка,,DATABASE_EVIDENCE
Profilink16,1400000047,PROFILINK,Усилител 34 x 23 [1.5 mm] (2771),4,6,0.0,0.0,85770188741.0,УСИЛИТЕЛИ,,,90,,0.0,0.0,,Армировка,,DATABASE_EVIDENCE
Profilink16,1400000049,PROFILINK,Усилител (2203) 33 x 25 [1.5mm],4,6,0.0,0.0,66760988335.0,,,,90,,0.0,0.0,,Армировка,,DATABASE_EVIDENCE
Profilink16,1400000050,PROFILINK,Усилител (2202) 33 x 25 [2mm],4,6,0.0,0.0,62450118152.0,,,,90,,0.0,0.0,,Армировка,,DATABASE_EVIDENCE
Profilink16,1400000051,PROFILINK,Усилител (2080) 33 x 25 [1.2mm],4,6,0.0,0.0,68410678719.0,,,,90,,0.0,0.0,,Армировка,,DATABASE_EVIDENCE
Profilink16,1400000052,PROFILINK,Усилител (2030) 33 x 25 [1.5mm],4,6,0.0,0.0,16460628761.0,,,,90,,0.0,0.0,,Армировка,,DATABASE_EVIDENCE
Profilink16,1400000053,PROFILINK,Усилител (2213) 33.8 x 35 [1.5mm],4,6,0.0,0.0,93430558414.0,,,,90,,0.0,0.0,,Армировка,,DATABASE_EVIDENCE
Profilink16,1400000054,PROFILINK,Усилител (2212) 33.8 x 35 [2mm],4,6,0.0,0.0,82400788711.0,,,,90,,0.0,0.0,,Армировка,,DATABASE_EVIDENCE
Profilink16,1400000055,PROFILINK,Усилител (206) 33.5 x 23 [1.2mm],4,6,0.0,0.0,22440208088.0,,,,90,,0.0,0.0,,Армировка,,DATABASE_EVIDENCE
Profilink16,1400000056,PROFILINK,Усилител (2010) 33.5 x 23 [1.5mm],4,6,0.0,0.0,75490788788.0,,,,90,,0.0,0.0,,Армировка,,DATABASE_EVIDENCE
Profilink16,1400000057,PROFILINK,Усилител (219) 27 x 15.8 [1.2mm] / Profilink каса,4,6,0.0,0.0,25470728647.0,,,,90,,0.0,0.0,,Армировка,,DATABASE_EVIDENCE
Profilink16,1400000058,PROFILINK,Reinforcement 35x28x8 1.5mm,4,6,0.0,0.0,75480458294.0,,,,90,,0.0,0.0,,Армировка,,DATABASE_EVIDENCE
Profilink16,1400000059,PROFILINK,Reinforcement 35x28x8 2mm,4,6,0.0,0.0,38490528685.0,,,,90,,0.0,0.0,,Армировка,,DATABASE_EVIDENCE
Profilink16,301.051.0174.133,PROFILINK,Дръжка AL Sliding 38 [WT],4,9,0.0,0.0,32053694150.0,AL ПРОФИЛИ,,,90,,0.0,0.0,,Дръжка,,DATABASE_EVIDENCE
Profilink16,301.051.0175.133,PROFILINK,Дръжка AL Sliding 38 [BK],4,9,0.0,0.0,79773874552.0,AL ПРОФИЛИ,,,90,,0.0,0.0,,Дръжка,,DATABASE_EVIDENCE
Profilink16,301.051.0187.133,PROFILINK,Дръжка външна за комарник [WT],4,9,0.0,0.0,79874484528.0,AL ПРОФИЛИ,,,90,,0.0,0.0,,Дръжка,,DATABASE_EVIDENCE
Profilink16,301.051.0188.133,PROFILINK,Дръжка външна за комарник [BN],4,9,0.0,0.0,47534634916.0,AL ПРОФИЛИ,,,90,,0.0,0.0,,Дръжка,,DATABASE_EVIDENCE
Profilink16,301.051.0189.133,PROFILINK,Дръжка вътрешна за комарник [WT],4,9,0.0,0.0,13294124069.0,AL ПРОФИЛИ,,,90,,0.0,0.0,,Дръжка,,DATABASE_EVIDENCE
Profilink16,301.051.0190.133,PROFILINK,Дръжка вътрешна за комарник [BN],4,9,0.0,0.0,14685714142.0,AL ПРОФИЛИ,,,90,,0.0,0.0,,Дръжка,,DATABASE_EVIDENCE
Profilink16,301.052.0152.133,PROFILINK,Брава REZE 35x85,4,12,0.0,0.0,22942595199.0,,,,90,,0.0,0.0,,Брава,,DATABASE_EVIDENCE
Profilink16,301.052.0200.133,PROFILINK,Брава ролкова REZE 35x86x10,4,12,0.0,0.0,15717526275.0,,,,90,,0.0,0.0,,Брава,,DATABASE_EVIDENCE
Profilink16,301.052.0215.133,PROFILINK,Брава REZE LUX 35x85,4,12,0.0,0.0,46988356842.0,,,,90,,0.0,0.0,,Брава,,DATABASE_EVIDENCE
Profilink16,301.053.0154.133,PROFILINK,Патрон 68мм,4,4,0.0,0.0,67083526743.0,,,,90,,0.0,0.0,,Аксесоар,,DATABASE_EVIDENCE
Profilink16,301.053.0191.133,PROFILINK,Патрон WC SAMEX DZ 68,4,4,0.0,0.0,51737866242.0,AL Профили,,,90,,0.0,0.0,,Аксесоар,,DATABASE_EVIDENCE
Profilink16,301.053.0192.133,PROFILINK,Патрон WC SAMEX DT 68,4,4,0.0,0.0,50417486617.0,AL Профили,,,90,,0.0,0.0,,Аксесоар,,DATABASE_EVIDENCE
Profilink16,301.054.0164.133,PROFILINK,Кит за дръжка прозорец,4,4,0.0,0.0,1495307784.0,AL Профили,,,90,,0.0,0.0,,Аксесоар,,DATABASE_EVIDENCE
Profilink16,301.055.0165.133,PROFILINK,Панта двойна [WT],4,4,0.0,0.0,66826108752.0,,,,90,,0.0,0.0,,Аксесоар,,DATABASE_EVIDENCE
Profilink16,301.055.0166.133,PROFILINK,Панта двойна [BK],4,4,0.0,0.0,14526478171.0,AL Профили,,,90,,0.0,0.0,,Аксесоар,,DATABASE_EVIDENCE
Profilink16,301.055.0185.133,PROFILINK,Панта комарник [WT],4,4,0.0,0.0,20288198510.0,AL Профили,,,90,,0.0,0.0,,Аксесоар,,DATABASE_EVIDENCE
Profilink16,301.055.0186.133,PROFILINK,Панта комарник [BN],4,4,0.0,0.0,3988038241.0,AL Профили,,,90,,0.0,0.0,,Аксесоар,,DATABASE_EVIDENCE
Profilink16,301.056.0167.133,PROFILINK,Сюрме 140 [WT],4,4,0.0,0.0,68977639411.0,AL Профили,,,90,,0.0,0.0,,Аксесоар,,DATABASE_EVIDENCE
Profilink16,301.056.0168.133,PROFILINK,Сюрме 140 [BK],4,4,0.0,0.0,39687339121.0,AL Профили,,,90,,0.0,0.0,,Аксесоар,,DATABASE_EVIDENCE
Profilink16,301.056.0169.133,PROFILINK,Сюрме 220 [WT],4,4,0.0,0.0,53317669226.0,,,,90,,0.0,0.0,,Аксесоар,,DATABASE_EVIDENCE
Profilink16,301.056.0170.133,PROFILINK,Сюрме 220 [BK],4,4,0.0,0.0,81738559397.0,AL Профили,,,90,,0.0,0.0,,Аксесоар,,DATABASE_EVIDENCE
Profilink16,301.057.0171.133,PROFILINK,Ножица MO 1000,4,4,0.0,0.0,3119100928.0,AL Профили,,,90,,0.0,0.0,,Аксесоар,,DATABASE_EVIDENCE
Profilink16,301.058.0172.133,PROFILINK,Ключалка падащо крило [WT],4,4,0.0,0.0,64570411478.0,AL Профили,,,90,,0.0,0.0,,Аксесоар,,DATABASE_EVIDENCE
Profilink16,301.058.0173.133,PROFILINK,Ключалка падащо крило [BK],4,4,0.0,0.0,5230261933.0,AL Профили,,,90,,0.0,0.0,,Аксесоар,,DATABASE_EVIDENCE
Profilink16,301.058.0176.133,PROFILINK,Ключалка тип Клик лок [WT],4,4,0.0,0.0,2380851478.0,,,,90,,0.0,0.0,,Аксесоар,,DATABASE_EVIDENCE
Profilink16,301.058.0177.133,PROFILINK,Ключалка тип Клик лок [BK],4,4,0.0,0.0,16070511788.0,AL Профили,,,90,,0.0,0.0,,Аксесоар,,DATABASE_EVIDENCE
Profilink16,301.058.0183.133,,Ключалка комарник [WT 9010],4,4,0.0,0.0,56951021459.0,AL Профили,,,90,,0.0,0.0,,Аксесоар,,DATABASE_EVIDENCE
Profilink16,301.058.0184.133,PROFILINK,Ключалка комарник [BN],4,4,0.0,0.0,86641701164.0,AL Профили,,,90,,0.0,0.0,,Аксесоар,,DATABASE_EVIDENCE
Profilink16,301.059.0180.133,PROFILINK,Буфер MS0330,4,4,0.0,0.0,85522112799.0,,,,90,,0.0,0.0,,Аксесоар,,DATABASE_EVIDENCE
Profilink16,301.061.0207.187,PROFILINK,Противокомарна мрежа 0.8м,4,4,0.0,0.0,47156845945.0,AL Профили,,,90,,0.0,0.0,,Аксесоар,,DATABASE_EVIDENCE
Profilink16,301.061.0208.187,PROFILINK,Противокомарна мрежа 1.2м,4,4,0.0,0.0,25816835397.0,AL Профили,,,90,,0.0,0.0,,Аксесоар,,DATABASE_EVIDENCE
Profilink16,302.002.0002.133,PROFILINK,Капачка декоративна 35x13 [WT],4,4,0.0,0.0,74988354736.0,,,,90,,0.0,0.0,,Аксесоар,,DATABASE_EVIDENCE
Profilink16,302.030.0018.133,PROFILINK,Пяна лятна,4,4,0.0,0.0,87597222776.0,,,,90,,0.0,0.0,,Аксесоар,,DATABASE_EVIDENCE
Profilink16,302.030.0019.133,PROFILINK,Пяна зимна,4,4,0.0,0.0,34217392986.0,,,,90,,0.0,0.0,,Аксесоар,,DATABASE_EVIDENCE
Profilink16,302.035.0005.214,PROFILINK,Винт самопробивен 3.9х16,4,4,0.0,0.0,36581247499.0,PVC ПРОФИЛИ,,,90,,0.0,0.0,,Аксесоар,,DATABASE_EVIDENCE
Profilink16,310.001.0019.100,PROFILINK,Усилител (2160) 33.5x16.5 [1.2mm],4,6,0.0,0.0,75046833364.0,,,,90,,0.0,0.0,,Армировка,,DATABASE_EVIDENCE
Profilink16,310.001.0028.100,PROFILINK,Усилител 36 x 42 [1.5 mm] (2802),4,6,0.0,0.0,36087383524.0,УСИЛИТЕЛИ,,,90,,0.0,0.0,,Армировка,,DATABASE_EVIDENCE
Profilink16,390000,AL Orbis,Glazing bead 24x8,4,0,0.0,0.0,12406854955.0,AL Orbis,,,90,,0.0,0.0,0.0,UNKNOWN,,DATABASE_EVIDENCE
Profilink16,390001,AL Orbis,Glazing bead 24x12,4,0,0.0,0.0,18456054979.0,AL Orbis,,,90,,0.0,0.0,0.0,UNKNOWN,,DATABASE_EVIDENCE
Profilink16,390002,AL Orbis,Glazing bead 24x16,4,0,0.0,0.0,58466594164.0,AL Orbis,,,90,,0.0,0.0,0.0,UNKNOWN,,DATABASE_EVIDENCE
Profilink16,390003,AL Orbis,Glazing bead 24x20,4,0,0.0,0.0,71456384567.0,AL Orbis,,,90,,0.0,0.0,0.0,UNKNOWN,,DATABASE_EVIDENCE
Profilink16,390004,AL Orbis,Glazing bead 24x24,4,0,0.0,0.0,42406414357.0,AL Orbis,,,90,,0.0,0.0,0.0,UNKNOWN,,DATABASE_EVIDENCE
Profilink16,390005,AL Orbis,Glazing bead 24x28,4,0,0.0,0.0,99486244343.0,AL Orbis,,,90,,0.0,0.0,0.0,UNKNOWN,,DATABASE_EVIDENCE
Profilink16,390006,AL Orbis,Glazing bead 24x32,4,0,0.0,0.0,42436364358.0,AL Orbis,,,90,,0.0,0.0,0.0,UNKNOWN,,DATABASE_EVIDENCE
Profilink16,390007,AL Orbis,Glazing bead 24x36,4,0,0.0,0.0,58466324813.0,AL Orbis,,,90,,0.0,0.0,0.0,UNKNOWN,,DATABASE_EVIDENCE
Profilink16,390008,AL Orbis,Glazing bead 24x40,4,0,0.0,0.0,49476254280.0,AL Orbis,,,90,,0.0,0.0,0.0,UNKNOWN,,DATABASE_EVIDENCE
Profilink16,392000,FLUXIS,+drip profile,4,0,0.0,0.0,47848014736.0,FLUXIS,,,90,,0.0,0.0,0.0,UNKNOWN,,DATABASE_EVIDENCE
Profilink16,1400000060,PROFILINK,Усилител 34 x 26 x 8 [1.5 mm] (2770),4,6,0.0,0.0,72190218356.0,УСИЛИТЕЛИ,,,90,,0.0,0.0,,Армировка,,DATABASE_EVIDENCE
Profilink16,1400000062,PROFILINK,Усилваща шина (2303) 30 x 19 [3mm],4,6,0.0,0.0,96170368865.0,,,,90,,0.0,0.0,,Армировка,,DATABASE_EVIDENCE
Profilink16,1400000066,PROFILINK,Уплътнение 301 [BK - 9005],4,4,0.0,0.0,74170178186.0,,,,90,,0.0,0.0,,Аксесоар,,DATABASE_EVIDENCE
Profilink16,1400000068,PROFILINK,Уплътнение 302 [BK - 9005],4,4,0.0,0.0,79180348444.0,,,,90,,0.0,0.0,,Аксесоар,,DATABASE_EVIDENCE
Profilink16,1400000069,PROFILINK,Уплътнение EPDM D [BK - 9005] (1 m),4,4,0.0,0.0,16130338351.0,,,,90,,0.0,0.0,,Аксесоар,,DATABASE_EVIDENCE
Profilink16,1400000070,PROFILINK,Уплътнение EPDM S [BK - 9005] (1 m),4,5,0.0,0.0,53860328859.0,,,,90,,0.0,0.0,,Летящ делител,,DATABASE_EVIDENCE
Profilink16,800023,PROFILINK,Уплътнение ХМО 60 [BK - 9005],4,4,0.0,0.0,62081169162.0,AL ПРОФИЛИ,,,90,,0.0,0.0,0.0,Аксесоар,,DATABASE_EVIDENCE
Profilink16,800018,PROFILINK,Уплътнение ХМО 68 [BK - 9005],4,4,0.0,0.0,44381129701.0,AL ПРОФИЛИ,,,90,,0.0,0.0,0.0,Аксесоар,,DATABASE_EVIDENCE
Profilink16,1400000075,PROFILINK,Уплътнение Набивно 1 [BK - 9005],4,4,0.0,0.0,65800618607.0,AL ПРОФИЛИ,,,90,,0.0,0.0,0.0,Аксесоар,,DATABASE_EVIDENCE
Profilink16,1400000076,PROFILINK,Уплътнение Набивно 1.5 [BK - 9005],4,4,0.0,0.0,75890578111.0,Al профили,,,90,,0.0,0.0,,Аксесоар,,DATABASE_EVIDENCE
Profilink16,1400000077,PROFILINK,Уплътнение Набивно 2 [BK - 9005],4,4,0.0,0.0,52860328533.0,Al профили,,,90,,0.0,0.0,,Аксесоар,,DATABASE_EVIDENCE
Profilink16,1400000078,PROFILINK,Уплътнение Набивно 2.5 [BK - 9005],4,4,0.0,0.0,88810658924.0,Al профили,,,90,,0.0,0.0,,Аксесоар,,DATABASE_EVIDENCE
Profilink16,1400000081,PROFILINK,Капачка алуминиевa за делител 19x88 (6.5 m),4,5,0.0,0.0,94570158591.0,PVC ПРОФИЛИ,,,90,,0.0,0.0,,Летящ делител,,DATABASE_EVIDENCE
Profilink16,1400000082,PROFILINK,Капачка алуминиевa за каса 11x66 (6.5 m),4,5,0.0,0.0,71530738825.0,PVC ПРОФИЛИ,,,90,,0.0,0.0,,Летящ делител,,DATABASE_EVIDENCE
Profilink16,1400000083,PROFILINK,Kапачка алуминиева за крило 15x58 (6.5m),4,5,0.0,0.0,82570828604.0,PVC ПРОФИЛИ,,,90,,0.0,0.0,,Летящ делител,,DATABASE_EVIDENCE
Profilink16,1400000084,PROFILINK,Капачка алуминиевa за летящ делител 16x70 (6.5 m),4,5,0.0,0.0,51510628306.0,PVC ПРОФИЛИ,,,90,,0.0,0.0,,Летящ делител,,DATABASE_EVIDENCE
Profilink16,1400000085,PROFILINK,Капачка алуминиева за делител 15x88 (6.5 m),4,5,0.0,0.0,42510848358.0,PVC ПРОФИЛИ,,,90,,0.0,0.0,,Летящ делител,,DATABASE_EVIDENCE
Profilink16,1400000086,PROFILINK,Капачка външна част за летящ делител 64x23 Profili,4,4,0.0,0.0,29530258418.0,,,,90,,0.0,0.0,,Аксесоар,,DATABASE_EVIDENCE
Profilink16,1400000087,PROFILINK,Капачка външна част за летящ делител 64x23 Profili,4,4,0.0,0.0,9570668892.0,,,,90,,0.0,0.0,,Аксесоар,,DATABASE_EVIDENCE
Profilink16,1400000088,PROFILINK,Капачка външна част за летящ делител 64x23 Profili,4,4,0.0,0.0,69570418275.0,,,,90,,0.0,0.0,,Аксесоар,,DATABASE_EVIDENCE
Profilink16,1400000089,PROFILINK,Капачка декоративна 35x13 [WT - 9003],4,10,0.0,0.0,45580968284.0,PVC ПРОФИЛИ,,,90,,0.0,0.0,,Капачки,,DATABASE_EVIDENCE
Profilink16,1400000090,PROFILINK,Капачка декоративна 35x13 [BN - 8019],4,10,0.0,0.0,47260758194.0,,,,90,,0.0,0.0,,Капачки,,DATABASE_EVIDENCE
Profilink16,1400000093,PROFILINK,Капачка декоративна 48x25 Профилинк 73[WT - 9003],4,10,0.0,0.0,42250748339.0,PVC ПРОФИЛИ,,,90,,0.0,0.0,,Капачки,,DATABASE_EVIDENCE
Profilink16,1400000094,PROFILINK,Капачка декоративна 48x25 Профилинк 73[BN - 8019],4,10,0.0,0.0,72250828765.0,PVC ПРОФИЛИ,,,90,,0.0,0.0,,Капачки,,DATABASE_EVIDENCE
Profilink16,1400000097,PROFILINK,Капачка за алуминиев водобран Z70,4,10,0.0,0.0,34250328533.0,,,,90,,0.0,0.0,,Капачки,,DATABASE_EVIDENCE
Profilink16,1400000098,PROFILINK,Капачка за алуминиев праг 60mm,4,10,0.0,0.0,83210528108.0,,,,90,,0.0,0.0,,Капачки,,DATABASE_EVIDENCE
Profilink16,1400000102,PROFILINK,Капачка за комбиниран праг 70мм.,4,10,0.0,0.0,48650248323.0,,,,45,,0.0,0.0,,Капачки,,DATABASE_EVIDENCE
Profilink16,1400000103,PROFILINK,Капачка за делител O 63x70 Профилинк 60[WT - 9003],4,10,0.0,0.0,25620038361.0,,,,90,,0.0,0.0,,Капачки,,DATABASE_EVIDENCE
Profilink16,1400000104,PROFILINK,Капачка за делител O 63x70 Профилинк 60[BN - 8019],4,10,0.0,0.0,54680188571.0,,,,90,,0.0,0.0,,Капачки,,DATABASE_EVIDENCE
Profilink16,1400000105,PROFILINK,Капачка за делител O 71x39 Профилинк 70[WT - 9003],4,10,0.0,0.0,73620638837.0,,,,90,,0.0,0.0,,Капачки,,DATABASE_EVIDENCE
Profilink16,1400000106,PROFILINK,Капачка за делител O 71x39 Профилинк 70[BN - 8019],4,10,0.0,0.0,55650058279.0,,,,90,,0.0,0.0,,Капачки,,DATABASE_EVIDENCE
Profilink16,1400000110,PROFILINK,Капачка за ППД 316x43 [WT - 9003],4,14,0.0,0.0,57340948208.0,,,,90,,0.0,0.0,,Капачки за подпрозоречна дъска,,DATABASE_EVIDENCE
Profilink16,1400000111,PROFILINK,Капачка за ППД 316x43 [BN - 8014],4,14,0.0,0.0,65340268553.0,,,,90,,0.0,0.0,,Капачки за подпрозоречна дъска,,DATABASE_EVIDENCE
Profilink16,1400000113,PROFILINK,Капачка основа за летящ делител 55x39 Profilink Z7,4,4,0.0,0.0,77350898415.0,,,,90,,0.0,0.0,,Аксесоар,,DATABASE_EVIDENCE
Profilink16,1400000114,PROFILINK,Капачка основа за летящ делител 55x39 Profilink Z7,4,4,0.0,0.0,11320278222.0,,,,90,,0.0,0.0,,Аксесоар,,DATABASE_EVIDENCE
Profilink16,1400000115,PROFILINK,Капачка основа за летящ делител 55x39 Profilink Z7,4,4,0.0,0.0,96360658683.0,,,,90,,0.0,0.0,,Аксесоар,,DATABASE_EVIDENCE
Profilink16,1400000116,PROFILINK,Капачка отводнителна за алум. капачка Series Z [BK,4,4,0.0,0.0,73390748865.0,,,,90,,0.0,0.0,,Аксесоар,,DATABASE_EVIDENCE
Profilink16,1400000118,PROFILINK,Сглобка кемпферна 46x55 Профилинк 73,4,4,0.0,0.0,2390588347.0,PVC ПРОФИЛИ,,,90,,0.0,0.0,,Аксесоар,,DATABASE_EVIDENCE
Profilink16,1400000120,PROFILINK,Сглобка кемпферна 78x52 x 13 Profilink Z70,4,4,0.0,0.0,53010888666.0,,,,90,,0.0,0.0,,Аксесоар,,DATABASE_EVIDENCE
Profilink16,1400000121,PROFILINK,Сглобка кемпферна 78x52 x 33 Profilink Z70,4,4,0.0,0.0,1070238049.0,,,,90,,0.0,0.0,,Аксесоар,,DATABASE_EVIDENCE
Profilink16,1400000122,PROFILINK,Сглобка кемпферна 80x34 Профилинк 60,4,4,0.0,0.0,56010818742.0,,,,90,,0.0,0.0,,Аксесоар,,DATABASE_EVIDENCE
Profilink16,1400000123,PROFILINK,Сглобка кемпферна 80x40 Профилинк 70,4,4,0.0,0.0,25090418640.0,,,,90,,0.0,0.0,,Аксесоар,,DATABASE_EVIDENCE
Profilink16,1400000124,PROFILINK,Сглобка ъглова за врата,4,4,0.0,0.0,20080078738.0,,,,90,,0.0,0.0,0.0,Аксесоар,,DATABASE_EVIDENCE
Profilink16,710007,PROFILINK,Капачка делител О 41 x 61 [BK - 9005],4,10,0.0,0.0,7640588484.0,,,,90,,0.0,0.0,0.0,Капачки,,DATABASE_EVIDENCE
Profilink16,820024,PROFILINK,Капачка Декоративна AL Sliding 38 [BK - 9005],4,10,0.0,0.0,33451369498.0,AL ПРОФИЛИ,,,90,,0.0,0.0,0.0,Капачки,,DATABASE_EVIDENCE
Profilink16,710009,PROFILINK,Капачка за завършващ профил 43x33,4,10,0.0,0.0,45630748847.0,,,,90,,0.0,0.0,0.0,Капачки,,DATABASE_EVIDENCE
Profilink16,710010,PROFILINK,Сглобка MS 04.02,4,4,0.0,0.0,58330658824.0,AL ПРОФИЛИ,,,90,,0.0,0.0,0.0,Аксесоар,,DATABASE_EVIDENCE
Profilink16,710011,PROFILINK,Сглобка MS 04,4,4,0.0,0.0,45310708331.0,AL ПРОФИЛИ,,,90,,0.0,0.0,0.0,Аксесоар,,DATABASE_EVIDENCE
Profilink16,710012,PROFILINK,Сглобка FUJI 2000,4,4,0.0,0.0,31370378231.0,AL ПРОФИЛИ,,,90,,0.0,0.0,0.0,Аксесоар,,DATABASE_EVIDENCE
Profilink16,1400000132,PROFILINK,Сглобка AT 219,4,4,0.0,0.0,48750488056.0,Al профили,,,90,,0.0,0.0,,Аксесоар,,DATABASE_EVIDENCE
Profilink16,1400000133,PROFILINK,Сглобка P 100.1,4,4,0.0,0.0,7780788267.0,,,,90,,0.0,0.0,,Аксесоар,,DATABASE_EVIDENCE
Profilink16,1400000139,PROFILINK,Подложка за кемпферна сглобка 46мм,4,4,0.0,0.0,71750968976.0,,,,90,,0.0,0.0,,Аксесоар,,DATABASE_EVIDENCE
Profilink16,1400000140,PROFILINK,Подложка изравнителна 50мм,4,4,0.0,0.0,27460868484.0,PVC ПРОФИЛИ,,,90,,0.0,0.0,,Аксесоар,,DATABASE_EVIDENCE
Profilink16,1400000141,PROFILINK,Подложка специална 35 x 100 Профилинк 60,4,4,0.0,0.0,35440538581.0,,,,90,,0.0,0.0,,Аксесоар,,DATABASE_EVIDENCE
Profilink16,1400000142,PROFILINK,Подложка специална 40 x 100 Профилинк 70,4,4,0.0,0.0,94440588174.0,,,,90,,0.0,0.0,,Аксесоар,,DATABASE_EVIDENCE
Profilink16,1400000144,PROFILINK,Праг алуминиев,1,1,20.0,0.0,22450078566.0,AL Профили,,,45,,0.0,0.0,,Каса,Frame,DATABASE_EVIDENCE
Profilink16,1400000145,PROFILINK,Свързващ елемент 47x120 Профилинк 73[WT - 9003],4,4,0.0,0.0,32470098353.0,PVC ПРОФИЛИ,,,90,,0.0,0.0,,Аксесоар,,DATABASE_EVIDENCE
Profilink16,1400000146,PROFILINK,Свързващ елемент 47x120 Профилинк 73[BN - 8019],4,4,0.0,0.0,61450258755.0,PVC ПРОФИЛИ,,,90,,0.0,0.0,,Аксесоар,,DATABASE_EVIDENCE
Profilink16,1400000148,PROFILINK,Тапа за стопер 13x16 [WT - 9003],4,10,0.0,0.0,76450738759.0,PVC ПРОФИЛИ,,,90,,0.0,0.0,,Капачки,,DATABASE_EVIDENCE
Profilink16,1400000149,PROFILINK,Тапа за стопер 13x16 [BN - 8019],4,10,0.0,0.0,37450128384.0,PVC ПРОФИЛИ,,,90,,0.0,0.0,,Капачки,,DATABASE_EVIDENCE
Profilink16,1400000151,PROFILINK,Центриращ елемент 16x64 [WT - 9003],4,4,0.0,0.0,170768254.0,PVC ПРОФИЛИ,,,90,,0.0,0.0,,Аксесоар,,DATABASE_EVIDENCE
Profilink16,1400000152,PROFILINK,Четка 6.7x10 [GY - 7001],4,8,0.0,0.0,85160258767.0,,,,90,,0.0,0.0,,Обков,,DATABASE_EVIDENCE
Profilink16,1400000155,,Насрещник плъзгане ляв,4,9,0.0,0.0,83180718639.0,PVC ПРОФИЛИ,,,90,,0.0,0.0,0.0,Дръжка,,DATABASE_EVIDENCE
Profilink16,1400000156,PROFILINK,Насрещник плъзгане десен,4,5,0.0,0.0,44130288786.0,PVC ПРОФИЛИ,,,90,,0.0,0.0,0.0,Летящ делител,,DATABASE_EVIDENCE
Profilink16,1400000157,PROFILINK,"Мартина за плъзгане GVMC.600-2.D7,5.AHS",4,4,0.0,0.0,61130178311.0,WINKHAUS,,,90,,0.0,0.0,,Аксесоар,,DATABASE_EVIDENCE
Profilink16,1400000158,PROFILINK,"Мартина за плъзгане GVMC.1000-3.D7,5.AHS",4,4,0.0,0.0,25120838151.0,WINKHAUS,,,90,,0.0,0.0,,Аксесоар,,DATABASE_EVIDENCE
Profilink16,1400000159,PROFILINK,"Мартина за плъзгане GVMC.1800-4.D7,5.AHS",4,4,0.0,0.0,70100328728.0,WINKHAUS,,,90,,0.0,0.0,,Аксесоар,,DATABASE_EVIDENCE
Profilink16,1400000160,PROFILINK,"Мартина за плъзгане GVMCA.1600-3.D15,5",4,4,0.0,0.0,91840368957.0,,,,90,,0.0,0.0,,Аксесоар,,DATABASE_EVIDENCE
Profilink16,1400000162,PROFILINK,Количка регулируема за плъзгане LW.K.T.U.VST,4,4,0.0,0.0,71800118841.0,WINKHAUS,,,90,,0.0,0.0,,Аксесоар,,DATABASE_EVIDENCE
Profilink16,710051,PROFILINK,Ъгъл нивелиращ MO 19,4,4,0.0,0.0,37110068732.0,AL ПРОФИЛИ,,,90,,0.0,0.0,0.0,Аксесоар,,DATABASE_EVIDENCE
Profilink16,710019,PROFILINK,Ъгъл нивелиращ MO 19.1,4,4,0.0,0.0,76360558642.0,AL ПРОФИЛИ,,,90,,0.0,0.0,0.0,Аксесоар,,DATABASE_EVIDENCE
Profilink16,1400000166,PROFILINK,Стопер 26x16 Профилинк 73[WT - 9003],4,4,0.0,0.0,34860548214.0,PVC ПРОФИЛИ,,,90,,0.0,0.0,,Аксесоар,,DATABASE_EVIDENCE
Profilink16,1400000167,PROFILINK,Стопер 26x16 Профилинк 73[BN - 8019],4,4,0.0,0.0,60850868347.0,PVC ПРОФИЛИ,,,90,,0.0,0.0,,Аксесоар,,DATABASE_EVIDENCE
Profilink16,1400000169,PROFILINK,ППД 150 x 25 ПРОФИЛИНК [WT] (6.3 М),4,4,0.0,0.0,32880748215.0,AL ПРОФИЛИ,,,90,,0.0,0.0,,Аксесоар,,DATABASE_EVIDENCE
Profilink16,1400000170,PROFILINK,ППД 190 x 25 ПРОФИЛИНК [WT] (6.3 М),4,13,0.0,0.0,29550598405.0,AL ПРОФИЛИ,,,90,,0.0,0.0,,Подпрозоречна дъска,,DATABASE_EVIDENCE
Profilink16,1400000171,PROFILINK,ППД 250 x 25 ПРОФИЛИНК [WT] (6.3 М),4,13,0.0,0.0,93560728970.0,AL ПРОФИЛИ,,,90,,0.0,0.0,,Подпрозоречна дъска,,DATABASE_EVIDENCE
Profilink16,1400000172,PROFILINK,ППД 280 x 25 ПРОФИЛИНК [WT] (6.3 М),4,13,0.0,0.0,84560328856.0,AL ПРОФИЛИ,,,90,,0.0,0.0,,Подпрозоречна дъска,,DATABASE_EVIDENCE
Profilink16,1400000173,PROFILINK,Декоративен профил BAR 50 x 10 БЕЗ ЗАЩИТНО ФОЛИО [,4,4,0.0,0.0,85520168796.0,,,,90,,0.0,0.0,,Аксесоар,,DATABASE_EVIDENCE
Profilink16,1400000174,PROFILINK,Декоративен профил BAR 25 x 10 БЕЗ ЗАЩИТНО ФОЛИО [,4,4,0.0,0.0,57520338414.0,,,,90,,0.0,0.0,,Аксесоар,,DATABASE_EVIDENCE
Profilink16,1400000175,PROFILINK,Декоративен профил 80 x 6 БЕЗ ЗАЩИТНО ФОЛИО [WT -,4,4,0.0,0.0,25590288362.0,,,,90,,0.0,0.0,,Аксесоар,,DATABASE_EVIDENCE
Profilink16,1400000176,PROFILINK,Кутия 20 x 40 ПРОФИЛИНК [WT] (6 М),4,4,0.0,0.0,53580568674.0,AL Профили,,,90,,0.0,0.0,,Аксесоар,,DATABASE_EVIDENCE
Profilink16,1400000177,PROFILINK,Присъединителен профил 13 x 4 БЕЗ ЗАЩИТНО ФОЛИО [W,4,17,0.0,0.0,35560128520.0,,,,90,,0.0,0.0,,Каси,,DATABASE_EVIDENCE
Profilink16,1400000178,PROFILINK,Праг комбиниран 77 x 20 БЕЗ ЗАЩИТНО ФОЛИО (6 М),1,1,20.0,0.0,37540768004.0,AL ПРОФИЛИ,,,45,,0.0,0.0,,Каса,Frame,DATABASE_EVIDENCE
Profilink16,1400000238,PROFILINK,Kапачка алуминиева за крило врата DZ Series Z,4,5,0.0,0.0,57430738694.0,PVC ПРОФИЛИ,,,90,,0.0,0.0,,Летящ делител,,DATABASE_EVIDENCE
Profilink16,1400000239,PROFILINK,Усилител 34 x 26 [2 mm] (2787),4,6,0.0,0.0,42480618235.0,УСИЛИТЕЛИ,,,90,,0.0,0.0,,Армировка,,DATABASE_EVIDENCE
Profilink16,1400000240,PROFILINK,Усилител 34 x 26 x 8 [1.2 mm] (2788),4,6,0.0,0.0,90100708982.0,УСИЛИТЕЛИ,,,90,,0.0,0.0,,Армировка,,DATABASE_EVIDENCE
Profilink16,1400000241,PROFILINK,Усилител 34 x 23 [1.2 mm] (2789),4,6,0.0,0.0,78170188370.0,УСИЛИТЕЛИ,,,90,,0.0,0.0,,Армировка,,DATABASE_EVIDENCE
Profilink16,1400000257,PROFILINK,Cap outside p. for overhung 25x80 82 WT,4,10,0.0,0.0,49830548273.0,,,,90,,0.0,0.0,,Капачки,,DATABASE_EVIDENCE
Profilink16,1400000258,PROFILINK,Cap outside p. for overhung 25x80 82 BK,4,10,0.0,0.0,61840428634.0,,,,90,,0.0,0.0,0.0,Капачки,,DATABASE_EVIDENCE
Profilink16,1400000260,PROFILINK,Cap base for overhung 64x59 82 WT,4,10,0.0,0.0,27580188318.0,,,,90,,0.0,0.0,,Капачки,,DATABASE_EVIDENCE
Profilink16,1400000261,PROFILINK,Cap base for overhung 64x59 82 BK,4,5,0.0,0.0,47580268756.0,,,,90,,0.0,0.0,0.0,Летящ делител,,DATABASE_EVIDENCE
Profilink16,1400000262,PROFILINK,Connector for mullion 62x76 82,4,4,0.0,0.0,16560518333.0,,,,90,,0.0,0.0,,Аксесоар,,DATABASE_EVIDENCE
Profilink16,1400000265,PROFILINK,Gasket EPDM MD 82 BK,4,34,0.0,0.0,77510208307.0,,,,90,,0.0,0.0,0.0,Уплътнение,,DATABASE_EVIDENCE
Profilink16,1468318,WINKHAUS,LM-RG WS,4,8,0.0,0.0,64791278623.0,,,,90,,0.0,0.0,,Обков,,DATABASE_EVIDENCE
Profilink16,1468449,WINKHAUS,LM-RG WS,4,8,0.0,0.0,52542228450.0,,,,90,,0.0,0.0,,Обков,,DATABASE_EVIDENCE
Profilink16,1536448,WINKHAUS,Капачка долна панта,4,8,0.0,0.0,8719726279.0,,,,90,,0.0,0.0,,Обков,,DATABASE_EVIDENCE
Profilink16,1536465,WINKHAUS,Капачка долна панта,4,8,0.0,0.0,17159746440.0,,,,90,,0.0,0.0,,Обков,,DATABASE_EVIDENCE
Profilink16,1811067,WINKHAUS,GRT FSR SL,4,8,0.0,0.0,50573161533.0,WINKHAUS,,,90,,0.0,0.0,,Обков,,DATABASE_EVIDENCE
Profilink16,1898617,WINKHAUS,Долна панта крило Pr,4,8,0.0,0.0,61727228885.0,,,,90,,0.0,0.0,,Обков,,DATABASE_EVIDENCE
Profilink16,1934201,WINKHAUS,SP R SL,4,8,0.0,0.0,62917374127.0,WINKHAUS,,,90,,0.0,0.0,,Обков,,DATABASE_EVIDENCE
Profilink16,200000,AL Orbis,Frame 71x60,1,0,36.0,0.0,12445333477.0,AL Orbis,,,90,,0.0,0.0,0.0,UNKNOWN,,DATABASE_EVIDENCE
Profilink16,200001,AL Orbis,Casement PVC groove 75x75,2,0,31.5,20.0,31425733242.0,AL Orbis,,,90,,75.5,75.0,0.0,UNKNOWN,,DATABASE_EVIDENCE
Profilink16,200002,AL Orbis,Casement EURO groove 79x75,2,0,51.5,0.0,21465173177.0,AL Orbis,,,90,,0.0,0.0,0.0,UNKNOWN,,DATABASE_EVIDENCE
Profilink16,800003,AL Orbis,Internal glazing gasket,4,0,0.0,0.0,45641259484.0,AL Orbis,,,90,,0.0,0.0,0.0,UNKNOWN,,DATABASE_EVIDENCE
Profilink16,800004,AL Orbis,Internal glazing gasket,4,0,0.0,0.0,15641769324.0,AL Orbis,,,90,,0.0,0.0,0.0,UNKNOWN,,DATABASE_EVIDENCE
Profilink16,800005,AL Orbis,Central gasket Door,4,0,0.0,0.0,36661379775.0,AL Orbis,,,90,,0.0,0.0,0.0,UNKNOWN,,DATABASE_EVIDENCE
Profilink16,800006,AL Orbis,Central gasket Door,4,0,0.0,0.0,41651859633.0,AL Orbis,,,90,,0.0,0.0,0.0,UNKNOWN,,DATABASE_EVIDENCE
Profilink16,800007,AL Orbis,Central gasket Door,4,0,0.0,0.0,66671369372.0,AL Orbis,,,90,,0.0,0.0,0.0,UNKNOWN,,DATABASE_EVIDENCE
Profilink16,800008,AL Orbis,brush,4,0,0.0,0.0,67621229686.0,AL Orbis,,,90,,0.0,0.0,0.0,UNKNOWN,,DATABASE_EVIDENCE
Profilink16,802000,AL Orbis,insulating rope 5mm,4,0,0.0,0.0,13093689650.0,AL Orbis,,,90,,0.0,0.0,0.0,UNKNOWN,,DATABASE_EVIDENCE
Profilink16,807000,AL Orbis,N,4,4,0.0,0.0,87558669565.0,AL Orbis,,,90,,0.0,0.0,0.0,Аксесоар,,DATABASE_EVIDENCE
Profilink16,807001,AL Orbis,N,4,4,0.0,0.0,73568979228.0,AL Orbis,,,90,,0.0,0.0,0.0,Аксесоар,,DATABASE_EVIDENCE
Profilink16,809000,AL Orbis,"Vulcanized corner for central gasket
",4,0,0.0,0.0,16930619588.0,AL Orbis,,,90,,0.0,0.0,0.0,UNKNOWN,,DATABASE_EVIDENCE
Profilink16,809001,AL Orbis,vulcanized corner for 800005,4,0,0.0,0.0,98960959189.0,AL Orbis,,,90,,0.0,0.0,0.0,UNKNOWN,,DATABASE_EVIDENCE
Profilink16,809002,AL Orbis,vulcanized corner for 800006,4,0,0.0,0.0,80930599302.0,AL Orbis,,,90,,0.0,0.0,0.0,UNKNOWN,,DATABASE_EVIDENCE
Profilink16,809003,AL Orbis,vulcanized corner for 800005 / 800006,4,0,0.0,0.0,23980999327.0,AL Orbis,,,90,,0.0,0.0,0.0,UNKNOWN,,DATABASE_EVIDENCE
Profilink16,810000,AL Orbis,Corner bracket extruded,4,0,0.0,0.0,78351209456.0,AL Orbis,,,90,,0.0,0.0,0.0,UNKNOWN,,DATABASE_EVIDENCE
Profilink16,810001,AL Orbis,Corner bracket extruded Siegenia,4,0,0.0,0.0,32351279390.0,AL Orbis,,,90,,0.0,0.0,0.0,UNKNOWN,,DATABASE_EVIDENCE
Profilink16,200003,AL Orbis,T profile for frame 71x84,3,0,36.0,24.0,84445433046.0,AL Orbis,,,90,,0.0,0.0,0.0,UNKNOWN,,DATABASE_EVIDENCE
Profilink16,200005,AL Orbis,Overhung EURO groove 75x66,4,0,0.0,0.0,33405403815.0,AL Orbis,,,90,,0.0,0.0,0.0,UNKNOWN,,DATABASE_EVIDENCE
Profilink16,200006,AL Orbis,Column for 90 71x71,4,0,0.0,0.0,23455793486.0,AL Orbis,,,90,,0.0,0.0,0.0,UNKNOWN,,DATABASE_EVIDENCE
Profilink16,200007,FLUXIS,+round column,4,0,0.0,0.0,69415323796.0,FLUXIS,,,90,,0.0,0.0,0.0,UNKNOWN,,DATABASE_EVIDENCE
Profilink16,200008,AL Orbis,Frame extension 71x36,4,0,0.0,0.0,20465453124.0,AL Orbis,,,90,,0.0,0.0,0.0,UNKNOWN,,DATABASE_EVIDENCE
Profilink16,200004,AL Orbis,Overhung PVC groove 75x66,4,0,0.0,0.0,63475393297.0,AL Orbis,,,90,,0.0,0.0,0.0,UNKNOWN,,DATABASE_EVIDENCE
Profilink16,200009,AL Orbis,Casement PVC groove 79x54 W,2,0,31.5,20.0,66485483812.0,AL Orbis,,,90,,0.0,0.0,0.0,UNKNOWN,,DATABASE_EVIDENCE
Profilink16,200010,AL Orbis,Frame 71x73,1,0,49.0,0.0,21125503585.0,AL Orbis,,,90,,0.0,0.0,0.0,UNKNOWN,,DATABASE_EVIDENCE
Profilink16,200011,AL Orbis,Casement PVC groove 79x97,2,0,73.5,0.0,44155673742.0,AL Orbis,,,90,,0.0,0.0,0.0,UNKNOWN,,DATABASE_EVIDENCE
Profilink16,200012,AL Orbis,Casement EURO groove 79x97,2,0,73.5,0.0,49175663588.0,AL Orbis,,,90,,0.0,0.0,0.0,UNKNOWN,,DATABASE_EVIDENCE
Profilink16,200013,AL Orbis,T profile for casement 79x84,3,0,36.0,24.0,67125263139.0,AL Orbis,,,90,,0.0,0.0,0.0,UNKNOWN,,DATABASE_EVIDENCE
Profilink16,200014,AL Orbis,T profile for frame 71x97,3,0,49.0,24.0,52125603110.0,AL Orbis,,,90,,0.0,0.0,0.0,UNKNOWN,,DATABASE_EVIDENCE
Profilink16,200015,AL Orbis,Casement PVC groove 79x75 T,2,0,75.5,0.0,84175873323.0,AL Orbis,,,90,,99.5,79.0,0.0,UNKNOWN,,DATABASE_EVIDENCE
Profilink16,200016,AL Orbis,Casement EURO groove 79x99 T,2,0,73.5,0.0,20165683214.0,AL Orbis,,,90,,99.0,79.0,0.0,UNKNOWN,,DATABASE_EVIDENCE
Profilink16,200017,AL Orbis,Treshold combined,1,0,12.0,0.0,54135213374.0,AL Orbis,,,90,,0.0,0.0,0.0,UNKNOWN,,DATABASE_EVIDENCE
Profilink16,207.101.9001.101,PROFILINK,Удължител 82 x 40 С БЯЛО ЗАЩИТНО ФОЛИО 82 [WT - 90,4,4,0.0,0.0,11211812567.0,PVC ПРОФИЛИ,,,90,,0.0,0.0,,Аксесоар,,DATABASE_EVIDENCE
Profilink16,2070168,WINKHAUS,KR 16/200 SL,4,8,0.0,0.0,88811341075.0,WINKHAUS,,,90,,0.0,0.0,,Обков,,DATABASE_EVIDENCE
Profilink16,2074732,WINKHAUS,ZV-RT 452/13 SL,4,8,0.0,0.0,23717275569.0,WINKHAUS,,,90,,0.0,0.0,,Обков,,DATABASE_EVIDENCE
Profilink16,210000,AL Orbis,Frame 71x75,1,0,62.0,0.0,73165423851.0,AL Orbis,,,90,,75.0,71.0,0.0,UNKNOWN,,DATABASE_EVIDENCE
Profilink16,210001,AL Orbis,Casement outward 71x99 Door,2,0,62.0,0.0,17135223262.0,AL Orbis,,,90,,99.0,71.0,0.0,UNKNOWN,,DATABASE_EVIDENCE
Profilink16,210002,AL Orbis,Casement inward 71x99 Door,2,0,62.0,0.0,84105073231.0,AL Orbis,,,90,,99.0,71.0,0.0,UNKNOWN,,DATABASE_EVIDENCE
Profilink16,210003,AL Orbis,Overhung,4,0,0.0,0.0,16175303789.0,AL Orbis,,,90,,0.0,0.0,0.0,UNKNOWN,,DATABASE_EVIDENCE
Profilink16,210008,AL Orbis,reverse profile,4,0,0.0,0.0,73115883975.0,AL Orbis,,,90,,0.0,0.0,0.0,UNKNOWN,,DATABASE_EVIDENCE
Profilink16,210009,AL Orbis,reverse profile,4,0,0.0,0.0,17155623439.0,AL Orbis,,,90,,0.0,0.0,0.0,UNKNOWN,,DATABASE_EVIDENCE
Profilink16,210010,AL Orbis,door threshold,1,0,9.0,0.0,31835953187.0,AL Orbis,,,90,,0.0,0.0,0.0,UNKNOWN,,DATABASE_EVIDENCE
Profilink16,210011,AL Orbis,additional profile,4,0,0.0,0.0,17835063181.0,AL Orbis,,,90,,0.0,0.0,0.0,UNKNOWN,,DATABASE_EVIDENCE
Profilink16,210012,AL Orbis,additional profile,4,0,0.0,0.0,82825503863.0,AL Orbis,,,90,,0.0,0.0,0.0,UNKNOWN,,DATABASE_EVIDENCE
Profilink16,2308084,WINKHAUS,AWDR SL,4,8,0.0,0.0,48353299575.0,WINKHAUS,,,90,,0.0,0.0,,Обков,,DATABASE_EVIDENCE
Profilink16,2366946,WINKHAUS,SA 152 SL,4,8,0.0,0.0,64658277060.0,WINKHAUS,,,90,,0.0,0.0,,Обков,,DATABASE_EVIDENCE
Profilink16,2522321,WINKHAUS,Шнапер BK552 RC SL,4,8,0.0,0.0,54838463866.0,,,,90,,0.0,0.0,,Обков,,DATABASE_EVIDENCE
Profilink16,2824062,WINKHAUS,SBA.K.152,4,8,0.0,0.0,46055555138.0,WINKHAUS,,,90,,0.0,0.0,,Обков,,DATABASE_EVIDENCE
Profilink16,2824863,WINKHAUS,M.500-1,4,8,0.0,0.0,41683045633.0,WINKHAUS,,,90,,0.0,0.0,,Обков,,DATABASE_EVIDENCE
Profilink16,2824919,WINKHAUS,MK.250-1,4,8,0.0,0.0,23854625273.0,WINKHAUS,,,90,,0.0,0.0,,Обков,,DATABASE_EVIDENCE
Profilink16,2824986,WINKHAUS,MK.500-1,4,8,0.0,0.0,15764565454.0,WINKHAUS,,,90,,0.0,0.0,,Обков,,DATABASE_EVIDENCE
Profilink16,2824994,WINKHAUS,M.750-1,4,8,0.0,0.0,6494835608.0,WINKHAUS,,,90,,0.0,0.0,,Обков,,DATABASE_EVIDENCE
Profilink16,2838464,WINKHAUS,MS.SU.500-1,4,8,0.0,0.0,79320969281.0,,,,90,,0.0,0.0,,Обков,,DATABASE_EVIDENCE
Profilink16,2838982,WINKHAUS,MS.SO.500-1,4,8,0.0,0.0,34275509853.0,,,,90,,0.0,0.0,,Обков,,DATABASE_EVIDENCE
Profilink16,2841823,WINKHAUS,E1,4,8,0.0,0.0,96175382068.0,WINKHAUS,,,90,,0.0,0.0,,Обков,,DATABASE_EVIDENCE
Profilink16,2842017,WINKHAUS,E2,4,8,0.0,0.0,87597523887.0,WINKHAUS,,,90,,0.0,0.0,,Обков,,DATABASE_EVIDENCE
Profilink16,2842244,WINKHAUS,E3,4,8,0.0,0.0,53029133473.0,WINKHAUS,,,90,,0.0,0.0,,Обков,,DATABASE_EVIDENCE
Profilink16,2842578,WINKHAUS,SK1.20-13.RS,4,8,0.0,0.0,57292783584.0,WINKHAUS,,,90,,0.0,0.0,,Обков,,DATABASE_EVIDENCE
Profilink16,2842586,WINKHAUS,SK2.20-13.RS,4,8,0.0,0.0,67932903813.0,WINKHAUS,,,90,,0.0,0.0,,Обков,,DATABASE_EVIDENCE
Profilink16,2844101,WINKHAUS,SK1.20-13.LS,4,8,0.0,0.0,58928535180.0,WINKHAUS,,,90,,0.0,0.0,,Обков,,DATABASE_EVIDENCE
Profilink16,2844143,WINKHAUS,SK2.20-13.LS,4,8,0.0,0.0,41768645513.0,WINKHAUS,,,90,,0.0,0.0,,Обков,,DATABASE_EVIDENCE
Profilink16,2844434,WINKHAUS,SL.KS.3-6,4,8,0.0,0.0,39171485322.0,WINKHAUS,,,90,,0.0,0.0,,Обков,,DATABASE_EVIDENCE
Profilink16,2844928,WINKHAUS,K.SL.KS.WS,4,8,0.0,0.0,45916315316.0,WINKHAUS,,,90,,0.0,0.0,,Обков,,DATABASE_EVIDENCE
Profilink16,2845285,WINKHAUS,K.SK.WS,4,8,0.0,0.0,47959136642.0,WINKHAUS,,,90,,0.0,0.0,,Обков,,DATABASE_EVIDENCE
Profilink16,2846552,WINKHAUS,K.FL.K.WS,4,8,0.0,0.0,58682487898.0,WINKHAUS,,,90,,0.0,0.0,,Обков,,DATABASE_EVIDENCE
Profilink16,2847141,WINKHAUS,OS1.600,4,8,0.0,0.0,87888568442.0,WINKHAUS,,,90,,0.0,0.0,,Обков,,DATABASE_EVIDENCE
Profilink16,2848232,WINKHAUS,OS2.800,4,8,0.0,0.0,88569589671.0,WINKHAUS,,,90,,0.0,0.0,,Обков,,DATABASE_EVIDENCE
Profilink16,2848275,WINKHAUS,OS2.1025-1,4,8,0.0,0.0,73339929748.0,WINKHAUS,,,90,,0.0,0.0,,Обков,,DATABASE_EVIDENCE
Profilink16,2848291,WINKHAUS,OS2.1250-1,4,8,0.0,0.0,55789559664.0,WINKHAUS,,,90,,0.0,0.0,,Обков,,DATABASE_EVIDENCE
Profilink16,2848304,WINKHAUS,OS2.1475-1,4,8,0.0,0.0,60180049280.0,WINKHAUS,,,90,,0.0,0.0,,Обков,,DATABASE_EVIDENCE
Profilink16,2861613,WINKHAUS,SBK.K.152,4,8,0.0,0.0,33465542123.0,WINKHAUS,,,90,,0.0,0.0,,Обков,,DATABASE_EVIDENCE
Profilink16,292601,,Застопор механиз GR1,4,8,0.0,0.0,11347493636.0,,,,90,,0.0,0.0,,Обков,,DATABASE_EVIDENCE
Profilink16,301.002.0011.238,PROFILINK,Капачка въшна част за делител О 85x78 [BN],4,10,0.0,0.0,78918944324.0,,,,90,,0.0,0.0,,Капачки,,DATABASE_EVIDENCE
Profilink16,301.002.0064.101,PROFILINK,Капачка алуминиева 56x46 [BN],4,10,0.0,0.0,15743184161.0,PVC ПРОФИЛИ,,,90,,0.0,0.0,,Капачки,,DATABASE_EVIDENCE
Profilink16,301.002.0076.238,PROFILINK,Капачка основа за делител О 85x78 [BN],4,10,0.0,0.0,19674464868.0,,,,90,,0.0,0.0,,Капачки,,DATABASE_EVIDENCE
Profilink16,301.002.0084.238,PROFILINK,Капачка за алуминиев термопраг,4,10,0.0,0.0,89945344708.0,REINER PLAST,,,90,,0.0,0.0,,Капачки,,DATABASE_EVIDENCE
Profilink16,301.002.0128.101,PROFILINK,Капачка алуминиева 56x46 [WT],4,10,0.0,0.0,56439835985.0,PVC ПРОФИЛИ,,,90,,0.0,0.0,,Капачки,,DATABASE_EVIDENCE
Profilink16,301.002.0140.238,PROFILINK,Капачка Ал. ППД [WT - 9010],4,14,0.0,0.0,70021605289.0,AL ПРОФИЛИ,,,90,,0.0,0.0,,Капачки за подпрозоречна дъска,,DATABASE_EVIDENCE
Profilink16,301.002.0141.238,PROFILINK,Капачка Ал. ППД [BN - 8919],4,14,0.0,0.0,73771235522.0,AL ПРОФИЛИ,,,90,,0.0,0.0,,Капачки за подпрозоречна дъска,,DATABASE_EVIDENCE
Profilink16,301.003.0023.133,PROFILINK,Сглобка кемпферна 62x42,4,4,0.0,0.0,47000755272.0,,,,90,,0.0,0.0,,Аксесоар,,DATABASE_EVIDENCE
Profilink16,301.006.0077.133,PROFILINK,Подложка клиновидна 38mm,4,4,0.0,0.0,46428128963.0,,,,90,,0.0,0.0,,Аксесоар,,DATABASE_EVIDENCE
Profilink16,301.006.0116.133,PROFILINK,Подложка клиновидна K 23,4,4,0.0,0.0,73292779772.0,,,,90,,0.0,0.0,,Аксесоар,,DATABASE_EVIDENCE
Profilink16,301.006.0118.133,PROFILINK,Подложка клиновидна K 32,4,4,0.0,0.0,53612039028.0,,,,90,,0.0,0.0,,Аксесоар,,DATABASE_EVIDENCE
Profilink16,301.006.0202.133,,Подложка ъглова 24мм,4,4,0.0,0.0,12471710382.0,AL Профили,,,90,,0.0,0.0,,Аксесоар,,DATABASE_EVIDENCE
Profilink16,301.006.0244,PROFILINK,Подложка Z70,4,4,0.0,0.0,66027804681.0,,,,90,,0.0,0.0,,Аксесоар,,DATABASE_EVIDENCE
Profilink16,301.007.0178.133,PROFILINK,Ролка MS 0204,4,4,0.0,0.0,71529490242.0,,,,90,,0.0,0.0,,Аксесоар,,DATABASE_EVIDENCE
Profilink16,301.016.0179.133,PROFILINK,Стопер MS11,4,4,0.0,0.0,17258779854.0,Al профили,,,90,,0.0,0.0,,Аксесоар,,DATABASE_EVIDENCE
Profilink16,301.022.0104.132,PROFILINK,Четка за щора 68x55,4,4,0.0,0.0,41747415323.0,AL Профили,,,90,,0.0,0.0,,Аксесоар,,DATABASE_EVIDENCE
Profilink16,301.022.0124.133,PROFILINK,"Четка 6,7х8mm",4,4,0.0,0.0,63129155165.0,,,,90,,0.0,0.0,,Аксесоар,,DATABASE_EVIDENCE
Profilink16,301.022.0214.238,PROFILINK,Капачка завършващ профил 43x33 [BK - 9005],4,10,0.0,0.0,3878756707.0,,,,90,,0.0,0.0,,Капачки,,DATABASE_EVIDENCE
Profilink16,800021,,Набивна гума 2mm,4,4,0.0,0.0,53071549244.0,,,,90,,0.0,0.0,0.0,Аксесоар,,DATABASE_EVIDENCE
Profilink16,301.023.0001.132,PROFILINK,Уплътнение декоративно 304 [LB],4,4,0.0,0.0,73668745611.0,,,,90,,0.0,0.0,,Аксесоар,,DATABASE_EVIDENCE
Profilink16,301.023.0067.132,PROFILINK,Уплътнение декоративно 305 [DB],4,4,0.0,0.0,96084875812.0,,,,90,,0.0,0.0,,Аксесоар,,DATABASE_EVIDENCE
Profilink16,301.023.0129.132,PROFILINK,Уплътнение декоративно 303 [WT],4,4,0.0,0.0,96310746672.0,,,,90,,0.0,0.0,,Аксесоар,,DATABASE_EVIDENCE
Profilink16,301.023.0139.236,PROFILINK,Уплътнение комарник [GY - 7001],4,4,0.0,0.0,47741326424.0,AL Профили,,,90,,0.0,0.0,,Аксесоар,,DATABASE_EVIDENCE
Profilink16,301.024.0201.133,PROFILINK,Насрещник универсален,4,4,0.0,0.0,44719618561.0,,,,90,,0.0,0.0,,Аксесоар,,DATABASE_EVIDENCE
Profilink16,301.050.0181.133,PROFILINK,Ъгъл комарник 17 x 25 [WT - 9010],4,4,0.0,0.0,83963263146.0,AL Профили,,,90,,0.0,0.0,,Аксесоар,,DATABASE_EVIDENCE
Profilink16,301.050.0182.133,PROFILINK,Ъгъл комарник 17x25 [BN - 8919],4,4,0.0,0.0,18603443271.0,AL Профили,,,90,,0.0,0.0,,Аксесоар,,DATABASE_EVIDENCE
Profilink16,301.051.0157.133,PROFILINK,Дръжка SKALA [BK 9005],4,9,0.0,0.0,20711114687.0,AL ПРОФИЛИ,,,90,,0.0,0.0,,Дръжка,,DATABASE_EVIDENCE
Profilink16,301.051.0158.133,PROFILINK,Дръжка AK 30 [WT 9010],4,9,0.0,0.0,4431374117.0,AL ПРОФИЛИ,,,90,,0.0,0.0,,Дръжка,,DATABASE_EVIDENCE
Profilink16,301.051.0159.133,PROFILINK,Дръжка AK 30 [BK 9005],4,9,0.0,0.0,81131194072.0,AL ПРОФИЛИ,,,90,,0.0,0.0,,Дръжка,,DATABASE_EVIDENCE
Profilink16,301.051.0160.133,PROFILINK,Дръжка външна [WT 9010],4,9,0.0,0.0,67512864710.0,AL ПРОФИЛИ,,,90,,0.0,0.0,,Дръжка,,DATABASE_EVIDENCE
Profilink16,301.051.0161.133,PROFILINK,Дръжка външна [BK 9005],4,9,0.0,0.0,27242184362.0,AL ПРОФИЛИ,,,90,,0.0,0.0,,Дръжка,,DATABASE_EVIDENCE
Profilink16,301.051.0162.133,PROFILINK,Дръжка за прозорец [WT 9010],4,9,0.0,0.0,70912764857.0,AL ПРОФИЛИ,,,90,,0.0,0.0,,Дръжка,,DATABASE_EVIDENCE
Profilink16,301.051.0163.133,PROFILINK,Дръжка за прозорец [BK 9005],4,9,0.0,0.0,27652564025.0,AL ПРОФИЛИ,,,90,,0.0,0.0,,Дръжка,,DATABASE_EVIDENCE
Profilink16,392002,AL Orbis,Alignment profile 16x8,4,0,0.0,0.0,22898974514.0,AL Orbis,,,90,,0.0,0.0,0.0,UNKNOWN,,DATABASE_EVIDENCE
Profilink16,392003,FLUXIS,+drip profile,4,0,0.0,0.0,87828254662.0,FLUXIS,,,90,,0.0,0.0,0.0,UNKNOWN,,DATABASE_EVIDENCE
Profilink16,392005,AL Orbis,Additional profile for casements with threshold,4,0,0.0,0.0,28818834915.0,AL Orbis,,,90,,0.0,0.0,0.0,UNKNOWN,,DATABASE_EVIDENCE
Profilink16,411.002.1387.100,PROFILINK,Кутия 40х40,4,4,0.0,0.0,51407778303.0,AL Профили,,,90,,0.0,0.0,,Аксесоар,,DATABASE_EVIDENCE
Profilink16,392001,FLUXIS,+drip profile,4,0,0.0,0.0,18838884779.0,FLUXIS,,,90,,0.0,0.0,0.0,UNKNOWN,,DATABASE_EVIDENCE
Profilink16,433.001.1380.100,PROFILINK,Комарник 16 x 25 ПРОФИЛИНК [BN]  Golden Oak,4,4,0.0,0.0,68608497092.0,,,,90,,0.0,0.0,,Аксесоар,,DATABASE_EVIDENCE
Profilink16,433.001.1385.100,PROFILINK,Комарник 16 x 25 ПРОФИЛИНК [BN] Nussbaum,4,4,0.0,0.0,59178707786.0,,,,90,,0.0,0.0,,Аксесоар,,DATABASE_EVIDENCE
Profilink16,433.001.1387.100,PROFILINK,Комарник 16 x 25 ПРОФИЛИНК [WT] (6М),4,4,0.0,0.0,18538507227.0,,,,90,,0.0,0.0,,Аксесоар,,DATABASE_EVIDENCE
Profilink16,4926221,WINKHAUS,GAK.465,4,4,0.0,0.0,65189679830.0,WINKHAUS,,,90,,0.0,0.0,,Аксесоар,,DATABASE_EVIDENCE
Profilink16,4926267,WINKHAUS,GAM.800,4,4,0.0,0.0,88959819588.0,WINKHAUS,,,90,,0.0,0.0,,Аксесоар,,DATABASE_EVIDENCE
Profilink16,4926269,WINKHAUS,GAM.1050-1,4,4,0.0,0.0,49909549426.0,WINKHAUS,,,90,,0.0,0.0,,Аксесоар,,DATABASE_EVIDENCE
Profilink16,4926291,WINKHAUS,GAM.1400-1,4,4,0.0,0.0,39029149916.0,WINKHAUS,,,90,,0.0,0.0,,Аксесоар,,DATABASE_EVIDENCE
Profilink16,4926295,WINKHAUS,GAM.1800-2,4,4,0.0,0.0,40029249992.0,WINKHAUS,,,90,,0.0,0.0,,Аксесоар,,DATABASE_EVIDENCE
Profilink16,4926935,WINKHAUS,KB.K.20-13,4,4,0.0,0.0,85736579556.0,WINKHAUS,,,90,,0.0,0.0,,Аксесоар,,DATABASE_EVIDENCE
Profilink16,4927420,WINKHAUS,K.SL.KS.BR,4,4,0.0,0.0,26231240320.0,WINKHAUS,,,90,,0.0,0.0,,Аксесоар,,DATABASE_EVIDENCE
Profilink16,4927421,WINKHAUS,K.SK.BR,4,4,0.0,0.0,51211480875.0,WINKHAUS,,,90,,0.0,0.0,,Аксесоар,,DATABASE_EVIDENCE
Profilink16,4927425,WINKHAUS,K.FL.K.WS,4,4,0.0,0.0,61291660471.0,WINKHAUS,,,90,,0.0,0.0,,Аксесоар,,DATABASE_EVIDENCE
Profilink16,4927526,WINKHAUS,SBA.K.BN,4,4,0.0,0.0,25912480401.0,WINKHAUS,,,90,,0.0,0.0,,Аксесоар,,DATABASE_EVIDENCE
Profilink16,4927927,WINKHAUS,GAVM.175-1,4,4,0.0,0.0,18756720683.0,WINKHAUS,,,90,,0.0,0.0,,Аксесоар,,DATABASE_EVIDENCE
Profilink16,4927928,WINKHAUS,GAVM.300-2,4,4,0.0,0.0,39796420247.0,WINKHAUS,,,90,,0.0,0.0,,Аксесоар,,DATABASE_EVIDENCE
Profilink16,4927929,WINKHAUS,GAVM.420-2,4,4,0.0,0.0,95786940592.0,WINKHAUS,,,90,,0.0,0.0,,Аксесоар,,DATABASE_EVIDENCE
Profilink16,4927940,WINKHAUS,GAVM.620-2,4,4,0.0,0.0,37166640357.0,WINKHAUS,,,90,,0.0,0.0,,Аксесоар,,DATABASE_EVIDENCE
Profilink16,4927941,WINKHAUS,GAVM.920-3,4,4,0.0,0.0,73116130750.0,WINKHAUS,,,90,,0.0,0.0,,Аксесоар,,DATABASE_EVIDENCE
Profilink16,4927942,WINKHAUS,GAVM.1320-3,4,4,0.0,0.0,94126340318.0,WINKHAUS,,,90,,0.0,0.0,,Аксесоар,,DATABASE_EVIDENCE
Profilink16,4927943,WINKHAUS,GAVM.1820-4,4,4,0.0,0.0,52156270560.0,WINKHAUS,,,90,,0.0,0.0,,Аксесоар,,DATABASE_EVIDENCE
Profilink16,4928429,WINKHAUS,FL.K.20-6-20,4,4,0.0,0.0,49941131621.0,WINKHAUS,,,90,,0.0,0.0,,Аксесоар,,DATABASE_EVIDENCE
Profilink16,4928483,WINKHAUS,K.SL.KS.F1,4,4,0.0,0.0,47171581937.0,WINKHAUS,,,90,,0.0,0.0,,Аксесоар,,DATABASE_EVIDENCE
Profilink16,4928484,WINKHAUS,K.SK.F1,4,4,0.0,0.0,83161941305.0,WINKHAUS,,,90,,0.0,0.0,,Аксесоар,,DATABASE_EVIDENCE
Profilink16,4928486,WINKHAUS,K.FL.K.F1,4,4,0.0,0.0,97161531701.0,WINKHAUS,,,90,,0.0,0.0,,Аксесоар,,DATABASE_EVIDENCE
Profilink16,4932434,WINKHAUS,EL.K.6-3-10,4,4,0.0,0.0,8112035527.0,WINKHAUS,,,90,,0.0,0.0,,Аксесоар,,DATABASE_EVIDENCE
Profilink16,4933295,WINKHAUS,K.SL.KS.F4,4,4,0.0,0.0,61620876539.0,WINKHAUS,,,90,,0.0,0.0,,Аксесоар,,DATABASE_EVIDENCE
Profilink16,4933296,WINKHAUS,K.SK.F4,4,4,0.0,0.0,53680506743.0,WINKHAUS,,,90,,0.0,0.0,,Аксесоар,,DATABASE_EVIDENCE
Profilink16,4933298,WINKHAUS,K.FL.K.F4,4,4,0.0,0.0,51680726428.0,WINKHAUS,,,90,,0.0,0.0,,Аксесоар,,DATABASE_EVIDENCE
Profilink16,4933801,WINKHAUS,MS.SU. 250-1,4,4,0.0,0.0,54556256462.0,,,,90,,0.0,0.0,,Аксесоар,,DATABASE_EVIDENCE
Profilink16,4934014,WINKHAUS,MS.SO. 250-1,4,4,0.0,0.0,71318287673.0,,,,90,,0.0,0.0,,Аксесоар,,DATABASE_EVIDENCE
Profilink16,4935999,WINKHAUS,КОЛИЧКА ЗА ПЛ LW.K.S,4,4,0.0,0.0,22967928635.0,WINKHAUS,,,90,,0.0,0.0,,Аксесоар,,DATABASE_EVIDENCE
Profilink16,4937771,WINKHAUS,Горен ъгъл ProPilot,4,4,0.0,0.0,68575020830.0,,,,90,,0.0,0.0,,Аксесоар,,DATABASE_EVIDENCE
Profilink16,4937788,WINKHAUS,Долна панта каса  Pr,4,4,0.0,0.0,32225860488.0,,,,90,,0.0,0.0,,Аксесоар,,DATABASE_EVIDENCE
Profilink16,4937789,WINKHAUS,Капачка долна панта,4,4,0.0,0.0,14205600761.0,,,,90,,0.0,0.0,,Аксесоар,,DATABASE_EVIDENCE
Profilink16,4937791,WINKHAUS,Капачка долна панта,4,4,0.0,0.0,58945380498.0,,,,90,,0.0,0.0,,Аксесоар,,DATABASE_EVIDENCE
Profilink16,4937982,WINKHAUS,Рамо на ножица ProPi,4,4,0.0,0.0,79617330360.0,,,,90,,0.0,0.0,,Аксесоар,,DATABASE_EVIDENCE
Profilink16,4937983,WINKHAUS,Рамо на ножица ProPi,4,4,0.0,0.0,81677070074.0,,,,90,,0.0,0.0,,Аксесоар,,DATABASE_EVIDENCE
Profilink16,4937984,WINKHAUS,Рамо на ножица ProPi,4,4,0.0,0.0,18667220931.0,,,,90,,0.0,0.0,,Аксесоар,,DATABASE_EVIDENCE
Profilink16,4937985,WINKHAUS,Рамо на ножица ProPi,4,4,0.0,0.0,61697680248.0,,,,90,,0.0,0.0,,Аксесоар,,DATABASE_EVIDENCE
Profilink16,4937986,WINKHAUS,Рамо на ножица ProPi,4,4,0.0,0.0,31647730123.0,,,,90,,0.0,0.0,,Аксесоар,,DATABASE_EVIDENCE
Profilink16,4937987,WINKHAUS,Рамо на ножица ProPi,4,4,0.0,0.0,59697560364.0,,,,90,,0.0,0.0,,Аксесоар,,DATABASE_EVIDENCE
Profilink16,4938163,WINKHAUS,GAM.2300-3,4,4,0.0,0.0,24369741687.0,WINKHAUS,,,90,,0.0,0.0,,Аксесоар,,DATABASE_EVIDENCE
Profilink16,4938513,WINKHAUS,Капачка горна панта,4,4,0.0,0.0,24683011509.0,,,,90,,0.0,0.0,,Аксесоар,,DATABASE_EVIDENCE
Profilink16,4938514,WINKHAUS,Капачка горна панта,4,4,0.0,0.0,61653331526.0,,,,90,,0.0,0.0,,Аксесоар,,DATABASE_EVIDENCE
Profilink16,4938515,WINKHAUS,Капачка горна панта,4,4,0.0,0.0,74633631663.0,,,,90,,0.0,0.0,,Аксесоар,,DATABASE_EVIDENCE
Profilink16,4938516,WINKHAUS,Капачка горна панта,4,4,0.0,0.0,86673531145.0,,,,90,,0.0,0.0,,Аксесоар,,DATABASE_EVIDENCE
Profilink16,4938517,WINKHAUS,Горна панта каса Pro,4,4,0.0,0.0,49693361577.0,,,,90,,0.0,0.0,,Аксесоар,,DATABASE_EVIDENCE
Profilink16,4938546,WINKHAUS,SBK.K.152,4,4,0.0,0.0,26703911783.0,,,,90,,0.0,0.0,,Аксесоар,,DATABASE_EVIDENCE
Profilink16,4938562,WINKHAUS,Горна панта крило ед,4,4,0.0,0.0,83163261386.0,,,,90,,0.0,0.0,,Аксесоар,,DATABASE_EVIDENCE
Profilink16,4938566,WINKHAUS,Горна панта крило ед,4,4,0.0,0.0,43143411510.0,,,,90,,0.0,0.0,,Аксесоар,,DATABASE_EVIDENCE
Profilink16,4938708,WINKHAUS,Гръб ProPilot MK.U.5,4,4,0.0,0.0,73375721487.0,,,,90,,0.0,0.0,,Аксесоар,,DATABASE_EVIDENCE
Profilink16,4938709,WINKHAUS,Гръб ProPilot MK.U.7,4,4,0.0,0.0,37345851220.0,,,,90,,0.0,0.0,,Аксесоар,,DATABASE_EVIDENCE
Profilink16,4938720,WINKHAUS,Удължител за гръб Pr,4,4,0.0,0.0,35765451660.0,,,,90,,0.0,0.0,,Аксесоар,,DATABASE_EVIDENCE
Profilink16,4940202,WINKHAUS,Удължител за мартина,4,4,0.0,0.0,23951543327.0,,,,90,,0.0,0.0,,Аксесоар,,DATABASE_EVIDENCE
Profilink16,4940653,WINKHAUS,MK.750-1,4,4,0.0,0.0,62295273645.0,WINKHAUS,,,90,,0.0,0.0,,Аксесоар,,DATABASE_EVIDENCE
Profilink16,4940716,WINKHAUS,Присъединителна план,4,4,0.0,0.0,59166953152.0,,,,90,,0.0,0.0,,Аксесоар,,DATABASE_EVIDENCE
Profilink16,4940831,WINKHAUS,SET SK.GS.900.WS,4,4,0.0,0.0,56277273787.0,,,,90,,0.0,0.0,,Аксесоар,,DATABASE_EVIDENCE
Profilink16,4940832,WINKHAUS,SET SK.GS.900.WS,4,4,0.0,0.0,84267843673.0,,,,90,,0.0,0.0,,Аксесоар,,DATABASE_EVIDENCE
Profilink16,4940834,WINKHAUS,SET SK.GS.1250.WS,4,4,0.0,0.0,55227733365.0,WINKHAUS,,,90,,0.0,0.0,,Аксесоар,,DATABASE_EVIDENCE
Profilink16,4940835,WINKHAUS,SET SK.GS.1250,4,4,0.0,0.0,11217313784.0,,,,90,,0.0,0.0,,Аксесоар,,DATABASE_EVIDENCE
Profilink16,4940837,WINKHAUS,SET SK.GS.1650.WS,4,4,0.0,0.0,86267643186.0,WNKHAUS,,,90,,0.0,0.0,,Аксесоар,,DATABASE_EVIDENCE
Profilink16,4940838,WINKHAUS,SET SK.GS.1650.WS,4,4,0.0,0.0,54247473801.0,,,,90,,0.0,0.0,,Аксесоар,,DATABASE_EVIDENCE
Profilink16,4940986,WINKHAUS,SET SK.LW.100/160.RS,4,4,0.0,0.0,71418563874.0,WINHAUS,,,90,,0.0,0.0,,Аксесоар,,DATABASE_EVIDENCE
Profilink16,4940987,WINKHAUS,SET SK.LW.100/160.LS,4,4,0.0,0.0,51468813451.0,WINKHAUS,,,90,,0.0,0.0,,Аксесоар,,DATABASE_EVIDENCE
Profilink16,4941093,WINKHAUS,SET SK.SS.900.W,4,4,0.0,0.0,72529644871.0,,,,90,,0.0,0.0,,Аксесоар,,DATABASE_EVIDENCE
Profilink16,4941094,WINKHAUS,SET SK.SS.900.WS,4,4,0.0,0.0,71559454206.0,,,,90,,0.0,0.0,,Аксесоар,,DATABASE_EVIDENCE
Profilink16,4941096,WINKHAUS,SET SK.SS.1050.WS,4,4,0.0,0.0,75539464575.0,,,,90,,0.0,0.0,,Аксесоар,,DATABASE_EVIDENCE
Profilink16,4941097,WINKHAUS,SET SK.SS.1050.,4,4,0.0,0.0,25579834350.0,,,,90,,0.0,0.0,,Аксесоар,,DATABASE_EVIDENCE
Profilink16,4941099,WINKHAUS,SET SK.SS.1250.WS,4,4,0.0,0.0,61589444476.0,,,,90,,0.0,0.0,,Аксесоар,,DATABASE_EVIDENCE
Profilink16,4941105,WINKHAUS,BL.SK.K.160/200.WS,4,4,0.0,0.0,91960654906.0,WINKHAUS,,,90,,0.0,0.0,,Аксесоар,,DATABASE_EVIDENCE
Profilink16,4941106,WINKHAUS,BL.SK.K.160/200.WS,4,4,0.0,0.0,88960534595.0,WINKHAUS,,,90,,0.0,0.0,,Аксесоар,,DATABASE_EVIDENCE
Profilink16,4941110,WINKHAUS,SET SK.SS.1250.WS,4,4,0.0,0.0,53620184705.0,,,,90,,0.0,0.0,,Аксесоар,,DATABASE_EVIDENCE
Profilink16,4941112,WINKHAUS,SET SK.SS.1450.WS,4,4,0.0,0.0,81640964987.0,,,,90,,0.0,0.0,,Аксесоар,,DATABASE_EVIDENCE
Profilink16,4941113,WINKHAUS,SET SK.SS.1450.WS,4,4,0.0,0.0,53630274415.0,,,,90,,0.0,0.0,,Аксесоар,,DATABASE_EVIDENCE
Profilink16,4941115,WINKHAUS,SET SK.SS.1650.WS,4,4,0.0,0.0,55660944240.0,,,,90,,0.0,0.0,,Аксесоар,,DATABASE_EVIDENCE
Profilink16,4941116,WINKHAUS,SET SK.GS.1650.WS,4,4,0.0,0.0,82650744122.0,,,,90,,0.0,0.0,,Аксесоар,,DATABASE_EVIDENCE
Profilink16,4941717,WINKHAUS,Горен нулев ъгъл Pro,4,4,0.0,0.0,91856284742.0,,,,90,,0.0,0.0,,Аксесоар,,DATABASE_EVIDENCE
Profilink16,4965127,WINKHAUS,GASM.GZ.1050-1,4,4,0.0,0.0,75532218958.0,WINKHAUS,,,90,,0.0,0.0,,Аксесоар,,DATABASE_EVIDENCE
Profilink16,4965128,WINKHAUS,GASM.GZ.1400-1,4,4,0.0,0.0,36582518734.0,WINKHAUS,,,90,,0.0,0.0,,Аксесоар,,DATABASE_EVIDENCE
Profilink16,4965130,WINKHAUS,GASM.GZ.1800-2,4,4,0.0,0.0,60252828535.0,WINKHAUS,,,90,,0.0,0.0,,Аксесоар,,DATABASE_EVIDENCE
Profilink16,4965131,WINKHAUS,GASM.GZ.2300-3,4,4,0.0,0.0,27262288252.0,WINKHAUS,,,90,,0.0,0.0,,Аксесоар,,DATABASE_EVIDENCE
Profilink16,4965238,WINKHAUS,ZV-FT.P SL,4,4,0.0,0.0,25933548731.0,WINKHAUS,,,90,,0.0,0.0,,Аксесоар,,DATABASE_EVIDENCE
Profilink16,4965602,WINKHAUS,Сюрме ProPilot KR.U.,4,4,0.0,0.0,38627518572.0,,,,90,,0.0,0.0,,Аксесоар,,DATABASE_EVIDENCE
Profilink16,4982891,WINKHAUS,KE SL,4,4,0.0,0.0,34681375441.0,WINKHAUS,,,90,,0.0,0.0,,Аксесоар,,DATABASE_EVIDENCE
Profilink16,4986908,WINKHAUS,DL.K.ET.20-13.RS,4,4,0.0,0.0,98872179524.0,WINKHAUS,,,90,,0.0,0.0,,Аксесоар,,DATABASE_EVIDENCE
Profilink16,4986909,WINKHAUS,DL.K.ET.20-13.LS,4,4,0.0,0.0,21872459078.0,WINKHAUS,,,90,,0.0,0.0,,Аксесоар,,DATABASE_EVIDENCE
Profilink16,4988169,WINKHAUS,Едноосова мартина Pr,4,4,0.0,0.0,28814721801.0,,,,90,,0.0,0.0,,Аксесоар,,DATABASE_EVIDENCE
Profilink16,4988220,WINKHAUS,Едноосова мартина Pr,4,4,0.0,0.0,33705231064.0,,,,90,,0.0,0.0,,Аксесоар,,DATABASE_EVIDENCE
Profilink16,4988221,WINKHAUS,Едноосова мартина Pr,4,4,0.0,0.0,72725731874.0,,,,90,,0.0,0.0,,Аксесоар,,DATABASE_EVIDENCE
Profilink16,4988222,WINKHAUS,Едноосова мартина Pr,4,4,0.0,0.0,20755651286.0,,,,90,,0.0,0.0,,Аксесоар,,DATABASE_EVIDENCE
Profilink16,4988223,WINKHAUS,Едноосова мартина Pr,4,4,0.0,0.0,35735461924.0,,,,90,,0.0,0.0,,Аксесоар,,DATABASE_EVIDENCE
Profilink16,4988224,WINKHAUS,Едноосова мартина Pr,4,4,0.0,0.0,94775651539.0,,,,90,,0.0,0.0,,Аксесоар,,DATABASE_EVIDENCE
Profilink16,4988225,WINKHAUS,Едноосова мартина Pr,4,4,0.0,0.0,96775341737.0,,,,90,,0.0,0.0,,Аксесоар,,DATABASE_EVIDENCE
Profilink16,4988226,WINKHAUS,Едноосова мартина Pr,4,4,0.0,0.0,60735531499.0,,,,90,,0.0,0.0,,Аксесоар,,DATABASE_EVIDENCE
Profilink16,4988227,WINKHAUS,Едноосова мартина Pr,4,4,0.0,0.0,6745411137.0,,,,90,,0.0,0.0,,Аксесоар,,DATABASE_EVIDENCE
Profilink16,4990509,WINKHAUS,ELK ESV WS,4,4,0.0,0.0,65589643334.0,WINKHAUS,,,90,,0.0,0.0,,Аксесоар,,DATABASE_EVIDENCE
Profilink16,4990531,WINKHAUS,ELK ESV BR,4,4,0.0,0.0,98629813398.0,WINKHAUS,,,90,,0.0,0.0,,Аксесоар,,DATABASE_EVIDENCE
Profilink16,4990535,WINKHAUS,ELK ESV F1,4,4,0.0,0.0,78659863113.0,WINKHAUS,,,90,,0.0,0.0,,Аксесоар,,DATABASE_EVIDENCE
Profilink16,4990590,WINKHAUS,ELK ESV F4,4,4,0.0,0.0,69829843677.0,WINKHAUS,,,90,,0.0,0.0,,Аксесоар,,DATABASE_EVIDENCE
Profilink16,4992360,WINKHAUS,Малка ножица ProPilo,4,4,0.0,0.0,84777285601.0,,,,90,,0.0,0.0,,Аксесоар,,DATABASE_EVIDENCE
Profilink16,4992361,WINKHAUS,Малка ножица ProPilo,4,4,0.0,0.0,27797225784.0,,,,90,,0.0,0.0,,Аксесоар,,DATABASE_EVIDENCE
Profilink16,4992368,WINKHAUS,Голяма ножица ProPil,4,4,0.0,0.0,14717845443.0,,,,90,,0.0,0.0,,Аксесоар,,DATABASE_EVIDENCE
Profilink16,4992369,WINKHAUS,Голяма ножица ProPil,4,4,0.0,0.0,73727775768.0,,,,90,,0.0,0.0,,Аксесоар,,DATABASE_EVIDENCE
Profilink16,4996827,WINKHAUS,GAVM.2020-4,4,4,0.0,0.0,98222389857.0,WINKHAUS,,,90,,0.0,0.0,,Аксесоар,,DATABASE_EVIDENCE
Profilink16,4996828,WINKHAUS,GAVM.1520-3,4,4,0.0,0.0,10282669537.0,WINKHAUS,,,90,,0.0,0.0,,Аксесоар,,DATABASE_EVIDENCE
Profilink16,4996829,WINKHAUS,GAVM.1220-3,4,4,0.0,0.0,15242479714.0,WINKHAUS,,,90,,0.0,0.0,,Аксесоар,,DATABASE_EVIDENCE
Profilink16,5005010,WINKHAUS,Долен ъгъл ProPilot,4,4,0.0,0.0,74326279796.0,,,,90,,0.0,0.0,,Аксесоар,,DATABASE_EVIDENCE
Profilink16,5032540,WINKHAUS,Двуосова мартина Pro,4,4,0.0,0.0,36984126197.0,,,,90,,0.0,0.0,,Аксесоар,,DATABASE_EVIDENCE
Profilink16,5032541,WINKHAUS,Двуосова мартина Pro,4,4,0.0,0.0,94954136845.0,,,,90,,0.0,0.0,,Аксесоар,,DATABASE_EVIDENCE
Profilink16,5032543,WINKHAUS,Двуосова мартина Pro,4,4,0.0,0.0,7934636333.0,,,,90,,0.0,0.0,,Аксесоар,,DATABASE_EVIDENCE
Profilink16,5032545,WINKHAUS,Двуосова мартина Pro,4,4,0.0,0.0,81964156996.0,,,,90,,0.0,0.0,,Аксесоар,,DATABASE_EVIDENCE
Profilink16,5032547,WINKHAUS,Двуосова мартина Pro,4,4,0.0,0.0,45944576757.0,,,,90,,0.0,0.0,,Аксесоар,,DATABASE_EVIDENCE
Profilink16,5032549,WINKHAUS,Двуосова мартина Pro,4,4,0.0,0.0,27954516123.0,,,,90,,0.0,0.0,,Аксесоар,,DATABASE_EVIDENCE
Profilink16,635999,PROFILINK,Количка плъзгане,4,4,0.0,0.0,30444527323.0,,,,45,,0.0,0.0,,Аксесоар,,DATABASE_EVIDENCE
Profilink16,800000,AL Orbis,Central gasket for WS71,4,0,0.0,0.0,71641689682.0,AL Orbis,,,90,,0.0,0.0,0.0,UNKNOWN,,DATABASE_EVIDENCE
Profilink16,800001,AL Orbis,External glazing gasket,4,0,0.0,0.0,64651569132.0,AL Orbis,,,90,,0.0,0.0,0.0,UNKNOWN,,DATABASE_EVIDENCE
Profilink16,800002,AL Orbis,Internal gasket,4,0,0.0,0.0,48661099384.0,AL Orbis,,,90,,0.0,0.0,0.0,UNKNOWN,,DATABASE_EVIDENCE
Profilink16,810002,AL Orbis,Corner bracket extruded,4,0,0.0,0.0,51341129281.0,AL Orbis,,,90,,0.0,0.0,0.0,UNKNOWN,,DATABASE_EVIDENCE
Profilink16,810003,AL Orbis,Corner bracket extruded,4,0,0.0,0.0,52311679171.0,AL Orbis,,,90,,0.0,0.0,0.0,UNKNOWN,,DATABASE_EVIDENCE
Profilink16,810004,AL Orbis,Corner bracket extruded,4,0,0.0,0.0,48371459356.0,AL Orbis,,,90,,0.0,0.0,0.0,UNKNOWN,,DATABASE_EVIDENCE
Profilink16,810005,AL Orbis,Corner bracket extruded,4,0,0.0,0.0,74351679076.0,AL Orbis,,,90,,0.0,0.0,0.0,UNKNOWN,,DATABASE_EVIDENCE
Profilink16,810006,AL Orbis,Corner bracket extruded,4,0,0.0,0.0,97381339261.0,AL Orbis,,,90,,0.0,0.0,0.0,UNKNOWN,,DATABASE_EVIDENCE
Profilink16,810007,AL Orbis,Corner bracket extruded,4,0,0.0,0.0,82331399578.0,AL Orbis,,,90,,0.0,0.0,0.0,UNKNOWN,,DATABASE_EVIDENCE
Profilink16,810008,AL Orbis,Corner bracket extruded,4,0,0.0,0.0,18381949736.0,AL Orbis,,,90,,0.0,0.0,0.0,UNKNOWN,,DATABASE_EVIDENCE
Profilink16,810009,AL Orbis,Corner bracket extruded,4,0,0.0,0.0,83371449374.0,AL Orbis,,,90,,0.0,0.0,0.0,UNKNOWN,,DATABASE_EVIDENCE
Profilink16,810010,AL Orbis,Corner bracket extruded,4,0,0.0,0.0,97041439558.0,AL Orbis,,,90,,0.0,0.0,0.0,UNKNOWN,,DATABASE_EVIDENCE
Profilink16,810011,AL Orbis,Corner bracket extruded,4,0,0.0,0.0,8061659317.0,AL Orbis,,,90,,0.0,0.0,0.0,UNKNOWN,,DATABASE_EVIDENCE
Profilink16,810012,AL Orbis,Corner bracket extruded,4,0,0.0,0.0,11041339776.0,AL Orbis,,,90,,0.0,0.0,0.0,UNKNOWN,,DATABASE_EVIDENCE
Profilink16,810013,AL Orbis,Corner bracket extruded,4,0,0.0,0.0,93001389623.0,AL Orbis,,,90,,0.0,0.0,0.0,UNKNOWN,,DATABASE_EVIDENCE
Profilink16,810014,AL Orbis,Corner bracket extruded,4,0,0.0,0.0,9081329471.0,AL Orbis,,,90,,0.0,0.0,0.0,UNKNOWN,,DATABASE_EVIDENCE
Profilink16,810015,AL Orbis,Corner bracket extruded,4,0,0.0,0.0,41081639686.0,AL Orbis,,,90,,0.0,0.0,0.0,UNKNOWN,,DATABASE_EVIDENCE
Profilink16,810016,AL Orbis,Corner bracket extruded,4,0,0.0,0.0,74021499523.0,AL Orbis,,,90,,0.0,0.0,0.0,UNKNOWN,,DATABASE_EVIDENCE
Profilink16,810017,AL Orbis,Corner bracket extruded Winkhaus,4,0,0.0,0.0,51081499127.0,AL Orbis,,,90,,0.0,0.0,0.0,UNKNOWN,,DATABASE_EVIDENCE
Profilink16,810018,AL Orbis,Corner bracket extruded Maco,4,0,0.0,0.0,51081989341.0,AL Orbis,,,90,,0.0,0.0,0.0,UNKNOWN,,DATABASE_EVIDENCE
Profilink16,810019,AL Orbis,Corner bracket extruded Roto,4,0,0.0,0.0,55061329837.0,AL Orbis,,,90,,0.0,0.0,0.0,UNKNOWN,,DATABASE_EVIDENCE
Profilink16,810020,AL Orbis,Corner bracket extruded for 200015,4,0,0.0,0.0,65761439461.0,AL Orbis,,,90,,0.0,0.0,0.0,UNKNOWN,,DATABASE_EVIDENCE
Profilink16,816000,AL Orbis,Alignment corner die-casted,4,0,0.0,0.0,95527769183.0,AL Orbis,,,90,,0.0,0.0,0.0,UNKNOWN,,DATABASE_EVIDENCE
Profilink16,816001,AL Orbis,Aligning T-joint,4,0,0.0,0.0,88587529464.0,AL Orbis,,,90,,0.0,0.0,0.0,UNKNOWN,,DATABASE_EVIDENCE
Profilink16,816002,AL Orbis,Aligning T-joint,4,0,0.0,0.0,68567719368.0,AL Orbis,,,90,,0.0,0.0,0.0,UNKNOWN,,DATABASE_EVIDENCE
Profilink16,816003,AL Orbis,Aluminium T-joint,4,0,0.0,0.0,12567239635.0,AL Orbis,,,90,,0.0,0.0,0.0,UNKNOWN,,DATABASE_EVIDENCE
Profilink16,817000,AL Orbis,Alignment corner for casement,4,0,0.0,0.0,64248379945.0,AL Orbis,,,90,,0.0,0.0,0.0,UNKNOWN,,DATABASE_EVIDENCE
Profilink16,820000,AL Orbis,Plugs for overhung,4,0,0.0,0.0,51071819167.0,AL Orbis,,,90,,0.0,0.0,0.0,UNKNOWN,,DATABASE_EVIDENCE
Profilink16,820001,AL Orbis,Alignment pad for frame,4,0,0.0,0.0,32031009174.0,AL Orbis,,,90,,0.0,0.0,0.0,UNKNOWN,,DATABASE_EVIDENCE
Profilink16,820002,AL Orbis,Alignment pad for casement,4,0,0.0,0.0,53071089431.0,AL Orbis,,,90,,0.0,0.0,0.0,UNKNOWN,,DATABASE_EVIDENCE
Profilink16,820003,AL Orbis,EURO groove cover,4,0,0.0,0.0,15031139809.0,AL Orbis,,,90,,0.0,0.0,0.0,UNKNOWN,,DATABASE_EVIDENCE
Profilink16,820004,AL Orbis,Caps for drip profile,4,0,0.0,0.0,76001259465.0,AL Orbis,,,90,,0.0,0.0,0.0,UNKNOWN,,DATABASE_EVIDENCE
Profilink16,820005,AL Orbis,Drainage cap,4,0,0.0,0.0,80061179608.0,AL Orbis,,,90,,0.0,0.0,0.0,UNKNOWN,,DATABASE_EVIDENCE
Profilink16,820006,AL Orbis,Glazing block 1mm,4,0,0.0,0.0,25061699274.0,AL Orbis,,,90,,0.0,0.0,0.0,UNKNOWN,,DATABASE_EVIDENCE
Profilink16,820007,AL Orbis,Glazing block 2mm,4,0,0.0,0.0,65051329171.0,AL Orbis,,,90,,0.0,0.0,0.0,UNKNOWN,,DATABASE_EVIDENCE
Profilink16,820008,AL Orbis,Glazing block 3mm,4,0,0.0,0.0,13031539873.0,AL Orbis,,,90,,0.0,0.0,0.0,UNKNOWN,,DATABASE_EVIDENCE
Profilink16,820009,AL Orbis,Glazing block 4mm,4,0,0.0,0.0,62001829258.0,AL Orbis,,,90,,0.0,0.0,0.0,UNKNOWN,,DATABASE_EVIDENCE
Profilink16,820010,AL Orbis,Glazing block 5mm,4,0,0.0,0.0,76791339190.0,AL Orbis,,,90,,0.0,0.0,0.0,UNKNOWN,,DATABASE_EVIDENCE
Profilink16,820011,AL Orbis,Glazing block 6mm,4,0,0.0,0.0,63771839185.0,AL Orbis,,,90,,0.0,0.0,0.0,UNKNOWN,,DATABASE_EVIDENCE
Profilink16,820012,AL Orbis,Insert for T-profile,4,0,0.0,0.0,87751849616.0,AL Orbis,,,90,,0.0,0.0,0.0,UNKNOWN,,DATABASE_EVIDENCE
Profilink16,820014,AL Orbis,Connector for treshold,4,0,0.0,0.0,25721639058.0,AL Orbis,,,90,,0.0,0.0,0.0,UNKNOWN,,DATABASE_EVIDENCE
Profilink16,820015,AL Orbis,cap for overhung,4,0,0.0,0.0,45731089594.0,AL Orbis,,,90,,0.0,0.0,0.0,UNKNOWN,,DATABASE_EVIDENCE
Profilink16,820016,AL Orbis,cap for additional profile 210011,4,0,0.0,0.0,57761749847.0,AL Orbis,,,90,,0.0,0.0,0.0,UNKNOWN,,DATABASE_EVIDENCE
Profilink16,820017,AL Orbis,cap for additional profile 210012,4,0,0.0,0.0,57711179079.0,AL Orbis,,,90,,0.0,0.0,0.0,UNKNOWN,,DATABASE_EVIDENCE
Profilink16,820018,AL Orbis,connector for frame/ sash,4,0,0.0,0.0,88771209493.0,AL Orbis,,,90,,0.0,0.0,0.0,UNKNOWN,,DATABASE_EVIDENCE
Profilink16,820019,AL Orbis,cap for additional profile 392005,4,0,0.0,0.0,79741669681.0,AL Orbis,,,90,,0.0,0.0,0.0,UNKNOWN,,DATABASE_EVIDENCE
Profilink16,820020,AL Orbis,Connector for treshold,4,0,0.0,0.0,64461169862.0,AL Orbis,,,90,,0.0,0.0,0.0,UNKNOWN,,DATABASE_EVIDENCE
Profilink16,840000,AL Orbis,isolator for frame and casement,4,0,0.0,0.0,52461439308.0,AL Orbis,,,90,,0.0,0.0,0.0,UNKNOWN,,DATABASE_EVIDENCE
Profilink16,840001,AL Orbis,Insulator 20.9x20 mm,4,0,0.0,0.0,98451729620.0,AL Orbis,,,90,,0.0,0.0,0.0,UNKNOWN,,DATABASE_EVIDENCE
Profilink16,840002,AL Orbis,"Insulator 33.9x20 mm
",4,0,0.0,0.0,6401459805.0,AL Orbis,,,90,,0.0,0.0,0.0,UNKNOWN,,DATABASE_EVIDENCE
Profilink16,840003,AL Orbis,"Insulator 12.7x20 mm
",4,0,0.0,0.0,62471879466.0,AL Orbis,,,90,,0.0,0.0,0.0,UNKNOWN,,DATABASE_EVIDENCE
Profilink16,840004,AL Orbis,"Insulator 19.2x20 mm
",4,0,0.0,0.0,28401879708.0,AL Orbis,,,90,,0.0,0.0,0.0,UNKNOWN,,DATABASE_EVIDENCE
Profilink16,840005,AL Orbis,"Insulator 50.0x20 mm
",4,0,0.0,0.0,4401269033.0,AL Orbis,,,90,,0.0,0.0,0.0,UNKNOWN,,DATABASE_EVIDENCE
Profilink16,840006,AL Orbis,insulator for 210000,4,0,0.0,0.0,64451239444.0,AL Orbis,,,90,,0.0,0.0,0.0,UNKNOWN,,DATABASE_EVIDENCE
Profilink16,840007,AL Orbis,insulator for 210002,4,0,0.0,0.0,68431169664.0,AL Orbis,,,90,,0.0,0.0,0.0,UNKNOWN,,DATABASE_EVIDENCE
Profilink16,850000,AL Orbis,Butil rope,4,0,0.0,0.0,94171419685.0,AL Orbis,,,90,,0.0,0.0,0.0,UNKNOWN,,DATABASE_EVIDENCE
Profilink16,860000,AL Orbis,Jig for T-joints assembly,4,0,0.0,0.0,41891759746.0,AL Orbis,,,90,,0.0,0.0,0.0,UNKNOWN,,DATABASE_EVIDENCE
Profilink16,890000,AL Orbis,installation profile,4,1,0.0,0.0,10981219523.0,AL Orbis,,,45,,0.0,0.0,0.0,Каса,Frame,DATABASE_EVIDENCE
Profilink16,Дръжка прозорец,,Дръжка прозорец,4,4,0.0,0.0,22720839061.0,OBKOV RAZNI,,,90,,0.0,0.0,,Аксесоар,,DATABASE_EVIDENCE
Profilink16,винт 4.8х40мм,,Винт делител,4,4,0.0,0.0,26851049373.0,,,,90,,0.0,0.0,,Аксесоар,,DATABASE_EVIDENCE
Profilink16,Винт монтаж,PROFILINK,Винт монтаж,4,4,0.0,0.0,50890257277.0,,,,90,,0.0,0.0,,Аксесоар,,DATABASE_EVIDENCE
Profilink16,840008,AL Orbis,insulator for 210003,4,0,0.0,0.0,72451359565.0,AL Orbis,,,90,,0.0,0.0,0.0,UNKNOWN,,DATABASE_EVIDENCE
Profilink16,КАПАЧКА ПЛЪЗ.,,КАПАЧКА ПЛЪЗГАНЕ,4,4,0.0,0.0,79708162602.0,,,,90,,0.0,0.0,,Аксесоар,,DATABASE_EVIDENCE
Profilink16,HOPPE Salvador,,Дръжка HOPPE Salvado,4,4,0.0,0.0,45296846078.0,,,,90,,0.0,0.0,,Аксесоар,,DATABASE_EVIDENCE
Profilink16,Праг 3810,,Алумин.праг,4,4,0.0,0.0,76266767641.0,,,,90,,0.0,0.0,,Аксесоар,,DATABASE_EVIDENCE
Profilink16,S9999004,,АЛ. РЕЛСА,4,4,0.0,0.0,18924673787.0,,,,90,,0.0,0.0,,Аксесоар,,DATABASE_EVIDENCE
Profilink16,S9999211,,ДРЪЖКА КР.ВР.ПЛЪЗГАН,4,4,0.0,0.0,59034953873.0,,,,90,,0.0,0.0,,Аксесоар,,DATABASE_EVIDENCE
Profilink16,S9999212,WINKHAUS,ПАТРОН 60,4,4,0.0,0.0,86074803926.0,,,,90,,0.0,0.0,,Аксесоар,,DATABASE_EVIDENCE
Profilink16,Secustik Бяла,,дръжка Secustik,4,4,0.0,0.0,59676461351.0,,,,90,,0.0,0.0,,Аксесоар,,DATABASE_EVIDENCE
Profilink16,Secustik Златна,,дръжка Secustik,4,4,0.0,0.0,36458157304.0,,,,90,,0.0,0.0,,Аксесоар,,DATABASE_EVIDENCE
Profilink16,Secustik Кафява,,дръжка Secustik,4,4,0.0,0.0,20280470018.0,,,,90,,0.0,0.0,,Аксесоар,,DATABASE_EVIDENCE
Profilink16,Secustik Титан,,дръжка Secustik,4,4,0.0,0.0,18153128512.0,,,,90,,0.0,0.0,,Аксесоар,,DATABASE_EVIDENCE
Profilink16,Шнапер SIEGENIA,,шнапер с дръжка,4,4,0.0,0.0,36190269534.0,,,,90,,0.0,0.0,,Аксесоар,,DATABASE_EVIDENCE
Profilink16,820021,AL Orbis,cap for additional profile,4,0,0.0,0.0,14421889622.0,AL Orbis,,,90,,0.0,0.0,0.0,UNKNOWN,,DATABASE_EVIDENCE
Profilink16,210004,AL Orbis,PD Sash,2,0,62.0,0.0,87135443325.0,AL Orbis,,,90,,62.0,64.0,0.0,UNKNOWN,,DATABASE_EVIDENCE
Profilink16,210005,AL Orbis,PD T profile,3,0,53.0,0.0,49105683961.0,AL Orbis,,,90,,0.0,64.0,0.0,UNKNOWN,,DATABASE_EVIDENCE
Profilink16,210007,AL Orbis,PD glazing bead,4,0,0.0,0.0,45185153505.0,AL Orbis,,,90,,0.0,0.0,0.0,UNKNOWN,,DATABASE_EVIDENCE
Profilink16,840010,AL Orbis,insulator for 210005,4,0,0.0,0.0,60181869065.0,AL Orbis,,,90,,0.0,0.0,0.0,UNKNOWN,,DATABASE_EVIDENCE
Profilink16,840009,AL Orbis,insulator for 210004,4,0,0.0,0.0,22431249127.0,AL Orbis,,,90,,0.0,0.0,0.0,UNKNOWN,,DATABASE_EVIDENCE
Profilink16,820022,AL Orbis,cap for additional profile 210011,4,0,0.0,0.0,36471489597.0,AL Orbis,,,90,,0.0,0.0,0.0,UNKNOWN,,DATABASE_EVIDENCE
Profilink16,320002,PROFILINK,Каса 81 x 38 ПРОФИЛИНК 38 [WT] (6 М),1,1,38.0,0.0,24516214660.0,AL ПРОФИЛИ,,,45,,0.0,0.0,0.0,Каса,Frame,DATABASE_EVIDENCE
Profilink16,PLA20.A700,Sutters,alignment corner,4,4,0.0,0.0,41125368649.0,Sutters,,,90,,0.0,0.0,0.0,Аксесоар,,DATABASE_EVIDENCE
Profilink16,PLA30.A500,Sutters,alignment corner,4,4,0.0,0.0,49445659621.0,Sutters,,,90,,0.0,0.0,0.0,Аксесоар,,DATABASE_EVIDENCE
Profilink16,PLA30.A100,Sutters,alignment corner,4,4,0.0,0.0,27655629537.0,Sutters,,,90,,0.0,0.0,0.0,Аксесоар,,DATABASE_EVIDENCE
Profilink16,800010,AL Orbis,gasket for 210004,4,0,0.0,0.0,29331429133.0,AL Orbis,,,90,,0.0,0.0,0.0,UNKNOWN,,DATABASE_EVIDENCE
Profilink16,PLAWC.38.101,Sutters,Frame,1,1,25.2,0.0,85776981879.0,Sutters,,,45,,47.2,37.5,0.0,Каса,Frame,DATABASE_EVIDENCE
Profilink16,710019,Sutters,alignment corner,4,4,0.0,0.0,17340768141.0,Sutters,,,90,,0.0,0.0,0.0,Аксесоар,,DATABASE_EVIDENCE
Profilink16,PLA20.A100,Sutters,Gasket,4,4,0.0,0.0,31995168376.0,Sutters,,,90,,0.0,0.0,0.0,Аксесоар,,DATABASE_EVIDENCE
Profilink16,PLA20.A200,Sutters,Gasket,4,4,0.0,0.0,81625088230.0,Sutters,,,90,,0.0,0.0,0.0,Аксесоар,,DATABASE_EVIDENCE
Profilink16,880001,Sutters,locking handle KIT,4,4,0.0,0.0,40241039882.0,Sutters,,,90,,0.0,0.0,0.0,Аксесоар,,DATABASE_EVIDENCE
Profilink16,HingeN,Sutters,Hinge,4,4,0.0,0.0,56799685912.0,Sutters,,,90,,0.0,0.0,0.0,Аксесоар,,DATABASE_EVIDENCE
Profilink16,HingeBlackN,Sutters,HingeBlack,4,4,0.0,0.0,25667926040.0,Sutters,,,90,,0.0,0.0,0.0,Аксесоар,,DATABASE_EVIDENCE
Profilink16,Handle,Sutters,Handle,4,4,0.0,0.0,45949705376.0,Sutters,,,90,,0.0,0.0,0.0,Аксесоар,,DATABASE_EVIDENCE
Profilink16,Operating rod,Sutters,Operating rod,4,4,0.0,0.0,33866473170.0,Sutters,,,90,,0.0,0.0,0.0,Аксесоар,,DATABASE_EVIDENCE
Profilink16,340000,Sutters,Casement,2,2,49.7,18.0,11956494320.0,Sutters,,,45,,67.7,45.0,0.0,Крило,Wing,DATABASE_EVIDENCE
Profilink16,340002,Sutters,Compensation slat,4,4,0.0,0.0,35936374053.0,Sutters,,,90,,0.0,0.0,0.0,Аксесоар,,DATABASE_EVIDENCE
Profilink16,PLAAS.29.501,Sutters,Positioner,4,4,0.0,0.0,40361858587.0,Sutters,,,90,,0.0,0.0,0.0,Аксесоар,,DATABASE_EVIDENCE
Profilink16,340003,Sutters,Slat,4,4,0.0,0.0,24916414661.0,Sutters,,,90,,0.0,0.0,0.0,Аксесоар,,DATABASE_EVIDENCE
Profilink16,880004,Sutters,accessories for fixed slat visible,4,4,0.0,0.0,31201879691.0,Sutters,,,90,,0.0,0.0,0.0,Аксесоар,,DATABASE_EVIDENCE
Profilink16,880003,Sutters,galvanised rod 2300mm,4,4,0.0,0.0,2251029531.0,Sutters,,,90,,0.0,0.0,0.0,Аксесоар,,DATABASE_EVIDENCE
Profilink16,PLAWC.38.302,Sutters,Overhung,4,5,0.0,0.0,24156321368.0,Sutters,,,90,,0.0,0.0,0.0,Летящ делител,,DATABASE_EVIDENCE
Profilink16,PLA10.A100,Sutters,cap for overhung,4,4,0.0,0.0,28245737079.0,Sutters,,,90,,0.0,0.0,0.0,Аксесоар,,DATABASE_EVIDENCE
Profilink16,PLA10.A300,Sutters,cap for ending profile,4,4,0.0,0.0,53695237058.0,Sutters,,,90,,0.0,0.0,0.0,Аксесоар,,DATABASE_EVIDENCE
Profilink16,820023,Sutters,cap for casement,4,4,0.0,0.0,62401349878.0,Sutters,,,90,,0.0,0.0,0.0,Аксесоар,,DATABASE_EVIDENCE
Profilink16,DIN7504 P ST 3.5x16,Sutters,screw,4,4,0.0,0.0,14369115835.0,Sutters,,,90,,0.0,0.0,0.0,Аксесоар,,DATABASE_EVIDENCE
Profilink16,880008,Sutters,accessories for fixed slat hidden,4,4,0.0,0.0,5241639321.0,Sutters,,,90,,0.0,0.0,0.0,Аксесоар,,DATABASE_EVIDENCE
Profilink16,340004,Sutters,Slat,4,4,0.0,0.0,15906554719.0,Sutters,,,90,,0.0,0.0,0.0,Аксесоар,,DATABASE_EVIDENCE
Profilink16,880005,Sutters,mechanism for rotated slats 5m,4,4,0.0,0.0,63241049412.0,Sutters,,,45,,0.0,0.0,0.0,Аксесоар,,DATABASE_EVIDENCE
Profilink16,880006,Sutters,handle right for rotated slats,4,4,0.0,0.0,68271309512.0,Sutters,,,90,,0.0,0.0,0.0,Аксесоар,,DATABASE_EVIDENCE
Profilink16,340005,Sutters,ending profile,4,4,0.0,0.0,82966004711.0,Sutters,,,90,,0.0,0.0,0.0,Аксесоар,,DATABASE_EVIDENCE
Profilink16,340006,Sutters,Positioner,4,4,0.0,0.0,56986624388.0,Sutters,,,90,,0.0,0.0,0.0,Аксесоар,,DATABASE_EVIDENCE
Profilink16,880002,Sutters,galvanised rod 1500mm,4,4,0.0,0.0,43231309356.0,Sutters,,,90,,0.0,0.0,0.0,Аксесоар,,DATABASE_EVIDENCE
Profilink16,880007,Sutters,handle left for rotated slats,4,4,0.0,0.0,35241899515.0,Sutters,,,90,,0.0,0.0,0.0,Аксесоар,,DATABASE_EVIDENCE
Profilink16,PLAAC.44.501,Sutters,Ending profile,4,4,0.0,0.0,27077920853.0,Sutters,,,90,,0.0,0.0,0.0,Аксесоар,,DATABASE_EVIDENCE
Profilink16,PLAWC.38.103,Sutters,Frame,1,1,25.2,30.0,14716731792.0,Sutters,,,45,,77.2,37.5,0.0,Каса,Frame,DATABASE_EVIDENCE
Profilink16,340001,Sutters,T-profile,3,3,60.0,0.0,40956214826.0,Sutters,,,45,,60.0,37.4,0.0,Делител,,DATABASE_EVIDENCE
Profilink16,DIN7504 N ST 3.5x16,Sutters,screw,4,4,0.0,0.0,32947075159.0,Sutters,,,90,,0.0,0.0,0.0,Аксесоар,,DATABASE_EVIDENCE
Profilink16,PLP20.S216,Sutters,brush,4,4,0.0,0.0,47448596785.0,Sutters,,,90,,0.0,0.0,0.0,Аксесоар,,DATABASE_EVIDENCE
Profilink16,PLAAC.43.501,Sutters,Ending profile,4,4,0.0,0.0,35347870543.0,Sutters,,,90,,0.0,0.0,0.0,Аксесоар,,DATABASE_EVIDENCE
Profilink16,810021,Sutters,extruded corner,4,4,0.0,0.0,91761669428.0,Sutters,,,90,,0.0,0.0,0.0,Аксесоар,,DATABASE_EVIDENCE
Profilink16,HingeWF,Sutters,Hinge,4,4,0.0,0.0,17630538640.0,Sutters,,,90,,0.0,0.0,0.0,Аксесоар,,DATABASE_EVIDENCE
Profilink16,HingeBlackWF,Sutters,HingeBlack,4,4,0.0,0.0,92537616711.0,Sutters,,,90,,0.0,0.0,0.0,Аксесоар,,DATABASE_EVIDENCE
Profilink16,220006,AL Strox,frame rail top and bottom,1,1,57.0,0.0,57855843858.0,AL Strox,,,90,,57.0,162.0,0.0,Каса,Frame,DATABASE_EVIDENCE
Profilink16,220000,AL Strox,frame rail top and bottom,1,1,57.0,0.0,54825753277.0,AL Strox,,,90,,57.0,162.0,0.0,Каса,Frame,DATABASE_EVIDENCE
Profilink16,220001,AL Strox,frame lateral,1,1,39.0,0.0,17875653302.0,AL Strox,,,90,,39.0,162.0,0.0,Каса,Frame,DATABASE_EVIDENCE
Profilink16,220007,AL Strox,frame lateral,1,1,49.0,0.0,26815443146.0,AL Strox,,,90,,49.0,162.0,0.0,Каса,Frame,DATABASE_EVIDENCE
Profilink16,220002,AL Strox,sliding sash,2,0,66.0,0.0,39805023044.0,AL Strox,,,90,,90.0,71.0,0.0,UNKNOWN,,DATABASE_EVIDENCE
Profilink16,220004,AL Strox,adjoining profile,4,0,0.0,0.0,58805563497.0,AL Strox,,,90,,0.0,0.0,0.0,UNKNOWN,,DATABASE_EVIDENCE
Profilink16,220005,AL Strox,cover for sliding sash,4,0,0.0,0.0,81845343442.0,AL Strox,,,90,,0.0,0.0,0.0,UNKNOWN,,DATABASE_EVIDENCE
Profilink16,220008,AL Strox,cover for frame rail top,4,0,0.0,0.0,51835903216.0,AL Strox,,,90,,0.0,0.0,0.0,UNKNOWN,,DATABASE_EVIDENCE
Profilink16,220009,AL Strox,cover for frame rail bottom,4,0,0.0,0.0,88855213224.0,AL Strox,,,90,,0.0,0.0,0.0,UNKNOWN,,DATABASE_EVIDENCE
Profilink16,822006,AL Strox,plastic cap for horizontal frame,4,4,0.0,0.0,30463089505.0,AL Strox,,,90,,0.0,0.0,0.0,Аксесоар,,DATABASE_EVIDENCE
Profilink16,822005,AL Strox,plastic cap for aluminium cap 220005 L,4,4,0.0,0.0,55413579383.0,AL Strox,,,90,,0.0,0.0,0.0,Аксесоар,,DATABASE_EVIDENCE
Profilink16,820037,AL Strox,drainage cap,4,4,0.0,0.0,42171269115.0,AL Strox,,,90,,0.0,0.0,0.0,Аксесоар,,DATABASE_EVIDENCE
Profilink16,880010,AL Strox,stainless steel rail,4,4,0.0,0.0,63981489814.0,AL Strox,,,90,,0.0,0.0,0.0,Аксесоар,,DATABASE_EVIDENCE
Profilink16,802001,AL Strox,sealing block,4,0,0.0,0.0,37083229716.0,AL Strox,,,90,,0.0,0.0,0.0,UNKNOWN,,DATABASE_EVIDENCE
Profilink16,802002,AL Orbis,sealing block,4,0,0.0,0.0,78023359353.0,AL Orbis,,,90,,0.0,0.0,0.0,UNKNOWN,,DATABASE_EVIDENCE
Profilink16,822003,AL Strox,plastic profile for lock,4,4,0.0,0.0,28413249371.0,AL Strox,,,90,,0.0,0.0,0.0,Аксесоар,,DATABASE_EVIDENCE
Profilink16,822000,AL Strox,plastic profile for horizontal frame profile,4,4,0.0,0.0,1453859229.0,AL Strox,,,90,,0.0,0.0,0.0,Аксесоар,,DATABASE_EVIDENCE
Profilink16,822001,AL Strox,plastic profile for vertical frame profile,4,4,0.0,0.0,8413249335.0,AL Strox,,,90,,0.0,0.0,0.0,Аксесоар,,DATABASE_EVIDENCE
Profilink16,822002,AL Strox,plastic profile for sash,4,4,0.0,0.0,79453859545.0,AL Strox,,,90,,0.0,0.0,0.0,Аксесоар,,DATABASE_EVIDENCE
Profilink16,822004,AL Strox,plastic profile for Labyrinth,4,4,0.0,0.0,36483899116.0,AL Strox,,,90,,0.0,0.0,0.0,Аксесоар,,DATABASE_EVIDENCE
Profilink16,810037,AL Strox,extruded aluminium corner bracket,4,4,0.0,0.0,58421409475.0,AL Strox,,,90,,0.0,0.0,0.0,Аксесоар,,DATABASE_EVIDENCE
Profilink16,810036,AL Strox,extruded aluminium corner bracket,4,4,0.0,0.0,72431969476.0,AL Strox,,,90,,0.0,0.0,0.0,Аксесоар,,DATABASE_EVIDENCE
Profilink16,800017,AL Strox,external gasket,4,0,0.0,0.0,15371089486.0,AL Strox,,,90,,0.0,0.0,0.0,UNKNOWN,,DATABASE_EVIDENCE
Profilink16,822007,AL Strox,plastic cap for horizontal frame,4,4,0.0,0.0,25473449538.0,AL Strox,,,90,,0.0,0.0,0.0,Аксесоар,,DATABASE_EVIDENCE
Profilink16,800011,FLUXIS,Central gasket,4,0,0.0,0.0,55351219977.0,FLUXIS,,,90,,0.0,0.0,0.0,UNKNOWN,,DATABASE_EVIDENCE
Profilink16,809004,FLUXIS,Angle gasket for PL800011,4,0,0.0,0.0,84980559577.0,FLUXIS,,,90,,0.0,0.0,0.0,UNKNOWN,,DATABASE_EVIDENCE
Profilink16,810028,FLUXIS,Extruded AL corner bracket,4,0,0.0,0.0,12741829181.0,FLUXIS,,,90,,0.0,0.0,0.0,UNKNOWN,,DATABASE_EVIDENCE
Profilink16,810029,FLUXIS,Extruded AL corner bracket,4,0,0.0,0.0,23751859152.0,FLUXIS,,,90,,0.0,0.0,0.0,UNKNOWN,,DATABASE_EVIDENCE
Profilink16,840012,FLUXIS,"Isolator for PL201001, PL201006",4,0,0.0,0.0,38131279951.0,FLUXIS,,,90,,0.0,0.0,0.0,UNKNOWN,,DATABASE_EVIDENCE
Profilink16,201001,FLUXIS,"Casement PVC groove 67,5x72,9",2,0,50.9,0.0,83166013832.0,FLUXIS,,,45,,0.0,0.0,0.0,UNKNOWN,,DATABASE_EVIDENCE
Profilink16,201010,FLUXIS,+Overhung PVC groove,4,0,0.0,0.0,11836463965.0,FLUXIS,,,90,,0.0,0.0,0.0,UNKNOWN,,DATABASE_EVIDENCE
Profilink16,820030,FLUXIS,Pair of plastic plugs for secondary sash profile,4,0,0.0,0.0,75161139101.0,FLUXIS,,,90,,0.0,0.0,0.0,UNKNOWN,,DATABASE_EVIDENCE
Profilink16,820027,FLUXIS,Plastic alignment pad,4,0,0.0,0.0,46401409722.0,FLUXIS,,,90,,0.0,0.0,0.0,UNKNOWN,,DATABASE_EVIDENCE
Profilink16,800015,FLUXIS,Press-in gasket 5 mm,4,0,0.0,0.0,16321339775.0,FLUXIS,,,90,,0.0,0.0,0.0,UNKNOWN,,DATABASE_EVIDENCE
Profilink16,800014,FLUXIS,Press-in gasket 3 mm,4,0,0.0,0.0,66301819243.0,FLUXIS,,,90,,0.0,0.0,0.0,UNKNOWN,,DATABASE_EVIDENCE
Profilink16,800016,FLUXIS,Press-in gasket 7 mm,4,0,0.0,0.0,32391369583.0,FLUXIS,,,90,,0.0,0.0,0.0,UNKNOWN,,DATABASE_EVIDENCE
Profilink16,201002,FLUXIS,T - profile,3,0,35.4,22.0,25136953684.0,FLUXIS,,,90,,0.0,0.0,0.0,UNKNOWN,,DATABASE_EVIDENCE
Profilink16,201003,FLUXIS,"Casement PVC groove 67,5x94,9",2,0,72.9,0.0,93116603303.0,FLUXIS,,,45,,0.0,0.0,0.0,UNKNOWN,,DATABASE_EVIDENCE
Profilink16,810033,FLUXIS,Extruded AL corner bracket,4,0,0.0,0.0,8421139321.0,FLUXIS,,,90,,0.0,0.0,0.0,UNKNOWN,,DATABASE_EVIDENCE
Profilink16,201006,FLUXIS,"Casement EURO groove 67,5x72,9",2,0,50.9,0.0,11106443111.0,FLUXIS,,,45,,0.0,0.0,0.0,UNKNOWN,,DATABASE_EVIDENCE
Profilink16,201011,FLUXIS,+Overhung EURO groove,4,0,0.0,0.0,14816743863.0,FLUXIS,,,90,,0.0,0.0,0.0,UNKNOWN,,DATABASE_EVIDENCE
Profilink16,810034,FLUXIS,Extruded AL corner bracket,4,0,0.0,0.0,90421819042.0,FLUXIS,,,90,,0.0,0.0,0.0,UNKNOWN,,DATABASE_EVIDENCE
Profilink16,201007,FLUXIS,"Casement EURO groove 67,5x94,9",2,0,72.9,0.0,74156133333.0,FLUXIS,,,45,,0.0,0.0,0.0,UNKNOWN,,DATABASE_EVIDENCE
Profilink16,810035,FLUXIS,Extruded AL corner bracket,4,0,0.0,0.0,78451459712.0,FLUXIS,,,90,,0.0,0.0,0.0,UNKNOWN,,DATABASE_EVIDENCE
Profilink16,201008,FLUXIS,"Casement EURO groove 67,5x94,9",2,0,72.9,0.0,41166943775.0,FLUXIS,,,45,,0.0,0.0,0.0,UNKNOWN,,DATABASE_EVIDENCE
Profilink16,201009,FLUXIS,+Frame extension,4,0,0.0,0.0,45116043004.0,FLUXIS,,,90,,0.0,0.0,0.0,UNKNOWN,,DATABASE_EVIDENCE
Profilink16,807002,FLUXIS,Pin with handle SP Ф5X9,4,0,0.0,0.0,11568989686.0,FLUXIS,,,90,,0.0,0.0,0.0,UNKNOWN,,DATABASE_EVIDENCE
Profilink16,810023,FLUXIS,Extruded AL corner bracket (for Sigenia),4,0,0.0,0.0,63711589892.0,FLUXIS,,,90,,0.0,0.0,0.0,UNKNOWN,,DATABASE_EVIDENCE
Profilink16,810024,FLUXIS,Extruded AL corner bracket (for Winkhaus),4,0,0.0,0.0,73791569545.0,FLUXIS,,,90,,0.0,0.0,0.0,UNKNOWN,,DATABASE_EVIDENCE
Profilink16,810025,FLUXIS,Extruded AL corner bracket (for Maco),4,0,0.0,0.0,66731219618.0,FLUXIS,,,90,,0.0,0.0,0.0,UNKNOWN,,DATABASE_EVIDENCE
Profilink16,810026,FLUXIS,Extruded AL corner bracket (for Roto),4,0,0.0,0.0,67721719484.0,FLUXIS,,,90,,0.0,0.0,0.0,UNKNOWN,,DATABASE_EVIDENCE
Profilink16,822008,AL Strox,cap for the gap between 220006 and 220007,4,4,0.0,0.0,13443649774.0,AL Strox,,,90,,0.0,0.0,0.0,Аксесоар,,DATABASE_EVIDENCE
Profilink16,810027,FLUXIS,Extruded AL corner bracket,4,0,0.0,0.0,37751589578.0,FLUXIS,,,90,,0.0,0.0,0.0,UNKNOWN,,DATABASE_EVIDENCE
Profilink16,810022,FLUXIS,Extruded AL corner bracket,4,0,0.0,0.0,32761479167.0,FLUXIS,,,90,,0.0,0.0,0.0,UNKNOWN,,DATABASE_EVIDENCE
Profilink16,816004,FLUXIS,Alignment square with locking function,4,0,0.0,0.0,61587479264.0,FLUXIS,,,90,,0.0,0.0,0.0,UNKNOWN,,DATABASE_EVIDENCE
Profilink16,840011,FLUXIS,"Isolator for PL201000, PL201002, PL201009",4,0,0.0,0.0,46111719664.0,FLUXIS,,,90,,0.0,0.0,0.0,UNKNOWN,,DATABASE_EVIDENCE
Profilink16,201000,FLUXIS,Frame,1,0,35.4,0.0,64196993070.0,FLUXIS,,,45,,0.0,0.0,0.0,UNKNOWN,,DATABASE_EVIDENCE
Profilink16,800012,FLUXIS,External gasket,4,0,0.0,0.0,69361759798.0,FLUXIS,,,90,,0.0,0.0,0.0,UNKNOWN,,DATABASE_EVIDENCE
Profilink16,800013,FLUXIS,Internal gasket,4,0,0.0,0.0,59331179038.0,FLUXIS,,,90,,0.0,0.0,0.0,UNKNOWN,,DATABASE_EVIDENCE
Profilink16,820026,FLUXIS,Cap for threshold PLP30.Z10,4,0,0.0,0.0,29481069988.0,FLUXIS,,,90,,0.0,0.0,0.0,UNKNOWN,,DATABASE_EVIDENCE
Profilink16,201012,FLUXIS,Treshold,1,0,12.7,0.0,19816883385.0,FLUXIS,,,90,,12.7,60.0,0.0,UNKNOWN,,DATABASE_EVIDENCE
Profilink16,820025,FLUXIS,Cap for PL201005,4,0,0.0,0.0,6411229815.0,FLUXIS,,,90,,0.0,0.0,0.0,UNKNOWN,,DATABASE_EVIDENCE
Profilink16,PLP20.S167.018,FLUXIS,Brush,4,0,0.0,0.0,81828711206.0,FLUXIS,,,90,,0.0,0.0,0.0,UNKNOWN,,DATABASE_EVIDENCE
Profilink16,820029,FLUXIS,Cap for PL201005 with secondary sash profile,4,0,0.0,0.0,82441419752.0,FLUXIS,,,90,,0.0,0.0,0.0,UNKNOWN,,DATABASE_EVIDENCE
Profilink16,810030,FLUXIS,Extruded AL corner bracket,4,0,0.0,0.0,1431359590.0,FLUXIS,,,90,,0.0,0.0,0.0,UNKNOWN,,DATABASE_EVIDENCE
Profilink16,810031,FLUXIS,Extruded AL corner bracket,4,0,0.0,0.0,81451769734.0,FLUXIS,,,90,,0.0,0.0,0.0,UNKNOWN,,DATABASE_EVIDENCE
Profilink16,201013,FLUXIS,"Casement PVC groove 67,5x72,9",2,0,50.9,0.0,83826463280.0,FLUXIS,,,45,,0.0,0.0,0.0,UNKNOWN,,DATABASE_EVIDENCE
Profilink16,201014,FLUXIS,T - profile,3,0,35.4,22.0,60826833570.0,FLUXIS,,,90,,79.4,67.5,0.0,UNKNOWN,,DATABASE_EVIDENCE
Profilink16,390009,FLUXIS,+Glazing bead 22x12,4,0,0.0,0.0,87456284249.0,FLUXIS,,,90,,0.0,0.0,0.0,UNKNOWN,,DATABASE_EVIDENCE
Profilink16,390010,FLUXIS,+Glazing bead 22x30,4,0,0.0,0.0,69166584760.0,FLUXIS,,,90,,0.0,0.0,0.0,UNKNOWN,,DATABASE_EVIDENCE
Profilink16,392004,AL Orbis,Additional profile for casements,4,0,0.0,0.0,93888124115.0,AL Orbis,,,90,,0.0,0.0,0.0,UNKNOWN,,DATABASE_EVIDENCE
Profilink16,800009,AL Orbis,Central gasket for 200017,4,0,0.0,0.0,12611639487.0,AL Orbis,,,90,,0.0,0.0,0.0,UNKNOWN,,DATABASE_EVIDENCE
Profilink16,710050,FLUXIS,Brush,4,0,0.0,0.0,16140778428.0,FLUXIS,,,90,,0.0,0.0,0.0,UNKNOWN,,DATABASE_EVIDENCE
Profilink16,820050,FLUXIS,cap for profile 201017,4,4,0.0,0.0,82521479848.0,FLUXIS,,,90,,0.0,0.0,0.0,Аксесоар,,DATABASE_EVIDENCE
Profilink16,820049,FLUXIS,cap for profile 201016,4,4,0.0,0.0,69881889288.0,FLUXIS,,,90,,0.0,0.0,0.0,Аксесоар,,DATABASE_EVIDENCE
Profilink16,392002,FLUXIS,+alignment profile,4,0,0.0,0.0,46868584770.0,FLUXIS,,,90,,0.0,0.0,0.0,UNKNOWN,,DATABASE_EVIDENCE
Profilink16,201018,FLUXIS,+column for angle 90°,4,0,0.0,0.0,15846813562.0,FLUXIS,,,90,,0.0,0.0,0.0,UNKNOWN,,DATABASE_EVIDENCE
Profilink16,201016,FLUXIS,+Reinforcement profile,4,0,0.0,0.0,65866623764.0,FLUXIS,,,90,,0.0,0.0,0.0,UNKNOWN,,DATABASE_EVIDENCE
Profilink16,201017,FLUXIS,+Reinforcement profile,4,0,0.0,0.0,30806833825.0,FLUXIS,,,90,,0.0,0.0,0.0,UNKNOWN,,DATABASE_EVIDENCE
Profilink16,201015,FLUXIS,+Additional profile for casement,4,0,0.0,0.0,31856793873.0,FLUXIS,,,90,,0.0,0.0,0.0,UNKNOWN,,DATABASE_EVIDENCE
Profilink16,392012,FLUXIS,+Juliet Balcony,4,0,0.0,0.0,22528574876.0,FLUXIS,,,90,,0.0,0.0,0.0,UNKNOWN,,DATABASE_EVIDENCE
Profilink16,390011,FLUXIS,+Glazing bead 22x6,4,0,0.0,0.0,66186124443.0,FLUXIS,,,90,,0.0,0.0,0.0,UNKNOWN,,DATABASE_EVIDENCE
Profilink16,390012,FLUXIS,+Glazing bead 22x17,4,0,0.0,0.0,22186864348.0,FLUXIS,,,90,,0.0,0.0,0.0,UNKNOWN,,DATABASE_EVIDENCE
Profilink16,390013,FLUXIS,+Glazing bead 22x23,4,0,0.0,0.0,2146244811.0,FLUXIS,,,90,,0.0,0.0,0.0,UNKNOWN,,DATABASE_EVIDENCE
Profilink16,320004,,sash for flyscreen 61x28,4,4,0.0,0.0,84566964686.0,AL ПРОФИЛИ,,,45,,0.0,0.0,0.0,Аксесоар,,DATABASE_EVIDENCE
Profilink16,800020,,Набивна гума 1.5mm,4,4,0.0,0.0,25031749229.0,,,,90,,0.0,0.0,0.0,Аксесоар,,DATABASE_EVIDENCE
Profilink16,800019,,Набивна гума 1mm,4,4,0.0,0.0,4301169966.0,,,,90,,0.0,0.0,0.0,Аксесоар,,DATABASE_EVIDENCE
Profilink16,800022,,Набивна гума 2.5mm,4,4,0.0,0.0,98081929361.0,,,,90,,0.0,0.0,0.0,Аксесоар,,DATABASE_EVIDENCE
Profilink16,822011,AL Strox,plastic guides for casement,4,4,0.0,0.0,50123179187.0,AL Strox,,,90,,0.0,0.0,0.0,Аксесоар,,DATABASE_EVIDENCE
Profilink16,822019,AL Strox,Plastic cap for Labyrinth,4,4,0.0,0.0,67173899471.0,AL Strox,,,90,,0.0,0.0,0.0,Аксесоар,,DATABASE_EVIDENCE
Profilink16,822009,AL Strox,plastic cap for adjoining profile 220004,4,4,0.0,0.0,83423539893.0,AL Strox,,,90,,0.0,0.0,0.0,Аксесоар,,DATABASE_EVIDENCE
Profilink16,822021,AL Strox,plastic cap for aluminium cap 220005 R,4,4,0.0,0.0,58873029286.0,AL Strox,,,90,,0.0,0.0,0.0,Аксесоар,,DATABASE_EVIDENCE
Profilink16,220010,AL Strox,frame rail top and bottom,1,1,57.0,0.0,57565803525.0,AL Strox,,,90,,57.0,253.0,0.0,Каса,Frame,DATABASE_EVIDENCE
Profilink16,220011,AL Strox,frame lateral,1,1,39.0,0.0,42585273350.0,AL Strox,,,90,,39.0,253.0,0.0,Каса,Frame,DATABASE_EVIDENCE
ProfilinkEN,107.005.001,PROFILINK,Mullion О 74 x 64 white PF Z70 [WT - 9003],4,5,0.0,0.0,21390421276.0,PVC ПРОФИЛИ,,,90,,0.0,0.0,,лет.делител,,DATABASE_EVIDENCE
ProfilinkEN,1100000040,PROFILINK,Decorative profile 100 x 3  [WT -,4,4,0.0,0.0,41610648241.0,,,,90,,0.0,0.0,,аксесоар,,DATABASE_EVIDENCE
ProfilinkEN,1100000041,PROFILINK,Decorative profile 50 x 3  [WT -,4,4,0.0,0.0,75680818352.0,,,,90,,0.0,0.0,,аксесоар,,DATABASE_EVIDENCE
ProfilinkEN,1100000042,PROFILINK,Decorative profile 30 x 3 [WT -,4,4,0.0,0.0,90660708211.0,,,,90,,0.0,0.0,,аксесоар,,DATABASE_EVIDENCE
ProfilinkEN,1220000021,PROFILINK,Extension 70x24 NO PF70 WT,4,4,0.0,0.0,82332288657.0,PVC профили,,,90,,0.0,0.0,,аксесоар,,DATABASE_EVIDENCE
ProfilinkEN,1220000022,PROFILINK,Adaptor 70x28 NO PF70 WT,4,4,0.0,0.0,51362148663.0,PVC профили,,,90,,0.0,0.0,,аксесоар,,DATABASE_EVIDENCE
ProfilinkEN,1220000023,PROFILINK,Pipe 70x70 NO PF70 WT,4,4,0.0,0.0,91322818614.0,PVC профили,,,90,,0.0,0.0,,аксесоар,,DATABASE_EVIDENCE
ProfilinkEN,1220000032,PROFILINK,Adaptor 60x27 NO PF60 WT,4,4,0.0,0.0,55022648550.0,PVC ПРОФИЛИ,,,90,,0.0,0.0,,аксесоар,,DATABASE_EVIDENCE
ProfilinkEN,1220000033,PROFILINK,Pipe 59x59 NO PF60 WT,4,4,0.0,0.0,71062558279.0,PVC ПРОФИЛИ,,,90,,0.0,0.0,,аксесоар,,DATABASE_EVIDENCE
ProfilinkEN,1220000050,PROFILINK,Adaptor 70x20 NO PF73 WT,4,4,0.0,0.0,91432878350.0,,,,90,,0.0,0.0,,аксесоар,,DATABASE_EVIDENCE
ProfilinkEN,1220000075,PROFILINK,L-profile 100x60 NO PF WT,4,4,0.0,0.0,14882218457.0,,,,90,,0.0,0.0,,аксесоар,,DATABASE_EVIDENCE
ProfilinkEN,1220000076,PROFILINK,L-profile 80x60 NO PF WT,4,4,0.0,0.0,75852468662.0,,,,90,,0.0,0.0,,аксесоар,,DATABASE_EVIDENCE
ProfilinkEN,1220000077,PROFILINK,Extension 70x43 WT PF70 WT,4,4,0.0,0.0,15852218455.0,PVC профили,,,90,,0.0,0.0,,аксесоар,,DATABASE_EVIDENCE
ProfilinkEN,1220000078,PROFILINK,Extension 60x34 WT PF60 WT,4,4,0.0,0.0,20862148516.0,PVC ПРОФИЛИ,,,90,,0.0,0.0,,аксесоар,,DATABASE_EVIDENCE
ProfilinkEN,1220000099,PROFILINK,Frame 82x73 PROFILINK 82 WT-9003 PCE BK 6.5M,1,1,46.0,0.0,32242008820.0,PVC ПРОФИЛИ,,,45,,0.0,0.0,0.0,каса,Frame,DATABASE_EVIDENCE
ProfilinkEN,1220000101,PROFILINK,Sash 82x85 PROFILINK 82 WT-9003 PCE BK 6.5M,2,2,38.0,20.0,87642058951.0,PVC ПРОФИЛИ,,,45,,0.0,0.0,0.0,крило,Wing,DATABASE_EVIDENCE
ProfilinkEN,1220000103,PROFILINK,Mullion 82x96 PROFILINK 82 WT-9003 PCE ЧЕРНО 6.5M,3,3,42.0,27.0,43662458412.0,PVC ПРОФИЛИ,,,45,,0.0,0.0,0.0,делител,,DATABASE_EVIDENCE
ProfilinkEN,1220000105,PROFILINK,Overhung 85x78 PL82 WT PCE Ч,4,5,0.0,0.0,65622518468.0,PVC ПРОФИЛИ,,,90,,0.0,0.0,0.0,лет.делител,,DATABASE_EVIDENCE
ProfilinkEN,1220000107,PROFILINK,Sash DZ 93x120 PROFILINK 82 WT-9003 PCE BK 6.5,2,2,73.0,20.0,32652368314.0,PVC ПРОФИЛИ,,,45,,0.0,0.0,0.0,крило,Wing,DATABASE_EVIDENCE
ProfilinkEN,1220000110,PROFILINK,Adaptor 82x36 NO PF 82 WT-9003 6.5M,4,4,0.0,0.0,51342418642.0,PVC ПРОФИЛИ,,,90,,0.0,0.0,,аксесоар,,DATABASE_EVIDENCE
ProfilinkEN,130000049,PROFILINK,Sash DZ 70 x 105 Z70,2,2,84.0,21.0,22470150544.0,PVC ПРОФИЛИ,,,90,,105.0,70.0,,крило,Wing,DATABASE_EVIDENCE
ProfilinkEN,1320000244,PROFILINK,PVC sill 150 x 40  [CR] White (6.5 М),4,13,0.0,0.0,75872498522.0,,,,90,,0.0,0.0,,ППД,,DATABASE_EVIDENCE
ProfilinkEN,1320000249,PROFILINK,PVC sill 200 x 40 [CR] White (6.5 М),4,13,0.0,0.0,41802288957.0,,,,90,,0.0,0.0,,ППД,,DATABASE_EVIDENCE
ProfilinkEN,1320000254,PROFILINK,PVC sill 250 x 40  [CR] White (6.5 М),4,13,0.0,0.0,82522728152.0,,,,90,,0.0,0.0,,ППД,,DATABASE_EVIDENCE
ProfilinkEN,1320000259,PROFILINK,PVC sill 308 x 40  [CR] White (6.5 М),4,13,0.0,0.0,79542338196.0,,,,90,,0.0,0.0,,ППД,,DATABASE_EVIDENCE
ProfilinkEN,1320000263,PROFILINK,PVC sill 400 x 40  [CR] White (6.5 М),4,13,0.0,0.0,77282778801.0,,,,90,,0.0,0.0,,ППД,,DATABASE_EVIDENCE
ProfilinkEN,1330000000,PROFILINK,Frame 70 x 62 Profilink Z70 [WT - 9003] CoEx (546 ,1,1,42.0,0.0,8333678264.0,PVC ПРОФИЛИ,,,90,,0.0,0.0,,каса,Frame,DATABASE_EVIDENCE
ProfilinkEN,1330000001,PROFILINK,Sash 70x75 PLZ70 WT COEX,2,2,35.0,20.0,49333168586.0,PVC ПРОФИЛИ,,,90,,0.0,0.0,,крило,Wing,DATABASE_EVIDENCE
ProfilinkEN,1330000002,PROFILINK,Sash 78x75 PLZ70 WT COEX,2,2,35.0,20.0,44333258365.0,PVC ПРОФИЛИ,,,90,,0.0,0.0,,крило,Wing,DATABASE_EVIDENCE
ProfilinkEN,1330000003,PROFILINK,Mullion 70 x 82 Profilink Z70 [WT - 9003] CoEx (6.,3,3,42.0,20.0,39333638821.0,PVC ПРОФИЛИ,,,90,,0.0,0.0,,делител,,DATABASE_EVIDENCE
ProfilinkEN,1330000004,PROFILINK,Overhung 74 x 64 white PF Z70 [WT - 9003] (6.,4,5,0.0,0.0,52313618248.0,,,,90,,0.0,0.0,,лет.делител,,DATABASE_EVIDENCE
ProfilinkEN,1330000011,PROFILINK,Frame 70 x 66 PL 70 [WT - 9003] PCE GR CoE,1,1,46.0,0.0,61063448168.0,PVC ПРОФИЛИ,,,45,,0.0,0.0,,каса,Frame,DATABASE_EVIDENCE
ProfilinkEN,1330000012,PROFILINK,Frame Z 70 x 92 PL 70 [WT - 9003] PCE GR (,1,1,37.0,35.0,73003618575.0,PVC Профили,,,45,,0.0,0.0,,каса,Frame,DATABASE_EVIDENCE
ProfilinkEN,1330000013,PROFILINK,Frame R 70 x 106 PL 70 [WT - 9003] PCE GR,1,1,26.0,60.0,58063878786.0,PVC Профили,,,45,,0.0,0.0,,каса,Frame,DATABASE_EVIDENCE
ProfilinkEN,1330000014,PROFILINK,Sash 70x77 PL70 WT COEX PCE GR,2,2,37.0,20.0,38023278337.0,PVC ПРОФИЛИ,,,45,,0.0,0.0,,крило,Wing,DATABASE_EVIDENCE
ProfilinkEN,1330000015,PROFILINK,Sash 80x77 PL70 WT COEX PCE GR,2,2,37.0,20.0,93063658315.0,PVC ПРОФИЛИ,,,45,,0.0,0.0,,крило,Wing,DATABASE_EVIDENCE
ProfilinkEN,1330000016,PROFILINK,Mullion 70 x 84 PL 70 [WT - 9003] PCE Сиво,3,3,44.0,20.0,14033618932.0,PVC Профили,,,45,,0.0,0.0,,делител,,DATABASE_EVIDENCE
ProfilinkEN,1330000017,PROFILINK,Mullion O 70 x 67 PL70 [WT - 90,4,5,0.0,0.0,14053688835.0,PVC ПРОФИЛИ,,,90,,0.0,0.0,,лет.делител,,DATABASE_EVIDENCE
ProfilinkEN,1330000018,PROFILINK,Corner box 80x80 WT PF70 WT,4,15,0.0,0.0,76013578826.0,PVC ПРОФИЛИ,,,90,,0.0,0.0,,Колона,,DATABASE_EVIDENCE
ProfilinkEN,1330000019,PROFILINK,Wall connector 44x37 NO PF70 NR PCE GR,4,4,0.0,0.0,65013068421.0,,,,90,,0.0,0.0,,аксесоар,,DATABASE_EVIDENCE
ProfilinkEN,1330000020,PROFILINK,Coupling profile 94x35 NO PF70 WT,4,4,0.0,0.0,85773438851.0,,,,90,,0.0,0.0,,аксесоар,,DATABASE_EVIDENCE
ProfilinkEN,1330000021,PROFILINK,Frame 60 x 65 PL 60 [WT - 9003] PCE GR CoE,1,1,45.0,0.0,33763068450.0,PVC ПРОФИЛИ,,,45,,0.0,0.0,,каса,Frame,DATABASE_EVIDENCE
ProfilinkEN,1330000022,PROFILINK,Sash 60 x 77 PL60 [WT - 9003] PCE Сиво Co,2,2,37.0,20.0,33753498139.0,PVC ПРОФИЛИ,,,45,,0.0,0.0,,крило,Wing,DATABASE_EVIDENCE
ProfilinkEN,1330000023,PROFILINK,Mullion 60 x 84 PL 60 [WT - 9003] PCE Сиво,3,3,44.0,20.0,25753488532.0,PVC Профили,,,45,,0.0,0.0,,делител,,DATABASE_EVIDENCE
ProfilinkEN,1330000024,PROFILINK,Overhung 60x70 WT PF60 WT PCE GR,4,5,0.0,0.0,45713878667.0,PVC ПРОФИЛИ,,,90,,0.0,0.0,,лет.делител,,DATABASE_EVIDENCE
ProfilinkEN,1330000025,PROFILINK,Corner box 70x70 WT PF60 WT,4,15,0.0,0.0,53763988687.0,PVC ПРОФИЛИ,,,90,,0.0,0.0,,Колона,,DATABASE_EVIDENCE
ProfilinkEN,1330000026,PROFILINK,Glassbead 10x20 Z70 WT PCE GR,4,7,0.0,0.0,47723128293.0,PVC ПРОФИЛИ,,,45,,0.0,0.0,,стъклодържател,,DATABASE_EVIDENCE
ProfilinkEN,1330000027,PROFILINK,Glassbead 10x20 Z70 WT PCE BK,4,7,0.0,0.0,90773818153.0,PVC ПРОФИЛИ,,,45,,0.0,0.0,,стъклодържател,,DATABASE_EVIDENCE
ProfilinkEN,1330000028,PROFILINK,Glassbead 20x20 Z70 WT PCE GR,4,7,0.0,0.0,21793128476.0,PVC ПРОФИЛИ,,,45,,0.0,0.0,,стъклодържател,,DATABASE_EVIDENCE
ProfilinkEN,1330000029,PROFILINK,Glassbead 20x20 Z70 WT PCE BK,4,7,0.0,0.0,22723548023.0,PVC ПРОФИЛИ,,,45,,0.0,0.0,,стъклодържател,,DATABASE_EVIDENCE
ProfilinkEN,1330000030,PROFILINK,Glassbead 26x20 Z70 WT PCE GR,4,7,0.0,0.0,56463558511.0,PVC ПРОФИЛИ,,,45,,0.0,0.0,,стъклодържател,,DATABASE_EVIDENCE
ProfilinkEN,1330000031,PROFILINK,Glassbead 26x20 Z70 WT PCE BK,4,7,0.0,0.0,37443518398.0,PVC ПРОФИЛИ,,,45,,0.0,0.0,,стъклодържател,,DATABASE_EVIDENCE
ProfilinkEN,1330000033,PROFILINK,Glassbead 9x20 WT PCE GR,4,7,0.0,0.0,59493958613.0,,,,45,,0.0,0.0,,стъклодържател,,DATABASE_EVIDENCE
ProfilinkEN,1330000035,PROFILINK,Glassbead 15x20 WT PCE GR,4,7,0.0,0.0,77403648692.0,,,,45,,0.0,0.0,,стъклодържател,,DATABASE_EVIDENCE
ProfilinkEN,1330000036,PROFILINK,Glassbead 21x20 WT PCE GR,4,7,0.0,0.0,87463778401.0,,,,45,,0.0,0.0,,стъклодържател,,DATABASE_EVIDENCE
ProfilinkEN,1330000051,PROFILINK,Sash DZ 70 x 115 PL 70 [WT - 9003] PCE Сив,2,2,75.0,20.0,86803388476.0,PVC Профили,,,45,,0.0,0.0,,крило,Wing,DATABASE_EVIDENCE
ProfilinkEN,1330000052,PROFILINK,Sash DT 70 x 115 PL 70 [WT - 9003] PCE Сив,2,2,75.0,20.0,873788563.0,PVC Профили,,,45,,0.0,0.0,,крило,Wing,DATABASE_EVIDENCE
ProfilinkEN,1330000053,PROFILINK,Sash B 60 x 95 PL 60 [WT - 9003] PCE Сиво,2,2,55.0,20.0,58863558828.0,PVC ПРОФИЛИ,,,45,,0.0,0.0,,крило,Wing,DATABASE_EVIDENCE
ProfilinkEN,1330000054,PROFILINK,Sash DZ 60 x 115 PL 60 [WT - 9003] PCE Сив,2,2,75.0,20.0,98873778075.0,PVC ПРОФИЛИ,,,45,,0.0,0.0,,крило,Wing,DATABASE_EVIDENCE
ProfilinkEN,1330000055,PROFILINK,Sash DT 60 x 115 PL 60 [WT - 9003] PCE Сив,2,2,75.0,20.0,73833248719.0,PVC Профили,,,45,,0.0,0.0,,крило,Wing,DATABASE_EVIDENCE
ProfilinkEN,1330000056,PROFILINK,Frame S 73 x 54 PL 73 [WT - 9003] (6.5 М),1,1,54.5,0.0,89813388362.0,PVC Профили,,,45,,54.5,0.0,,каса,Frame,DATABASE_EVIDENCE
ProfilinkEN,1330000057,PROFILINK,Frame SR 73 x 93 PL 73 [WT - 9003] (6.5 М),1,1,53.5,40.0,91873288009.0,PVC Профили,,,90,,93.5,0.0,,каса,Frame,DATABASE_EVIDENCE
ProfilinkEN,1330000058,PROFILINK,Sash S 50 x 74 PL 73 [WT - 9003] PCE Сиво,2,2,54.0,0.0,28863658762.0,PVC Профили,,,45,,0.0,0.0,,крило,Wing,DATABASE_EVIDENCE
ProfilinkEN,1330000059,PROFILINK,Sash S 50 x 85 PL 73 [WT - 9003] PCE Сиво,2,2,65.0,0.0,66893448723.0,PVC Профили,,,45,,0.0,0.0,,крило,Wing,DATABASE_EVIDENCE
ProfilinkEN,1330000076,PROFILINK,Coupling profile H 10x15 WT,4,17,0.0,0.0,66243658235.0,,,,90,,0.0,0.0,,Съединителен профил,,DATABASE_EVIDENCE
ProfilinkEN,1330000078,PROFILINK,Ending profile 50x19 NO PF WT,4,4,0.0,0.0,54213418358.0,,,,45,,0.0,0.0,,аксесоар,,DATABASE_EVIDENCE
ProfilinkEN,1330000088,PROFILINK,Glassbead 16x27 82 WT-9003 PCE BK6.5M,4,7,0.0,0.0,4993498865.0,,,,45,,0.0,0.0,,стъклодържател,,DATABASE_EVIDENCE
ProfilinkEN,1330000089,PROFILINK,Glassbead 36x27 82 WT-9003 PCE BK 6.5M,4,7,0.0,0.0,74953808414.0,,,,45,,0.0,0.0,,стъклодържател,,DATABASE_EVIDENCE
ProfilinkEN,1400000000,PROFILINK,Wall connector 33x37 NO PF60 NR,4,4,0.0,0.0,67960988777.0,,,,90,,0.0,0.0,,аксесоар,,DATABASE_EVIDENCE
ProfilinkEN,1400000001,PROFILINK,Frame 38 x 47 PL 38 [WT] (6 М),1,1,25.2,0.0,55920548013.0,AL ПРОФИЛИ,,,45,,47.2,37.5,,каса,Frame,DATABASE_EVIDENCE
ProfilinkEN,1400000002,PROFILINK,Frame 48 x 77 PL 38 [WT] (6 М),1,1,55.2,0.0,74940088599.0,AL ПРОФИЛИ,,,90,,77.2,37.5,,каса,Frame,DATABASE_EVIDENCE
ProfilinkEN,1400000003,PROFILINK,Frame 38 x 57 PL 38 [WT] (6 М),1,1,35.2,0.0,53980698217.0,AL ПРОФИЛИ,,,45,,57.2,37.5,,каса,Frame,DATABASE_EVIDENCE
ProfilinkEN,1400000004,PROFILINK,Sash 45 x 62 PL 38 [WT] (6 М),2,2,22.9,17.5,22930268913.0,AL ПРОФИЛИ,,,45,,62.4,45.0,,крило,Wing,DATABASE_EVIDENCE
ProfilinkEN,1400000005,PROFILINK,Sash DZ 45 x 94 PL 38 [WT] (6 М),2,2,54.4,17.5,43970448476.0,AL ПРОФИЛИ,,,45,,93.9,45.0,,крило,Wing,DATABASE_EVIDENCE
ProfilinkEN,1400000006,PROFILINK,Sash DT 45 x 94 PL 38 [WT] (6 М),2,2,54.4,17.5,85960538182.0,AL ПРОФИЛИ,,,45,,93.9,45.0,,крило,Wing,DATABASE_EVIDENCE
ProfilinkEN,1400000007,PROFILINK,Mullion 38 x 76 PL 38 [WT] (6 М),3,3,32.0,22.0,42940628327.0,AL ПРОФИЛИ,,,45,,76.0,37.5,,делител,,DATABASE_EVIDENCE
ProfilinkEN,1400000008,PROFILINK,Overhung 41x61 PL38 WT,4,5,0.0,0.0,96910488350.0,AL ПРОФИЛИ,,,90,,0.0,0.0,,лет.делител,,DATABASE_EVIDENCE
ProfilinkEN,1400000009,PROFILINK,Glassbead 7x27 PL38 WT,4,4,0.0,0.0,63950238864.0,,,,90,,0.0,0.0,,аксесоар,,DATABASE_EVIDENCE
ProfilinkEN,1400000010,PROFILINK,Glassbead 17x27 PL38 WT,4,7,0.0,0.0,75640108946.0,AL ПРОФИЛИ,,,90,,0.0,0.0,,стъклодържател,,DATABASE_EVIDENCE
ProfilinkEN,1400000011,PROFILINK,Glassbead 23x27 PL38 WT,4,7,0.0,0.0,79610158161.0,AL ПРОФИЛИ,,,90,,0.0,0.0,,стъклодържател,,DATABASE_EVIDENCE
ProfilinkEN,1400000012,PROFILINK,Pipe 40x40 PL38 WT,4,4,0.0,0.0,10660548822.0,AL Профили,,,90,,0.0,0.0,,аксесоар,,DATABASE_EVIDENCE
ProfilinkEN,1400000015,PROFILINK,Adaptor 37x16 PL38 WT,4,4,0.0,0.0,55610788593.0,AL Профили,,,90,,0.0,0.0,,аксесоар,,DATABASE_EVIDENCE
ProfilinkEN,1400000018,PROFILINK,Табла 38 х 130 PL 38 [WT] (6 М),3,3,86.0,22.0,83610608278.0,AL ПРОФИЛИ,,,90,,130.0,37.5,,делител,,DATABASE_EVIDENCE
ProfilinkEN,1400000019,PROFILINK,Corner box 39x39 PL38 WT,4,4,0.0,0.0,2620818762.0,AL Профили,,,90,,0.0,0.0,,аксесоар,,DATABASE_EVIDENCE
ProfilinkEN,1400000020,PROFILINK,Coupling profile 19x14 PL38 WT,4,8,0.0,0.0,29350618233.0,AL ПРОФИЛИ,,,90,,0.0,0.0,,обков,,DATABASE_EVIDENCE
ProfilinkEN,1400000021,PROFILINK,Crossbar 19x4 PL38 WT,4,4,0.0,0.0,57310288787.0,AL ПРОФИЛИ,,,90,,0.0,0.0,,аксесоар,,DATABASE_EVIDENCE
ProfilinkEN,1400000022,PROFILINK,Crossbar 19x4 PL38 BN,4,4,0.0,0.0,55360228314.0,AL ПРОФИЛИ,,,90,,0.0,0.0,,аксесоар,,DATABASE_EVIDENCE
ProfilinkEN,1400000023,PROFILINK,Ending deco. profile 44x50 PL38 WT,4,4,0.0,0.0,57370168625.0,AL ПРОФИЛИ,,,90,,0.0,0.0,,аксесоар,,DATABASE_EVIDENCE
ProfilinkEN,1400000024,PROFILINK,Ending profile DZ 43x33 PL38 WT,4,4,0.0,0.0,52350888381.0,AL ПРОФИЛИ,,,90,,0.0,0.0,,аксесоар,,DATABASE_EVIDENCE
ProfilinkEN,1400000025,PROFILINK,Aluminium cap 56x40 PL73 WT,4,10,0.0,0.0,6320648843.0,PVC ПРОФИЛИ,,,90,,0.0,0.0,,капачки,,DATABASE_EVIDENCE
ProfilinkEN,1400000026,PROFILINK,Aluminium rail 8x12 PL73,4,4,0.0,0.0,21350748368.0,PVC профили,,,90,,0.0,0.0,,аксесоар,,DATABASE_EVIDENCE
ProfilinkEN,1400000028,PROFILINK,Aluminium coupling profile 56x40 PL73 MF,4,17,0.0,0.0,84310628158.0,PVC ПРОФИЛИ,,,90,,0.0,0.0,,Съединителен профил,,DATABASE_EVIDENCE
ProfilinkEN,1400000029,PROFILINK,Aluminium coupling profile 56x40 PL73 WT,4,17,0.0,0.0,57320278631.0,PVC ПРОФИЛИ,,,90,,0.0,0.0,,Съединителен профил,,DATABASE_EVIDENCE
ProfilinkEN,1400000030,PROFILINK,Frame 45 x 38 PL 38 [WT] (6 М),1,1,38.0,0.0,40010138184.0,AL ПРОФИЛИ,,,45,,0.0,0.0,,каса,Frame,DATABASE_EVIDENCE
ProfilinkEN,1400000031,PROFILINK,Frame 43 x 38 PL 38 [WT] (6 М),1,1,38.0,0.0,27040558736.0,AL ПРОФИЛИ,,,45,,0.0,0.0,,каса,Frame,DATABASE_EVIDENCE
ProfilinkEN,1400000032,PROFILINK,Sash 28 x 61 PL 38 [WT] (6 М),2,2,46.4,14.6,38010748284.0,AL ПРОФИЛИ,,,45,,61.0,45.0,,крило,Wing,DATABASE_EVIDENCE
ProfilinkEN,1400000033,PROFILINK,Mullion 28 x 61 PL 38 [WT] (6 М),3,3,61.0,22.0,72030558455.0,AL ПРОФИЛИ,,,45,,0.0,28.0,,делител,,DATABASE_EVIDENCE
ProfilinkEN,1400000034,PROFILINK,Adaptor 29x17 PL38 WT,4,4,0.0,0.0,26040458746.0,AL Профили,,,90,,0.0,0.0,,аксесоар,,DATABASE_EVIDENCE
ProfilinkEN,1400000036,PROFILINK,Counter 16x20 PL38 WT,4,4,0.0,0.0,2010368753.0,AL Профили,,,90,,0.0,0.0,,аксесоар,,DATABASE_EVIDENCE
ProfilinkEN,1400000038,PROFILINK,Cap sash 31x34 PL38 WT,4,4,0.0,0.0,21040458430.0,AL Профили,,,90,,0.0,0.0,,аксесоар,,DATABASE_EVIDENCE
ProfilinkEN,1400000039,PROFILINK,Reinforcement 50x35.5 2mm,4,6,0.0,0.0,34040128973.0,,,,90,,0.0,0.0,,армировка,,DATABASE_EVIDENCE
ProfilinkEN,1400000040,PROFILINK,Reinforcement 42x15 1.5mm,4,6,0.0,0.0,64770788116.0,,,,90,,0.0,0.0,,армировка,,DATABASE_EVIDENCE
ProfilinkEN,1400000041,PROFILINK,Reinforcement 42x15 2mm,4,6,0.0,0.0,13720358644.0,,,,90,,0.0,0.0,,армировка,,DATABASE_EVIDENCE
ProfilinkEN,1400000042,PROFILINK,Reinforcement 36x42 2mm,4,6,0.0,0.0,17750528910.0,,,,90,,0.0,0.0,,армировка,,DATABASE_EVIDENCE
ProfilinkEN,1400000043,PROFILINK,Reinforcement 35x19 1.5mm,4,6,0.0,0.0,81730758526.0,УСИЛИТЕЛИ,,,90,,0.0,0.0,,армировка,,DATABASE_EVIDENCE
ProfilinkEN,1400000044,PROFILINK,Reinforcement 35x19 2mm,4,6,0.0,0.0,39780238418.0,,,,90,,0.0,0.0,,армировка,,DATABASE_EVIDENCE
ProfilinkEN,1400000045,PROFILINK,Reinforcement 34x26 1.5mm,4,6,0.0,0.0,78720518605.0,,,,90,,0.0,0.0,,армировка,,DATABASE_EVIDENCE
ProfilinkEN,1400000046,PROFILINK,Reinforcement 34x23 1.5mm,4,6,0.0,0.0,36720348120.0,УСИЛИТЕЛИ,,,90,,0.0,0.0,,армировка,,DATABASE_EVIDENCE
ProfilinkEN,1400000047,PROFILINK,Reinforcement34 x 23 [1.5 mm] (2771),4,6,0.0,0.0,71740658493.0,УСИЛИТЕЛИ,,,90,,0.0,0.0,,армировка,,DATABASE_EVIDENCE
ProfilinkEN,1400000049,PROFILINK,Reinforcement 33x25 1.5mm,4,6,0.0,0.0,51730788967.0,,,,90,,0.0,0.0,,армировка,,DATABASE_EVIDENCE
ProfilinkEN,1400000050,PROFILINK,Reinforcement 33x25 2mm,4,6,0.0,0.0,45490838251.0,,,,90,,0.0,0.0,,армировка,,DATABASE_EVIDENCE
ProfilinkEN,1400000051,PROFILINK,Reinforcement 33x25x7 1.2mm,4,6,0.0,0.0,35420618195.0,,,,90,,0.0,0.0,,армировка,,DATABASE_EVIDENCE
ProfilinkEN,1400000052,PROFILINK,Reinforcement 33x25x7 1.5mm,4,6,0.0,0.0,32460818827.0,,,,90,,0.0,0.0,,армировка,,DATABASE_EVIDENCE
ProfilinkEN,1400000053,PROFILINK,Reinforcement 33.8x35 1.5mm,4,6,0.0,0.0,66480328089.0,,,,90,,0.0,0.0,,армировка,,DATABASE_EVIDENCE
ProfilinkEN,1400000054,PROFILINK,Reinforcement 33.8x35 2mm,4,6,0.0,0.0,52400598417.0,,,,90,,0.0,0.0,,армировка,,DATABASE_EVIDENCE
ProfilinkEN,1400000055,PROFILINK,Reinforcement 33.5x23 1.2mm,4,6,0.0,0.0,42400528340.0,,,,90,,0.0,0.0,,армировка,,DATABASE_EVIDENCE
ProfilinkEN,1400000056,PROFILINK,Reinforcement 33.5x23 1.5mm,4,6,0.0,0.0,11450218114.0,,,,90,,0.0,0.0,,армировка,,DATABASE_EVIDENCE
ProfilinkEN,1400000057,PROFILINK,Reinforcement 27x15.8 1.2mm,4,6,0.0,0.0,14410148888.0,,,,90,,0.0,0.0,,армировка,,DATABASE_EVIDENCE
ProfilinkEN,1400000058,PROFILINK,Reinforcement 35x28x8 1.5mm,4,6,0.0,0.0,46400418688.0,,,,90,,0.0,0.0,,армировка,,DATABASE_EVIDENCE
ProfilinkEN,1400000059,PROFILINK,Reinforcement 35x28x8 2mm,4,6,0.0,0.0,15430248971.0,,,,90,,0.0,0.0,,армировка,,DATABASE_EVIDENCE
ProfilinkEN,1400000060,PROFILINK,Reinforcement 34x26x8 1.5mm,4,6,0.0,0.0,37160858580.0,УСИЛИТЕЛИ,,,90,,0.0,0.0,,армировка,,DATABASE_EVIDENCE
ProfilinkEN,1400000062,PROFILINK,Reinforcement splint 30x19 3mm,4,6,0.0,0.0,31170138882.0,,,,90,,0.0,0.0,,армировка,,DATABASE_EVIDENCE
ProfilinkEN,1400000066,PROFILINK,Gasket 301 [BK - 9005],4,4,0.0,0.0,65170648112.0,,,,90,,0.0,0.0,,аксесоар,,DATABASE_EVIDENCE
ProfilinkEN,1400000068,PROFILINK,Gasket 302 [BK - 9005],4,4,0.0,0.0,71180598313.0,,,,90,,0.0,0.0,,аксесоар,,DATABASE_EVIDENCE
ProfilinkEN,1400000069,PROFILINK,Gasket EPDM D [BK - 9005] (1 m),4,4,0.0,0.0,57170828458.0,,,,90,,0.0,0.0,,аксесоар,,DATABASE_EVIDENCE
ProfilinkEN,1400000070,PROFILINK,Gasket EPDM S [BK - 9005] (1 m),4,5,0.0,0.0,76830288294.0,,,,90,,0.0,0.0,,лет.делител,,DATABASE_EVIDENCE
ProfilinkEN,1400000073,PROFILINK,Gasket ХМО 60 [BK - 9005],4,4,0.0,0.0,48870218271.0,Al профили,,,90,,0.0,0.0,,аксесоар,,DATABASE_EVIDENCE
ProfilinkEN,1400000074,PROFILINK,Gasket ХМО 68 [BK - 9005],4,4,0.0,0.0,78820558771.0,AL ПРОФИЛИ,,,90,,0.0,0.0,,аксесоар,,DATABASE_EVIDENCE
ProfilinkEN,1400000075,PROFILINK,Gasket nailed 1 BK,4,4,0.0,0.0,19850308137.0,Al профили,,,90,,0.0,0.0,,аксесоар,,DATABASE_EVIDENCE
ProfilinkEN,1400000076,PROFILINK,Gasket nailed 1.5 BK,4,4,0.0,0.0,66860688231.0,Al профили,,,90,,0.0,0.0,,аксесоар,,DATABASE_EVIDENCE
ProfilinkEN,1400000077,PROFILINK,Gasket nailed 2 BK,4,4,0.0,0.0,32860288121.0,Al профили,,,90,,0.0,0.0,,аксесоар,,DATABASE_EVIDENCE
ProfilinkEN,1400000078,PROFILINK,Gasket nailed 2.5 BK,4,4,0.0,0.0,55810318471.0,Al профили,,,90,,0.0,0.0,,аксесоар,,DATABASE_EVIDENCE
ProfilinkEN,1400000081,PROFILINK,Cap alum. for mullion 19x88 MF,4,5,0.0,0.0,32560198649.0,PVC ПРОФИЛИ,,,90,,0.0,0.0,,лет.делител,,DATABASE_EVIDENCE
ProfilinkEN,1400000082,PROFILINK,Cap alum. for frame 11x66 MF,4,5,0.0,0.0,68520348226.0,PVC ПРОФИЛИ,,,90,,0.0,0.0,,лет.делител,,DATABASE_EVIDENCE
ProfilinkEN,1400000083,PROFILINK,Cap alum. for sash 15x58 MF,4,5,0.0,0.0,64520578248.0,PVC ПРОФИЛИ,,,90,,0.0,0.0,,лет.делител,,DATABASE_EVIDENCE
ProfilinkEN,1400000084,PROFILINK,Cap alum. for overhung 16x70 MF,4,5,0.0,0.0,59510858628.0,PVC ПРОФИЛИ,,,90,,0.0,0.0,,лет.делител,,DATABASE_EVIDENCE
ProfilinkEN,1400000085,PROFILINK,Cap alum. for mullion/sash 15x88 MF,4,5,0.0,0.0,81560288591.0,PVC ПРОФИЛИ,,,90,,0.0,0.0,,лет.делител,,DATABASE_EVIDENCE
ProfilinkEN,1400000086,PROFILINK,Cap outside p. for overhung 64x23 Z70 WT,4,4,0.0,0.0,93580328365.0,,,,90,,0.0,0.0,,аксесоар,,DATABASE_EVIDENCE
ProfilinkEN,1400000087,PROFILINK,Cap outside p. for overhung 64x23 Z70 BN,4,4,0.0,0.0,84510348678.0,,,,90,,0.0,0.0,,аксесоар,,DATABASE_EVIDENCE
ProfilinkEN,1400000088,PROFILINK,Cap outside p. for overhung 64x23 Z70 DG,4,4,0.0,0.0,17580278737.0,,,,90,,0.0,0.0,,аксесоар,,DATABASE_EVIDENCE
ProfilinkEN,1400000089,PROFILINK,Cap decorative 35x13 WT,4,10,0.0,0.0,86520878917.0,PVC ПРОФИЛИ,,,90,,0.0,0.0,,капачки,,DATABASE_EVIDENCE
ProfilinkEN,1400000090,PROFILINK,Cap decorative 35x13 BN,4,10,0.0,0.0,15210638975.0,,,,90,,0.0,0.0,,капачки,,DATABASE_EVIDENCE
ProfilinkEN,1400000093,PROFILINK,Cap decorative 48x25 73 WT,4,10,0.0,0.0,37280518826.0,PVC ПРОФИЛИ,,,90,,0.0,0.0,,капачки,,DATABASE_EVIDENCE
ProfilinkEN,1400000094,PROFILINK,Cap decorative 48x25 73 BN,4,10,0.0,0.0,68220568134.0,PVC ПРОФИЛИ,,,90,,0.0,0.0,,капачки,,DATABASE_EVIDENCE
ProfilinkEN,1400000097,PROFILINK,Cap for alum. water prot. profile Z70,4,10,0.0,0.0,85210938284.0,,,,90,,0.0,0.0,,капачки,,DATABASE_EVIDENCE
ProfilinkEN,1400000098,PROFILINK,Cap for alum. threshold 60,4,10,0.0,0.0,44250358481.0,,,,90,,0.0,0.0,,капачки,,DATABASE_EVIDENCE
ProfilinkEN,1400000102,PROFILINK,Cap for combined threshold 70,4,10,0.0,0.0,43620248006.0,,,,45,,0.0,0.0,,капачки,,DATABASE_EVIDENCE
ProfilinkEN,1400000103,PROFILINK,Cap for overhung 63x70 60 WT,4,10,0.0,0.0,61660628734.0,,,,90,,0.0,0.0,,капачки,,DATABASE_EVIDENCE
ProfilinkEN,1400000104,PROFILINK,Cap for overhung 63x70 60 BN,4,10,0.0,0.0,25680568566.0,,,,90,,0.0,0.0,,капачки,,DATABASE_EVIDENCE
ProfilinkEN,1400000105,PROFILINK,Cap for overhung 71x39 70 WT,4,10,0.0,0.0,47610388806.0,,,,90,,0.0,0.0,,капачки,,DATABASE_EVIDENCE
ProfilinkEN,1400000106,PROFILINK,Cap for overhung 71x39 70 BN,4,10,0.0,0.0,68680558424.0,,,,90,,0.0,0.0,,капачки,,DATABASE_EVIDENCE
ProfilinkEN,1400000110,PROFILINK,Cap for sill 316x43 WT,4,14,0.0,0.0,40380638142.0,,,,90,,0.0,0.0,,Капачка ППД,,DATABASE_EVIDENCE
ProfilinkEN,1400000111,PROFILINK,Cap for sill 316x43 BN,4,14,0.0,0.0,43320768349.0,,,,90,,0.0,0.0,,Капачка ППД,,DATABASE_EVIDENCE
ProfilinkEN,1400000113,PROFILINK,Cap base for overhung 55x39 Z70 WT,4,4,0.0,0.0,33310828747.0,,,,90,,0.0,0.0,,аксесоар,,DATABASE_EVIDENCE
ProfilinkEN,1400000114,PROFILINK,Cap base for overhung 55x39 Z70 BN,4,4,0.0,0.0,32330318316.0,,,,90,,0.0,0.0,,аксесоар,,DATABASE_EVIDENCE
ProfilinkEN,1400000115,PROFILINK,Cap base for overhung 55x39 Z70 DG,4,4,0.0,0.0,36340678583.0,,,,90,,0.0,0.0,,аксесоар,,DATABASE_EVIDENCE
ProfilinkEN,1400000116,PROFILINK,Cap drainage for alum. cap Z70 BK,4,4,0.0,0.0,78370518748.0,,,,90,,0.0,0.0,,аксесоар,,DATABASE_EVIDENCE
ProfilinkEN,1400000118,PROFILINK,Connector for mullion 46x55 73,4,4,0.0,0.0,78350738211.0,PVC ПРОФИЛИ,,,90,,0.0,0.0,,аксесоар,,DATABASE_EVIDENCE
ProfilinkEN,1400000120,PROFILINK,Connector for mullion 78x52x13 Z70,4,4,0.0,0.0,91030728186.0,,,,90,,0.0,0.0,,аксесоар,,DATABASE_EVIDENCE
ProfilinkEN,1400000121,PROFILINK,Connector for mullion 78x52x33 Z70,4,4,0.0,0.0,95020558174.0,,,,90,,0.0,0.0,,аксесоар,,DATABASE_EVIDENCE
ProfilinkEN,1400000122,PROFILINK,Connector for mullion 80x34 60,4,4,0.0,0.0,68020808289.0,,,,90,,0.0,0.0,,аксесоар,,DATABASE_EVIDENCE
ProfilinkEN,1400000123,PROFILINK,Connector for mullion 80x40 70,4,4,0.0,0.0,82070238640.0,,,,90,,0.0,0.0,,аксесоар,,DATABASE_EVIDENCE
ProfilinkEN,1400000124,PROFILINK,Connector corner for door,4,4,0.0,0.0,84060768941.0,,,,90,,0.0,0.0,0.0,аксесоар,,DATABASE_EVIDENCE
ProfilinkEN,1400000126,PROFILINK,Cap overhung 41x61 BK,4,10,0.0,0.0,67060568328.0,,,,90,,0.0,0.0,,капачки,,DATABASE_EVIDENCE
ProfilinkEN,1400000127,PROFILINK,Cap decorative sliding 38 BK,4,10,0.0,0.0,61020838776.0,AL ПРОФИЛИ,,,90,,0.0,0.0,,капачки,,DATABASE_EVIDENCE
ProfilinkEN,1400000128,PROFILINK,Cap ending profile DZ 43x33 BK,4,10,0.0,0.0,31060288241.0,,,,90,,0.0,0.0,,капачки,,DATABASE_EVIDENCE
ProfilinkEN,1400000129,PROFILINK,Connector MS 04.02,4,4,0.0,0.0,47070448224.0,Al профили,,,90,,0.0,0.0,,аксесоар,,DATABASE_EVIDENCE
ProfilinkEN,1400000130,PROFILINK,Connector MS 04,4,4,0.0,0.0,67750478342.0,Al профили,,,90,,0.0,0.0,,аксесоар,,DATABASE_EVIDENCE
ProfilinkEN,1400000131,PROFILINK,Connector Fuji 2000,4,4,0.0,0.0,4730578936.0,Al профили,,,90,,0.0,0.0,,аксесоар,,DATABASE_EVIDENCE
ProfilinkEN,1400000132,PROFILINK,Connector AT 219,4,4,0.0,0.0,43760718229.0,Al профили,,,90,,0.0,0.0,,аксесоар,,DATABASE_EVIDENCE
ProfilinkEN,1400000133,PROFILINK,Connector P 100.1,4,4,0.0,0.0,21740838123.0,,,,90,,0.0,0.0,,аксесоар,,DATABASE_EVIDENCE
ProfilinkEN,1400000139,PROFILINK,Pad for mullion connector 46mm,4,4,0.0,0.0,56740508461.0,,,,90,,0.0,0.0,,аксесоар,,DATABASE_EVIDENCE
ProfilinkEN,1400000140,PROFILINK,Pad adjusting 50mm,4,4,0.0,0.0,24440848973.0,PVC ПРОФИЛИ,,,90,,0.0,0.0,,аксесоар,,DATABASE_EVIDENCE
ProfilinkEN,1400000141,PROFILINK,Pad special 35x100 60,4,4,0.0,0.0,56460788900.0,,,,90,,0.0,0.0,,аксесоар,,DATABASE_EVIDENCE
ProfilinkEN,1400000142,PROFILINK,Pad special 40x100 70,4,4,0.0,0.0,41420948952.0,,,,90,,0.0,0.0,,аксесоар,,DATABASE_EVIDENCE
ProfilinkEN,1400000144,PROFILINK,Threshold aluminium,1,1,20.0,0.0,78410628980.0,AL Профили,,,45,,0.0,0.0,,каса,Frame,DATABASE_EVIDENCE
ProfilinkEN,1400000145,PROFILINK,Interlocking element 47x120 73 WT,4,4,0.0,0.0,61480818022.0,PVC ПРОФИЛИ,,,90,,0.0,0.0,,аксесоар,,DATABASE_EVIDENCE
ProfilinkEN,1400000146,PROFILINK,Interlocking element 47x120 73 BN,4,4,0.0,0.0,19410508708.0,PVC ПРОФИЛИ,,,90,,0.0,0.0,,аксесоар,,DATABASE_EVIDENCE
ProfilinkEN,1400000148,PROFILINK,Plug for stopper 13x16 73 WT,4,10,0.0,0.0,65480748155.0,PVC ПРОФИЛИ,,,90,,0.0,0.0,,капачки,,DATABASE_EVIDENCE
ProfilinkEN,1400000149,PROFILINK,Plug for stopper 13x16 73 BN,4,10,0.0,0.0,55420938144.0,PVC ПРОФИЛИ,,,90,,0.0,0.0,,капачки,,DATABASE_EVIDENCE
ProfilinkEN,1400000151,PROFILINK,Centering element 16x64 73 WT,4,4,0.0,0.0,61160778479.0,PVC ПРОФИЛИ,,,90,,0.0,0.0,,аксесоар,,DATABASE_EVIDENCE
ProfilinkEN,1400000152,PROFILINK,Brush 6.7x10 73 GR,4,8,0.0,0.0,48180848839.0,,,,90,,0.0,0.0,,обков,,DATABASE_EVIDENCE
ProfilinkEN,1400000155,PROFILINK,Striking plate sl. left,4,5,0.0,0.0,13100448631.0,PVC ПРОФИЛИ,,,90,,0.0,0.0,0.0,лет.делител,,DATABASE_EVIDENCE
ProfilinkEN,1400000156,PROFILINK,Striking plate sl. right,4,4,0.0,0.0,42120418338.0,PVC ПРОФИЛИ,,,90,,0.0,0.0,0.0,аксесоар,,DATABASE_EVIDENCE
ProfilinkEN,1400000157,PROFILINK,"Espagnolette sl. GVMC.600-2.D7,5.AHS",4,4,0.0,0.0,62110438560.0,WINKHAUS,,,90,,0.0,0.0,,аксесоар,,DATABASE_EVIDENCE
ProfilinkEN,1400000158,PROFILINK,"Espagnolette sl. GVMC.1000-3.D7,5.AHS",4,4,0.0,0.0,22140818619.0,WINKHAUS,,,90,,0.0,0.0,,аксесоар,,DATABASE_EVIDENCE
ProfilinkEN,1400000159,PROFILINK,"Espagnolette sl. GVMC.1800-4.D7,5.AHS",4,4,0.0,0.0,31130828081.0,WINKHAUS,,,90,,0.0,0.0,,аксесоар,,DATABASE_EVIDENCE
ProfilinkEN,1400000160,PROFILINK,"Espagnolette sl. GVMCA.1600-3.D15,5",4,4,0.0,0.0,77890158670.0,,,,90,,0.0,0.0,,аксесоар,,DATABASE_EVIDENCE
ProfilinkEN,1400000162,PROFILINK,Trolley adjustable for sl. LW.K.T.U.VST,4,4,0.0,0.0,23810858508.0,WINKHAUS,,,90,,0.0,0.0,,аксесоар,,DATABASE_EVIDENCE
ProfilinkEN,1400000163,PROFILINK,Corner aligning MO 19,4,4,0.0,0.0,58850688243.0,Al профили,,,90,,0.0,0.0,,аксесоар,,DATABASE_EVIDENCE
ProfilinkEN,1400000164,PROFILINK,Corner aligning MO 19.1,4,4,0.0,0.0,76840178453.0,Al профили,,,90,,0.0,0.0,,аксесоар,,DATABASE_EVIDENCE
ProfilinkEN,1400000166,PROFILINK,Stopper 26x16 73 WT,4,4,0.0,0.0,99810868582.0,PVC ПРОФИЛИ,,,90,,0.0,0.0,,аксесоар,,DATABASE_EVIDENCE
ProfilinkEN,1400000167,PROFILINK,Stopper 26x16 73 BN,4,4,0.0,0.0,51820258702.0,PVC ПРОФИЛИ,,,90,,0.0,0.0,,аксесоар,,DATABASE_EVIDENCE
ProfilinkEN,1400000169,PROFILINK,Sill AL 150x25 PL WT,4,4,0.0,0.0,85870168965.0,AL ПРОФИЛИ,,,90,,0.0,0.0,,аксесоар,,DATABASE_EVIDENCE
ProfilinkEN,1400000170,PROFILINK,Sill AL 190x25 PL WT,4,13,0.0,0.0,67590288331.0,AL ПРОФИЛИ,,,90,,0.0,0.0,,ППД,,DATABASE_EVIDENCE
ProfilinkEN,1400000171,PROFILINK,Sill AL 250x25 PL WT,4,13,0.0,0.0,45510028281.0,AL ПРОФИЛИ,,,90,,0.0,0.0,,ППД,,DATABASE_EVIDENCE
ProfilinkEN,1400000172,PROFILINK,Sill AL 280x25 PL WT,4,13,0.0,0.0,23510418474.0,AL ПРОФИЛИ,,,90,,0.0,0.0,,ППД,,DATABASE_EVIDENCE
ProfilinkEN,1400000173,PROFILINK,Decorative profile BAR 50x10 NO PF WT,4,4,0.0,0.0,70580448172.0,,,,90,,0.0,0.0,,аксесоар,,DATABASE_EVIDENCE
ProfilinkEN,1400000174,PROFILINK,Decorative profile BAR 25x10 NO PF WT,4,4,0.0,0.0,53560368651.0,,,,90,,0.0,0.0,,аксесоар,,DATABASE_EVIDENCE
ProfilinkEN,1400000175,PROFILINK,Decorative profile 80x6 NO PF WT,4,4,0.0,0.0,63580418982.0,,,,90,,0.0,0.0,,аксесоар,,DATABASE_EVIDENCE
ProfilinkEN,1400000176,PROFILINK,Box AL 20x40 PL WT,4,4,0.0,0.0,48550528842.0,AL Профили,,,90,,0.0,0.0,,аксесоар,,DATABASE_EVIDENCE
ProfilinkEN,1400000177,PROFILINK,Coupling profile 13x4 WT,4,17,0.0,0.0,61540418098.0,,,,90,,0.0,0.0,,Съединителен профил,,DATABASE_EVIDENCE
ProfilinkEN,1400000178,PROFILINK,Combined threshold 77x20,1,1,20.0,0.0,81510378028.0,AL ПРОФИЛИ,,,45,,0.0,0.0,,каса,Frame,DATABASE_EVIDENCE
ProfilinkEN,1400000238,PROFILINK,Cap alum. for sash DZ 15x88 MF,4,5,0.0,0.0,81480138111.0,PVC ПРОФИЛИ,,,90,,0.0,0.0,,лет.делител,,DATABASE_EVIDENCE
ProfilinkEN,1400000239,PROFILINK,Reinforcement 34x26 2mm,4,6,0.0,0.0,74490668428.0,УСИЛИТЕЛИ,,,90,,0.0,0.0,,армировка,,DATABASE_EVIDENCE
ProfilinkEN,1400000240,PROFILINK,Reinforcement 34 x 26 x 8 [1.2 mm] (2788),4,6,0.0,0.0,65110348940.0,УСИЛИТЕЛИ,,,90,,0.0,0.0,,армировка,,DATABASE_EVIDENCE
ProfilinkEN,1400000241,PROFILINK,Reinforcement 34 x 23 [1.2 mm] (2789),4,6,0.0,0.0,87190228568.0,УСИЛИТЕЛИ,,,90,,0.0,0.0,,армировка,,DATABASE_EVIDENCE
ProfilinkEN,1400000257,PROFILINK,Cap outside p. for overhung 25x80 82 WT,4,10,0.0,0.0,66890278761.0,,,,90,,0.0,0.0,,капачки,,DATABASE_EVIDENCE
ProfilinkEN,1400000258,PROFILINK,Cap outside p. for overhung 25x80 82 BK,4,10,0.0,0.0,68810738321.0,,,,90,,0.0,0.0,0.0,капачки,,DATABASE_EVIDENCE
ProfilinkEN,1400000260,PROFILINK,Cap base for overhung 64x59 82 WT,4,10,0.0,0.0,41560148131.0,,,,90,,0.0,0.0,,капачки,,DATABASE_EVIDENCE
ProfilinkEN,1400000261,PROFILINK,Cap base for overhung 64x59 82 BK,4,5,0.0,0.0,11580208576.0,,,,90,,0.0,0.0,0.0,лет.делител,,DATABASE_EVIDENCE
ProfilinkEN,1400000262,PROFILINK,Connector for mullion 62x76 82,4,4,0.0,0.0,27550638560.0,,,,90,,0.0,0.0,,аксесоар,,DATABASE_EVIDENCE
ProfilinkEN,1400000265,PROFILINK,Gasket EPDM MD 82 BK,4,34,0.0,0.0,38570738753.0,,,,90,,0.0,0.0,0.0,Уплътнения,,DATABASE_EVIDENCE
ProfilinkEN,1468318,WINKHAUS,LM-RG WS,4,8,0.0,0.0,36751798878.0,,,,90,,0.0,0.0,,обков,,DATABASE_EVIDENCE
ProfilinkEN,1468449,WINKHAUS,LM-RG WS,4,8,0.0,0.0,89552188397.0,,,,90,,0.0,0.0,,обков,,DATABASE_EVIDENCE
ProfilinkEN,1536448,WINKHAUS,Капачка долна панта,4,8,0.0,0.0,21759586332.0,,,,90,,0.0,0.0,,обков,,DATABASE_EVIDENCE
ProfilinkEN,1536465,WINKHAUS,Cap for down hinge,4,8,0.0,0.0,33149846151.0,,,,90,,0.0,0.0,,обков,,DATABASE_EVIDENCE
ProfilinkEN,1811067,WINKHAUS,GRT FSR SL,4,8,0.0,0.0,78563301486.0,WINKHAUS,,,90,,0.0,0.0,,обков,,DATABASE_EVIDENCE
ProfilinkEN,1898617,WINKHAUS,Down hinge for sash Pr,4,8,0.0,0.0,61767288226.0,,,,90,,0.0,0.0,,обков,,DATABASE_EVIDENCE
ProfilinkEN,1934201,WINKHAUS,SP R SL,4,8,0.0,0.0,86937744772.0,WINKHAUS,,,90,,0.0,0.0,,обков,,DATABASE_EVIDENCE
ProfilinkEN,207.101.9001.101,PROFILINK,Extension 82 x 40 PL 82 [WT - 90,4,4,0.0,0.0,98281152620.0,PVC ПРОФИЛИ,,,90,,0.0,0.0,,аксесоар,,DATABASE_EVIDENCE
ProfilinkEN,2070168,WINKHAUS,KR 16/200 SL,4,8,0.0,0.0,15841841191.0,WINKHAUS,,,90,,0.0,0.0,,обков,,DATABASE_EVIDENCE
ProfilinkEN,2074732,WINKHAUS,ZV-RT 452/13 SL,4,8,0.0,0.0,73787385380.0,WINKHAUS,,,90,,0.0,0.0,,обков,,DATABASE_EVIDENCE
ProfilinkEN,2308084,WINKHAUS,AWDR SL,4,8,0.0,0.0,61373579816.0,WINKHAUS,,,90,,0.0,0.0,,обков,,DATABASE_EVIDENCE
ProfilinkEN,2366946,WINKHAUS,SA 152 SL,4,8,0.0,0.0,74668457676.0,WINKHAUS,,,90,,0.0,0.0,,обков,,DATABASE_EVIDENCE
ProfilinkEN,2522321,WINKHAUS,Snapper BK552 RC SL,4,8,0.0,0.0,66868413206.0,,,,90,,0.0,0.0,,обков,,DATABASE_EVIDENCE
ProfilinkEN,2824062,WINKHAUS,SBA.K.152,4,8,0.0,0.0,74065565082.0,WINKHAUS,,,90,,0.0,0.0,,обков,,DATABASE_EVIDENCE
ProfilinkEN,2824863,WINKHAUS,M.500-1,4,8,0.0,0.0,1653875060.0,WINKHAUS,,,90,,0.0,0.0,,обков,,DATABASE_EVIDENCE
ProfilinkEN,2824919,WINKHAUS,MK.250-1,4,8,0.0,0.0,7844845433.0,WINKHAUS,,,90,,0.0,0.0,,обков,,DATABASE_EVIDENCE
ProfilinkEN,2824986,WINKHAUS,MK.500-1,4,8,0.0,0.0,16704905138.0,WINKHAUS,,,90,,0.0,0.0,,обков,,DATABASE_EVIDENCE
ProfilinkEN,2824994,WINKHAUS,M.750-1,4,8,0.0,0.0,81484935658.0,WINKHAUS,,,90,,0.0,0.0,,обков,,DATABASE_EVIDENCE
ProfilinkEN,2838464,WINKHAUS,MS.SU.500-1,4,8,0.0,0.0,36310649547.0,,,,90,,0.0,0.0,,обков,,DATABASE_EVIDENCE
ProfilinkEN,2838982,WINKHAUS,MS.SO.500-1,4,8,0.0,0.0,25205419217.0,,,,90,,0.0,0.0,,обков,,DATABASE_EVIDENCE
ProfilinkEN,2841823,WINKHAUS,E1,4,8,0.0,0.0,55105592883.0,WINKHAUS,,,90,,0.0,0.0,,обков,,DATABASE_EVIDENCE
ProfilinkEN,2842017,WINKHAUS,E2,4,8,0.0,0.0,72517563495.0,WINKHAUS,,,90,,0.0,0.0,,обков,,DATABASE_EVIDENCE
ProfilinkEN,2842244,WINKHAUS,E3,4,8,0.0,0.0,83039163665.0,WINKHAUS,,,90,,0.0,0.0,,обков,,DATABASE_EVIDENCE
ProfilinkEN,2842578,WINKHAUS,SK1.20-13.RS,4,8,0.0,0.0,66282333325.0,WINKHAUS,,,90,,0.0,0.0,,обков,,DATABASE_EVIDENCE
ProfilinkEN,2842586,WINKHAUS,SK2.20-13.RS,4,8,0.0,0.0,61942293805.0,WINKHAUS,,,90,,0.0,0.0,,обков,,DATABASE_EVIDENCE
ProfilinkEN,2844101,WINKHAUS,SK1.20-13.LS,4,8,0.0,0.0,55918355626.0,WINKHAUS,,,90,,0.0,0.0,,обков,,DATABASE_EVIDENCE
ProfilinkEN,2844143,WINKHAUS,SK2.20-13.LS,4,8,0.0,0.0,21768145648.0,WINKHAUS,,,90,,0.0,0.0,,обков,,DATABASE_EVIDENCE
ProfilinkEN,2844434,WINKHAUS,SL.KS.3-6,4,8,0.0,0.0,88171325079.0,WINKHAUS,,,90,,0.0,0.0,,обков,,DATABASE_EVIDENCE
ProfilinkEN,2844928,WINKHAUS,K.SL.KS.WS,4,8,0.0,0.0,60996085470.0,WINKHAUS,,,90,,0.0,0.0,,обков,,DATABASE_EVIDENCE
ProfilinkEN,2845285,WINKHAUS,K.SK.WS,4,8,0.0,0.0,77939306567.0,WINKHAUS,,,90,,0.0,0.0,,обков,,DATABASE_EVIDENCE
ProfilinkEN,2846552,WINKHAUS,K.FL.K.WS,4,8,0.0,0.0,76682647791.0,WINKHAUS,,,90,,0.0,0.0,,обков,,DATABASE_EVIDENCE
ProfilinkEN,2847141,WINKHAUS,OS1.600,4,8,0.0,0.0,28838648507.0,WINKHAUS,,,90,,0.0,0.0,,обков,,DATABASE_EVIDENCE
ProfilinkEN,2848232,WINKHAUS,OS2.800,4,8,0.0,0.0,91519959733.0,WINKHAUS,,,90,,0.0,0.0,,обков,,DATABASE_EVIDENCE
ProfilinkEN,2848275,WINKHAUS,OS2.1025-1,4,8,0.0,0.0,87359689525.0,WINKHAUS,,,90,,0.0,0.0,,обков,,DATABASE_EVIDENCE
ProfilinkEN,2848291,WINKHAUS,OS2.1250-1,4,8,0.0,0.0,77769979440.0,WINKHAUS,,,90,,0.0,0.0,,обков,,DATABASE_EVIDENCE
ProfilinkEN,2848304,WINKHAUS,OS2.1475-1,4,8,0.0,0.0,15120219213.0,WINKHAUS,,,90,,0.0,0.0,,обков,,DATABASE_EVIDENCE
ProfilinkEN,2861613,WINKHAUS,SBK.K.152,4,8,0.0,0.0,12465192289.0,WINKHAUS,,,90,,0.0,0.0,,обков,,DATABASE_EVIDENCE
ProfilinkEN,292601,,locking mechanism GR1,4,8,0.0,0.0,13347313733.0,,,,90,,0.0,0.0,,обков,,DATABASE_EVIDENCE
ProfilinkEN,301.002.0011.238,PROFILINK,Outer cap for mullion О 85x78 [BN],4,10,0.0,0.0,82968824780.0,,,,90,,0.0,0.0,,капачки,,DATABASE_EVIDENCE
ProfilinkEN,301.002.0064.101,PROFILINK,Cap aluminium56x46 [BN],4,10,0.0,0.0,96703204312.0,PVC ПРОФИЛИ,,,90,,0.0,0.0,,капачки,,DATABASE_EVIDENCE
ProfilinkEN,301.002.0076.238,PROFILINK,Cap for base mullion О 85x78 [BN],4,10,0.0,0.0,30624404054.0,,,,90,,0.0,0.0,,капачки,,DATABASE_EVIDENCE
ProfilinkEN,301.002.0084.238,PROFILINK,Cap for aluminium threshold,4,10,0.0,0.0,12965344577.0,REINER PLAST,,,90,,0.0,0.0,,капачки,,DATABASE_EVIDENCE
ProfilinkEN,301.002.0128.101,PROFILINK,Aluminium cap 56x46 [WT],4,10,0.0,0.0,28449675156.0,PVC ПРОФИЛИ,,,90,,0.0,0.0,,капачки,,DATABASE_EVIDENCE
ProfilinkEN,301.002.0140.238,PROFILINK,Alu cap for sill [WT - 9010],4,14,0.0,0.0,10041415221.0,AL ПРОФИЛИ,,,90,,0.0,0.0,,Капачка ППД,,DATABASE_EVIDENCE
ProfilinkEN,301.002.0141.238,PROFILINK,Alu cap for sill [BN - 8919],4,14,0.0,0.0,23741955553.0,AL ПРОФИЛИ,,,90,,0.0,0.0,,Капачка ППД,,DATABASE_EVIDENCE
ProfilinkEN,301.003.0023.133,PROFILINK,Mullion connector 62x42,4,4,0.0,0.0,12070695214.0,,,,90,,0.0,0.0,,аксесоар,,DATABASE_EVIDENCE
ProfilinkEN,301.006.0077.133,,Pad wedge-shaped 38mm,4,4,0.0,0.0,43478138754.0,,,,90,,0.0,0.0,,аксесоар,,DATABASE_EVIDENCE
ProfilinkEN,301.006.0116.133,PROFILINK,Pad wedge-shaped K 23,4,4,0.0,0.0,13222139953.0,,,,90,,0.0,0.0,,аксесоар,,DATABASE_EVIDENCE
ProfilinkEN,301.006.0118.133,PROFILINK,Pad wedge-shaped K 32,4,4,0.0,0.0,10602759981.0,,,,90,,0.0,0.0,,аксесоар,,DATABASE_EVIDENCE
ProfilinkEN,301.006.0202.133,,Corner pad 24мм,4,4,0.0,0.0,51451450026.0,AL Профили,,,90,,0.0,0.0,,аксесоар,,DATABASE_EVIDENCE
ProfilinkEN,301.006.0244,PROFILINK,Pad Z70,4,4,0.0,0.0,75027374118.0,,,,90,,0.0,0.0,0.0,аксесоар,,DATABASE_EVIDENCE
ProfilinkEN,301.007.0178.133,PROFILINK,Ролка MS 0204,4,4,0.0,0.0,24589250145.0,,,,90,,0.0,0.0,,аксесоар,,DATABASE_EVIDENCE
ProfilinkEN,301.016.0179.133,PROFILINK,Стопер MS11,4,4,0.0,0.0,37258889584.0,Al профили,,,90,,0.0,0.0,,аксесоар,,DATABASE_EVIDENCE
ProfilinkEN,301.022.0104.132,PROFILINK,Brush for a blind 68x55,4,4,0.0,0.0,85767515232.0,AL Профили,,,90,,0.0,0.0,,аксесоар,,DATABASE_EVIDENCE
ProfilinkEN,301.022.0124.133,PROFILINK,"Brush 6,7х8mm",4,4,0.0,0.0,63159315136.0,,,,90,,0.0,0.0,,аксесоар,,DATABASE_EVIDENCE
ProfilinkEN,301.022.0214.238,PROFILINK,Cap ending profile 43x33 [BK - 9005],4,10,0.0,0.0,80828756682.0,,,,90,,0.0,0.0,,капачки,,DATABASE_EVIDENCE
ProfilinkEN,301.023,,Набивна гума,4,4,0.0,0.0,33475450667.0,,,,90,,0.0,0.0,,аксесоар,,DATABASE_EVIDENCE
ProfilinkEN,301.023.0001.132,PROFILINK,Decorative gasket 304 [LB],4,4,0.0,0.0,45658245154.0,,,,90,,0.0,0.0,,аксесоар,,DATABASE_EVIDENCE
ProfilinkEN,301.023.0067.132,PROFILINK,Decorative gasket305 [DB],4,4,0.0,0.0,62024205441.0,,,,90,,0.0,0.0,,аксесоар,,DATABASE_EVIDENCE
ProfilinkEN,301.023.0129.132,PROFILINK,Decorative gasket 303 [WT],4,4,0.0,0.0,40370746209.0,,,,90,,0.0,0.0,,аксесоар,,DATABASE_EVIDENCE
ProfilinkEN,301.023.0139.236,PROFILINK,Decorative gasket [GY - 7001],4,4,0.0,0.0,56721236635.0,AL Профили,,,90,,0.0,0.0,,аксесоар,,DATABASE_EVIDENCE
ProfilinkEN,301.024.0201.133,PROFILINK,Насрещник универсален,4,4,0.0,0.0,76719458910.0,,,,90,,0.0,0.0,,аксесоар,,DATABASE_EVIDENCE
ProfilinkEN,301.050.0181.133,PROFILINK,Ъгъл комарник 17 x 25 [WT - 9010],4,4,0.0,0.0,92913053148.0,AL Профили,,,90,,0.0,0.0,,аксесоар,,DATABASE_EVIDENCE
ProfilinkEN,301.050.0182.133,PROFILINK,Ъгъл комарник 17x25 [BN - 8919],4,4,0.0,0.0,41623313712.0,AL Профили,,,90,,0.0,0.0,,аксесоар,,DATABASE_EVIDENCE
ProfilinkEN,301.051.0156.133,PROFILINK,Handle SKALA [WT - 9010],4,9,0.0,0.0,33061414613.0,,,,90,,0.0,0.0,,дръжка,,DATABASE_EVIDENCE
ProfilinkEN,301.051.0157.133,PROFILINK,Handle  SKALA [BK 9005],4,9,0.0,0.0,18781134123.0,AL ПРОФИЛИ,,,90,,0.0,0.0,,дръжка,,DATABASE_EVIDENCE
ProfilinkEN,301.051.0158.133,PROFILINK,Handle AK 30 [WT 9010],4,9,0.0,0.0,11471764464.0,AL ПРОФИЛИ,,,90,,0.0,0.0,,дръжка,,DATABASE_EVIDENCE
ProfilinkEN,301.051.0159.133,PROFILINK,Handle  AK 30 [BK 9005],4,9,0.0,0.0,30121434725.0,AL ПРОФИЛИ,,,90,,0.0,0.0,,дръжка,,DATABASE_EVIDENCE
ProfilinkEN,301.051.0160.133,PROFILINK,Outer handle [WT 9010],4,9,0.0,0.0,22562184807.0,AL ПРОФИЛИ,,,90,,0.0,0.0,,дръжка,,DATABASE_EVIDENCE
ProfilinkEN,301.051.0161.133,PROFILINK,Outer handle [BK 9005],4,9,0.0,0.0,88262374781.0,AL ПРОФИЛИ,,,90,,0.0,0.0,,дръжка,,DATABASE_EVIDENCE
ProfilinkEN,301.051.0162.133,PROFILINK,Handle for window[WT 9010],4,9,0.0,0.0,55972314714.0,AL ПРОФИЛИ,,,90,,0.0,0.0,,дръжка,,DATABASE_EVIDENCE
ProfilinkEN,301.051.0163.133,PROFILINK,Handle for window [BK 9005],4,9,0.0,0.0,26652104455.0,AL ПРОФИЛИ,,,90,,0.0,0.0,,дръжка,,DATABASE_EVIDENCE
ProfilinkEN,301.051.0174.133,PROFILINK,Handle AL Sliding 38 [WT],4,9,0.0,0.0,41093254834.0,AL ПРОФИЛИ,,,90,,0.0,0.0,,дръжка,,DATABASE_EVIDENCE
ProfilinkEN,301.051.0175.133,PROFILINK,Дръжка AL Sliding 38 [BK],4,9,0.0,0.0,63783154346.0,AL ПРОФИЛИ,,,90,,0.0,0.0,,дръжка,,DATABASE_EVIDENCE
ProfilinkEN,301.051.0187.133,PROFILINK,Дръжка външна за комарник [WT],4,9,0.0,0.0,53804984412.0,AL ПРОФИЛИ,,,90,,0.0,0.0,,дръжка,,DATABASE_EVIDENCE
ProfilinkEN,301.051.0188.133,PROFILINK,Дръжка външна за комарник [BN],4,9,0.0,0.0,87564324126.0,AL ПРОФИЛИ,,,90,,0.0,0.0,,дръжка,,DATABASE_EVIDENCE
ProfilinkEN,301.051.0189.133,PROFILINK,Дръжка вътрешна за комарник [WT],4,9,0.0,0.0,57224804725.0,AL ПРОФИЛИ,,,90,,0.0,0.0,,дръжка,,DATABASE_EVIDENCE
ProfilinkEN,301.051.0190.133,PROFILINK,Дръжка вътрешна за комарник [BN],4,9,0.0,0.0,62635574886.0,AL ПРОФИЛИ,,,90,,0.0,0.0,,дръжка,,DATABASE_EVIDENCE
ProfilinkEN,301.052.0152.133,PROFILINK,Брава REZE 35x85,4,12,0.0,0.0,53982595564.0,,,,90,,0.0,0.0,,брава,,DATABASE_EVIDENCE
ProfilinkEN,301.052.0200.133,PROFILINK,Брава ролкова REZE 35x86x10,4,12,0.0,0.0,41737266943.0,,,,90,,0.0,0.0,,брава,,DATABASE_EVIDENCE
ProfilinkEN,301.052.0215.133,PROFILINK,Брава REZE LUX 35x85,4,12,0.0,0.0,70998926779.0,,,,90,,0.0,0.0,,брава,,DATABASE_EVIDENCE
ProfilinkEN,301.053.0154.133,PROFILINK,Патрон 68мм,4,4,0.0,0.0,42063636845.0,,,,90,,0.0,0.0,,аксесоар,,DATABASE_EVIDENCE
ProfilinkEN,301.053.0191.133,PROFILINK,Патрон WC SAMEX DZ 68,4,4,0.0,0.0,92727226596.0,AL Профили,,,90,,0.0,0.0,,аксесоар,,DATABASE_EVIDENCE
ProfilinkEN,301.053.0192.133,PROFILINK,Патрон WC SAMEX DT 68,4,4,0.0,0.0,44427746343.0,AL Профили,,,90,,0.0,0.0,,аксесоар,,DATABASE_EVIDENCE
ProfilinkEN,301.054.0164.133,PROFILINK,Кит за дръжка прозорец,4,4,0.0,0.0,76495687211.0,AL Профили,,,90,,0.0,0.0,,аксесоар,,DATABASE_EVIDENCE
ProfilinkEN,301.055.0165.133,PROFILINK,Панта двойна [WT],4,4,0.0,0.0,31846508429.0,,,,90,,0.0,0.0,,аксесоар,,DATABASE_EVIDENCE
ProfilinkEN,301.055.0166.133,PROFILINK,Панта двойна [BK],4,4,0.0,0.0,28566848623.0,AL Профили,,,90,,0.0,0.0,,аксесоар,,DATABASE_EVIDENCE
ProfilinkEN,301.055.0185.133,PROFILINK,Панта комарник [WT],4,4,0.0,0.0,26288138511.0,AL Профили,,,90,,0.0,0.0,,аксесоар,,DATABASE_EVIDENCE
ProfilinkEN,301.055.0186.133,PROFILINK,Панта комарник [BN],4,4,0.0,0.0,73988818554.0,AL Профили,,,90,,0.0,0.0,,аксесоар,,DATABASE_EVIDENCE
ProfilinkEN,301.056.0167.133,PROFILINK,Сюрме 140 [WT],4,4,0.0,0.0,67947089143.0,AL Профили,,,90,,0.0,0.0,,аксесоар,,DATABASE_EVIDENCE
ProfilinkEN,301.056.0168.133,PROFILINK,Сюрме 140 [BK],4,4,0.0,0.0,71677769159.0,AL Профили,,,90,,0.0,0.0,,аксесоар,,DATABASE_EVIDENCE
ProfilinkEN,301.056.0169.133,PROFILINK,Сюрме 220 [WT],4,4,0.0,0.0,33327139780.0,,,,90,,0.0,0.0,,аксесоар,,DATABASE_EVIDENCE
ProfilinkEN,301.056.0170.133,PROFILINK,Сюрме 220 [BK],4,4,0.0,0.0,28738779715.0,AL Профили,,,90,,0.0,0.0,,аксесоар,,DATABASE_EVIDENCE
ProfilinkEN,301.057.0171.133,PROFILINK,Ножица MO 1000,4,4,0.0,0.0,97139260833.0,AL Профили,,,90,,0.0,0.0,,аксесоар,,DATABASE_EVIDENCE
ProfilinkEN,301.058.0172.133,PROFILINK,Lock падащо крило [WT],4,4,0.0,0.0,5520661312.0,AL Профили,,,90,,0.0,0.0,,аксесоар,,DATABASE_EVIDENCE
ProfilinkEN,301.058.0173.133,PROFILINK,Ключалка падащо крило [BK],4,4,0.0,0.0,94250821477.0,AL Профили,,,90,,0.0,0.0,,аксесоар,,DATABASE_EVIDENCE
ProfilinkEN,301.058.0176.133,PROFILINK,Ключалка тип Клик лок [WT],4,4,0.0,0.0,42300361480.0,,,,90,,0.0,0.0,,аксесоар,,DATABASE_EVIDENCE
ProfilinkEN,301.058.0177.133,PROFILINK,Ключалка тип Клик лок [BK],4,4,0.0,0.0,61060341273.0,AL Профили,,,90,,0.0,0.0,,аксесоар,,DATABASE_EVIDENCE
ProfilinkEN,301.058.0183.133,,Ключалка комарник [WT 9010],4,4,0.0,0.0,21961741314.0,AL Профили,,,90,,0.0,0.0,,аксесоар,,DATABASE_EVIDENCE
ProfilinkEN,301.058.0184.133,PROFILINK,Ключалка комарник [BN],4,4,0.0,0.0,67671491708.0,AL Профили,,,90,,0.0,0.0,,аксесоар,,DATABASE_EVIDENCE
ProfilinkEN,301.059.0180.133,PROFILINK,Bufer MS0330,4,4,0.0,0.0,18552582522.0,,,,90,,0.0,0.0,,аксесоар,,DATABASE_EVIDENCE
ProfilinkEN,301.061.0207.187,PROFILINK,Mosquito net 0.8м,4,4,0.0,0.0,4116185328.0,AL Профили,,,90,,0.0,0.0,,аксесоар,,DATABASE_EVIDENCE
ProfilinkEN,301.061.0208.187,PROFILINK,Mosquito net 1.2м,4,4,0.0,0.0,95886195753.0,AL Профили,,,90,,0.0,0.0,,аксесоар,,DATABASE_EVIDENCE
ProfilinkEN,302.002.0002.133,PROFILINK,Decorative cap 35x13 [WT],4,4,0.0,0.0,78948754968.0,,,,90,,0.0,0.0,,аксесоар,,DATABASE_EVIDENCE
ProfilinkEN,302.030.0018.133,PROFILINK,Summer foam,4,4,0.0,0.0,38557422628.0,,,,90,,0.0,0.0,,аксесоар,,DATABASE_EVIDENCE
ProfilinkEN,302.030.0019.133,PROFILINK,Winter foam,4,4,0.0,0.0,56247722466.0,,,,90,,0.0,0.0,,аксесоар,,DATABASE_EVIDENCE
ProfilinkEN,302.035.0005.214,PROFILINK,Self-tapping screw 3.9х16,4,4,0.0,0.0,55541617573.0,PVC ПРОФИЛИ,,,90,,0.0,0.0,,аксесоар,,DATABASE_EVIDENCE
ProfilinkEN,310.001.0019.100,PROFILINK,Reinfocement (2160) 33.5x16.5 [1.2mm],4,6,0.0,0.0,77026073492.0,,,,90,,0.0,0.0,,армировка,,DATABASE_EVIDENCE
ProfilinkEN,310.001.0028.100,PROFILINK,Reinforcement 36 x 42 [1.5 mm] (2802),4,6,0.0,0.0,58077153894.0,УСИЛИТЕЛИ,,,90,,0.0,0.0,,армировка,,DATABASE_EVIDENCE
ProfilinkEN,411.002.1387.100,PROFILINK,Box 40х40,4,4,0.0,0.0,54427318939.0,AL Профили,,,90,,0.0,0.0,,аксесоар,,DATABASE_EVIDENCE
ProfilinkEN,433.001.1380.100,PROFILINK,Комарник 16 x 25 ПРОФИЛИНК [BN]  Golden Oak,4,4,0.0,0.0,49698467281.0,,,,90,,0.0,0.0,,аксесоар,,DATABASE_EVIDENCE
ProfilinkEN,433.001.1385.100,PROFILINK,Комарник 16 x 25 ПРОФИЛИНК [BN] Nussbaum,4,4,0.0,0.0,1188157305.0,,,,90,,0.0,0.0,,аксесоар,,DATABASE_EVIDENCE
ProfilinkEN,433.001.1387.100,PROFILINK,Комарник 16 x 25 ПРОФИЛИНК [WT] (6М),4,4,0.0,0.0,37578577564.0,,,,90,,0.0,0.0,,аксесоар,,DATABASE_EVIDENCE
ProfilinkEN,4926221,WINKHAUS,GAK.465,4,4,0.0,0.0,65119859135.0,WINKHAUS,,,90,,0.0,0.0,,аксесоар,,DATABASE_EVIDENCE
ProfilinkEN,4926267,WINKHAUS,GAM.800,4,4,0.0,0.0,96919459988.0,WINKHAUS,,,90,,0.0,0.0,,аксесоар,,DATABASE_EVIDENCE
ProfilinkEN,4926269,WINKHAUS,GAM.1050-1,4,4,0.0,0.0,97989289102.0,WINKHAUS,,,90,,0.0,0.0,,аксесоар,,DATABASE_EVIDENCE
ProfilinkEN,4926291,WINKHAUS,GAM.1400-1,4,4,0.0,0.0,2039789843.0,WINKHAUS,,,90,,0.0,0.0,,аксесоар,,DATABASE_EVIDENCE
ProfilinkEN,4926295,WINKHAUS,GAM.1800-2,4,4,0.0,0.0,8069249288.0,WINKHAUS,,,90,,0.0,0.0,,аксесоар,,DATABASE_EVIDENCE
ProfilinkEN,4926935,WINKHAUS,KB.K.20-13,4,4,0.0,0.0,52766879125.0,WINKHAUS,,,90,,0.0,0.0,,аксесоар,,DATABASE_EVIDENCE
ProfilinkEN,4927420,WINKHAUS,K.SL.KS.BR,4,4,0.0,0.0,84201250719.0,WINKHAUS,,,90,,0.0,0.0,,аксесоар,,DATABASE_EVIDENCE
ProfilinkEN,4927421,WINKHAUS,K.SK.BR,4,4,0.0,0.0,99281770347.0,WINKHAUS,,,90,,0.0,0.0,,аксесоар,,DATABASE_EVIDENCE
ProfilinkEN,4927425,WINKHAUS,K.FL.K.WS,4,4,0.0,0.0,11271570413.0,WINKHAUS,,,90,,0.0,0.0,,аксесоар,,DATABASE_EVIDENCE
ProfilinkEN,4927526,WINKHAUS,SBA.K.BN,4,4,0.0,0.0,76912520774.0,WINKHAUS,,,90,,0.0,0.0,,аксесоар,,DATABASE_EVIDENCE
ProfilinkEN,4927927,WINKHAUS,GAVM.175-1,4,4,0.0,0.0,39796260842.0,WINKHAUS,,,90,,0.0,0.0,,аксесоар,,DATABASE_EVIDENCE
ProfilinkEN,4927928,WINKHAUS,GAVM.300-2,4,4,0.0,0.0,68736620982.0,WINKHAUS,,,90,,0.0,0.0,,аксесоар,,DATABASE_EVIDENCE
ProfilinkEN,4927929,WINKHAUS,GAVM.420-2,4,4,0.0,0.0,41786920216.0,WINKHAUS,,,90,,0.0,0.0,,аксесоар,,DATABASE_EVIDENCE
ProfilinkEN,4927940,WINKHAUS,GAVM.620-2,4,4,0.0,0.0,75126670481.0,WINKHAUS,,,90,,0.0,0.0,,аксесоар,,DATABASE_EVIDENCE
ProfilinkEN,4927941,WINKHAUS,GAVM.920-3,4,4,0.0,0.0,61126280514.0,WINKHAUS,,,90,,0.0,0.0,,аксесоар,,DATABASE_EVIDENCE
ProfilinkEN,4927942,WINKHAUS,GAVM.1320-3,4,4,0.0,0.0,47126530282.0,WINKHAUS,,,90,,0.0,0.0,,аксесоар,,DATABASE_EVIDENCE
ProfilinkEN,4927943,WINKHAUS,GAVM.1820-4,4,4,0.0,0.0,45176380603.0,WINKHAUS,,,90,,0.0,0.0,,аксесоар,,DATABASE_EVIDENCE
ProfilinkEN,4928429,WINKHAUS,FL.K.20-6-20,4,4,0.0,0.0,18951231350.0,WINKHAUS,,,90,,0.0,0.0,,аксесоар,,DATABASE_EVIDENCE
ProfilinkEN,4928483,WINKHAUS,K.SL.KS.F1,4,4,0.0,0.0,35161221243.0,WINKHAUS,,,90,,0.0,0.0,,аксесоар,,DATABASE_EVIDENCE
ProfilinkEN,4928484,WINKHAUS,K.SK.F1,4,4,0.0,0.0,63121281263.0,WINKHAUS,,,90,,0.0,0.0,,аксесоар,,DATABASE_EVIDENCE
ProfilinkEN,4928486,WINKHAUS,K.FL.K.F1,4,4,0.0,0.0,33111761227.0,WINKHAUS,,,90,,0.0,0.0,,аксесоар,,DATABASE_EVIDENCE
ProfilinkEN,4932434,WINKHAUS,EL.K.6-3-10,4,4,0.0,0.0,22182285618.0,WINKHAUS,,,90,,0.0,0.0,,аксесоар,,DATABASE_EVIDENCE
ProfilinkEN,4933295,WINKHAUS,K.SL.KS.F4,4,4,0.0,0.0,63670356943.0,WINKHAUS,,,90,,0.0,0.0,,аксесоар,,DATABASE_EVIDENCE
ProfilinkEN,4933296,WINKHAUS,K.SK.F4,4,4,0.0,0.0,84600976420.0,WINKHAUS,,,90,,0.0,0.0,,аксесоар,,DATABASE_EVIDENCE
ProfilinkEN,4933298,WINKHAUS,K.FL.K.F4,4,4,0.0,0.0,62640336156.0,WINKHAUS,,,90,,0.0,0.0,,аксесоар,,DATABASE_EVIDENCE
ProfilinkEN,4933801,WINKHAUS,MS.SU. 250-1,4,4,0.0,0.0,34576626751.0,,,,90,,0.0,0.0,,аксесоар,,DATABASE_EVIDENCE
ProfilinkEN,4934014,WINKHAUS,MS.SO. 250-1,4,4,0.0,0.0,9328587238.0,,,,90,,0.0,0.0,,аксесоар,,DATABASE_EVIDENCE
ProfilinkEN,4935999,WINKHAUS,Sliding trolley LW.K.S,4,4,0.0,0.0,47927698088.0,WINKHAUS,,,90,,0.0,0.0,,аксесоар,,DATABASE_EVIDENCE
ProfilinkEN,4937771,WINKHAUS,Горен ъгъл ProPilot,4,4,0.0,0.0,78545990544.0,,,,90,,0.0,0.0,,аксесоар,,DATABASE_EVIDENCE
ProfilinkEN,4937788,WINKHAUS,Долна панта каса  Pr,4,4,0.0,0.0,13285520822.0,,,,90,,0.0,0.0,,аксесоар,,DATABASE_EVIDENCE
ProfilinkEN,4937789,WINKHAUS,Капачка долна панта,4,4,0.0,0.0,83275890226.0,,,,90,,0.0,0.0,,аксесоар,,DATABASE_EVIDENCE
ProfilinkEN,4937791,WINKHAUS,Капачка долна панта,4,4,0.0,0.0,62945330374.0,,,,90,,0.0,0.0,,аксесоар,,DATABASE_EVIDENCE
ProfilinkEN,4937982,WINKHAUS,Рамо на ножица ProPi,4,4,0.0,0.0,1687730885.0,,,,90,,0.0,0.0,,аксесоар,,DATABASE_EVIDENCE
ProfilinkEN,4937983,WINKHAUS,Рамо на ножица ProPi,4,4,0.0,0.0,66687190307.0,,,,90,,0.0,0.0,,аксесоар,,DATABASE_EVIDENCE
ProfilinkEN,4937984,WINKHAUS,Рамо на ножица ProPi,4,4,0.0,0.0,72697480222.0,,,,90,,0.0,0.0,,аксесоар,,DATABASE_EVIDENCE
ProfilinkEN,4937985,WINKHAUS,Рамо на ножица ProPi,4,4,0.0,0.0,4647180581.0,,,,90,,0.0,0.0,,аксесоар,,DATABASE_EVIDENCE
ProfilinkEN,4937986,WINKHAUS,Рамо на ножица ProPi,4,4,0.0,0.0,98637740317.0,,,,90,,0.0,0.0,,аксесоар,,DATABASE_EVIDENCE
ProfilinkEN,4937987,WINKHAUS,Рамо на ножица ProPi,4,4,0.0,0.0,63657120433.0,,,,90,,0.0,0.0,,аксесоар,,DATABASE_EVIDENCE
ProfilinkEN,4938163,WINKHAUS,GAM.2300-3,4,4,0.0,0.0,84359131568.0,WINKHAUS,,,90,,0.0,0.0,,аксесоар,,DATABASE_EVIDENCE
ProfilinkEN,4938513,WINKHAUS,Капачка горна панта,4,4,0.0,0.0,93683931056.0,,,,90,,0.0,0.0,,аксесоар,,DATABASE_EVIDENCE
ProfilinkEN,4938514,WINKHAUS,Капачка горна панта,4,4,0.0,0.0,87643011324.0,,,,90,,0.0,0.0,,аксесоар,,DATABASE_EVIDENCE
ProfilinkEN,4938515,WINKHAUS,Капачка горна панта,4,4,0.0,0.0,48633781424.0,,,,90,,0.0,0.0,,аксесоар,,DATABASE_EVIDENCE
ProfilinkEN,4938516,WINKHAUS,Капачка горна панта,4,4,0.0,0.0,77613141454.0,,,,90,,0.0,0.0,,аксесоар,,DATABASE_EVIDENCE
ProfilinkEN,4938517,WINKHAUS,Горна панта каса Pro,4,4,0.0,0.0,85633871084.0,,,,90,,0.0,0.0,,аксесоар,,DATABASE_EVIDENCE
ProfilinkEN,4938546,WINKHAUS,SBK.K.152,4,4,0.0,0.0,26783431941.0,,,,90,,0.0,0.0,,аксесоар,,DATABASE_EVIDENCE
ProfilinkEN,4938562,WINKHAUS,Горна панта крило ед,4,4,0.0,0.0,33113091575.0,,,,90,,0.0,0.0,,аксесоар,,DATABASE_EVIDENCE
ProfilinkEN,4938566,WINKHAUS,Горна панта крило ед,4,4,0.0,0.0,68133301212.0,,,,90,,0.0,0.0,,аксесоар,,DATABASE_EVIDENCE
ProfilinkEN,4938708,WINKHAUS,Гръб ProPilot MK.U.5,4,4,0.0,0.0,11345091819.0,,,,90,,0.0,0.0,,аксесоар,,DATABASE_EVIDENCE
ProfilinkEN,4938709,WINKHAUS,Гръб ProPilot MK.U.7,4,4,0.0,0.0,42335291684.0,,,,90,,0.0,0.0,,аксесоар,,DATABASE_EVIDENCE
ProfilinkEN,4938720,WINKHAUS,Удължител за гръб Pr,4,4,0.0,0.0,72735931132.0,,,,90,,0.0,0.0,,аксесоар,,DATABASE_EVIDENCE
ProfilinkEN,4940202,WINKHAUS,Удължител за мартина,4,4,0.0,0.0,26981883147.0,,,,90,,0.0,0.0,,аксесоар,,DATABASE_EVIDENCE
ProfilinkEN,4940653,WINKHAUS,MK.750-1,4,4,0.0,0.0,14285383728.0,WINKHAUS,,,90,,0.0,0.0,,аксесоар,,DATABASE_EVIDENCE
ProfilinkEN,4940716,WINKHAUS,Присъединителна план,4,4,0.0,0.0,84146283677.0,,,,90,,0.0,0.0,,аксесоар,,DATABASE_EVIDENCE
ProfilinkEN,4940831,WINKHAUS,SET SK.GS.900.WS,4,4,0.0,0.0,15267573479.0,,,,90,,0.0,0.0,,аксесоар,,DATABASE_EVIDENCE
ProfilinkEN,4940832,WINKHAUS,SET SK.GS.900.WS,4,4,0.0,0.0,68247613477.0,,,,90,,0.0,0.0,,аксесоар,,DATABASE_EVIDENCE
ProfilinkEN,4940834,WINKHAUS,SET SK.GS.1250.WS,4,4,0.0,0.0,26247743146.0,WINKHAUS,,,90,,0.0,0.0,,аксесоар,,DATABASE_EVIDENCE
ProfilinkEN,4940835,WINKHAUS,SET SK.GS.1250,4,4,0.0,0.0,98277603117.0,,,,90,,0.0,0.0,,аксесоар,,DATABASE_EVIDENCE
ProfilinkEN,4940837,WINKHAUS,SET SK.GS.1650.WS,4,4,0.0,0.0,80297933854.0,WNKHAUS,,,90,,0.0,0.0,,аксесоар,,DATABASE_EVIDENCE
ProfilinkEN,4940838,WINKHAUS,SET SK.GS.1650.WS,4,4,0.0,0.0,53257843526.0,,,,90,,0.0,0.0,,аксесоар,,DATABASE_EVIDENCE
ProfilinkEN,4940986,WINKHAUS,SET SK.LW.100/160.RS,4,4,0.0,0.0,93458543198.0,WINHAUS,,,90,,0.0,0.0,,аксесоар,,DATABASE_EVIDENCE
ProfilinkEN,4940987,WINKHAUS,SET SK.LW.100/160.LS,4,4,0.0,0.0,14418433528.0,WINKHAUS,,,90,,0.0,0.0,,аксесоар,,DATABASE_EVIDENCE
ProfilinkEN,4941093,WINKHAUS,SET SK.SS.900.W,4,4,0.0,0.0,44569184469.0,,,,90,,0.0,0.0,,аксесоар,,DATABASE_EVIDENCE
ProfilinkEN,4941094,WINKHAUS,SET SK.SS.900.WS,4,4,0.0,0.0,17519484599.0,,,,90,,0.0,0.0,,аксесоар,,DATABASE_EVIDENCE
ProfilinkEN,4941096,WINKHAUS,SET SK.SS.1050.WS,4,4,0.0,0.0,63519504989.0,,,,90,,0.0,0.0,,аксесоар,,DATABASE_EVIDENCE
ProfilinkEN,4941097,WINKHAUS,SET SK.SS.1050.,4,4,0.0,0.0,78519564017.0,,,,90,,0.0,0.0,,аксесоар,,DATABASE_EVIDENCE
ProfilinkEN,4941099,WINKHAUS,SET SK.SS.1250.WS,4,4,0.0,0.0,24569934632.0,,,,90,,0.0,0.0,,аксесоар,,DATABASE_EVIDENCE
ProfilinkEN,4941105,WINKHAUS,BL.SK.K.160/200.WS,4,4,0.0,0.0,78940434812.0,WINKHAUS,,,90,,0.0,0.0,,аксесоар,,DATABASE_EVIDENCE
ProfilinkEN,4941106,WINKHAUS,BL.SK.K.160/200.WS,4,4,0.0,0.0,74950784155.0,WINKHAUS,,,90,,0.0,0.0,,аксесоар,,DATABASE_EVIDENCE
ProfilinkEN,4941110,WINKHAUS,SET SK.SS.1250.WS,4,4,0.0,0.0,20630284907.0,,,,90,,0.0,0.0,,аксесоар,,DATABASE_EVIDENCE
ProfilinkEN,4941112,WINKHAUS,SET SK.SS.1450.WS,4,4,0.0,0.0,50630664757.0,,,,90,,0.0,0.0,,аксесоар,,DATABASE_EVIDENCE
ProfilinkEN,4941113,WINKHAUS,SET SK.SS.1450.WS,4,4,0.0,0.0,16640864789.0,,,,90,,0.0,0.0,,аксесоар,,DATABASE_EVIDENCE
ProfilinkEN,4941115,WINKHAUS,SET SK.SS.1650.WS,4,4,0.0,0.0,74660494671.0,,,,90,,0.0,0.0,,аксесоар,,DATABASE_EVIDENCE
ProfilinkEN,4941116,WINKHAUS,SET SK.GS.1650.WS,4,4,0.0,0.0,85650214515.0,,,,90,,0.0,0.0,,аксесоар,,DATABASE_EVIDENCE
ProfilinkEN,4941717,WINKHAUS,Горен нулев ъгъл Pro,4,4,0.0,0.0,88856254970.0,,,,90,,0.0,0.0,,аксесоар,,DATABASE_EVIDENCE
ProfilinkEN,4965127,WINKHAUS,GASM.GZ.1050-1,4,4,0.0,0.0,37562878436.0,WINKHAUS,,,90,,0.0,0.0,,аксесоар,,DATABASE_EVIDENCE
ProfilinkEN,4965128,WINKHAUS,GASM.GZ.1400-1,4,4,0.0,0.0,70512428112.0,WINKHAUS,,,90,,0.0,0.0,,аксесоар,,DATABASE_EVIDENCE
ProfilinkEN,4965130,WINKHAUS,GASM.GZ.1800-2,4,4,0.0,0.0,33222798256.0,WINKHAUS,,,90,,0.0,0.0,,аксесоар,,DATABASE_EVIDENCE
ProfilinkEN,4965131,WINKHAUS,GASM.GZ.2300-3,4,4,0.0,0.0,66272618685.0,WINKHAUS,,,90,,0.0,0.0,,аксесоар,,DATABASE_EVIDENCE
ProfilinkEN,4965238,WINKHAUS,ZV-FT.P SL,4,4,0.0,0.0,98983368270.0,WINKHAUS,,,90,,0.0,0.0,,аксесоар,,DATABASE_EVIDENCE
ProfilinkEN,4965602,WINKHAUS,Сюрме ProPilot KR.U.,4,4,0.0,0.0,50647858533.0,,,,90,,0.0,0.0,,аксесоар,,DATABASE_EVIDENCE
ProfilinkEN,4982891,WINKHAUS,KE SL,4,4,0.0,0.0,71621855145.0,WINKHAUS,,,90,,0.0,0.0,,аксесоар,,DATABASE_EVIDENCE
ProfilinkEN,4986908,WINKHAUS,DL.K.ET.20-13.RS,4,4,0.0,0.0,14882029918.0,WINKHAUS,,,90,,0.0,0.0,,аксесоар,,DATABASE_EVIDENCE
ProfilinkEN,4986909,WINKHAUS,DL.K.ET.20-13.LS,4,4,0.0,0.0,49852319424.0,WINKHAUS,,,90,,0.0,0.0,,аксесоар,,DATABASE_EVIDENCE
ProfilinkEN,4988169,WINKHAUS,Едноосова мартина Pr,4,4,0.0,0.0,23844681381.0,,,,90,,0.0,0.0,,аксесоар,,DATABASE_EVIDENCE
ProfilinkEN,4988220,WINKHAUS,Едноосова мартина Pr,4,4,0.0,0.0,76715561497.0,,,,90,,0.0,0.0,,аксесоар,,DATABASE_EVIDENCE
ProfilinkEN,4988221,WINKHAUS,Едноосова мартина Pr,4,4,0.0,0.0,86745361366.0,,,,90,,0.0,0.0,,аксесоар,,DATABASE_EVIDENCE
ProfilinkEN,4988222,WINKHAUS,Едноосова мартина Pr,4,4,0.0,0.0,6755811384.0,,,,90,,0.0,0.0,,аксесоар,,DATABASE_EVIDENCE
ProfilinkEN,4988223,WINKHAUS,Едноосова мартина Pr,4,4,0.0,0.0,45765911778.0,,,,90,,0.0,0.0,,аксесоар,,DATABASE_EVIDENCE
ProfilinkEN,4988224,WINKHAUS,Едноосова мартина Pr,4,4,0.0,0.0,67755721638.0,,,,90,,0.0,0.0,,аксесоар,,DATABASE_EVIDENCE
ProfilinkEN,4988225,WINKHAUS,Едноосова мартина Pr,4,4,0.0,0.0,33715651863.0,,,,90,,0.0,0.0,,аксесоар,,DATABASE_EVIDENCE
ProfilinkEN,4988226,WINKHAUS,Едноосова мартина Pr,4,4,0.0,0.0,28735151285.0,,,,90,,0.0,0.0,,аксесоар,,DATABASE_EVIDENCE
ProfilinkEN,4988227,WINKHAUS,Едноосова мартина Pr,4,4,0.0,0.0,35775601124.0,,,,90,,0.0,0.0,,аксесоар,,DATABASE_EVIDENCE
ProfilinkEN,4990509,WINKHAUS,ELK ESV WS,4,4,0.0,0.0,73529623954.0,WINKHAUS,,,90,,0.0,0.0,,аксесоар,,DATABASE_EVIDENCE
ProfilinkEN,4990531,WINKHAUS,ELK ESV BR,4,4,0.0,0.0,62649853033.0,WINKHAUS,,,90,,0.0,0.0,,аксесоар,,DATABASE_EVIDENCE
ProfilinkEN,4990535,WINKHAUS,ELK ESV F1,4,4,0.0,0.0,43679833343.0,WINKHAUS,,,90,,0.0,0.0,,аксесоар,,DATABASE_EVIDENCE
ProfilinkEN,4990590,WINKHAUS,ELK ESV F4,4,4,0.0,0.0,52859063531.0,WINKHAUS,,,90,,0.0,0.0,,аксесоар,,DATABASE_EVIDENCE
ProfilinkEN,4992360,WINKHAUS,Малка ножица ProPilo,4,4,0.0,0.0,68777245688.0,,,,90,,0.0,0.0,,аксесоар,,DATABASE_EVIDENCE
ProfilinkEN,4992361,WINKHAUS,Малка ножица ProPilo,4,4,0.0,0.0,59727275963.0,,,,90,,0.0,0.0,,аксесоар,,DATABASE_EVIDENCE
ProfilinkEN,4992368,WINKHAUS,Голяма ножица ProPil,4,4,0.0,0.0,17737335863.0,,,,90,,0.0,0.0,,аксесоар,,DATABASE_EVIDENCE
ProfilinkEN,4992369,WINKHAUS,Голяма ножица ProPil,4,4,0.0,0.0,31757885525.0,,,,90,,0.0,0.0,,аксесоар,,DATABASE_EVIDENCE
ProfilinkEN,4996827,WINKHAUS,GAVM.2020-4,4,4,0.0,0.0,64272389158.0,WINKHAUS,,,90,,0.0,0.0,,аксесоар,,DATABASE_EVIDENCE
ProfilinkEN,4996828,WINKHAUS,GAVM.1520-3,4,4,0.0,0.0,24202519107.0,WINKHAUS,,,90,,0.0,0.0,,аксесоар,,DATABASE_EVIDENCE
ProfilinkEN,4996829,WINKHAUS,GAVM.1220-3,4,4,0.0,0.0,51272549371.0,WINKHAUS,,,90,,0.0,0.0,,аксесоар,,DATABASE_EVIDENCE
ProfilinkEN,5005010,WINKHAUS,Долен ъгъл ProPilot,4,4,0.0,0.0,22336369321.0,,,,90,,0.0,0.0,,аксесоар,,DATABASE_EVIDENCE
ProfilinkEN,5032540,WINKHAUS,Двуосова мартина Pro,4,4,0.0,0.0,25994356367.0,,,,90,,0.0,0.0,,аксесоар,,DATABASE_EVIDENCE
ProfilinkEN,5032541,WINKHAUS,Двуосова мартина Pro,4,4,0.0,0.0,15954126542.0,,,,90,,0.0,0.0,,аксесоар,,DATABASE_EVIDENCE
ProfilinkEN,5032543,WINKHAUS,Двуосова мартина Pro,4,4,0.0,0.0,28964466871.0,,,,90,,0.0,0.0,,аксесоар,,DATABASE_EVIDENCE
ProfilinkEN,5032545,WINKHAUS,Двуосова мартина Pro,4,4,0.0,0.0,51974376135.0,,,,90,,0.0,0.0,,аксесоар,,DATABASE_EVIDENCE
ProfilinkEN,5032547,WINKHAUS,Двуосова мартина Pro,4,4,0.0,0.0,62904916823.0,,,,90,,0.0,0.0,,аксесоар,,DATABASE_EVIDENCE
ProfilinkEN,5032549,WINKHAUS,Двуосова мартина Pro,4,4,0.0,0.0,67944636602.0,,,,90,,0.0,0.0,,аксесоар,,DATABASE_EVIDENCE
ProfilinkEN,635999,PROFILINK,Количка плъзгане,4,4,0.0,0.0,51474187708.0,,,,45,,0.0,0.0,,аксесоар,,DATABASE_EVIDENCE
ProfilinkEN,Дръжка прозорец,,Дръжка прозорец,4,4,0.0,0.0,77730029172.0,OBKOV RAZNI,,,90,,0.0,0.0,,аксесоар,,DATABASE_EVIDENCE
ProfilinkEN,винт 4.8х40мм,,Винт делител,4,4,0.0,0.0,32851459857.0,,,,90,,0.0,0.0,,аксесоар,,DATABASE_EVIDENCE
ProfilinkEN,Винт монтаж,PROFILINK,Винт монтаж,4,4,0.0,0.0,32840417712.0,,,,90,,0.0,0.0,,аксесоар,,DATABASE_EVIDENCE
ProfilinkEN,КАПАЧКА ПЛЪЗ.,,КАПАЧКА ПЛЪЗГАНЕ,4,4,0.0,0.0,84768582250.0,,,,90,,0.0,0.0,,аксесоар,,DATABASE_EVIDENCE
ProfilinkEN,HOPPE Salvador,,Дръжка HOPPE Salvado,4,4,0.0,0.0,28286386767.0,,,,90,,0.0,0.0,,аксесоар,,DATABASE_EVIDENCE
ProfilinkEN,Праг 3810,,Алумин.праг,4,4,0.0,0.0,81226687778.0,,,,90,,0.0,0.0,,аксесоар,,DATABASE_EVIDENCE
ProfilinkEN,S9999004,,АЛ. РЕЛСА,4,4,0.0,0.0,44914463168.0,,,,90,,0.0,0.0,,аксесоар,,DATABASE_EVIDENCE
ProfilinkEN,S9999211,,ДРЪЖКА КР.ВР.ПЛЪЗГАН,4,4,0.0,0.0,67004873750.0,,,,90,,0.0,0.0,,аксесоар,,DATABASE_EVIDENCE
ProfilinkEN,S9999212,WINKHAUS,ПАТРОН 60,4,4,0.0,0.0,32074463327.0,,,,90,,0.0,0.0,,аксесоар,,DATABASE_EVIDENCE
ProfilinkEN,Secustik Бяла,,дръжка Secustik,4,4,0.0,0.0,58676781612.0,,,,90,,0.0,0.0,,аксесоар,,DATABASE_EVIDENCE
ProfilinkEN,Secustik Златна,,дръжка Secustik,4,4,0.0,0.0,33408577887.0,,,,90,,0.0,0.0,,аксесоар,,DATABASE_EVIDENCE
ProfilinkEN,Secustik Кафява,,дръжка Secustik,4,4,0.0,0.0,26250120314.0,,,,90,,0.0,0.0,,аксесоар,,DATABASE_EVIDENCE
ProfilinkEN,Secustik Титан,,дръжка Secustik,4,4,0.0,0.0,45193258155.0,,,,90,,0.0,0.0,,аксесоар,,DATABASE_EVIDENCE
ProfilinkEN,Шнапер SIEGENIA,,шнапер с дръжка,4,4,0.0,0.0,73160759851.0,,,,90,,0.0,0.0,,аксесоар,,DATABASE_EVIDENCE
Schuco,1545СреднаПанта,Schuco,горна панта,4,4,0.0,0.0,,Schuco,,,90,,0.0,0.0,0.0,аксесоар,,DATABASE_EVIDENCE
Schuco,23469700,Schuco,дръжка,4,4,0.0,0.0,,Schuco,,,90,,0.0,0.0,0.0,аксесоар,,DATABASE_EVIDENCE
Schuco,23469800,Schuco,дръжка черна,4,4,0.0,0.0,,Schuco,,,90,,0.0,0.0,0.0,аксесоар,,DATABASE_EVIDENCE
Schuco,23470000,Schuco,дръжка сива,4,4,0.0,0.0,,Schuco,,,90,,0.0,0.0,0.0,аксесоар,,DATABASE_EVIDENCE
Schuco,25090500,,Kaп. дел AS92 19461,4,4,0.0,0.0,,,,,90,,0.0,0.0,0.0,аксесоар,,DATABASE_EVIDENCE
Schuco,25090600,,Kaп. дел AS92 19461,4,4,0.0,0.0,,,,,90,,0.0,0.0,0.0,аксесоар,,DATABASE_EVIDENCE
Schuco,25091000,,Kaп. дел AS112 19462,4,4,0.0,0.0,,,,,90,,0.0,0.0,0.0,аксесоар,,DATABASE_EVIDENCE
Schuco,25091100,,Kaп. дел AS112 19462,4,4,0.0,0.0,,,,,90,,0.0,0.0,0.0,аксесоар,,DATABASE_EVIDENCE
Schuco,25091500,,Kaп. дел MD92 19465,4,4,0.0,0.0,,,,,90,,0.0,0.0,0.0,аксесоар,,DATABASE_EVIDENCE
Schuco,25091800,,Kaп. дел MD92 19465,4,4,0.0,0.0,,,,,90,,0.0,0.0,0.0,аксесоар,,DATABASE_EVIDENCE
Schuco,25092300,,Kaп. дел MD112 19466,4,4,0.0,0.0,,,,,90,,0.0,0.0,0.0,аксесоар,,DATABASE_EVIDENCE
Schuco,25092500,,Kaп. дел MD112 19466,4,4,0.0,0.0,,,,,90,,0.0,0.0,0.0,аксесоар,,DATABASE_EVIDENCE
Schuco,25371200,Schuco,панта,4,4,0.0,0.0,,Schuco,,,90,,0.0,0.0,0.0,аксесоар,,DATABASE_EVIDENCE
Schuco,25375800,Schuco,насрещник кемпфер,4,4,0.0,0.0,,Schuco,,,90,,0.0,0.0,0.0,аксесоар,,DATABASE_EVIDENCE
Schuco,25379800,Schuco,ножица падащо гол.,4,4,0.0,0.0,,Schuco,,,90,,0.0,0.0,0.0,аксесоар,,DATABASE_EVIDENCE
Schuco,25379900,Schuco,ножица падащо,4,4,0.0,0.0,,Schuco,,,90,,0.0,0.0,0.0,аксесоар,,DATABASE_EVIDENCE
Schuco,25393700,Schuco,ъгъл стандартен,4,4,0.0,0.0,,Schuco,,,90,,0.0,0.0,0.0,аксесоар,,DATABASE_EVIDENCE
Schuco,25394900,Schuco,ъгъл къс,4,4,0.0,0.0,,Schuco,,,90,,0.0,0.0,0.0,аксесоар,,DATABASE_EVIDENCE
Schuco,25396100,Schuco,допълнителна ножица,4,4,0.0,0.0,,Schuco,,,90,,0.0,0.0,0.0,аксесоар,,DATABASE_EVIDENCE
Schuco,25399100,Schuco,сюрме,4,4,0.0,0.0,,Schuco,,,90,,0.0,0.0,0.0,аксесоар,,DATABASE_EVIDENCE
Schuco,25407400,Schuco,клипс,4,4,0.0,0.0,,Schuco,,,90,,0.0,0.0,0.0,аксесоар,,DATABASE_EVIDENCE
Schuco,25407500,Schuco,клипс къс,4,4,0.0,0.0,,Schuco,,,90,,0.0,0.0,0.0,аксесоар,,DATABASE_EVIDENCE
Schuco,25410500,Schuco,ограничител,4,4,0.0,0.0,,Schuco,,,90,,0.0,0.0,0.0,аксесоар,,DATABASE_EVIDENCE
Schuco,25424200,Schuco,ножица едноосна L,4,4,0.0,0.0,,Schuco,,,90,,0.0,0.0,0.0,аксесоар,,DATABASE_EVIDENCE
Schuco,25424300,Schuco,ножица едноосна R,4,4,0.0,0.0,,Schuco,,,90,,0.0,0.0,0.0,аксесоар,,DATABASE_EVIDENCE
Schuco,25424400,Schuco,ножица едноосна L че,4,4,0.0,0.0,,Schuco,,,90,,0.0,0.0,0.0,аксесоар,,DATABASE_EVIDENCE
Schuco,25424500,Schuco,ножица едноосна R че,4,4,0.0,0.0,,Schuco,,,90,,0.0,0.0,0.0,аксесоар,,DATABASE_EVIDENCE
Schuco,25439900,Schuco,капачка за средна па,4,4,0.0,0.0,,Schuco,,,90,,0.0,0.0,0.0,аксесоар,,DATABASE_EVIDENCE
Schuco,25453600,Schuco,горна панта ,4,4,0.0,0.0,,Schuco,,,90,,0.0,0.0,0.0,аксесоар,,DATABASE_EVIDENCE
Schuco,25453700,Schuco,панта долна каса L,4,4,0.0,0.0,,Schuco,,,90,,0.0,0.0,0.0,аксесоар,,DATABASE_EVIDENCE
Schuco,25453800,Schuco,панта долна каса R,4,4,0.0,0.0,,Schuco,,,90,,0.0,0.0,0.0,аксесоар,,DATABASE_EVIDENCE
Schuco,25453900,Schuco,щифт горна панта,4,4,0.0,0.0,,Schuco,,,90,,0.0,0.0,0.0,аксесоар,,DATABASE_EVIDENCE
Schuco,25454400,Schuco,щифт за средна панта,4,4,0.0,0.0,,Schuco,,,90,,0.0,0.0,0.0,аксесоар,,DATABASE_EVIDENCE
Schuco,25455600,Schuco,допълнително заключв,4,4,0.0,0.0,,Schuco,,,90,,0.0,0.0,0.0,аксесоар,,DATABASE_EVIDENCE
Schuco,25456700,Schuco,панта долна крило L,4,4,0.0,0.0,,Schuco,,,90,,0.0,0.0,0.0,аксесоар,,DATABASE_EVIDENCE
Schuco,25456800,Schuco,панта долна крило R,4,4,0.0,0.0,,Schuco,,,90,,0.0,0.0,0.0,аксесоар,,DATABASE_EVIDENCE
Schuco,25457400,Schuco,ножица 220 L,4,4,0.0,0.0,,Schuco,,,90,,0.0,0.0,0.0,аксесоар,,DATABASE_EVIDENCE
Schuco,25457500,Schuco,ножица 220 R,4,4,0.0,0.0,,Schuco,,,90,,0.0,0.0,0.0,аксесоар,,DATABASE_EVIDENCE
Schuco,25458200,Schuco,ножица 440 L,4,4,0.0,0.0,,Schuco,,,90,,0.0,0.0,0.0,аксесоар,,DATABASE_EVIDENCE
Schuco,25458300,Schuco,ножица 440 R,4,4,0.0,0.0,,Schuco,,,90,,0.0,0.0,0.0,аксесоар,,DATABASE_EVIDENCE
Schuco,25458800,Schuco,ъгъл ножица 220,4,4,0.0,0.0,,Schuco,,,90,,0.0,0.0,0.0,аксесоар,,DATABASE_EVIDENCE
Schuco,25458900,Schuco,ъгъл ножица 440,4,4,0.0,0.0,,Schuco,,,90,,0.0,0.0,0.0,аксесоар,,DATABASE_EVIDENCE
Schuco,25480900,Schuco,двуосен насрещник,4,4,0.0,0.0,,Schuco,,,90,,0.0,0.0,0.0,аксесоар,,DATABASE_EVIDENCE
Schuco,25496800,Schuco,капачка за средна па,4,4,0.0,0.0,,Schuco,,,90,,0.0,0.0,0.0,аксесоар,,DATABASE_EVIDENCE
Schuco,25499700,Schuco,панта средна крило ,4,4,0.0,0.0,,Schuco,,,90,,0.0,0.0,0.0,аксесоар,,DATABASE_EVIDENCE
Schuco,25499800,Schuco,панта средна крило ч,4,4,0.0,0.0,,Schuco,,,90,,0.0,0.0,0.0,аксесоар,,DATABASE_EVIDENCE
Schuco,28713000,Schuco,насрещник,4,4,0.0,0.0,,Schuco,,,90,,0.0,0.0,0.0,аксесоар,,DATABASE_EVIDENCE
Schuco,28727000,Schuco,брава,4,4,0.0,0.0,,Schuco,,,90,,0.0,0.0,0.0,аксесоар,,DATABASE_EVIDENCE
Schuco,28731000,Schuco,горна панта черна,4,4,0.0,0.0,,Schuco,,,90,,0.0,0.0,0.0,аксесоар,,DATABASE_EVIDENCE
Schuco,28731200,Schuco,горна панта сива,4,4,0.0,0.0,,Schuco,,,90,,0.0,0.0,0.0,аксесоар,,DATABASE_EVIDENCE
Schuco,28731500,Schuco,панта долна каса L ч,4,4,0.0,0.0,,Schuco,,,90,,0.0,0.0,0.0,аксесоар,,DATABASE_EVIDENCE
Schuco,28731600,Schuco,панта долна каса R ч,4,4,0.0,0.0,,Schuco,,,90,,0.0,0.0,0.0,аксесоар,,DATABASE_EVIDENCE
Schuco,28731900,Schuco,панта долна каса L с,4,4,0.0,0.0,,Schuco,,,90,,0.0,0.0,0.0,аксесоар,,DATABASE_EVIDENCE
Schuco,28732000,Schuco,панта долна каса R с,4,4,0.0,0.0,,Schuco,,,90,,0.0,0.0,0.0,аксесоар,,DATABASE_EVIDENCE
Schuco,28732300,Schuco,панта долна крило L ,4,4,0.0,0.0,,Schuco,,,90,,0.0,0.0,0.0,аксесоар,,DATABASE_EVIDENCE
Schuco,28732400,Schuco,панта долна крило R ,4,4,0.0,0.0,,Schuco,,,90,,0.0,0.0,0.0,аксесоар,,DATABASE_EVIDENCE
Schuco,28732700,Schuco,панта долна крило L ,4,4,0.0,0.0,,Schuco,,,90,,0.0,0.0,0.0,аксесоар,,DATABASE_EVIDENCE
Schuco,28732800,Schuco,панта долна крило R ,4,4,0.0,0.0,,Schuco,,,90,,0.0,0.0,0.0,аксесоар,,DATABASE_EVIDENCE
Schuco,28737300,Schuco,ножица 220 L черна,4,4,0.0,0.0,,Schuco,,,90,,0.0,0.0,0.0,аксесоар,,DATABASE_EVIDENCE
Schuco,28737400,Schuco,ножица 220 R черна,4,4,0.0,0.0,,Schuco,,,90,,0.0,0.0,0.0,аксесоар,,DATABASE_EVIDENCE
Schuco,28737500,Schuco,ножица 440 L черна,4,4,0.0,0.0,,Schuco,,,90,,0.0,0.0,0.0,аксесоар,,DATABASE_EVIDENCE
Schuco,28737600,Schuco,ножица 440 R черна,4,4,0.0,0.0,,Schuco,,,90,,0.0,0.0,0.0,аксесоар,,DATABASE_EVIDENCE
Schuco,28738100,Schuco,ножица 220 L сива,4,4,0.0,0.0,,Schuco,,,90,,0.0,0.0,0.0,аксесоар,,DATABASE_EVIDENCE
Schuco,28738200,Schuco,ножица 220 R сива,4,4,0.0,0.0,,Schuco,,,90,,0.0,0.0,0.0,аксесоар,,DATABASE_EVIDENCE
Schuco,28738500,Schuco,ножица 440 L сива,4,4,0.0,0.0,,Schuco,,,90,,0.0,0.0,0.0,аксесоар,,DATABASE_EVIDENCE
Schuco,28738600,Schuco,ножица 440 R сива,4,4,0.0,0.0,,Schuco,,,90,,0.0,0.0,0.0,аксесоар,,DATABASE_EVIDENCE
Schuco,28739100,Schuco,ножица едноосна L си,4,4,0.0,0.0,,Schuco,,,90,,0.0,0.0,0.0,аксесоар,,DATABASE_EVIDENCE
Schuco,28739200,Schuco,ножица едноосна R си,4,4,0.0,0.0,,Schuco,,,90,,0.0,0.0,0.0,аксесоар,,DATABASE_EVIDENCE
Schuco,28740900,Schuco,панта средна каса ,4,4,0.0,0.0,,Schuco,,,90,,0.0,0.0,0.0,аксесоар,,DATABASE_EVIDENCE
Schuco,28741000,Schuco,панта средна каса че,4,4,0.0,0.0,,Schuco,,,90,,0.0,0.0,0.0,аксесоар,,DATABASE_EVIDENCE
Schuco,Вида 3.9 X 16,,Вида 3.9 X 16,4,4,0.0,0.0,,,,,90,,0.0,0.0,0.0,аксесоар,,DATABASE_EVIDENCE
Schuco,"Винт 4,3 X 25",,"Винт 4,3 X 25",4,4,0.0,0.0,,,,,90,,0.0,0.0,0.0,аксесоар,,DATABASE_EVIDENCE
Schuco,Винт 6.3 Х 70,,Винт 6.3 Х 70,4,4,0.0,0.0,,,,,90,,0.0,0.0,0.0,аксесоар,,DATABASE_EVIDENCE
Schuco,Монтажен винт,,Монтажен винт,4,4,0.0,0.0,,,,,90,,0.0,0.0,0.0,аксесоар,,DATABASE_EVIDENCE
Schuco,Пяна,,Пяна монтажна,4,4,0.0,0.0,,,,,90,,0.0,0.0,0.0,аксесоар,,DATABASE_EVIDENCE
Schuco,Msg_NoColor,Schuco,сива,4,4,0.0,0.0,,Schuco,,,90,,0.0,0.0,0.0,аксесоар,,DATABASE_EVIDENCE
Schuco,SCH 14708000,Schuco,"AL капачка, външна, за каса 72,8/19,8 mm",4,4,0.0,0.0,,,,,45,,0.0,0.0,0.0,аксесоар,,DATABASE_EVIDENCE
Schuco,SCH 14708100,Schuco,"AL капачка, външна, за каса 82,8/19,8 mm",4,4,0.0,0.0,,,,,45,,0.0,0.0,0.0,аксесоар,,DATABASE_EVIDENCE
Schuco,SCH 14708200,Schuco,"AL капачка, външна, за каса 92,8/19,8 mm",4,4,0.0,0.0,,,,,45,,0.0,0.0,0.0,аксесоар,,DATABASE_EVIDENCE
Schuco,SCH 14708500,Schuco,"AL капачка за крило 58,6/18,5 mm",4,4,0.0,0.0,,,,,45,,0.0,0.0,0.0,аксесоар,,DATABASE_EVIDENCE
Schuco,SCH 14708600,Schuco,"AL капачка за крило 85,6/18,5 mm",4,4,0.0,0.0,,,,,45,,0.0,0.0,0.0,аксесоар,,DATABASE_EVIDENCE
Schuco,SCH 14708700,Schuco,AL капачка за крило 113/19.8 mm,4,4,0.0,0.0,,,,,45,,0.0,0.0,0.0,аксесоар,,DATABASE_EVIDENCE
Schuco,SCH 14708800,Schuco,AL капачка за крило 100.6/18.5 mm,4,4,0.0,0.0,,,,,45,,0.0,0.0,0.0,аксесоар,,DATABASE_EVIDENCE
Schuco,SCH 14708900,Schuco,AL капачка за крило 128/19.8 mm,4,4,0.0,0.0,,,,,45,,0.0,0.0,0.0,аксесоар,,DATABASE_EVIDENCE
Schuco,SCH 14709000,Schuco,"AL капачка за делител 75,4/18,5 mm",4,4,0.0,0.0,,,,,90,,0.0,0.0,0.0,аксесоар,,DATABASE_EVIDENCE
Schuco,SCH 14709100,Schuco,"AL капачка за делител 95,4/19,8 mm",4,4,0.0,0.0,,,,,90,,0.0,0.0,0.0,аксесоар,,DATABASE_EVIDENCE
Schuco,SCH 14709200,Schuco,"AL капачка за делител 115,4/18,5 mm",4,4,0.0,0.0,,,,,90,,0.0,0.0,0.0,аксесоар,,DATABASE_EVIDENCE
Schuco,SCH 14709610,Schuco,"Aluminium drip bar 38.7/10.5 Living, white",4,4,0.0,0.0,,,,,90,,0.0,0.0,0.0,аксесоар,,DATABASE_EVIDENCE
Schuco,SCH 14709670,Schuco,"Aluminium drip bar 38.7/10.5 Living, black",4,4,0.0,0.0,,,,,90,,0.0,0.0,0.0,аксесоар,,DATABASE_EVIDENCE
Schuco,SCH 14731900,Schuco,"AL капачка, вътрешна, за каса 55/17,1 mm",4,4,0.0,0.0,,,,,45,,0.0,0.0,0.0,аксесоар,,DATABASE_EVIDENCE
Schuco,SCH 14732000,Schuco,"AL капачка за делител 75,4/19,8 mm",4,4,0.0,0.0,,,,,90,,0.0,0.0,0.0,аксесоар,,DATABASE_EVIDENCE
Schuco,SCH 14732100,Schuco,"AL капачка за делител 95,4/19,8 mm",4,4,0.0,0.0,,,,,90,,0.0,0.0,0.0,аксесоар,,DATABASE_EVIDENCE
Schuco,SCH 14732200,Schuco,"AL капачка за делител 115,4/19,8 mm",4,4,0.0,0.0,,,,,90,,0.0,0.0,0.0,аксесоар,,DATABASE_EVIDENCE
Schuco,SCH 14736400,Schuco,"AL капачка за крило 58,6/36,1 mm",4,4,0.0,0.0,,,,,45,,0.0,0.0,0.0,аксесоар,,DATABASE_EVIDENCE
Schuco,SCH 14736500,Schuco,"AL капачка за крило 58,6/38,5 mm",4,4,0.0,0.0,,,,,45,,0.0,0.0,0.0,аксесоар,,DATABASE_EVIDENCE
Schuco,SCH 14738600,Schuco,"AL капачка за крило 58,6/29,8 mm",4,4,0.0,0.0,,,,,45,,0.0,0.0,0.0,аксесоар,,DATABASE_EVIDENCE
Schuco,SCH 14739200,Schuco,"AL капачка за крило 85,6/36,1 mm",4,4,0.0,0.0,,,,,90,,0.0,0.0,0.0,аксесоар,,DATABASE_EVIDENCE
Schuco,SCH 14739400,Schuco,"AL капачка за крило 85,6/38,5 mm",4,4,0.0,0.0,,,,,45,,0.0,0.0,0.0,аксесоар,,DATABASE_EVIDENCE
Schuco,SCH 14739600,Schuco,"AL капачка за крило 85,6/29,8 mm",4,4,0.0,0.0,,,,,45,,0.0,0.0,0.0,аксесоар,,DATABASE_EVIDENCE
Schuco,SCH 17472060,Schuco,"Kick plate, inwards, grey",4,4,0.0,0.0,,,,,90,,0.0,0.0,0.0,аксесоар,,DATABASE_EVIDENCE
Schuco,SCH 17472150,Schuco,"Kick plate, inwards, black",4,4,0.0,0.0,,,,,90,,0.0,0.0,0.0,аксесоар,,DATABASE_EVIDENCE
Schuco,SCH 17474060,Schuco,"Kick plate, outwards, grey",4,4,0.0,0.0,,,,,90,,0.0,0.0,0.0,аксесоар,,DATABASE_EVIDENCE
Schuco,SCH 17474150,Schuco,"Kick plate, outwards, black",4,4,0.0,0.0,,,,,90,,0.0,0.0,0.0,аксесоар,,DATABASE_EVIDENCE
Schuco,SCH 19411,Schuco,Outer frame 82/70 MD,1,1,45.0,0.0,,,,,45,,0.0,0.0,0.0,каса,Frame,DATABASE_EVIDENCE
Schuco,SCH 19412,Schuco,Outer frame 82/80 MD,1,1,55.0,0.0,,,,,90,,0.0,0.0,0.0,каса,Frame,DATABASE_EVIDENCE
Schuco,SCH 19413,Schuco,Outer frame 82/90 MD,1,1,65.0,0.0,,,,,90,,0.0,0.0,0.0,каса,Frame,DATABASE_EVIDENCE
Schuco,SCH 19421,Schuco,Outer frame 82/70 AS,1,1,45.0,0.0,,,,,45,,0.0,0.0,0.0,каса,Frame,DATABASE_EVIDENCE
Schuco,SCH 19422,Schuco,Outer frame 82/80 AS,1,1,55.0,0.0,,,,,45,,0.0,0.0,0.0,каса,Frame,DATABASE_EVIDENCE
Schuco,SCH 19423,Schuco,Outer frame 82/90 AS,1,1,65.0,0.0,,,,,90,,0.0,0.0,0.0,каса,Frame,DATABASE_EVIDENCE
Schuco,SCH 19431,Schuco,Vent frame 82/83,2,2,38.0,20.0,78449211283.0,,,,45,,0.0,0.0,0.0,крило,Wing,DATABASE_EVIDENCE
Schuco,SCH 19432,Schuco,Vent frame 82/110,2,2,65.0,20.0,,,,,45,,0.0,0.0,0.0,крило,Wing,DATABASE_EVIDENCE
Schuco,SCH 19433,Schuco,Vent frame 82/125,2,2,80.0,20.0,,,,,90,,0.0,0.0,0.0,крило,Wing,DATABASE_EVIDENCE
Schuco,SCH 19452,Schuco,"Vent frame 82/110, outward-opening",2,2,65.0,20.0,,,,,90,,0.0,0.0,0.0,крило,Wing,DATABASE_EVIDENCE
Schuco,SCH 19453,Schuco,"Vent frame 82/125, outward-opening",2,2,80.0,20.0,,,,,90,,0.0,0.0,0.0,крило,Wing,DATABASE_EVIDENCE
Schuco,SCH 19460,Schuco,Vent sash bar 82/72,3,3,22.0,25.0,,,,,90,,0.0,0.0,0.0,делител,,DATABASE_EVIDENCE
Schuco,SCH 19461,Schuco,T-profile 82/92 AS,3,3,42.0,25.0,,,,,45,,0.0,0.0,0.0,делител,,DATABASE_EVIDENCE
Schuco,SCH 19462,Schuco,T-profile 82/112 AS,3,3,62.0,25.0,,,,,45,,0.0,0.0,0.0,делител,,DATABASE_EVIDENCE
Schuco,SCH 19465,Schuco,T-profile 82/92 MD,3,3,42.0,25.0,,,,,90,,0.0,0.0,0.0,делител,,DATABASE_EVIDENCE
Schuco,SCH 19466,Schuco,T-profile 82/112 MD,3,3,62.0,25.0,,,,,90,,0.0,0.0,0.0,делител,,DATABASE_EVIDENCE
Schuco,SCH 19472,Schuco,Double-vent profile 74 MS,4,4,0.0,0.0,,,,,90,,0.0,0.0,0.0,аксесоар,,DATABASE_EVIDENCE
Schuco,SCH 19473,Schuco,Double-vent profile 74 AS,4,4,0.0,0.0,,,,,90,,0.0,0.0,0.0,аксесоар,,DATABASE_EVIDENCE
Schuco,SCH 19480,Schuco,Meeting stile vent-frame 82/53,4,4,0.0,0.0,,,,,90,,0.0,0.0,0.0,аксесоар,,DATABASE_EVIDENCE
Schuco,SCH 19482,Schuco,Meeting stile vent-frame 82/63,4,4,0.0,0.0,,,,,90,,0.0,0.0,0.0,аксесоар,,DATABASE_EVIDENCE
Schuco,SCH 19483,Schuco,Meeting stile vent-frame 82/90,4,4,0.0,0.0,,,,,90,,0.0,0.0,0.0,аксесоар,,DATABASE_EVIDENCE
Schuco,SCH 19521,Schuco,Outer frame 82/70 MD,1,1,45.0,0.0,,,,,90,,0.0,0.0,0.0,каса,Frame,DATABASE_EVIDENCE
Schuco,SCH 19522,Schuco,Outer frame 82/80 MD,1,1,55.0,0.0,,,,,90,,0.0,0.0,0.0,каса,Frame,DATABASE_EVIDENCE
Schuco,SCH 19523,Schuco,Vent frame 82/83,2,2,38.0,20.0,,,,,90,,0.0,0.0,0.0,крило,Wing,DATABASE_EVIDENCE
Schuco,SCH 19524,Schuco,T-profile 82/92 MD,3,3,42.0,25.0,,,,,90,,0.0,0.0,0.0,делител,,DATABASE_EVIDENCE
Schuco,SCH 19661,Schuco,Standart glazing bead 44/23,4,4,0.0,0.0,,,,,45,,0.0,0.0,0.0,аксесоар,,DATABASE_EVIDENCE
Schuco,SCH 19665,Schuco,Standart glazing bead 36/23,4,4,0.0,0.0,,,,,45,,0.0,0.0,0.0,аксесоар,,DATABASE_EVIDENCE
Schuco,SCH 19666,Schuco,Standart glazing bead 34/23,4,4,0.0,0.0,,,,,45,,0.0,0.0,0.0,аксесоар,,DATABASE_EVIDENCE
Schuco,SCH 19667,Schuco,Standart glazing bead 32/23,4,4,0.0,0.0,,,,,45,,0.0,0.0,0.0,аксесоар,,DATABASE_EVIDENCE
Schuco,SCH 19668,Schuco,Standart glazing bead 30/23,4,4,0.0,0.0,,,,,45,,0.0,0.0,0.0,аксесоар,,DATABASE_EVIDENCE
Schuco,SCH 19669,Schuco,Standart glazing bead 28/23,4,4,0.0,0.0,,,,,45,,0.0,0.0,0.0,аксесоар,,DATABASE_EVIDENCE
Schuco,SCH 19670,Schuco,Standart glazing bead 26/23,4,4,0.0,0.0,,,,,45,,0.0,0.0,0.0,аксесоар,,DATABASE_EVIDENCE
Schuco,SCH 19671,Schuco,Standart glazing bead 24/23,4,4,0.0,0.0,,,,,45,,0.0,0.0,0.0,аксесоар,,DATABASE_EVIDENCE
Schuco,SCH 19672,Schuco,Standart glazing bead 22/23,4,4,0.0,0.0,,,,,45,,0.0,0.0,0.0,аксесоар,,DATABASE_EVIDENCE
Schuco,SCH 19673,Schuco,Standart glazing bead 20/23,4,4,0.0,0.0,,,,,45,,0.0,0.0,0.0,аксесоар,,DATABASE_EVIDENCE
Schuco,SCH 19674,Schuco,Standart glazing bead 18/23,4,4,0.0,0.0,,,,,45,,0.0,0.0,0.0,аксесоар,,DATABASE_EVIDENCE
Schuco,SCH 19675,Schuco,Standart glazing bead 16/23,4,4,0.0,0.0,,,,,45,,0.0,0.0,0.0,аксесоар,,DATABASE_EVIDENCE
Schuco,SCH 19676,Schuco,Standart glazing bead 14/23,4,4,0.0,0.0,,,,,45,,0.0,0.0,0.0,аксесоар,,DATABASE_EVIDENCE
Schuco,SCH 19677,Schuco,Standart glazing bead 12/23,4,4,0.0,0.0,,,,,45,,0.0,0.0,0.0,аксесоар,,DATABASE_EVIDENCE
Schuco,SCH 19678,Schuco,Standart glazing bead 10/23,4,4,0.0,0.0,,,,,45,,0.0,0.0,0.0,аксесоар,,DATABASE_EVIDENCE
Schuco,SCH 19679,Schuco,Standart glazing bead 8/23,4,4,0.0,0.0,,,,,45,,0.0,0.0,0.0,аксесоар,,DATABASE_EVIDENCE
Schuco,SCH 19683,Schuco,Feature glazing bead 40/23,4,4,0.0,0.0,,,,,45,,0.0,0.0,0.0,аксесоар,,DATABASE_EVIDENCE
Schuco,SCH 19684,Schuco,Feature glazing bead 38/23,4,4,0.0,0.0,,,,,45,,0.0,0.0,0.0,аксесоар,,DATABASE_EVIDENCE
Schuco,SCH 19685,Schuco,Feature glazing bead 36/23,4,4,0.0,0.0,,,,,45,,0.0,0.0,0.0,аксесоар,,DATABASE_EVIDENCE
Schuco,SCH 19686,Schuco,Feature glazing bead 34/23,4,4,0.0,0.0,,,,,45,,0.0,0.0,0.0,аксесоар,,DATABASE_EVIDENCE
Schuco,SCH 19687,Schuco,Feature glazing bead 32/23,4,4,0.0,0.0,,,,,45,,0.0,0.0,0.0,аксесоар,,DATABASE_EVIDENCE
Schuco,SCH 19688,Schuco,Feature glazing bead 30/23,4,4,0.0,0.0,,,,,45,,0.0,0.0,0.0,аксесоар,,DATABASE_EVIDENCE
Schuco,SCH 19689,Schuco,Feature glazing bead 28/23,4,4,0.0,0.0,,,,,45,,0.0,0.0,0.0,аксесоар,,DATABASE_EVIDENCE
Schuco,SCH 19690,Schuco,Feature glazing bead 26/23,4,4,0.0,0.0,,,,,45,,0.0,0.0,0.0,аксесоар,,DATABASE_EVIDENCE
Schuco,SCH 19691,Schuco,Feature glazing bead 24/23,4,4,0.0,0.0,,,,,45,,0.0,0.0,0.0,аксесоар,,DATABASE_EVIDENCE
Schuco,SCH 19692,Schuco,Feature glazing bead 22/23,4,4,0.0,0.0,,,,,45,,0.0,0.0,0.0,аксесоар,,DATABASE_EVIDENCE
Schuco,SCH 19693,Schuco,Feature glazing bead 20/23,4,4,0.0,0.0,,,,,45,,0.0,0.0,0.0,аксесоар,,DATABASE_EVIDENCE
Schuco,SCH 19694,Schuco,Feature glazing bead 18/23,4,4,0.0,0.0,,,,,45,,0.0,0.0,0.0,аксесоар,,DATABASE_EVIDENCE
Schuco,SCH 19695,Schuco,Feature glazing bead 16/23,4,4,0.0,0.0,,,,,45,,0.0,0.0,0.0,аксесоар,,DATABASE_EVIDENCE
Schuco,SCH 19696,Schuco,Feature glazing bead 14/23,4,4,0.0,0.0,,,,,45,,0.0,0.0,0.0,аксесоар,,DATABASE_EVIDENCE
Schuco,SCH 19697,Schuco,Feature glazing bead 12/23,4,4,0.0,0.0,,,,,45,,0.0,0.0,0.0,аксесоар,,DATABASE_EVIDENCE
Schuco,SCH 19698,Schuco,Feature glazing bead 10/23,4,4,0.0,0.0,,,,,45,,0.0,0.0,0.0,аксесоар,,DATABASE_EVIDENCE
Schuco,SCH 19699,Schuco,Feature glazing bead 8/23,4,4,0.0,0.0,,,,,45,,0.0,0.0,0.0,аксесоар,,DATABASE_EVIDENCE
Schuco,SCH 20129000,Schuco,Steel reinforcement 20 X 30  1.5 mm,4,4,0.0,0.0,,,,,90,,0.0,0.0,0.0,аксесоар,,DATABASE_EVIDENCE
Schuco,SCH 20271500,Schuco,Steel reinforcement 28.5 X 32  1.5 mm,4,4,0.0,0.0,,,,,90,,0.0,0.0,0.0,аксесоар,,DATABASE_EVIDENCE
Schuco,SCH 20271600,Schuco,Steel reinforcement 23.5 X 16  1.5 mm,4,4,0.0,0.0,,,,,90,,0.0,0.0,0.0,аксесоар,,DATABASE_EVIDENCE
Schuco,SCH 20271700,Schuco,Steel reinforcement 26 X 30  1.5 mm,4,4,0.0,0.0,,,,,90,,0.0,0.0,0.0,аксесоар,,DATABASE_EVIDENCE
Schuco,SCH 20271800,Schuco,Steel reinforcement 26 X 30  2.5 mm,4,4,0.0,0.0,,,,,90,,0.0,0.0,0.0,аксесоар,,DATABASE_EVIDENCE
Schuco,SCH 20271900,Schuco,Steel reinforcement 36 X 30  1.5 mm,4,4,0.0,0.0,,,,,90,,0.0,0.0,0.0,аксесоар,,DATABASE_EVIDENCE
Schuco,SCH 20272000,Schuco,Steel reinforcement 36 X 30  2.5 mm,4,4,0.0,0.0,,,,,90,,0.0,0.0,0.0,аксесоар,,DATABASE_EVIDENCE
Schuco,SCH 20272100,Schuco,Steel reinforcement 46 X 30  1.5 mm,4,4,0.0,0.0,,,,,90,,0.0,0.0,0.0,аксесоар,,DATABASE_EVIDENCE
Schuco,SCH 20272200,Schuco,Steel reinforcement 46 X 30  2.5 mm,4,4,0.0,0.0,,,,,90,,0.0,0.0,0.0,аксесоар,,DATABASE_EVIDENCE
Schuco,SCH 20272300,Schuco,Steel reinforcement 17.5 X 39  1.5 mm,4,4,0.0,0.0,,,,,90,,0.0,0.0,0.0,аксесоар,,DATABASE_EVIDENCE
Schuco,SCH 20272400,Schuco,Steel reinforcement 17.5 X 39  1.5 mm,4,4,0.0,0.0,,,,,90,,0.0,0.0,0.0,аксесоар,,DATABASE_EVIDENCE
Schuco,SCH 20272500,Schuco,Steel reinforcement 27 X 39  1.5 mm,4,4,0.0,0.0,,,,,90,,0.0,0.0,0.0,аксесоар,,DATABASE_EVIDENCE
Schuco,SCH 20272600,Schuco,Steel reinforcement 27 X 39  2.0 mm,4,4,0.0,0.0,,,,,90,,0.0,0.0,0.0,аксесоар,,DATABASE_EVIDENCE
Schuco,SCH 20272700,Schuco,Steel reinforcement 27 X 39  2.5 mm,4,4,0.0,0.0,,,,,90,,0.0,0.0,0.0,аксесоар,,DATABASE_EVIDENCE
Schuco,SCH 20272800,Schuco,Steel reinforcement 9.5 X 41.5  2.5 mm,4,4,0.0,0.0,,,,,90,,0.0,0.0,0.0,аксесоар,,DATABASE_EVIDENCE
Schuco,SCH 20272900,Schuco,Steel reinforcement 30 X 39  1.5 mm,4,4,0.0,0.0,,,,,90,,0.0,0.0,0.0,аксесоар,,DATABASE_EVIDENCE
Schuco,SCH 20273000,Schuco,Steel reinforcement 30 X 39  2.0 mm,4,4,0.0,0.0,,,,,90,,0.0,0.0,0.0,аксесоар,,DATABASE_EVIDENCE
Schuco,SCH 20273100,Schuco,Steel reinforcement 30 X 39  2.5 mm,4,4,0.0,0.0,,,,,90,,0.0,0.0,0.0,аксесоар,,DATABASE_EVIDENCE
Schuco,SCH 20273200,Schuco,Steel reinforcement 49 X 39  1.5 mm,4,4,0.0,0.0,,,,,90,,0.0,0.0,0.0,аксесоар,,DATABASE_EVIDENCE
Schuco,SCH 20273300,Schuco,Steel reinforcement 49 X 39  2.0 mm,4,4,0.0,0.0,,,,,90,,0.0,0.0,0.0,аксесоар,,DATABASE_EVIDENCE
Schuco,SCH 20273400,Schuco,Steel reinforcement 49 X 39  2.5 mm,4,4,0.0,0.0,,,,,90,,0.0,0.0,0.0,аксесоар,,DATABASE_EVIDENCE
Schuco,SCH 20273600,Schuco,Steel reinforcement 12 X 34  1.5 mm,4,4,0.0,0.0,,,,,90,,0.0,0.0,0.0,аксесоар,,DATABASE_EVIDENCE
Schuco,SCH 20273700,Schuco,"Steel reinforcement 28.5 X 39,5  1.5 mm",4,4,0.0,0.0,,,,,90,,0.0,0.0,0.0,аксесоар,,DATABASE_EVIDENCE
Schuco,SCH 20273800,Schuco,"Steel reinforcement 28.5 X 39,5  2.0 mm",4,4,0.0,0.0,,,,,90,,0.0,0.0,0.0,аксесоар,,DATABASE_EVIDENCE
Schuco,SCH 20273900,Schuco,"Steel reinforcement 47,5 X 40  2.0 mm",4,4,0.0,0.0,,,,,90,,0.0,0.0,0.0,аксесоар,,DATABASE_EVIDENCE
Schuco,SCH 20274000,Schuco,Steel reinforcement 55 X 40  3.0 mm,4,4,0.0,0.0,,,,,90,,0.0,0.0,0.0,аксесоар,,DATABASE_EVIDENCE
Schuco,SCH 20274200,Schuco,Steel reinforcement 40 X 40  2.5 mm,4,4,0.0,0.0,,,,,90,,0.0,0.0,0.0,аксесоар,,DATABASE_EVIDENCE
Schuco,SCH 20274300,Schuco,"Steel reinforcement 54,5 X 39  2.0 mm",4,4,0.0,0.0,,,,,90,,0.0,0.0,0.0,аксесоар,,DATABASE_EVIDENCE
Schuco,SCH 20281200,Schuco,"Steel reinforcement 30,5 X 26  2.5 mm",4,4,0.0,0.0,,,,,90,,0.0,0.0,0.0,аксесоар,,DATABASE_EVIDENCE
Schuco,SCH 20281300,Schuco,Steel reinforcement 30 X 36  2.5 mm,4,4,0.0,0.0,,,,,90,,0.0,0.0,0.0,аксесоар,,DATABASE_EVIDENCE
Schuco,SCH 20281400,Schuco,Steel reinforcement 30 X 46  2.5 mm,4,4,0.0,0.0,,,,,90,,0.0,0.0,0.0,аксесоар,,DATABASE_EVIDENCE
Schuco,SCH 20285700,Schuco,Steel reinforcement 30 X 39  3.0 mm,4,4,0.0,0.0,,,,,90,,0.0,0.0,0.0,аксесоар,,DATABASE_EVIDENCE
Schuco,SCH 20285800,Schuco,Steel reinforcement 49 X 39  3.0 mm,4,4,0.0,0.0,,,,,90,,0.0,0.0,0.0,аксесоар,,DATABASE_EVIDENCE
Schuco,SCH 20285900,Schuco,Steel reinforcement 30 X 39  2.5 mm,4,4,0.0,0.0,,,,,90,,0.0,0.0,0.0,аксесоар,,DATABASE_EVIDENCE
Schuco,SCH 20286000,Schuco,Steel reinforcement 49 X 39  2.5 mm,4,4,0.0,0.0,,,,,90,,0.0,0.0,0.0,аксесоар,,DATABASE_EVIDENCE
Schuco,SCH 20290500,Schuco,Steel reinforcement 54 X 42  2.0 mm,4,4,0.0,0.0,,,,,90,,0.0,0.0,0.0,аксесоар,,DATABASE_EVIDENCE
Schuco,SCH 25061700,Schuco,"Rebate gasket, black",4,4,0.0,0.0,,,,,90,,0.0,0.0,0.0,аксесоар,,DATABASE_EVIDENCE
Schuco,SCH 25061800,Schuco,"Rebate gasket, silver grey",4,4,0.0,0.0,,,,,90,,0.0,0.0,0.0,аксесоар,,DATABASE_EVIDENCE
Schuco,SCH 25090500,Schuco,Frame connector,4,4,0.0,0.0,,,,,90,,0.0,0.0,0.0,аксесоар,,DATABASE_EVIDENCE
Schuco,SCH 25091000,Schuco,Frame connector,4,4,0.0,0.0,,,,,90,,0.0,0.0,0.0,аксесоар,,DATABASE_EVIDENCE
Schuco,SCH 25094500,Schuco,Sash bar connector,4,4,0.0,0.0,,,,,90,,0.0,0.0,0.0,аксесоар,,DATABASE_EVIDENCE
Schuco,SCH 25095000,Schuco,"End caps for 19472, white",4,4,0.0,0.0,,,,,90,,0.0,0.0,0.0,аксесоар,,DATABASE_EVIDENCE
Schuco,SCH 25095200,Schuco,"End caps for 19472, black",4,4,0.0,0.0,,,,,90,,0.0,0.0,0.0,аксесоар,,DATABASE_EVIDENCE
Schuco,SCH 25237500,Schuco,Corner cleat for reinforcing profiles 55 X 40  3.0,4,4,0.0,0.0,,,,,90,,0.0,0.0,0.0,аксесоар,,DATABASE_EVIDENCE
Schuco,SCH 25255500,Schuco,Living door threshold grey,1,1,20.0,0.0,,,,,90,,0.0,0.0,0.0,каса,Frame,DATABASE_EVIDENCE
Schuco,SCH 25255600,Schuco,Living door threshold black,1,1,20.0,0.0,,,,,90,,0.0,0.0,0.0,каса,Frame,DATABASE_EVIDENCE
Schuco,SCH 25264800,Schuco,"Door threshold bracket 70 mm, white",4,4,0.0,0.0,,,,,90,,0.0,0.0,0.0,аксесоар,,DATABASE_EVIDENCE
Schuco,SCH 25264900,Schuco,"Door threshold bracket 70 mm, black",4,4,0.0,0.0,,,,,90,,0.0,0.0,0.0,аксесоар,,DATABASE_EVIDENCE
Schuco,SCH 25265000,Schuco,"Door threshold bracket 80 mm, white",4,4,0.0,0.0,,,,,90,,0.0,0.0,0.0,аксесоар,,DATABASE_EVIDENCE
Schuco,SCH 25265100,Schuco,"Door threshold bracket 80 mm, black",4,4,0.0,0.0,,,,,90,,0.0,0.0,0.0,аксесоар,,DATABASE_EVIDENCE
Schuco,SCH 25265200,Schuco,"Door threshold bracket 90 mm, white",4,4,0.0,0.0,,,,,90,,0.0,0.0,0.0,аксесоар,,DATABASE_EVIDENCE
Schuco,SCH 25265300,Schuco,"Door threshold bracket 90 mm, black",4,4,0.0,0.0,,,,,90,,0.0,0.0,0.0,аксесоар,,DATABASE_EVIDENCE
Schuco,SCH 25265400,Schuco,"Door threshold bracket 100 mm, white",4,4,0.0,0.0,,,,,90,,0.0,0.0,0.0,аксесоар,,DATABASE_EVIDENCE
Schuco,SCH 25265500,Schuco,"Door threshold bracket 100 mm, black",4,4,0.0,0.0,,,,,90,,0.0,0.0,0.0,аксесоар,,DATABASE_EVIDENCE
Schuco,SCH 25271300,Schuco,Living door threshold black,1,1,20.0,0.0,,,,,90,,0.0,0.0,0.0,каса,Frame,DATABASE_EVIDENCE
Schuco,SCH 25862800,Schuco,Living door threshold 0 mm grey,1,1,20.0,0.0,,,,,90,,0.0,0.0,0.0,каса,Frame,DATABASE_EVIDENCE
Schuco,SCH 25862900,Schuco,Living door threshold 0 mm black,1,1,20.0,0.0,,,,,90,,0.0,0.0,0.0,каса,Frame,DATABASE_EVIDENCE
Schuco,SCH 28617400,Schuco,Corner cleat for reinforcing profiles 40 X 40  2.5,4,4,0.0,0.0,,,,,90,,0.0,0.0,0.0,аксесоар,,DATABASE_EVIDENCE
Schuco,SCH 28634100,Schuco,"End cap for 14709610, white",4,4,0.0,0.0,,,,,90,,0.0,0.0,0.0,аксесоар,,DATABASE_EVIDENCE
Schuco,SCH 28634200,Schuco,"End cap for 14709670, black",4,4,0.0,0.0,,,,,90,,0.0,0.0,0.0,аксесоар,,DATABASE_EVIDENCE
Schuco,SCH 28699300,Schuco,Brush seal 9,4,4,0.0,0.0,,,,,90,,0.0,0.0,0.0,аксесоар,,DATABASE_EVIDENCE
VivaPlast,-Дръжка врата,Viva Plast,Дръжка врата,4,4,0.0,0.0,60691147062.0,OBKOV RAZNI,,,90,,0.0,0.0,,аксесоар,,DATABASE_EVIDENCE
VivaPlast,-Панта врата,Viva Plast,Панта врата,4,4,0.0,0.0,58645222480.0,OBKOV RAZNI,,,90,,0.0,0.0,,аксесоар,,DATABASE_EVIDENCE
VivaPlast,-Насрещн. брава,Viva Plast,Насрещник брава,4,4,0.0,0.0,91675025526.0,OBKOV RAZNI,,,90,,0.0,0.0,,аксесоар,,DATABASE_EVIDENCE
VivaPlast,-Патрон врата,Viva Plast,Патрон врата,4,4,0.0,0.0,54418232853.0,OBKOV RAZNI,,,90,,0.0,0.0,,аксесоар,,DATABASE_EVIDENCE
VivaPlast,_КомДръжка,Viva Plast,Комарник дръжка,4,4,0.0,0.0,24241529130.0,AKSESOARI VIVA,,,90,,0.0,0.0,,аксесоар,,DATABASE_EVIDENCE
VivaPlast,_КомПанта,Viva Plast,Комарник панта,4,4,0.0,0.0,89269269536.0,AKSESOARI VIVA,,,90,,0.0,0.0,,аксесоар,,DATABASE_EVIDENCE
VivaPlast,_КомМрежа,Viva Plast,Комарник мрежа,4,4,0.0,0.0,77808319322.0,AKSESOARI VIVA,,,90,,0.0,0.0,,аксесоар,,DATABASE_EVIDENCE
VivaPlast,_КомПрофил,Viva Plast,Комарник профил,4,4,0.0,0.0,18490397584.0,AKSESOARI VIVA,,,90,,0.0,0.0,,аксесоар,,DATABASE_EVIDENCE
VivaPlast,_КомФиксатор,Viva Plast,Комарник фиксатор,4,4,0.0,0.0,41845053972.0,AKSESOARI VIVA,,,90,,0.0,0.0,,аксесоар,,DATABASE_EVIDENCE
VivaPlast,_КомФитил,Viva Plast,Комарник фитил,4,4,0.0,0.0,16839009383.0,AKSESOARI VIVA,,,90,,0.0,0.0,,аксесоар,,DATABASE_EVIDENCE
VivaPlast,_КомЪгъл,Viva Plast,Комарник ъгъл,4,4,0.0,0.0,6203549174.0,AKSESOARI VIVA,,,90,,0.0,0.0,,аксесоар,,DATABASE_EVIDENCE
VivaPlast,_КомШнапер,Viva Plast,Комарник шнапер,4,4,0.0,0.0,83215883533.0,AKSESOARI VIVA,,,90,,0.0,0.0,,аксесоар,,DATABASE_EVIDENCE
VivaPlast,001,Viva Plast,260129,4,4,0.0,0.0,78240322834.0,ROTO NT,,,90,,0.0,0.0,,аксесоар,,DATABASE_EVIDENCE
VivaPlast,002,Viva Plast,260130,4,4,0.0,0.0,67210612164.0,ROTO NT,,,90,,0.0,0.0,,аксесоар,,DATABASE_EVIDENCE
VivaPlast,003,Viva Plast,260131,4,4,0.0,0.0,4240712099.0,ROTO NT,,,90,,0.0,0.0,,аксесоар,,DATABASE_EVIDENCE
VivaPlast,004,Viva Plast,260132,4,4,0.0,0.0,14220612124.0,ROTO NT,,,90,,0.0,0.0,,аксесоар,,DATABASE_EVIDENCE
VivaPlast,005,Viva Plast,260133,4,4,0.0,0.0,54220612121.0,ROTO NT,,,90,,0.0,0.0,,аксесоар,,DATABASE_EVIDENCE
VivaPlast,006,Viva Plast,260134,4,4,0.0,0.0,80260272186.0,ROTO NT,,,90,,0.0,0.0,,аксесоар,,DATABASE_EVIDENCE
VivaPlast,007,Viva Plast,260135,4,4,0.0,0.0,19200012492.0,ROTO NT,,,90,,0.0,0.0,,аксесоар,,DATABASE_EVIDENCE
VivaPlast,020,Viva Plast,259717,4,4,0.0,0.0,22680832752.0,ROTO NT,,,90,,0.0,0.0,,аксесоар,,DATABASE_EVIDENCE
VivaPlast,021,Viva Plast,259718,4,4,0.0,0.0,15640032048.0,ROTO NT,,,90,,0.0,0.0,,аксесоар,,DATABASE_EVIDENCE
VivaPlast,022,Viva Plast,259719,4,4,0.0,0.0,21660612764.0,ROTO NT,,,90,,0.0,0.0,,аксесоар,,DATABASE_EVIDENCE
VivaPlast,023,Viva Plast,259720,4,4,0.0,0.0,89630222598.0,ROTO NT,,,90,,0.0,0.0,,аксесоар,,DATABASE_EVIDENCE
VivaPlast,024,Viva Plast,259721,4,4,0.0,0.0,52680552454.0,ROTO NT,,,90,,0.0,0.0,,аксесоар,,DATABASE_EVIDENCE
VivaPlast,025,Viva Plast,259762,4,4,0.0,0.0,11660452722.0,ROTO NT,,,90,,0.0,0.0,,аксесоар,,DATABASE_EVIDENCE
VivaPlast,026,Viva Plast,259763,4,4,0.0,0.0,10670972212.0,ROTO NT,,,90,,0.0,0.0,,аксесоар,,DATABASE_EVIDENCE
VivaPlast,044,Viva Plast,233418,4,4,0.0,0.0,62090542713.0,ROTO NT,,,90,,0.0,0.0,,аксесоар,,DATABASE_EVIDENCE
VivaPlast,045,Viva Plast,233419,4,4,0.0,0.0,64070572735.0,ROTO NT,,,90,,0.0,0.0,,аксесоар,,DATABASE_EVIDENCE
VivaPlast,046,Viva Plast,233420,4,4,0.0,0.0,68060882776.0,ROTO NT,,,90,,0.0,0.0,,аксесоар,,DATABASE_EVIDENCE
VivaPlast,047,Viva Plast,290912,4,4,0.0,0.0,84060282846.0,ROTO NT,,,90,,0.0,0.0,,аксесоар,,DATABASE_EVIDENCE
VivaPlast,048,Viva Plast,296146,4,4,0.0,0.0,76060852351.0,ROTO NT,,,90,,0.0,0.0,,аксесоар,,DATABASE_EVIDENCE
VivaPlast,049,Viva Plast,296147,4,4,0.0,0.0,94030172719.0,ROTO NT,,,90,,0.0,0.0,,аксесоар,,DATABASE_EVIDENCE
VivaPlast,050,Viva Plast,284314,4,4,0.0,0.0,45200412117.0,ROTO NT,,,90,,0.0,0.0,,аксесоар,,DATABASE_EVIDENCE
VivaPlast,090,Viva Plast,255280,4,4,0.0,0.0,80000532882.0,ROTO NT,,,90,,0.0,0.0,,аксесоар,,DATABASE_EVIDENCE
VivaPlast,091,Viva Plast,255281,4,4,0.0,0.0,67010462448.0,ROTO NT,,,90,,0.0,0.0,,аксесоар,,DATABASE_EVIDENCE
VivaPlast,092,Viva Plast,280346,4,4,0.0,0.0,71010252783.0,ROTO NT,,,90,,0.0,0.0,,аксесоар,,DATABASE_EVIDENCE
VivaPlast,093,Viva Plast,255282,4,4,0.0,0.0,69040222350.0,ROTO NT,,,90,,0.0,0.0,,аксесоар,,DATABASE_EVIDENCE
VivaPlast,094,Viva Plast,308267,4,4,0.0,0.0,77040882544.0,ROTO NT,,,90,,0.0,0.0,,аксесоар,,DATABASE_EVIDENCE
VivaPlast,100,Viva Plast,260275,4,4,0.0,0.0,76481142480.0,ROTO NT,,,90,,0.0,0.0,,аксесоар,,DATABASE_EVIDENCE
VivaPlast,1000,Vivaplast,004-001,4,4,0.0,0.0,42071797201.0,ROMB,,,90,,0.0,0.0,,аксесоар,,DATABASE_EVIDENCE
VivaPlast,1001,Vivaplast,004-002,4,4,0.0,0.0,78051007419.0,ROMB,,,90,,0.0,0.0,,аксесоар,,DATABASE_EVIDENCE
VivaPlast,1002,Vivaplast,004-003,4,4,0.0,0.0,63051257249.0,ROMB,,,90,,0.0,0.0,,аксесоар,,DATABASE_EVIDENCE
VivaPlast,1003,Vivaplast,004-004,4,4,0.0,0.0,58061997512.0,ROMB,,,90,,0.0,0.0,,аксесоар,,DATABASE_EVIDENCE
VivaPlast,1004,Vivaplast,004-009,4,4,0.0,0.0,56001887258.0,ROMB,,,90,,0.0,0.0,,аксесоар,,DATABASE_EVIDENCE
VivaPlast,1005,Vivaplast,004-010,4,4,0.0,0.0,21091157902.0,ROMB,,,90,,0.0,0.0,,аксесоар,,DATABASE_EVIDENCE
VivaPlast,1006,Vivaplast,004-011,4,4,0.0,0.0,24001627182.0,ROMB,,,90,,0.0,0.0,,аксесоар,,DATABASE_EVIDENCE
VivaPlast,1007,Vivaplast,004-012,4,4,0.0,0.0,33021017227.0,ROMB,,,90,,0.0,0.0,,аксесоар,,DATABASE_EVIDENCE
VivaPlast,101,Viva Plast,260277,4,4,0.0,0.0,30451632162.0,ROTO NT,,,90,,0.0,0.0,,аксесоар,,DATABASE_EVIDENCE
VivaPlast,102,Viva Plast,260286,4,4,0.0,0.0,44441452041.0,ROTO NT,,,90,,0.0,0.0,,аксесоар,,DATABASE_EVIDENCE
VivaPlast,103,Viva Plast,260280,4,4,0.0,0.0,60461282586.0,ROTO NT,,,90,,0.0,0.0,,аксесоар,,DATABASE_EVIDENCE
VivaPlast,105,Viva Plast,260279,4,4,0.0,0.0,47401372545.0,ROTO NT,,,90,,0.0,0.0,,аксесоар,,DATABASE_EVIDENCE
VivaPlast,106,Viva Plast,255273,4,4,0.0,0.0,22481002155.0,ROTO NT,,,90,,0.0,0.0,,аксесоар,,DATABASE_EVIDENCE
VivaPlast,1060,Vivaplast,002-001,4,4,0.0,0.0,66251007844.0,ROMB,,,90,,0.0,0.0,,аксесоар,,DATABASE_EVIDENCE
VivaPlast,1062,Vivaplast,002-007,4,4,0.0,0.0,47281827789.0,ROMB,,,90,,0.0,0.0,,аксесоар,,DATABASE_EVIDENCE
VivaPlast,1063,Vivaplast,002-003,4,4,0.0,0.0,58281877887.0,ROMB,,,90,,0.0,0.0,,аксесоар,,DATABASE_EVIDENCE
VivaPlast,1064,Vivaplast,002-004,4,4,0.0,0.0,79261117634.0,ROMB,,,90,,0.0,0.0,,аксесоар,,DATABASE_EVIDENCE
VivaPlast,1065,Vivaplast,002-005,4,4,0.0,0.0,55201887035.0,ROMB,,,90,,0.0,0.0,,аксесоар,,DATABASE_EVIDENCE
VivaPlast,1066,Vivaplast,002-006,4,4,0.0,0.0,4241737166.0,ROMB,,,90,,0.0,0.0,,аксесоар,,DATABASE_EVIDENCE
VivaPlast,107,Viva Plast,253240,4,4,0.0,0.0,76431822471.0,ROTO NT,,,90,,0.0,0.0,,аксесоар,,DATABASE_EVIDENCE
VivaPlast,108,Viva Plast,260278,4,4,0.0,0.0,21471722814.0,ROTO NT,,,90,,0.0,0.0,,аксесоар,,DATABASE_EVIDENCE
VivaPlast,1109,,Кутия 80/40/1.2,4,4,0.0,0.0,37241107529.0,,,,90,,0.0,0.0,,аксесоар,,DATABASE_EVIDENCE
VivaPlast,1129f,,Сглобка крило термо,4,4,0.0,0.0,78011817871.0,,,,90,,0.0,0.0,,аксесоар,,DATABASE_EVIDENCE
VivaPlast,1150,Vivaplast,001-001,4,4,0.0,0.0,66211177610.0,ROMB,,,90,,0.0,0.0,,аксесоар,,DATABASE_EVIDENCE
VivaPlast,1160f,comunelo,,4,4,0.0,0.0,13065257211.0,,,,90,,0.0,0.0,,аксесоар,,DATABASE_EVIDENCE
VivaPlast,1161f,,,4,4,0.0,0.0,42245637713.0,,,,90,,0.0,0.0,,аксесоар,,DATABASE_EVIDENCE
VivaPlast,1168f,,sglobka,4,4,0.0,0.0,18645237200.0,,,,90,,0.0,0.0,,аксесоар,,DATABASE_EVIDENCE
VivaPlast,120,Viva Plast,260201,4,4,0.0,0.0,67881652622.0,ROTO NT,,,90,,0.0,0.0,,аксесоар,,DATABASE_EVIDENCE
VivaPlast,1200,Vivaplast,009-001,4,4,0.0,0.0,75401477748.0,ROMB,,,90,,0.0,0.0,,аксесоар,,DATABASE_EVIDENCE
VivaPlast,1201,Vivaplast,009-002,4,4,0.0,0.0,36471567831.0,ROMB,,,90,,0.0,0.0,,аксесоар,,DATABASE_EVIDENCE
VivaPlast,1203,Vivaplast,009-007,4,4,0.0,0.0,32411817578.0,ROMB,,,90,,0.0,0.0,,аксесоар,,DATABASE_EVIDENCE
VivaPlast,1204,Vivaplast,009-003,4,4,0.0,0.0,7421637819.0,ROMB,,,90,,0.0,0.0,,аксесоар,,DATABASE_EVIDENCE
VivaPlast,1205,Vivaplast,009-004,4,4,0.0,0.0,53451487834.0,ROMB,,,90,,0.0,0.0,,аксесоар,,DATABASE_EVIDENCE
VivaPlast,1206,Vivaplast,009-006,4,4,0.0,0.0,48411817408.0,ROMB,,,90,,0.0,0.0,,аксесоар,,DATABASE_EVIDENCE
VivaPlast,121,Viva Plast,256024,4,4,0.0,0.0,5861712112.0,ROTO NT,,,90,,0.0,0.0,,аксесоар,,DATABASE_EVIDENCE
VivaPlast,1217,Vivaplast,032-014,4,4,0.0,0.0,34671107410.0,ROMB,,,90,,0.0,0.0,,аксесоар,,DATABASE_EVIDENCE
VivaPlast,1218,Vivaplast,031-004,4,4,0.0,0.0,86681387881.0,ROMB,,,90,,0.0,0.0,,аксесоар,,DATABASE_EVIDENCE
VivaPlast,1219,Vivaplast,031-003,4,4,0.0,0.0,6691637430.0,ROMB,,,90,,0.0,0.0,,аксесоар,,DATABASE_EVIDENCE
VivaPlast,122,Viva Plast,260204,4,4,0.0,0.0,57881942114.0,ROTO NT,,,90,,0.0,0.0,,аксесоар,,DATABASE_EVIDENCE
VivaPlast,123,Viva Plast,260208,4,4,0.0,0.0,84831162717.0,ROTO NT,,,90,,0.0,0.0,,аксесоар,,DATABASE_EVIDENCE
VivaPlast,1230,Vivaplast,010-010,4,4,0.0,0.0,33071957936.0,ROMB,,,90,,0.0,0.0,,аксесоар,,DATABASE_EVIDENCE
VivaPlast,1231,Vivaplast,010-011,4,4,0.0,0.0,57011047333.0,ROMB,,,90,,0.0,0.0,,аксесоар,,DATABASE_EVIDENCE
VivaPlast,1232,Vivaplast,010-012,4,4,0.0,0.0,27041587813.0,ROMB,,,90,,0.0,0.0,,аксесоар,,DATABASE_EVIDENCE
VivaPlast,124,Viva Plast,260212,4,4,0.0,0.0,17841482058.0,ROTO NT,,,90,,0.0,0.0,,аксесоар,,DATABASE_EVIDENCE
VivaPlast,1241,Vivaplast,006-013,4,4,0.0,0.0,19261577564.0,ROMB,,,90,,0.0,0.0,,аксесоар,,DATABASE_EVIDENCE
VivaPlast,1242,Vivaplast,006-014,4,4,0.0,0.0,50211727321.0,ROMB,,,90,,0.0,0.0,,аксесоар,,DATABASE_EVIDENCE
VivaPlast,1243,Vivaplast,006-015,4,4,0.0,0.0,41291547721.0,ROMB,,,90,,0.0,0.0,,аксесоар,,DATABASE_EVIDENCE
VivaPlast,1244,Vivaplast,006-016,4,4,0.0,0.0,41281487547.0,ROMB,,,90,,0.0,0.0,,аксесоар,,DATABASE_EVIDENCE
VivaPlast,125,Viva Plast,260215,4,4,0.0,0.0,74831952720.0,ROTO NT,,,90,,0.0,0.0,,аксесоар,,DATABASE_EVIDENCE
VivaPlast,128,Viva Plast,255237,4,4,0.0,0.0,31871162618.0,ROTO NT,,,90,,0.0,0.0,,аксесоар,,DATABASE_EVIDENCE
VivaPlast,129,Viva Plast,255224,4,4,0.0,0.0,76811082946.0,ROTO NT,,,90,,0.0,0.0,,аксесоар,,DATABASE_EVIDENCE
VivaPlast,1300,Vivaplast,005-011,4,4,0.0,0.0,22611957609.0,ROMB,,,90,,0.0,0.0,,аксесоар,,DATABASE_EVIDENCE
VivaPlast,1302,Vivaplast,005-006,4,4,0.0,0.0,54651377009.0,ROMB,,,90,,0.0,0.0,,аксесоар,,DATABASE_EVIDENCE
VivaPlast,1340,Vivaplast,007-001,4,4,0.0,0.0,28451167733.0,ROMB,,,90,,0.0,0.0,,аксесоар,,DATABASE_EVIDENCE
VivaPlast,1341,Vivaplast,007-002,4,4,0.0,0.0,41441837712.0,ROMB,,,90,,0.0,0.0,,аксесоар,,DATABASE_EVIDENCE
VivaPlast,1345,Vivaplast,007-007,4,4,0.0,0.0,88481057530.0,ROMB,,,90,,0.0,0.0,,аксесоар,,DATABASE_EVIDENCE
VivaPlast,1346,Vivaplast,007-008,4,4,0.0,0.0,9471727527.0,ROMB,,,90,,0.0,0.0,,аксесоар,,DATABASE_EVIDENCE
VivaPlast,1360,Vivaplast,014-003,4,4,0.0,0.0,71831507789.0,ROMB,,,90,,0.0,0.0,,аксесоар,,DATABASE_EVIDENCE
VivaPlast,1361,Vivaplast,014-004,4,4,0.0,0.0,4871247534.0,ROMB,,,90,,0.0,0.0,,аксесоар,,DATABASE_EVIDENCE
VivaPlast,1362,Vivaplast,012-021,4,4,0.0,0.0,88891797465.0,ROMB,,,90,,0.0,0.0,,аксесоар,,DATABASE_EVIDENCE
VivaPlast,1363,Vivaplast,012-022,4,4,0.0,0.0,45871107510.0,ROMB,,,90,,0.0,0.0,,аксесоар,,DATABASE_EVIDENCE
VivaPlast,1365,Vivaplast,013-001,4,4,0.0,0.0,36851767083.0,ROMB,,,90,,0.0,0.0,,аксесоар,,DATABASE_EVIDENCE
VivaPlast,1366,Vivaplast,013-002,4,4,0.0,0.0,73861137518.0,ROMB,,,90,,0.0,0.0,,аксесоар,,DATABASE_EVIDENCE
VivaPlast,1367,Vivaplast,013-003,4,4,0.0,0.0,50881167809.0,ROMB,,,90,,0.0,0.0,,аксесоар,,DATABASE_EVIDENCE
VivaPlast,1368,Vivaplast,013-004,4,4,0.0,0.0,31821587472.0,ROMB,,,90,,0.0,0.0,,аксесоар,,DATABASE_EVIDENCE
VivaPlast,140,Viva Plast,245695,4,4,0.0,0.0,21291562767.0,ROTO NT,,,90,,0.0,0.0,,аксесоар,,DATABASE_EVIDENCE
VivaPlast,1400,Vivaplast,016-024,4,4,0.0,0.0,15861577889.0,ROMB,,,90,,0.0,0.0,,аксесоар,,DATABASE_EVIDENCE
VivaPlast,1401,Vivaplast,017-004,4,4,0.0,0.0,31831257868.0,ROMB,,,90,,0.0,0.0,,аксесоар,,DATABASE_EVIDENCE
VivaPlast,1402,Vivaplast,016-012,4,4,0.0,0.0,14861087438.0,ROMB,,,90,,0.0,0.0,,аксесоар,,DATABASE_EVIDENCE
VivaPlast,1403,Vivaplast,015-004,4,4,0.0,0.0,4831177429.0,ROMB,,,90,,0.0,0.0,,аксесоар,,DATABASE_EVIDENCE
VivaPlast,141,Viva Plast,245696,4,4,0.0,0.0,58261662053.0,ROTO NT,,,90,,0.0,0.0,,аксесоар,,DATABASE_EVIDENCE
VivaPlast,1410,Vivaplast,019-006,4,4,0.0,0.0,67081967867.0,ROMB,,,90,,0.0,0.0,,аксесоар,,DATABASE_EVIDENCE
VivaPlast,1411,Vivaplast,019-002,4,4,0.0,0.0,13071577705.0,ROMB,,,90,,0.0,0.0,,аксесоар,,DATABASE_EVIDENCE
VivaPlast,1413,Vivaplast,027-022,4,4,0.0,0.0,3011487174.0,ROMB,,,90,,0.0,0.0,,аксесоар,,DATABASE_EVIDENCE
VivaPlast,1420,Vivaplast,033-001,4,4,0.0,0.0,41221207244.0,ROMB,,,90,,0.0,0.0,,аксесоар,,DATABASE_EVIDENCE
VivaPlast,1421,Vivaplast,033-057,4,4,0.0,0.0,90231467032.0,ROMB,,,90,,0.0,0.0,,аксесоар,,DATABASE_EVIDENCE
VivaPlast,1422,Vivaplast,033-018,4,4,0.0,0.0,73231357887.0,ROMB,,,90,,0.0,0.0,,аксесоар,,DATABASE_EVIDENCE
VivaPlast,1423,Vivaplast,033-011,4,4,0.0,0.0,65211407157.0,ROMB,,,90,,0.0,0.0,,аксесоар,,DATABASE_EVIDENCE
VivaPlast,1430,Vivaplast,033-002,4,4,0.0,0.0,21491567668.0,ROMB,,,90,,0.0,0.0,,аксесоар,,DATABASE_EVIDENCE
VivaPlast,1431,Vivaplast,033-058,4,4,0.0,0.0,54421757767.0,ROMB,,,90,,0.0,0.0,,аксесоар,,DATABASE_EVIDENCE
VivaPlast,1432,Vivaplast,033-019,4,4,0.0,0.0,45491207821.0,ROMB,,,90,,0.0,0.0,,аксесоар,,DATABASE_EVIDENCE
VivaPlast,1433,Vivaplast,033-012,4,4,0.0,0.0,38481207753.0,ROMB,,,90,,0.0,0.0,,аксесоар,,DATABASE_EVIDENCE
VivaPlast,1440,Vivaplast,033-004,4,4,0.0,0.0,24651557732.0,ROMB,,,90,,0.0,0.0,,аксесоар,,DATABASE_EVIDENCE
VivaPlast,1441,Vivaplast,033-061,4,4,0.0,0.0,89631837298.0,ROMB,,,90,,0.0,0.0,,аксесоар,,DATABASE_EVIDENCE
VivaPlast,1442,Vivaplast,033-022,4,4,0.0,0.0,65621227100.0,ROMB,,,90,,0.0,0.0,,аксесоар,,DATABASE_EVIDENCE
VivaPlast,1443,Vivaplast,033-015,4,4,0.0,0.0,42611877408.0,ROMB,,,90,,0.0,0.0,,аксесоар,,DATABASE_EVIDENCE
VivaPlast,1450,Vivaplast,033-003,4,4,0.0,0.0,81861257768.0,ROMB,,,90,,0.0,0.0,,аксесоар,,DATABASE_EVIDENCE
VivaPlast,1451,Vivaplast,033-060,4,4,0.0,0.0,33811877721.0,ROMB,,,90,,0.0,0.0,,аксесоар,,DATABASE_EVIDENCE
VivaPlast,1452,Vivaplast,033-021,4,4,0.0,0.0,62881507851.0,ROMB,,,90,,0.0,0.0,,аксесоар,,DATABASE_EVIDENCE
VivaPlast,1453,Vivaplast,033-014,4,4,0.0,0.0,32851427217.0,ROMB,,,90,,0.0,0.0,,аксесоар,,DATABASE_EVIDENCE
VivaPlast,146,Viva Plast,245706,4,4,0.0,0.0,67291552864.0,ROTO NT,,,90,,0.0,0.0,,аксесоар,,DATABASE_EVIDENCE
VivaPlast,147,Viva Plast,245707,4,4,0.0,0.0,32241682760.0,ROTO NT,,,90,,0.0,0.0,,аксесоар,,DATABASE_EVIDENCE
VivaPlast,148,Viva Plast,245764,4,4,0.0,0.0,93241122497.0,ROTO NT,,,90,,0.0,0.0,,аксесоар,,DATABASE_EVIDENCE
VivaPlast,150,Viva Plast,258060,4,4,0.0,0.0,57461722505.0,ROTO NT,,,90,,0.0,0.0,,аксесоар,,DATABASE_EVIDENCE
VivaPlast,1500,Vivaplast,027-002,4,4,0.0,0.0,82001757463.0,ROMB,,,90,,0.0,0.0,,аксесоар,,DATABASE_EVIDENCE
VivaPlast,1501,Vivaplast,021-015,4,4,0.0,0.0,35081357251.0,ROMB,,,90,,0.0,0.0,,аксесоар,,DATABASE_EVIDENCE
VivaPlast,1502,Vivaplast,026-002,4,4,0.0,0.0,96061887046.0,ROMB,,,90,,0.0,0.0,,аксесоар,,DATABASE_EVIDENCE
VivaPlast,1503,Vivaplast,026-003,4,4,0.0,0.0,45031177687.0,ROMB,,,90,,0.0,0.0,,аксесоар,,DATABASE_EVIDENCE
VivaPlast,1504,Vivaplast,020-008,4,4,0.0,0.0,2061737673.0,ROMB,,,90,,0.0,0.0,,аксесоар,,DATABASE_EVIDENCE
VivaPlast,1505,Vivaplast,030-004,4,4,0.0,0.0,69011067788.0,ROMB,,,90,,0.0,0.0,,аксесоар,,DATABASE_EVIDENCE
VivaPlast,151,Viva Plast,258062,4,4,0.0,0.0,18431082093.0,ROTO NT,,,90,,0.0,0.0,,аксесоар,,DATABASE_EVIDENCE
VivaPlast,152,Viva Plast,258064,4,4,0.0,0.0,33401462770.0,ROTO NT,,,90,,0.0,0.0,,аксесоар,,DATABASE_EVIDENCE
VivaPlast,153,Viva Plast,258042,4,4,0.0,0.0,46431582827.0,ROTO NT,,,90,,0.0,0.0,,аксесоар,,DATABASE_EVIDENCE
VivaPlast,154,Viva Plast,258061,4,4,0.0,0.0,73471612388.0,ROTO NT,,,90,,0.0,0.0,,аксесоар,,DATABASE_EVIDENCE
VivaPlast,155,Viva Plast,258063,4,4,0.0,0.0,69471502681.0,ROTO NT,,,90,,0.0,0.0,,аксесоар,,DATABASE_EVIDENCE
VivaPlast,156,Viva Plast,258065,4,4,0.0,0.0,79451682287.0,ROTO NT,,,90,,0.0,0.0,,аксесоар,,DATABASE_EVIDENCE
VivaPlast,157,Viva Plast,258043,4,4,0.0,0.0,52481312492.0,ROTO NT,,,90,,0.0,0.0,,аксесоар,,DATABASE_EVIDENCE
VivaPlast,1582,,,4,4,0.0,0.0,14651387577.0,,,,90,,0.0,0.0,,аксесоар,,DATABASE_EVIDENCE
VivaPlast,17002,VIVA-AL,Външна монт.планка,4,21,0.0,0.0,25099437238.0,,,,90,,0.0,0.0,,Фасада монт. планка,,DATABASE_EVIDENCE
VivaPlast,17013,VIVA-AL,Вътрешна монт.планка,4,21,0.0,0.0,2249837345.0,,,,90,,0.0,0.0,,Фасада монт. планка,,DATABASE_EVIDENCE
VivaPlast,17115,,Сгл Ригел 5013х45,4,4,0.0,0.0,77480887532.0,,,,90,,0.0,0.0,,аксесоар,,DATABASE_EVIDENCE
VivaPlast,17116,,Сгл Ригел 5013х95,4,4,0.0,0.0,91490867458.0,,,,90,,0.0,0.0,,аксесоар,,DATABASE_EVIDENCE
VivaPlast,17117,,Сгл Ригел 5012х45,4,4,0.0,0.0,94440657838.0,,,,90,,0.0,0.0,,аксесоар,,DATABASE_EVIDENCE
VivaPlast,17118,,Сгл Ригел 5012х95,4,4,0.0,0.0,58430287358.0,,,,90,,0.0,0.0,,аксесоар,,DATABASE_EVIDENCE
VivaPlast,199,Viva Plast,260359,4,4,0.0,0.0,50281312533.0,ROTO NT,,,90,,0.0,0.0,,аксесоар,,DATABASE_EVIDENCE
VivaPlast,200,Viva Plast,332439,4,4,0.0,0.0,79682662358.0,ROTO NT,,,90,,0.0,0.0,,аксесоар,,DATABASE_EVIDENCE
VivaPlast,230,Viva Plast,316942,4,4,0.0,0.0,44272472126.0,ROTO NT,,,90,,0.0,0.0,,аксесоар,,DATABASE_EVIDENCE
VivaPlast,260,Viva Plast,260434,4,4,0.0,0.0,87802542544.0,ROTO NT,,,90,,0.0,0.0,,аксесоар,,DATABASE_EVIDENCE
VivaPlast,279,Viva Plast,305638,4,4,0.0,0.0,17072772631.0,ROTO NT,,,90,,0.0,0.0,,аксесоар,,DATABASE_EVIDENCE
VivaPlast,280,Viva Plast,260534,4,4,0.0,0.0,18272452572.0,ROTO NT,,,90,,0.0,0.0,,аксесоар,,DATABASE_EVIDENCE
VivaPlast,2801,,ЕД. КАСА ПЛ.,4,4,0.0,0.0,13872678108.0,,,,45,,0.0,0.0,,аксесоар,,DATABASE_EVIDENCE
VivaPlast,2805,,,4,4,0.0,0.0,25812188215.0,,,,90,,0.0,0.0,,аксесоар,,DATABASE_EVIDENCE
VivaPlast,2806,,СРЕДЕН ПРОФИЛ,4,4,0.0,0.0,17802368128.0,,,,90,,0.0,0.0,,аксесоар,,DATABASE_EVIDENCE
VivaPlast,2807,,СВЪРЗ. ПРОФИЛ,4,4,0.0,0.0,17842348445.0,,,,45,,0.0,0.0,,аксесоар,,DATABASE_EVIDENCE
VivaPlast,2808,,,4,4,0.0,0.0,38802358291.0,,,,90,,0.0,0.0,,аксесоар,,DATABASE_EVIDENCE
VivaPlast,2809,,kasa kom,4,4,0.0,0.0,11822628588.0,,,,45,,0.0,0.0,,аксесоар,,DATABASE_EVIDENCE
VivaPlast,2810,,krilo kom,4,4,0.0,0.0,87032778244.0,,,,45,,0.0,0.0,,аксесоар,,DATABASE_EVIDENCE
VivaPlast,299,Viva Plast,350401,4,4,0.0,0.0,42442492172.0,ROTO NT,,,90,,0.0,0.0,,аксесоар,,DATABASE_EVIDENCE
VivaPlast,3000,Viva Alum., ПАНТА Проз.,4,4,0.0,0.0,38413599516.0,,,,90,,0.0,0.0,,аксесоар,,DATABASE_EVIDENCE
VivaPlast,3001,Viva Alum.,ПАНТА Проз.,4,4,0.0,0.0,71403439878.0,,,,90,,0.0,0.0,,аксесоар,,DATABASE_EVIDENCE
VivaPlast,3002,Viva Alum.,БРАВА С ЕЗИК,4,4,0.0,0.0,66443399482.0,,,,90,,0.0,0.0,,аксесоар,,DATABASE_EVIDENCE
VivaPlast,3003,Viva Alum.,БРАВА РОЛКА,4,4,0.0,0.0,20443729078.0,,,,90,,0.0,0.0,,аксесоар,,DATABASE_EVIDENCE
VivaPlast,3004,Viva Alum.,БРАВА WC,4,4,0.0,0.0,71473489572.0,,,,90,,0.0,0.0,,аксесоар,,DATABASE_EVIDENCE
VivaPlast,3005,Viva Alum.,НАСРЕЩНИК РОЛКА,4,4,0.0,0.0,84413419691.0,,,,90,,0.0,0.0,,аксесоар,,DATABASE_EVIDENCE
VivaPlast,3006,Viva Alum.,НАСРЕЩНИК ЕЗИК,4,4,0.0,0.0,12483819787.0,,,,90,,0.0,0.0,,аксесоар,,DATABASE_EVIDENCE
VivaPlast,3007,Viva Alum.,ПАТРОН 68мм. ,4,4,0.0,0.0,21413229371.0,,,,90,,0.0,0.0,,аксесоар,,DATABASE_EVIDENCE
VivaPlast,3008,Viva Alum.,ПАТРОН МЕDOS ,4,4,0.0,0.0,93463839383.0,,,,90,,0.0,0.0,,аксесоар,,DATABASE_EVIDENCE
VivaPlast,3009,Viva Alum.,ПАТРОН  YALE  ,4,4,0.0,0.0,68433639861.0,,,,90,,0.0,0.0,,аксесоар,,DATABASE_EVIDENCE
VivaPlast,3010,Viva Alum.,ТРЪБНА ДРЪЖКА,4,4,0.0,0.0,41643629655.0,,,,90,,0.0,0.0,,аксесоар,,DATABASE_EVIDENCE
VivaPlast,3011,Viva Alum.,ТРЪБНА ДРЪЖКА,4,4,0.0,0.0,41613859473.0,,,,90,,0.0,0.0,,аксесоар,,DATABASE_EVIDENCE
VivaPlast,3012,Viva Alum.,ДРЪЖКА ЗА ВРАТА ,4,4,0.0,0.0,33643819484.0,,,,90,,0.0,0.0,,аксесоар,,DATABASE_EVIDENCE
VivaPlast,3013,Viva Alum.,ДРЪЖКА ЗА ВРАТА,4,4,0.0,0.0,62613219114.0,,,,90,,0.0,0.0,,аксесоар,,DATABASE_EVIDENCE
VivaPlast,3014,Viva Alum.,ДРЪЖКА ЗА ВРАТА,4,4,0.0,0.0,12663419411.0,,,,90,,0.0,0.0,,аксесоар,,DATABASE_EVIDENCE
VivaPlast,3015,Viva Alum.,ДРЪЖКА ЗА ВРАТА,4,4,0.0,0.0,68613839411.0,,,,90,,0.0,0.0,,аксесоар,,DATABASE_EVIDENCE
VivaPlast,3016,Viva Alum.,РОЛКА,4,4,0.0,0.0,29673519861.0,,,,90,,0.0,0.0,,аксесоар,,DATABASE_EVIDENCE
VivaPlast,3017,Viva Alum.,РОЛКА,4,4,0.0,0.0,11623929335.0,,,,90,,0.0,0.0,,аксесоар,,DATABASE_EVIDENCE
VivaPlast,3018,Viva Alum.,КЛИК КЛОК,4,4,0.0,0.0,52623579251.0,,,,90,,0.0,0.0,,аксесоар,,DATABASE_EVIDENCE
VivaPlast,3019,Viva Alum.,КЛИК КЛОК,4,4,0.0,0.0,1673259860.0,,,,90,,0.0,0.0,,аксесоар,,DATABASE_EVIDENCE
VivaPlast,302,Viva Plast,263858,4,4,0.0,0.0,18833932158.0,ROTO NT,,,90,,0.0,0.0,,аксесоар,,DATABASE_EVIDENCE
VivaPlast,3020,Viva Alum.,ДЕКОРАТИВНА ДРЪЖКА,4,4,0.0,0.0,54833159140.0,,,,90,,0.0,0.0,,аксесоар,,DATABASE_EVIDENCE
VivaPlast,3021,Viva Alum.,ДЕКОРАТИВНА ДРЪЖКА,4,4,0.0,0.0,11873709418.0,,,,90,,0.0,0.0,,аксесоар,,DATABASE_EVIDENCE
VivaPlast,3022,Viva Alum.,ДОПЪЛНИТЕЛНА ДРЪЖКА,4,4,0.0,0.0,17873889785.0,,,,90,,0.0,0.0,,аксесоар,,DATABASE_EVIDENCE
VivaPlast,3023,Viva Alum.,ДОПЪЛНИТЕЛНА ДРЪЖКА,4,4,0.0,0.0,30863159363.0,,,,90,,0.0,0.0,,аксесоар,,DATABASE_EVIDENCE
VivaPlast,3024,Viva Alum.,СТОПЕР ,4,4,0.0,0.0,30813519574.0,,,,90,,0.0,0.0,,аксесоар,,DATABASE_EVIDENCE
VivaPlast,3025,Viva Alum.,СТОПЕР,4,4,0.0,0.0,34803379390.0,,,,90,,0.0,0.0,,аксесоар,,DATABASE_EVIDENCE
VivaPlast,3026,Viva Alum.,БУФЕР,4,4,0.0,0.0,14863839571.0,,,,90,,0.0,0.0,,аксесоар,,DATABASE_EVIDENCE
VivaPlast,3027,Viva Alum.,ТАПА,4,4,0.0,0.0,30843979818.0,,,,90,,0.0,0.0,,аксесоар,,DATABASE_EVIDENCE
VivaPlast,3028,Viva Alum.,СЮРМЕ,4,4,0.0,0.0,75813379922.0,,,,90,,0.0,0.0,,аксесоар,,DATABASE_EVIDENCE
VivaPlast,3029,Viva Alum.,СЮРМЕ,4,4,0.0,0.0,50853009122.0,,,,90,,0.0,0.0,,аксесоар,,DATABASE_EVIDENCE
VivaPlast,303,Viva Plast,258592,4,4,0.0,0.0,61823382455.0,ROTO NT,,,90,,0.0,0.0,,аксесоар,,DATABASE_EVIDENCE
VivaPlast,3030,Viva Alum.,СЮРМЕ,4,4,0.0,0.0,57043699902.0,,,,90,,0.0,0.0,,аксесоар,,DATABASE_EVIDENCE
VivaPlast,3031,Viva Alum.,СЮРМЕ,4,4,0.0,0.0,48013649620.0,,,,90,,0.0,0.0,,аксесоар,,DATABASE_EVIDENCE
VivaPlast,3032,Viva Alum.,СЮРМЕ ,4,4,0.0,0.0,17013159117.0,,,,90,,0.0,0.0,,аксесоар,,DATABASE_EVIDENCE
VivaPlast,3033,Viva Alum.,СЮРМЕ,4,4,0.0,0.0,13003239731.0,,,,90,,0.0,0.0,,аксесоар,,DATABASE_EVIDENCE
VivaPlast,3034,Viva Alum.,СТЕПЕНЧАТА НОЖИЦА,4,4,0.0,0.0,39023189967.0,,,,90,,0.0,0.0,,аксесоар,,DATABASE_EVIDENCE
VivaPlast,3035,Viva Alum.,СТЕПЕНЧАТА НОЖИЦА,4,4,0.0,0.0,77063399972.0,,,,90,,0.0,0.0,,аксесоар,,DATABASE_EVIDENCE
VivaPlast,3036,Viva Alum.,НОЖИЦА,4,4,0.0,0.0,43033549573.0,,,,90,,0.0,0.0,,аксесоар,,DATABASE_EVIDENCE
VivaPlast,3037,Viva Alum.,НОЖИЦА ,4,4,0.0,0.0,70073569724.0,,,,90,,0.0,0.0,,аксесоар,,DATABASE_EVIDENCE
VivaPlast,3038,Viva Alum.,АЕРОПЛАНКА,4,4,0.0,0.0,14043459110.0,,,,90,,0.0,0.0,,аксесоар,,DATABASE_EVIDENCE
VivaPlast,3039,Viva Alum.,АЕРОПЛАНКА,4,4,0.0,0.0,90043539015.0,,,,90,,0.0,0.0,,аксесоар,,DATABASE_EVIDENCE
VivaPlast,3040,Viva Alum.,АЕРОПЛАНКА,4,4,0.0,0.0,96283339834.0,,,,90,,0.0,0.0,,аксесоар,,DATABASE_EVIDENCE
VivaPlast,3041,Viva Alum.,СКРИТА ПАНТА,4,4,0.0,0.0,18213479749.0,,,,90,,0.0,0.0,,аксесоар,,DATABASE_EVIDENCE
VivaPlast,3042,Viva Alum.,МЕХАНИЗЪМ,4,4,0.0,0.0,28283689555.0,,,,90,,0.0,0.0,,аксесоар,,DATABASE_EVIDENCE
VivaPlast,3043,Viva Alum.,МЕХАНИЗЪМ,4,4,0.0,0.0,53223339233.0,,,,90,,0.0,0.0,,аксесоар,,DATABASE_EVIDENCE
VivaPlast,3044,Viva Alum.,МЕХАНИЗЪМ,4,4,0.0,0.0,13233449296.0,,,,90,,0.0,0.0,,аксесоар,,DATABASE_EVIDENCE
VivaPlast,3045,Viva Alum.,МЕХАНИЗЪМ,4,4,0.0,0.0,58263759024.0,,,,90,,0.0,0.0,,аксесоар,,DATABASE_EVIDENCE
VivaPlast,3046,Viva Alum.,ДРЪЖКА ТОПКА ,4,4,0.0,0.0,22203769819.0,,,,90,,0.0,0.0,,аксесоар,,DATABASE_EVIDENCE
VivaPlast,3047,Viva Alum.,ДРЪЖКА ТОПКА,4,4,0.0,0.0,85253519862.0,,,,90,,0.0,0.0,,аксесоар,,DATABASE_EVIDENCE
VivaPlast,3048,Viva Alum.,РОЗЕТКА ЗА ПАТРОН ,4,4,0.0,0.0,32233049873.0,,,,90,,0.0,0.0,,аксесоар,,DATABASE_EVIDENCE
VivaPlast,3049,Viva Alum.,РОЗЕТКА ЗА WC БРАВА,4,4,0.0,0.0,55213689752.0,,,,90,,0.0,0.0,,аксесоар,,DATABASE_EVIDENCE
VivaPlast,3050,Viva Alum.,РОЗЕТКА ЗА WC БРАВА,4,4,0.0,0.0,41463889006.0,,,,90,,0.0,0.0,,аксесоар,,DATABASE_EVIDENCE
VivaPlast,3051,Viva Alum.,ШНАПЕР,4,4,0.0,0.0,54413329117.0,,,,90,,0.0,0.0,,аксесоар,,DATABASE_EVIDENCE
VivaPlast,3052,Viva Plast,ПАНТА,4,4,0.0,0.0,81463139202.0,,,,90,,0.0,0.0,,аксесоар,,DATABASE_EVIDENCE
VivaPlast,3053,Viva Alum.,ПАНТА,4,4,0.0,0.0,37413269467.0,,,,90,,0.0,0.0,,аксесоар,,DATABASE_EVIDENCE
VivaPlast,3054,Viva Alum.,СГЛОБКА ГАБИ ,4,4,0.0,0.0,34433839533.0,,,,90,,0.0,0.0,,аксесоар,,DATABASE_EVIDENCE
VivaPlast,3055,Viva Alum.,КИТ ,4,4,0.0,0.0,67443789494.0,,,,90,,0.0,0.0,,аксесоар,,DATABASE_EVIDENCE
VivaPlast,3056,Viva Alum.,ДРЪЖКА ЗА ВРАТА ,4,4,0.0,0.0,37483699477.0,,,,90,,0.0,0.0,,аксесоар,,DATABASE_EVIDENCE
VivaPlast,3057,Viva Alum.,ДРЪЖКА ЗА ВРАТА,4,4,0.0,0.0,44433389178.0,,,,90,,0.0,0.0,,аксесоар,,DATABASE_EVIDENCE
VivaPlast,3058,Viva Alum.,ДРЪЖКА ЗА ПРОЗОРЕЦ,4,4,0.0,0.0,18473819533.0,,,,90,,0.0,0.0,,аксесоар,,DATABASE_EVIDENCE
VivaPlast,3059,Viva Alum.,ДРЪЖКА ЗА ПРОЗОРЕЦ ,4,4,0.0,0.0,83443889837.0,,,,90,,0.0,0.0,,аксесоар,,DATABASE_EVIDENCE
VivaPlast,306,Viva Plast,227354,4,4,0.0,0.0,90863632824.0,ROTO NT,,,90,,0.0,0.0,,аксесоар,,DATABASE_EVIDENCE
VivaPlast,309,Viva Plast,245363,4,4,0.0,0.0,32843132208.0,ROTO NT,,,90,,0.0,0.0,,аксесоар,,DATABASE_EVIDENCE
VivaPlast,310,Viva Plast,250828,4,4,0.0,0.0,43063002403.0,ROTO NT,,,90,,0.0,0.0,,аксесоар,,DATABASE_EVIDENCE
VivaPlast,311,Viva Plast,245760,4,4,0.0,0.0,48053612842.0,ROTO NT,,,90,,0.0,0.0,,аксесоар,,DATABASE_EVIDENCE
VivaPlast,312,Viva Plast,262004,4,4,0.0,0.0,25073322658.0,ROTO NT,,,90,,0.0,0.0,,аксесоар,,DATABASE_EVIDENCE
VivaPlast,313,Viva Plast,262005,4,4,0.0,0.0,27013502943.0,ROTO NT,,,90,,0.0,0.0,,аксесоар,,DATABASE_EVIDENCE
VivaPlast,319,Viva Plast,231123,4,4,0.0,0.0,55053192368.0,ROTO NT,,,90,,0.0,0.0,,аксесоар,,DATABASE_EVIDENCE
VivaPlast,320,Viva Plast,331488,4,4,0.0,0.0,83253142635.0,ROTO NT,,,90,,0.0,0.0,,аксесоар,,DATABASE_EVIDENCE
VivaPlast,321,Viva Plast,230639,4,4,0.0,0.0,52263462375.0,ROTO NT,,,90,,0.0,0.0,,аксесоар,,DATABASE_EVIDENCE
VivaPlast,322,Viva Plast,230640,4,4,0.0,0.0,62283772637.0,ROTO NT,,,90,,0.0,0.0,,аксесоар,,DATABASE_EVIDENCE
VivaPlast,323,Viva Plast,230178,4,4,0.0,0.0,82213482743.0,ROTO NT,,,90,,0.0,0.0,,аксесоар,,DATABASE_EVIDENCE
VivaPlast,324,Viva Plast,230177,4,4,0.0,0.0,43213372620.0,ROTO NT,,,90,,0.0,0.0,,аксесоар,,DATABASE_EVIDENCE
VivaPlast,325,Viva Plast,230179,4,4,0.0,0.0,38223352928.0,ROTO NT,,,90,,0.0,0.0,,аксесоар,,DATABASE_EVIDENCE
VivaPlast,326,Viva Plast,230180,4,4,0.0,0.0,19253652577.0,ROTO NT,,,90,,0.0,0.0,,аксесоар,,DATABASE_EVIDENCE
VivaPlast,330,Viva Plast,264019,4,4,0.0,0.0,91413762733.0,ROTO NT,,,90,,0.0,0.0,,аксесоар,,DATABASE_EVIDENCE
VivaPlast,333,Viva Plast,264015,4,4,0.0,0.0,66473222823.0,ROTO NT,,,90,,0.0,0.0,,аксесоар,,DATABASE_EVIDENCE
VivaPlast,339,Viva Plast,332686,4,4,0.0,0.0,91483762906.0,ROTO NT,,,90,,0.0,0.0,,аксесоар,,DATABASE_EVIDENCE
VivaPlast,340,Viva Plast,250725,4,4,0.0,0.0,70663422097.0,ROTO NT,,,90,,0.0,0.0,,аксесоар,,DATABASE_EVIDENCE
VivaPlast,370,Viva Plast,331485,4,4,0.0,0.0,2223322764.0,ROTO NT,,,90,,0.0,0.0,,аксесоар,,DATABASE_EVIDENCE
VivaPlast,378,Viva Plast,385031,4,4,0.0,0.0,1223942750.0,ROTO NT,,,90,,0.0,0.0,,аксесоар,,DATABASE_EVIDENCE
VivaPlast,379,Viva Plast,256020,4,4,0.0,0.0,88233812522.0,ROTO NT,,,90,,0.0,0.0,,аксесоар,,DATABASE_EVIDENCE
VivaPlast,380,Viva Plast,260464,4,4,0.0,0.0,21483872204.0,ROTO NT,,,90,,0.0,0.0,,аксесоар,,DATABASE_EVIDENCE
VivaPlast,3809,,Доб. за врата с праг,4,4,0.0,0.0,51083049861.0,,,,90,,0.0,0.0,,аксесоар,,DATABASE_EVIDENCE
VivaPlast,3811,Viva alum.,Обръщаш профил,4,4,0.0,0.0,75223549645.0,,,,90,,0.0,0.0,,аксесоар,,DATABASE_EVIDENCE
VivaPlast,3812,Viva alum.,Летящ кемпфер,4,4,0.0,0.0,48243659812.0,,,,90,,0.0,0.0,,аксесоар,,DATABASE_EVIDENCE
VivaPlast,3813,Viva alum.,Колона 90*,4,4,0.0,0.0,81293309512.0,,,,90,,0.0,0.0,,аксесоар,,DATABASE_EVIDENCE
VivaPlast,3814,Viva alum.,Тръба ф40,4,4,0.0,0.0,5293929628.0,,,,90,,0.0,0.0,,аксесоар,,DATABASE_EVIDENCE
VivaPlast,3815,Viva alum.,Адаптор ,4,4,0.0,0.0,36223919684.0,,,,90,,0.0,0.0,,аксесоар,,DATABASE_EVIDENCE
VivaPlast,3816,Viva alum.,Стъклодържател 24 mm,4,4,0.0,0.0,18263319570.0,,,,90,,0.0,0.0,,аксесоар,,DATABASE_EVIDENCE
VivaPlast,3817,Viva alum.,Стъклодържател 20 mm,4,4,0.0,0.0,5243589146.0,,,,90,,0.0,0.0,,аксесоар,,DATABASE_EVIDENCE
VivaPlast,3818,Viva alum.,Стъклодържател 10 mm,4,4,0.0,0.0,65203249264.0,,,,90,,0.0,0.0,,аксесоар,,DATABASE_EVIDENCE
VivaPlast,3819,Viva alum.,Стъклодържател 6 mm,4,4,0.0,0.0,12213249213.0,,,,90,,0.0,0.0,,аксесоар,,DATABASE_EVIDENCE
VivaPlast,3820,Viva alum.,Стъклодържател 0 mm,4,4,0.0,0.0,26463659533.0,,,,90,,0.0,0.0,,аксесоар,,DATABASE_EVIDENCE
VivaPlast,3821,Viva alum.,vodobran,4,4,0.0,0.0,14413639412.0,,,,90,,0.0,0.0,,аксесоар,,DATABASE_EVIDENCE
VivaPlast,3824,Viva alum.,Лет.кемпфер евро,4,4,0.0,0.0,16463619721.0,,,,90,,0.0,0.0,,аксесоар,,DATABASE_EVIDENCE
VivaPlast,3825,Viva alum.,rigla,4,4,0.0,0.0,61443429525.0,,,,90,,0.0,0.0,,аксесоар,,DATABASE_EVIDENCE
VivaPlast,3826,Viva alum.,Добавка за лет.врата,4,4,0.0,0.0,21423789305.0,,,,90,,0.0,0.0,,аксесоар,,DATABASE_EVIDENCE
VivaPlast,3827,Viva alum.,pervaz 32 mm,4,4,0.0,0.0,55453719625.0,,,,45,,0.0,0.0,,аксесоар,,DATABASE_EVIDENCE
VivaPlast,3828,Viva alum.,pervaz 52 mm,4,4,0.0,0.0,57473519785.0,,,,45,,0.0,0.0,,аксесоар,,DATABASE_EVIDENCE
VivaPlast,3829,Viva alum.,pervaz 77 mm,4,4,0.0,0.0,21483639848.0,,,,45,,0.0,0.0,,аксесоар,,DATABASE_EVIDENCE
VivaPlast,3831,,Свързващ профил,4,4,0.0,0.0,48683799092.0,AKSESOARI VIVA,,,90,,0.0,0.0,,аксесоар,,DATABASE_EVIDENCE
VivaPlast,3836,,Ст.държ.32мм ТВО55 ,4,4,0.0,0.0,85633739012.0,,,,90,,0.0,0.0,,аксесоар,,DATABASE_EVIDENCE
VivaPlast,3837,,СТ.ДЪРЖ.24ММ ТВО70,4,4,0.0,0.0,56673629382.0,,,,90,,0.0,0.0,,аксесоар,,DATABASE_EVIDENCE
VivaPlast,400,Viva Plast,230491,4,4,0.0,0.0,27004782686.0,ROTO NT,,,90,,0.0,0.0,,аксесоар,,DATABASE_EVIDENCE
VivaPlast,401,Viva Plast,230252,4,4,0.0,0.0,47034562130.0,ROTO NT,,,90,,0.0,0.0,,аксесоар,,DATABASE_EVIDENCE
VivaPlast,402,Viva Plast,212718,4,4,0.0,0.0,22034772875.0,ROTO NT,,,90,,0.0,0.0,,аксесоар,,DATABASE_EVIDENCE
VivaPlast,403,Viva Plast,212719,4,4,0.0,0.0,41034242836.0,ROTO NT,,,90,,0.0,0.0,,аксесоар,,DATABASE_EVIDENCE
VivaPlast,404,Viva Plast,332693,4,4,0.0,0.0,12064052974.0,ROTO NT,,,90,,0.0,0.0,,аксесоар,,DATABASE_EVIDENCE
VivaPlast,405,Viva Plast,230426,4,4,0.0,0.0,56034392623.0,ROTO NT,,,90,,0.0,0.0,,аксесоар,,DATABASE_EVIDENCE
VivaPlast,406,Viva Plast,258926,4,4,0.0,0.0,34084842442.0,ROTO NT,,,90,,0.0,0.0,,аксесоар,,DATABASE_EVIDENCE
VivaPlast,407,Viva Plast,230469,4,4,0.0,0.0,58024172544.0,ROTO NT,,,90,,0.0,0.0,,аксесоар,,DATABASE_EVIDENCE
VivaPlast,408,Viva Plast,230470,4,4,0.0,0.0,39034232228.0,ROTO NT,,,90,,0.0,0.0,,аксесоар,,DATABASE_EVIDENCE
VivaPlast,409,Viva Plast,264344,4,4,0.0,0.0,22034072176.0,ROTO NT,,,90,,0.0,0.0,,аксесоар,,DATABASE_EVIDENCE
VivaPlast,410,Viva Plast,264345,4,4,0.0,0.0,29204012117.0,ROTO NT,,,90,,0.0,0.0,,аксесоар,,DATABASE_EVIDENCE
VivaPlast,411,Viva Plast,230205,4,4,0.0,0.0,46204592731.0,ROTO NT,,,90,,0.0,0.0,,аксесоар,,DATABASE_EVIDENCE
VivaPlast,412,Viva Plast,230231,4,4,0.0,0.0,28264522534.0,ROTO NT,,,90,,0.0,0.0,,аксесоар,,DATABASE_EVIDENCE
VivaPlast,413,Viva Plast,230232,4,4,0.0,0.0,73214682636.0,ROTO NT,,,90,,0.0,0.0,,аксесоар,,DATABASE_EVIDENCE
VivaPlast,414,Viva Plast,213044,4,4,0.0,0.0,65214282126.0,ROTO NT,,,90,,0.0,0.0,,аксесоар,,DATABASE_EVIDENCE
VivaPlast,415,Viva Plast,230314,4,4,0.0,0.0,54244402721.0,ROTO NT,,,90,,0.0,0.0,,аксесоар,,DATABASE_EVIDENCE
VivaPlast,416,Viva Plast,231679,4,4,0.0,0.0,27244882435.0,ROTO NT,,,90,,0.0,0.0,,аксесоар,,DATABASE_EVIDENCE
VivaPlast,420,Viva Plast,230486,4,4,0.0,0.0,56434232588.0,ROTO NT,,,90,,0.0,0.0,,аксесоар,,DATABASE_EVIDENCE
VivaPlast,421,Viva Plast,230247,4,4,0.0,0.0,88484542674.0,ROTO NT,,,90,,0.0,0.0,,аксесоар,,DATABASE_EVIDENCE
VivaPlast,422,Viva Plast,231673,4,4,0.0,0.0,17414772720.0,ROTO NT,,,90,,0.0,0.0,,аксесоар,,DATABASE_EVIDENCE
VivaPlast,423,Viva Plast,231674,4,4,0.0,0.0,64424452048.0,ROTO NT,,,90,,0.0,0.0,,аксесоар,,DATABASE_EVIDENCE
VivaPlast,424,Viva Plast,348154,4,4,0.0,0.0,21454882257.0,ROTO NT,,,90,,0.0,0.0,,аксесоар,,DATABASE_EVIDENCE
VivaPlast,425,Viva Plast,230421,4,4,0.0,0.0,29414172187.0,ROTO NT,,,90,,0.0,0.0,,аксесоар,,DATABASE_EVIDENCE
VivaPlast,426,Viva Plast,258922,4,4,0.0,0.0,56464622144.0,ROTO NT,,,90,,0.0,0.0,,аксесоар,,DATABASE_EVIDENCE
VivaPlast,427,Viva Plast,230459,4,4,0.0,0.0,15464182669.0,ROTO NT,,,90,,0.0,0.0,,аксесоар,,DATABASE_EVIDENCE
VivaPlast,428,Viva Plast,230460,4,4,0.0,0.0,83464552767.0,ROTO NT,,,90,,0.0,0.0,,аксесоар,,DATABASE_EVIDENCE
VivaPlast,429,Viva Plast,264346,4,4,0.0,0.0,24434772769.0,ROTO NT,,,90,,0.0,0.0,,аксесоар,,DATABASE_EVIDENCE
VivaPlast,430,Viva Plast,264347,4,4,0.0,0.0,37674212127.0,ROTO NT,,,90,,0.0,0.0,,аксесоар,,DATABASE_EVIDENCE
VivaPlast,431,Viva Plast,230200,4,4,0.0,0.0,70654182522.0,ROTO NT,,,90,,0.0,0.0,,аксесоар,,DATABASE_EVIDENCE
VivaPlast,432,Viva Plast,230221,4,4,0.0,0.0,22604322625.0,ROTO NT,,,90,,0.0,0.0,,аксесоар,,DATABASE_EVIDENCE
VivaPlast,433,Viva Plast,230222,4,4,0.0,0.0,31624642756.0,ROTO NT,,,90,,0.0,0.0,,аксесоар,,DATABASE_EVIDENCE
VivaPlast,434,Viva Plast,213045,4,4,0.0,0.0,88624252846.0,ROTO NT,,,90,,0.0,0.0,,аксесоар,,DATABASE_EVIDENCE
VivaPlast,435,Viva Plast,230309,4,4,0.0,0.0,25644232123.0,ROTO NT,,,90,,0.0,0.0,,аксесоар,,DATABASE_EVIDENCE
VivaPlast,436,Viva Plast,231680,4,4,0.0,0.0,44644282146.0,ROTO NT,,,90,,0.0,0.0,,аксесоар,,DATABASE_EVIDENCE
VivaPlast,440,Viva Plast,230487,4,4,0.0,0.0,76844762534.0,ROTO NT,,,90,,0.0,0.0,,аксесоар,,DATABASE_EVIDENCE
VivaPlast,441,Viva Plast,230248,4,4,0.0,0.0,67844932845.0,ROTO NT,,,90,,0.0,0.0,,аксесоар,,DATABASE_EVIDENCE
VivaPlast,442,Viva Plast,212722,4,4,0.0,0.0,88884532496.0,ROTO NT,,,90,,0.0,0.0,,аксесоар,,DATABASE_EVIDENCE
VivaPlast,443,Viva Plast,212723,4,4,0.0,0.0,98864332355.0,ROTO NT,,,90,,0.0,0.0,,аксесоар,,DATABASE_EVIDENCE
VivaPlast,444,Viva Plast,348175,4,4,0.0,0.0,864222347.0,ROTO NT,,,90,,0.0,0.0,,аксесоар,,DATABASE_EVIDENCE
VivaPlast,445,Viva Plast,230422,4,4,0.0,0.0,82814332330.0,ROTO NT,,,90,,0.0,0.0,,аксесоар,,DATABASE_EVIDENCE
VivaPlast,446,Viva Plast,258923,4,4,0.0,0.0,99874372047.0,ROTO NT,,,90,,0.0,0.0,,аксесоар,,DATABASE_EVIDENCE
VivaPlast,447,Viva Plast,230461,4,4,0.0,0.0,33814542557.0,ROTO NT,,,90,,0.0,0.0,,аксесоар,,DATABASE_EVIDENCE
VivaPlast,448,Viva Plast,230462,4,4,0.0,0.0,59854812481.0,ROTO NT,,,90,,0.0,0.0,,аксесоар,,DATABASE_EVIDENCE
VivaPlast,449,Viva Plast,264350,4,4,0.0,0.0,10814452526.0,ROTO NT,,,90,,0.0,0.0,,аксесоар,,DATABASE_EVIDENCE
VivaPlast,450,Viva Plast,264351,4,4,0.0,0.0,94054342993.0,ROTO NT,,,90,,0.0,0.0,,аксесоар,,DATABASE_EVIDENCE
VivaPlast,451,Viva Plast,230201,4,4,0.0,0.0,74064822267.0,ROTO NT,,,90,,0.0,0.0,,аксесоар,,DATABASE_EVIDENCE
VivaPlast,452,Viva Plast,230223,4,4,0.0,0.0,61064922192.0,ROTO NT,,,90,,0.0,0.0,,аксесоар,,DATABASE_EVIDENCE
VivaPlast,453,Viva Plast,230224,4,4,0.0,0.0,79084282747.0,ROTO NT,,,90,,0.0,0.0,,аксесоар,,DATABASE_EVIDENCE
VivaPlast,454,Viva Plast,213046,4,4,0.0,0.0,41094622657.0,ROTO NT,,,90,,0.0,0.0,,аксесоар,,DATABASE_EVIDENCE
VivaPlast,455,Viva Plast,230310,4,4,0.0,0.0,81084542513.0,ROTO NT,,,90,,0.0,0.0,,аксесоар,,DATABASE_EVIDENCE
VivaPlast,460,Viva Plast,329188,4,4,0.0,0.0,84274442564.0,ROTO NT,,,90,,0.0,0.0,,аксесоар,,DATABASE_EVIDENCE
VivaPlast,461,Viva Plast,329179,4,4,0.0,0.0,18214712382.0,ROTO NT,,,90,,0.0,0.0,,аксесоар,,DATABASE_EVIDENCE
VivaPlast,462,Viva Plast,329195,4,4,0.0,0.0,57264412346.0,ROTO NT,,,90,,0.0,0.0,,аксесоар,,DATABASE_EVIDENCE
VivaPlast,463,Viva Plast,329196,4,4,0.0,0.0,81234522807.0,ROTO NT,,,90,,0.0,0.0,,аксесоар,,DATABASE_EVIDENCE
VivaPlast,465,Viva Plast,329189,4,4,0.0,0.0,66254272223.0,ROTO NT,,,90,,0.0,0.0,,аксесоар,,DATABASE_EVIDENCE
VivaPlast,466,Viva Plast,329190,4,4,0.0,0.0,74254132383.0,ROTO NT,,,90,,0.0,0.0,,аксесоар,,DATABASE_EVIDENCE
VivaPlast,467,Viva Plast,329191,4,4,0.0,0.0,82234602264.0,ROTO NT,,,90,,0.0,0.0,,аксесоар,,DATABASE_EVIDENCE
VivaPlast,468,Viva Plast,329192,4,4,0.0,0.0,32284722345.0,ROTO NT,,,90,,0.0,0.0,,аксесоар,,DATABASE_EVIDENCE
VivaPlast,469,Viva Plast,329193,4,4,0.0,0.0,15254592374.0,ROTO NT,,,90,,0.0,0.0,,аксесоар,,DATABASE_EVIDENCE
VivaPlast,470,Viva Plast,329194,4,4,0.0,0.0,84474222365.0,ROTO NT,,,90,,0.0,0.0,,аксесоар,,DATABASE_EVIDENCE
VivaPlast,471,Viva Plast,329180,4,4,0.0,0.0,71464272667.0,ROTO NT,,,90,,0.0,0.0,,аксесоар,,DATABASE_EVIDENCE
VivaPlast,472,Viva Plast,329181,4,4,0.0,0.0,62404352364.0,ROTO NT,,,90,,0.0,0.0,,аксесоар,,DATABASE_EVIDENCE
VivaPlast,473,Viva Plast,329182,4,4,0.0,0.0,97444312052.0,ROTO NT,,,90,,0.0,0.0,,аксесоар,,DATABASE_EVIDENCE
VivaPlast,474,Viva Plast,329892,4,4,0.0,0.0,17454282416.0,ROTO NT,,,90,,0.0,0.0,,аксесоар,,DATABASE_EVIDENCE
VivaPlast,475,Viva Plast,329183,4,4,0.0,0.0,54414442020.0,ROTO NT,,,90,,0.0,0.0,,аксесоар,,DATABASE_EVIDENCE
VivaPlast,5001,VIVA-AL,COLONA - FASADA- 65 mm,3,19,50.0,0.0,7845211178.0,,,,45,,0.0,0.0,,Фасада колона,,DATABASE_EVIDENCE
VivaPlast,5002,VIVA-AL,Colona FASADA- 115,3,19,50.0,0.0,43805581764.0,,,,45,,0.0,0.0,,Фасада колона,,DATABASE_EVIDENCE
VivaPlast,5003,VIVA-AL,Ригел малък,3,20,50.0,0.0,61835121860.0,,,,45,,0.0,0.0,,Фасада ригел,,DATABASE_EVIDENCE
VivaPlast,5004,VIVA-AL,Ригел среден,3,20,50.0,0.0,78855071478.0,,,,45,,0.0,0.0,,Фасада ригел,,DATABASE_EVIDENCE
VivaPlast,5005,VIVA-AL,Ригел голям,3,20,50.0,0.0,17885561803.0,,,,45,,0.0,0.0,,Фасада ригел,,DATABASE_EVIDENCE
VivaPlast,5006,VIVA-AL,Подкапачка,4,4,0.0,0.0,8875341713.0,,,,90,,0.0,0.0,,аксесоар,,DATABASE_EVIDENCE
VivaPlast,5007,VIVA-AL,Декоративна капачка,4,4,0.0,0.0,2895891132.0,,,,90,,0.0,0.0,,аксесоар,,DATABASE_EVIDENCE
VivaPlast,5009,,Дистанционер,4,4,0.0,0.0,72855261337.0,,,,90,,0.0,0.0,,аксесоар,,DATABASE_EVIDENCE
VivaPlast,5010,,Ключ за дистанционер,4,4,0.0,0.0,11085311043.0,,,,90,,0.0,0.0,,аксесоар,,DATABASE_EVIDENCE
VivaPlast,5011,,Носач са стъкло 24мм,4,4,0.0,0.0,11045651236.0,,,,90,,0.0,0.0,,аксесоар,,DATABASE_EVIDENCE
VivaPlast,5012,VIVA AL,ЩИПКА ЗА КОНЗОЛА,4,4,0.0,0.0,50005521337.0,,,,90,,0.0,0.0,,аксесоар,,DATABASE_EVIDENCE
VivaPlast,5013,VIVA AL.,КОНЗОЛА,4,4,0.0,0.0,2075911723.0,,,,90,,0.0,0.0,,аксесоар,,DATABASE_EVIDENCE
VivaPlast,5014,,Свързващ профил,4,4,0.0,0.0,63015551825.0,,,,90,,0.0,0.0,,аксесоар,,DATABASE_EVIDENCE
VivaPlast,5015,VIVA-AL,Colona FASADA-157мм.,3,19,50.0,0.0,65511537.0,,,,45,,0.0,0.0,,Фасада колона,,DATABASE_EVIDENCE
VivaPlast,5018,VIVA-AL,Colona FASADA-157мм.,3,19,50.0,0.0,72015371761.0,,,,90,,0.0,0.0,,Фасада колона,,DATABASE_EVIDENCE
VivaPlast,5032,,Носач са стъкло 28мм,4,4,0.0,0.0,76485301331.0,,,,90,,0.0,0.0,,аксесоар,,DATABASE_EVIDENCE
VivaPlast,5033,,Носач са стъкло 32мм,4,4,0.0,0.0,83435261553.0,,,,90,,0.0,0.0,,аксесоар,,DATABASE_EVIDENCE
VivaPlast,5034,,Носач са стъкло 38мм,4,4,0.0,0.0,32415101024.0,,,,90,,0.0,0.0,,аксесоар,,DATABASE_EVIDENCE
VivaPlast,5506,,,4,4,0.0,0.0,5805941769.0,,,,90,,0.0,0.0,,аксесоар,,DATABASE_EVIDENCE
VivaPlast,5507,,Ал.праг термо,4,4,0.0,0.0,63855321014.0,,,,90,,0.0,0.0,,аксесоар,,DATABASE_EVIDENCE
VivaPlast,5508,,,4,4,0.0,0.0,48815451453.0,,,,90,,0.0,0.0,,аксесоар,,DATABASE_EVIDENCE
VivaPlast,5509,,,4,4,0.0,0.0,25835321728.0,,,,90,,0.0,0.0,,аксесоар,,DATABASE_EVIDENCE
VivaPlast,5510,,,4,4,0.0,0.0,67035741557.0,,,,90,,0.0,0.0,,аксесоар,,DATABASE_EVIDENCE
VivaPlast,5511,,ТРЪБА ТВО55,4,4,0.0,0.0,80045961249.0,,,,90,,0.0,0.0,,аксесоар,,DATABASE_EVIDENCE
VivaPlast,5512,,АДАПТЕР ЗА ТРЪБА,4,4,0.0,0.0,68005291740.0,AKSESOARI VIVA,,,90,,0.0,0.0,,аксесоар,,DATABASE_EVIDENCE
VivaPlast,5513,,АДАПТЕР ЗА ТРЪБА,4,4,0.0,0.0,37015261358.0,AKSESOARI VIVA,,,90,,0.0,0.0,,аксесоар,,DATABASE_EVIDENCE
VivaPlast,5516,Viva alum.,Лет. кемпфер евро,4,4,0.0,0.0,27065531520.0,,,,90,,0.0,0.0,,аксесоар,,DATABASE_EVIDENCE
VivaPlast,5x1,,Израв.ъгъл малък,4,4,0.0,0.0,85615332363.0,,,,90,,0.0,0.0,,аксесоар,,DATABASE_EVIDENCE
VivaPlast,600,Viva Plast,338021,4,4,0.0,0.0,78486582829.0,ROTO NT,,,90,,0.0,0.0,,аксесоар,,DATABASE_EVIDENCE
VivaPlast,660,Viva Plast,260546,4,4,0.0,0.0,87616722728.0,ROTO NT,,,90,,0.0,0.0,,аксесоар,,DATABASE_EVIDENCE
VivaPlast,680,Viva Plast,260538,4,4,0.0,0.0,93076432802.0,ROTO NT,,,90,,0.0,0.0,,аксесоар,,DATABASE_EVIDENCE
VivaPlast,681,Viva Plast,260539,4,4,0.0,0.0,15036402488.0,ROTO NT,,,90,,0.0,0.0,,аксесоар,,DATABASE_EVIDENCE
VivaPlast,682,Viva Plast,257600,4,4,0.0,0.0,47036532936.0,ROTO NT,,,90,,0.0,0.0,,аксесоар,,DATABASE_EVIDENCE
VivaPlast,700,Viva Plast,245715,4,4,0.0,0.0,42697172344.0,ROTO NT,,,90,,0.0,0.0,,аксесоар,,DATABASE_EVIDENCE
VivaPlast,7006,VIVA ALUM.,Лет.кемпфер ТВО70,4,4,0.0,0.0,31227413801.0,,,,90,,0.0,0.0,,аксесоар,,DATABASE_EVIDENCE
VivaPlast,701,Viva Plast,245717,4,4,0.0,0.0,667262822.0,ROTO NT,,,90,,0.0,0.0,,аксесоар,,DATABASE_EVIDENCE
VivaPlast,7012,VIVA ALUM.,Адаптер за тръба,4,4,0.0,0.0,94497193466.0,,,,90,,0.0,0.0,,аксесоар,,DATABASE_EVIDENCE
VivaPlast,7016,VIVA ALUM.,Лет.кемпф.евро ТВО70,4,4,0.0,0.0,38427323540.0,,,,90,,0.0,0.0,,аксесоар,,DATABASE_EVIDENCE
VivaPlast,702,Viva Plast,245719,4,4,0.0,0.0,80667652749.0,ROTO NT,,,90,,0.0,0.0,,аксесоар,,DATABASE_EVIDENCE
VivaPlast,703,Viva Plast,245721,4,4,0.0,0.0,96687812088.0,ROTO NT,,,90,,0.0,0.0,,аксесоар,,DATABASE_EVIDENCE
VivaPlast,704,Viva Plast,245723,4,4,0.0,0.0,75647482445.0,ROTO NT,,,90,,0.0,0.0,,аксесоар,,DATABASE_EVIDENCE
VivaPlast,705,Viva Plast,245725,4,4,0.0,0.0,85667242432.0,ROTO NT,,,90,,0.0,0.0,,аксесоар,,DATABASE_EVIDENCE
VivaPlast,706,Viva Plast,245727,4,4,0.0,0.0,77677172044.0,ROTO NT,,,90,,0.0,0.0,,аксесоар,,DATABASE_EVIDENCE
VivaPlast,707,Viva Plast,245728,4,4,0.0,0.0,31647442104.0,ROTO NT,,,90,,0.0,0.0,,аксесоар,,DATABASE_EVIDENCE
VivaPlast,708,Viva Plast,245729,4,4,0.0,0.0,28647482387.0,ROTO NT,,,90,,0.0,0.0,,аксесоар,,DATABASE_EVIDENCE
VivaPlast,709,Viva Plast,245730,4,4,0.0,0.0,61697942435.0,ROTO NT,,,90,,0.0,0.0,,аксесоар,,DATABASE_EVIDENCE
VivaPlast,710,Viva Plast,245731,4,4,0.0,0.0,51837652610.0,ROTO NT,,,90,,0.0,0.0,,аксесоар,,DATABASE_EVIDENCE
VivaPlast,711,Viva Plast,245732,4,4,0.0,0.0,53827732474.0,ROTO NT,,,90,,0.0,0.0,,аксесоар,,DATABASE_EVIDENCE
VivaPlast,712,Viva Plast,245716,4,4,0.0,0.0,72867282418.0,ROTO NT,,,90,,0.0,0.0,,аксесоар,,DATABASE_EVIDENCE
VivaPlast,713,Viva Plast,245718,4,4,0.0,0.0,82867612844.0,ROTO NT,,,90,,0.0,0.0,,аксесоар,,DATABASE_EVIDENCE
VivaPlast,714,Viva Plast,245720,4,4,0.0,0.0,69877582263.0,ROTO NT,,,90,,0.0,0.0,,аксесоар,,DATABASE_EVIDENCE
VivaPlast,715,Viva Plast,245722,4,4,0.0,0.0,91887982233.0,ROTO NT,,,90,,0.0,0.0,,аксесоар,,DATABASE_EVIDENCE
VivaPlast,716,Viva Plast,245724,4,4,0.0,0.0,74867682924.0,ROTO NT,,,90,,0.0,0.0,,аксесоар,,DATABASE_EVIDENCE
VivaPlast,717,Viva Plast,245726,4,4,0.0,0.0,16857222886.0,ROTO NT,,,90,,0.0,0.0,,аксесоар,,DATABASE_EVIDENCE
VivaPlast,718,Viva Plast,245734,4,4,0.0,0.0,48897752727.0,ROTO NT,,,90,,0.0,0.0,,аксесоар,,DATABASE_EVIDENCE
VivaPlast,719,Viva Plast,245736,4,4,0.0,0.0,10887182676.0,ROTO NT,,,90,,0.0,0.0,,аксесоар,,DATABASE_EVIDENCE
VivaPlast,720,Viva Plast,245733,4,4,0.0,0.0,61017062149.0,ROTO NT,,,90,,0.0,0.0,,аксесоар,,DATABASE_EVIDENCE
VivaPlast,721,Viva Plast,245735,4,4,0.0,0.0,73017682785.0,ROTO NT,,,90,,0.0,0.0,,аксесоар,,DATABASE_EVIDENCE
VivaPlast,ЕД.КАСА 2801,,ЕДИНИЧНА КАСА ПЛЪЗГАНЕ 2801,1,1,38.0,0.0,38049259790.0,,,,45,,0.0,0.0,,каса,Frame,DATABASE_EVIDENCE
VivaPlast,ДВ.КАСА 2802,ДВОЙН.КАСА,ДВОЙНА КАСА ПЛЪЗГАНЕ 2802,1,1,38.0,0.0,31498238338.0,,,,45,,0.0,0.0,,каса,Frame,DATABASE_EVIDENCE
VivaPlast,ЕД.КАСА ПЛ.2814,,,1,1,38.0,0.0,73468232390.0,,,,45,,0.0,0.0,,каса,Frame,DATABASE_EVIDENCE
VivaPlast,АДАПТЕР 63100,Viva Plast,АДАПТЕР ЗА ТРЪБА,4,4,0.0,0.0,18227186856.0,VIVA PLAST,,,90,,0.0,0.0,,аксесоар,,DATABASE_EVIDENCE
VivaPlast,ДЕЛ.ГОЛЯМ 5523,,ГОЛЯМ ДЕЛИТЕЛ ЗА ТВО55,3,3,45.0,22.0,66286065304.0,,,,45,,0.0,0.0,,делител,,DATABASE_EVIDENCE
VivaPlast,ДЕЛ.ГОЛЯМ7023,,ГОЛЯМ ДЕЛИТЕЛ ЗА ТВО 70,3,3,45.0,22.0,98281218217.0,,,,45,,0.0,0.0,,делител,,DATABASE_EVIDENCE
VivaPlast,ДЕЛ.МАЛЪК 3806,,Делител малък студен  AL 3806,3,3,19.0,22.0,65611255880.0,,,,45,,0.0,0.0,,делител,,DATABASE_EVIDENCE
VivaPlast,ДЕЛ.ПЛ. 2804,,Делител плъзгане 2804,3,3,61.0,0.0,62834516405.0,,,,45,,0.0,0.0,,делител,,DATABASE_EVIDENCE
VivaPlast,ДЕЛ.ПЛ.2813,,ДЕЛИТЕЛ ЗА S28 С КАНАЛ ЗА ЕДИН.СТЪКЛО,3,3,29.0,16.0,88680296756.0,,,,45,,0.0,0.0,,делител,,DATABASE_EVIDENCE
VivaPlast,ДЕЛ.ТЕРМО 5505,,Делител термо 5505,3,3,32.0,22.0,53618300736.0,,,,45,,0.0,0.0,,делител,,DATABASE_EVIDENCE
VivaPlast,ДЕЛ.ТЕРМО 7005,VIVA ALUM.,ДЕЛИТЕЛ ТЕРМО ТВО70,3,3,32.0,22.0,67090130836.0,,,,45,,0.0,0.0,,делител,,DATABASE_EVIDENCE
VivaPlast,ДЕЛИТЕЛ  3807,,Делител студен  AL 3807,3,3,32.0,22.0,81012148747.0,,,,45,,0.0,0.0,,делител,,DATABASE_EVIDENCE
VivaPlast,ДЕЛИТЕЛ 3к63050,Viva Plast,ДЕЛИТЕЛ 3к.,3,3,40.0,20.0,45827821473.0,VIVA PLAST,,,45,,0.0,0.0,,делител,,DATABASE_EVIDENCE
VivaPlast,ДЕЛИТЕЛ 4к64050,Viva Plast,ДЕЛИТЕЛ 4к.,3,3,40.0,20.0,32248411211.0,VIVA PLAST,,,45,,0.0,0.0,,делител,,DATABASE_EVIDENCE
VivaPlast,ДЕЛИТЕЛ 5к75050,Viva Plast,ДЕЛИТЕЛ 5к.,3,3,44.0,20.0,16890851853.0,VIVA PLAST,,,45,,0.0,0.0,,делител,,DATABASE_EVIDENCE
VivaPlast,ДЕЛИТЕЛ 7к87050,Viva Plast,ДЕЛИТЕЛ 7 КАМЕРЕН,3,3,48.0,29.0,92843681218.0,VIVA PLAST,,,45,,0.0,0.0,,делител,,DATABASE_EVIDENCE
VivaPlast,AC 01,,Израв.ъгъл голям,4,4,0.0,0.0,72459843676.0,,,,90,,0.0,0.0,,аксесоар,,DATABASE_EVIDENCE
VivaPlast,ВРАТА Т 3к63070,Viva Plast,ВРАТА НАВЪН 3/4к.,2,2,80.0,20.0,83653626856.0,VIVA PLAST,,,45,,0.0,0.0,,крило,Wing,DATABASE_EVIDENCE
VivaPlast,ВРАТА Т 5к75070,Viva Plast,ВРАТА НАВЪН 5к.,2,2,67.0,20.0,51666626866.0,VIVA PLAST,,,45,,0.0,0.0,,крило,Wing,DATABASE_EVIDENCE
VivaPlast,ВРАТА Т 7004,VIVA ALUM.,,2,2,72.0,0.0,43265232893.0,,,,45,,0.0,0.0,,крило,Wing,DATABASE_EVIDENCE
VivaPlast,ВРАТА Т ЕВ.7019,VIVA ALUM.,Крило за врата навън за сис-ма ТВО 70. Е,2,2,72.0,0.0,17841446665.0,,,,45,,0.0,0.0,,крило,Wing,DATABASE_EVIDENCE
VivaPlast,ВРАТА Z 3к63060,Viva Plast,ВРАТА НАВЪТРЕ 3/4к.,2,2,80.0,20.0,43403026988.0,VIVA PLAST,,,45,,0.0,0.0,,крило,Wing,DATABASE_EVIDENCE
VivaPlast,ВРАТА Z 5к75060,Viva Plast,ВРАТА НАВЪТРЕ 5к.,2,2,67.0,20.0,38486516371.0,VIVA PLAST,,,45,,0.0,0.0,,крило,Wing,DATABASE_EVIDENCE
VivaPlast,ВРАТА Z 7003,VIVA ALUM.,,2,2,72.0,0.0,73275962136.0,,,,45,,0.0,0.0,,крило,Wing,DATABASE_EVIDENCE
VivaPlast,ВРАТА Z ЕВ.7018,VIVA AL.,Крило за врата навътре . С евроканал.,2,2,72.0,0.0,11851426572.0,,,,45,,0.0,0.0,,крило,Wing,DATABASE_EVIDENCE
VivaPlast,Дръжка прозорец,Viva Plast,Дръжка прозорец,4,4,0.0,0.0,60245404722.0,OBKOV RAZNI,,,90,,0.0,0.0,,аксесоар,,DATABASE_EVIDENCE
VivaPlast,винт 4.8х40мм,,Винт делител,4,4,0.0,0.0,75816324402.0,,,,90,,0.0,0.0,,аксесоар,,DATABASE_EVIDENCE
VivaPlast,винт-обков,Viva Plast,винт-обков,4,4,0.0,0.0,39415871324.0,KREPEJI,,,90,,0.0,0.0,,аксесоар,,DATABASE_EVIDENCE
VivaPlast,винт-метал,Viva Plast,винт-метал,4,4,0.0,0.0,97659165814.0,KREPEJI,,,90,,0.0,0.0,,аксесоар,,DATABASE_EVIDENCE
VivaPlast,винт-монтаж,Viva Plast,винт-монтаж,4,4,0.0,0.0,62860164673.0,KREPEJI,,,90,,0.0,0.0,,аксесоар,,DATABASE_EVIDENCE
VivaPlast,АЛУМИНИЕВ ПРАГ,Viva Plast,ПРАГ PVC ВРАТА 3/4к,4,4,0.0,0.0,32006146565.0,AKSESOARI VIVA,,,90,,0.0,0.0,,аксесоар,,DATABASE_EVIDENCE
VivaPlast,Водобран 1007,VIVA AL.,Водобран 150мм,4,4,0.0,0.0,40253953682.0,,,,90,,0.0,0.0,,аксесоар,,DATABASE_EVIDENCE
VivaPlast,Водобран 1008,VIVA AL.,Водобран 170мм,4,4,0.0,0.0,16213263885.0,,,,90,,0.0,0.0,,аксесоар,,DATABASE_EVIDENCE
VivaPlast,Водобран 1009,VIVA AL.,Водобран 190мм,4,4,0.0,0.0,7223883766.0,,,,90,,0.0,0.0,,аксесоар,,DATABASE_EVIDENCE
VivaPlast,Водобран 1014,VIVA AL.,Водобран 210мм,4,4,0.0,0.0,54443163876.0,,,,90,,0.0,0.0,,аксесоар,,DATABASE_EVIDENCE
VivaPlast,ГОЛ.КАСА 5522,,ГОЛЯМА КАСА ЗА ТВО55,1,1,50.0,0.0,63656301454.0,,,,45,,0.0,0.0,,каса,Frame,DATABASE_EVIDENCE
VivaPlast,ГОЛ.КАСА 7022,,ГОЛЯМА КАСА ЗА ТВО70,1,1,50.0,0.0,16081913622.0,,,,45,,0.0,0.0,,каса,Frame,DATABASE_EVIDENCE
VivaPlast,ДЪРЖАЧ 63090,Viva Plast,СТЪКЛОД.,4,4,0.0,0.0,14871964507.0,VIVA PLAST,,,45,,0.0,0.0,,аксесоар,,DATABASE_EVIDENCE
VivaPlast,ДЪРЖАЧ 75090,Viva Plast,СТЪКЛОД.24мм-5к.,4,4,0.0,0.0,60473174660.0,VIVA PLAST,,,45,,0.0,0.0,,аксесоар,,DATABASE_EVIDENCE
VivaPlast,B01,,Четка 10 мм.,4,4,0.0,0.0,25808882927.0,,,,90,,0.0,0.0,,аксесоар,,DATABASE_EVIDENCE
VivaPlast,B02,,ЧЕТКА 6мм.,4,4,0.0,0.0,23858382628.0,,,,90,,0.0,0.0,,аксесоар,,DATABASE_EVIDENCE
VivaPlast,Л.КЕМПФЕР 63080,Viva Plast,ЛЕТЯЩ КЕМПФЕР 3/4к.,4,4,0.0,0.0,38493282111.0,VIVA PLAST,,,90,,0.0,0.0,,аксесоар,,DATABASE_EVIDENCE
VivaPlast,Л.КЕМПФЕР 74080,Viva Plast,ЛЕТЯЩ КЕМПФЕР 5к.,4,4,0.0,0.0,17884362422.0,VIVA PLAST,,,90,,0.0,0.0,,аксесоар,,DATABASE_EVIDENCE
VivaPlast,Л.КЕМПФЕР 87080,Viva Plast,ЛЕТЯЩ КЕМПФЕР7к.,4,4,0.0,0.0,64645622516.0,VIVA PLAST,,,90,,0.0,0.0,,аксесоар,,DATABASE_EVIDENCE
VivaPlast,КАПАЧКА ПЛЪЗ.,,КАПАЧКА ПЛЪЗГАНЕ,4,4,0.0,0.0,86273387122.0,,,,90,,0.0,0.0,,аксесоар,,DATABASE_EVIDENCE
VivaPlast,Капачка ППД,Viva Plast,Капачка ППД,4,4,0.0,0.0,1041858883.0,AKSESOARI VIVA,,,90,,0.0,0.0,,аксесоар,,DATABASE_EVIDENCE
VivaPlast,КАСА 3801,Станд.каса,Стандартна каса студен AL.,1,1,35.0,0.0,35431732286.0,,,,45,,0.0,0.0,,каса,Frame,DATABASE_EVIDENCE
VivaPlast,КАСА 3к 63020,Viva Plast,КАСА МАЛКА 3к. ,1,1,38.0,0.0,39441787345.0,VIVA PLAST,,,45,,0.0,0.0,,каса,Frame,DATABASE_EVIDENCE
VivaPlast,КАСА 3к 63030,Viva Plast,КАСА ГОЛЯМА 3к. ,1,1,48.0,0.0,43611117225.0,VIVA PLAST,,,45,,0.0,0.0,,каса,Frame,DATABASE_EVIDENCE
VivaPlast,КАСА 4к 64020,Viva Plast,КАСА МАЛКА 4к.,1,1,38.0,0.0,66891748168.0,VIVA PLAST,,,45,,0.0,0.0,,каса,Frame,DATABASE_EVIDENCE
VivaPlast,КАСА 4к 64030,Viva Plast,КАСА ГОЛЯМА 4к. ,1,1,48.0,0.0,61071358350.0,VIVA PLAST,,,45,,0.0,0.0,,каса,Frame,DATABASE_EVIDENCE
VivaPlast,КАСА 5к 75030,Viva Plast,КАСА 5к.,1,1,44.0,0.0,57682379621.0,VIVA PLAST,,,45,,0.0,0.0,,каса,Frame,DATABASE_EVIDENCE
VivaPlast,КАСА 7001,VIVA ALUM.,,1,1,36.0,0.0,41633542445.0,VIVA PLAST,,,45,,0.0,0.0,,каса,Frame,DATABASE_EVIDENCE
VivaPlast,КАСА 7к87030,Viva Plast,КАСА 7 КАМЕРНА,1,1,50.0,0.0,74214156963.0,VIVA PLAST,,,45,,0.0,0.0,,каса,Frame,DATABASE_EVIDENCE
VivaPlast,Каса клапа 5020,,Каса за клапа за CW 50.За силиконова фуг,1,1,55.0,16.0,61491143157.0,,,,45,,0.0,0.0,,каса,Frame,DATABASE_EVIDENCE
VivaPlast,КАСА КЛАПА 5022,,Каса за клапа за CW 50.,1,1,55.0,16.0,96215277878.0,,,,45,,0.0,0.0,,каса,Frame,DATABASE_EVIDENCE
VivaPlast,КАСА МАЛКА 3822,viva-al,,1,1,25.0,0.0,28817766907.0,,,,45,,0.0,0.0,,каса,Frame,DATABASE_EVIDENCE
VivaPlast,КАСА ТЕРМО 5501,,,1,1,36.0,0.0,52651765872.0,,,,45,,0.0,0.0,,каса,Frame,DATABASE_EVIDENCE
VivaPlast,КР.ЕВР.ТЕР.5514,,Проз.крило с евро канал 73мм за ТВО 55,2,2,51.0,0.0,54446261805.0,,,,45,,0.0,0.0,,крило,Wing,DATABASE_EVIDENCE
VivaPlast,КР.ЕВР.ТЕР.5517,VIVA Alum.,Прозоречно крило с евроканал(84мм) за ТВ,2,2,62.0,0.0,75416481313.0,,,,45,,0.0,0.0,,крило,Wing,DATABASE_EVIDENCE
VivaPlast,КР.ВР. ВЪН.3805,,КРИЛО ВРАТА НА ВЪН СТУДЕН AL.3805,2,2,72.0,0.0,23890781016.0,,,,45,,0.0,0.0,,крило,Wing,DATABASE_EVIDENCE
VivaPlast,КР.ВР.ВЪТ.3804,,КРИЛО ВРАТА НАВЪТРЕ СТУДЕН AL.3804,2,2,72.0,0.0,46483884041.0,,,,45,,0.0,0.0,,крило,Wing,DATABASE_EVIDENCE
VivaPlast,КР.ВР.СРЕД.3803,,КРИЛО ВРАТА НАВЪТРЕ СРЕДНО СТУДЕН AL.380,2,2,51.0,0.0,88086629706.0,,,,45,,0.0,0.0,,крило,Wing,DATABASE_EVIDENCE
VivaPlast,КР.ВТР.ТЕР.5503,,КРИЛО ВРАТА НАВЪТРЕ ТЕРМО AL.5503,2,2,72.0,0.0,49832178159.0,,,,45,,0.0,0.0,,крило,Wing,DATABASE_EVIDENCE
VivaPlast,КР.ВЪН ТЕР.5504,,КРИЛО ВРАТА НАВЪН ТЕРМО AL. 5504,2,2,72.0,0.0,72066574886.0,,,,45,,0.0,0.0,,крило,Wing,DATABASE_EVIDENCE
VivaPlast,КР.ПР.ЕВРО 7014,VIVA ALUM.,,2,2,51.0,0.0,97283480764.0,,,,45,,0.0,0.0,,крило,Wing,DATABASE_EVIDENCE
VivaPlast,КР.ПР.ЕВРО.3823,,КРИЛО ПРОЗОРЕЦ С ЕВРО КАНАЛ СТУДЕН AL. 3,2,2,48.0,0.0,2095300278.0,,,,45,,0.0,0.0,,крило,Wing,DATABASE_EVIDENCE
VivaPlast,КР.ПР.СРЕД.7017,VIVA ALUM.,,2,2,62.0,0.0,48048362513.0,,,,45,,0.0,0.0,,крило,Wing,DATABASE_EVIDENCE
VivaPlast,КР.ПР.ТЕРМО5502,,КРИЛО ПРОЗОРЕЦ ТЕРМО AL. 5502,2,2,51.0,0.0,33275241945.0,,,,45,,0.0,0.0,,крило,Wing,DATABASE_EVIDENCE
VivaPlast,КРИЛО 3к63040,Viva Plast,КРИЛО П-Ц 3к.,2,2,38.0,20.0,42213475257.0,VIVA PLAST,,,45,,0.0,0.0,,крило,Wing,DATABASE_EVIDENCE
VivaPlast,КРИЛО 4к64040,Viva Plast,КРИЛО П-Ц 4к.,2,2,38.0,20.0,32634407555.0,VIVA PLAST,,,45,,0.0,0.0,,крило,Wing,DATABASE_EVIDENCE
VivaPlast,КРИЛО 5к75040,Viva Plast,КРИЛО П-Ц 5к.,2,2,38.0,20.0,9216939990.0,VIVA PLAST,,,45,,0.0,0.0,,крило,Wing,DATABASE_EVIDENCE
VivaPlast,КРИЛО 6к76040,Viva Plast,КРИЛО П-Ц 6к.,2,2,38.0,20.0,25617771406.0,VIVA PLAST,,,45,,0.0,0.0,,крило,Wing,DATABASE_EVIDENCE
VivaPlast,КРИЛО 7к87040,Viva Plast,КРИЛО 7 камерно,2,2,38.0,20.0,36229033846.0,VIVA PLAST,,,45,,0.0,0.0,,крило,Wing,DATABASE_EVIDENCE
VivaPlast,КРИЛО ПР.3802,,КРИЛО ПРОЗОРЕЦ СТУДЕН AL. 3802,2,2,40.0,0.0,35469811733.0,,,,45,,0.0,0.0,,крило,Wing,DATABASE_EVIDENCE
VivaPlast,КРИЛО ПРОЗ.7002,VIVA ALUM.,,2,2,51.0,0.0,61617159635.0,,,,45,,0.0,0.0,,крило,Wing,DATABASE_EVIDENCE
VivaPlast,КРИЛО ПЛ.2803,,КРИЛО ПЛЪЗГАНЕ 2803 ЗА СТ.ПАКЕТ 20ММ.,2,2,45.0,16.0,5219250676.0,,,,45,,0.0,0.0,,крило,Wing,DATABASE_EVIDENCE
VivaPlast,КРИЛО ПЛ.2812,,КРИЛО ПЛЪЗГАЩО С КАНАЛ ЗА ЕД.СТЪКЛО,2,2,45.0,16.0,91489150936.0,,,,45,,0.0,0.0,,крило,Wing,DATABASE_EVIDENCE
VivaPlast,КРИЛО Т ЕВ.5519,VIVA ALUM.,Крило за врата навън с евроканал за ТВО ,2,2,72.0,0.0,22066817425.0,,,,45,,0.0,0.0,,крило,Wing,DATABASE_EVIDENCE
VivaPlast,КРИЛО Z ЕВ.5518,VIVA ALUM.,Крило за врата навътре за ТВО 55.С еврок,2,2,72.0,0.0,89096847833.0,,,,45,,0.0,0.0,,крило,Wing,DATABASE_EVIDENCE
VivaPlast,КЛАПА 5021,,"Клапа за CW50 ,малка.",2,2,51.0,0.0,92861570870.0,,,,45,,0.0,0.0,,крило,Wing,DATABASE_EVIDENCE
VivaPlast,КЛАПА 5023,,Клапа за CW 50.Голяма,2,2,65.0,0.0,72871720742.0,,,,45,,0.0,0.0,,крило,Wing,DATABASE_EVIDENCE
VivaPlast,Колона 90* 7010,,,4,4,0.0,0.0,57476292660.0,,,,90,,0.0,0.0,,аксесоар,,DATABASE_EVIDENCE
VivaPlast,КОЛОНА 90*3813,VIVA Alum,КОЛОНА 90*,4,4,0.0,0.0,94833260911.0,VIVA PLAST,,,90,,0.0,0.0,,аксесоар,,DATABASE_EVIDENCE
VivaPlast,КОЛОНА 90г75130,Viva Plast,КОЛОНА 90 ГРАДУСА,4,4,0.0,0.0,52226835232.0,VIVA PLAST,,,90,,0.0,0.0,,аксесоар,,DATABASE_EVIDENCE
VivaPlast,fitil kom,,,4,4,0.0,0.0,27265045499.0,,,,90,,0.0,0.0,,аксесоар,,DATABASE_EVIDENCE
VivaPlast,Fuji 2000,VIVA Alum.,Изравнит.сглобка,4,4,0.0,0.0,71298163851.0,,,,90,,0.0,0.0,,аксесоар,,DATABASE_EVIDENCE
VivaPlast,G01,,Чакаща гума,4,4,0.0,0.0,33893242182.0,,,,90,,0.0,0.0,,аксесоар,,DATABASE_EVIDENCE
VivaPlast,G02,,Набивна гума,4,4,0.0,0.0,24853312237.0,,,,90,,0.0,0.0,,аксесоар,,DATABASE_EVIDENCE
VivaPlast,G03,,Гума тръбичка,4,4,0.0,0.0,65893882303.0,,,,90,,0.0,0.0,,аксесоар,,DATABASE_EVIDENCE
VivaPlast,G04,,Средна гума студ. AL,4,4,0.0,0.0,21863402214.0,,,,90,,0.0,0.0,,аксесоар,,DATABASE_EVIDENCE
VivaPlast,G05,,Средна гума ТВО55,4,4,0.0,0.0,42843742672.0,,,,90,,0.0,0.0,,аксесоар,,DATABASE_EVIDENCE
VivaPlast,G06,,,4,4,0.0,0.0,25823602024.0,,,,90,,0.0,0.0,,аксесоар,,DATABASE_EVIDENCE
VivaPlast,G07,VIVA-AL,,4,4,0.0,0.0,53853562869.0,,,,90,,0.0,0.0,,аксесоар,,DATABASE_EVIDENCE
VivaPlast,G08,,Средна гума за ТВО70,4,4,0.0,0.0,23853492154.0,,,,90,,0.0,0.0,,аксесоар,,DATABASE_EVIDENCE
VivaPlast,ОБР.ПР. 3811,,,1,1,28.0,0.0,61440156887.0,,,,45,,0.0,0.0,,каса,Frame,DATABASE_EVIDENCE
VivaPlast,Панта лет.врата,Viva Alum.,,4,4,0.0,0.0,13017208904.0,,,,90,,0.0,0.0,,аксесоар,,DATABASE_EVIDENCE
VivaPlast,Пета за колона,VIVA-AL,,4,21,0.0,0.0,28686741123.0,,,,90,,0.0,0.0,,Фасада монт. планка,,DATABASE_EVIDENCE
VivaPlast,МЕТАЛ 203020,Viva Plast,МАЛКА КАСА/Л.КЕМПФ,4,4,0.0,0.0,37040844696.0,ARMIROVKA,,,90,,0.0,0.0,,аксесоар,,DATABASE_EVIDENCE
VivaPlast,МЕТАЛ 263026,Viva Plast,"КАСИ,КРИЛА и 5кVIVA",4,4,0.0,0.0,46260184033.0,ARMIROVKA,,,90,,0.0,0.0,,аксесоар,,DATABASE_EVIDENCE
VivaPlast,МЕТАЛ 302630,Viva Plast,"ДЕЛИТЕЛ""П""-ОБРАЗЕН",4,4,0.0,0.0,37450785284.0,ARMIROVKA,,,90,,0.0,0.0,,аксесоар,,DATABASE_EVIDENCE
VivaPlast,МЕТАЛ 30263026,Viva Plast,ДЕЛИТЕЛ/ГОЛЯМА КАСА,4,4,0.0,0.0,11071749478.0,ARMIROVKA,,,90,,0.0,0.0,,аксесоар,,DATABASE_EVIDENCE
VivaPlast,МЕТАЛ 30303030,Viva Plast,ЗА КОЛОНА 90 градуса,4,4,0.0,0.0,80272133256.0,ARMIROVKA,,,90,,0.0,0.0,,аксесоар,,DATABASE_EVIDENCE
VivaPlast,МЕТАЛ 42304230,Viva Plast,КРИЛО ВРАТА 5к.,4,4,0.0,0.0,16464814444.0,ARMIROVKA,,,90,,0.0,0.0,,аксесоар,,DATABASE_EVIDENCE
VivaPlast,МЕТАЛ 573057,Viva Plast,КРИЛО ВРАТА 3/4к.,4,4,0.0,0.0,14643467291.0,ARMIROVKA,,,90,,0.0,0.0,,аксесоар,,DATABASE_EVIDENCE
VivaPlast,МЕТАЛ Ф40,Viva Plast,ЗА PVC ТРЪБА Ф40,4,4,0.0,0.0,56481534243.0,ARMIROVKA,,,90,,0.0,0.0,,аксесоар,,DATABASE_EVIDENCE
VivaPlast,МЕТАЛ263026-1.5,Viva Plast,"КАСИ,КРИЛА и 5кVIVA",4,4,0.0,0.0,20634848249.0,ARMIROVKA,Armirovka,,90,,0.0,0.0,,аксесоар,,DATABASE_EVIDENCE
VivaPlast,Праг 3810,Viva alum.,Алумин.праг,4,4,0.0,0.0,18211432325.0,,,,90,,0.0,0.0,,аксесоар,,DATABASE_EVIDENCE
VivaPlast,Праг термо 5507,,Праг термо ,4,4,0.0,0.0,81245329247.0,,,,90,,0.0,0.0,,аксесоар,,DATABASE_EVIDENCE
VivaPlast,ПРАГ ТЕРМО 7007,,Алумин.праг за ТВО70,4,4,0.0,0.0,13464113541.0,,,,90,,0.0,0.0,,аксесоар,,DATABASE_EVIDENCE
VivaPlast,ППД 150мм,Viva Plast,PVC ДЪСКА 150мм,4,4,0.0,0.0,84672387681.0,VIVA PLAST,,,90,,0.0,0.0,,аксесоар,,DATABASE_EVIDENCE
VivaPlast,ППД 200мм,Viva Plast,PVC ДЪСКА 200мм,4,4,0.0,0.0,72873747992.0,VIVA PLAST,,,90,,0.0,0.0,,аксесоар,,DATABASE_EVIDENCE
VivaPlast,ППД 250мм,Viva Plast,PVC ДЪСКА 250мм,4,4,0.0,0.0,27893347350.0,VIVA PLAST,,,90,,0.0,0.0,,аксесоар,,DATABASE_EVIDENCE
VivaPlast,ППД 300мм,Viva Plast,PVC ДЪСКА 300мм,4,4,0.0,0.0,19004557886.0,VIVA PLAST,,,90,,0.0,0.0,,аксесоар,,DATABASE_EVIDENCE
VivaPlast,ПОД.ГОЛЯМ 3838,,ГОЛЯМ ПОДОВ ПРОФИЛ ЗА OS 038,3,3,108.0,22.0,21278446186.0,,,,45,,0.0,0.0,,делител,,DATABASE_EVIDENCE
VivaPlast,ПОД.ТЕРМО 5515,VIVA ALUM.,ПОДОВ ПРОФИЛ ТЕРМО 5515 68 mm,3,3,68.0,0.0,63422911661.0,,,,45,,0.0,0.0,,делител,,DATABASE_EVIDENCE
VivaPlast,ПОД.ТЕРМО 7015,VIVA ALUM.,ПОДОВ ПРОФИЛ ТЕРМО ТВО70,3,3,68.0,0.0,49884621034.0,,,,45,,0.0,0.0,,делител,,DATABASE_EVIDENCE
VivaPlast,подложка,Viva Plast,подложка стъклопакет,4,4,0.0,0.0,93457772306.0,AKSESOARI VIVA,,,90,,0.0,0.0,,аксесоар,,DATABASE_EVIDENCE
VivaPlast,ПОДОВ ПР. 3808,,ПОДОВ ПРОФИЛ СТУДЕН AL 3808,3,3,58.0,0.0,68883390660.0,,,,45,,0.0,0.0,,делител,,DATABASE_EVIDENCE
VivaPlast,Полиамид,,,4,4,0.0,0.0,10828057765.0,,,,90,,0.0,0.0,,аксесоар,,DATABASE_EVIDENCE
VivaPlast,Полиамид-24,,P 24,4,4,0.0,0.0,86485259484.0,,,,90,,0.0,0.0,,аксесоар,,DATABASE_EVIDENCE
VivaPlast,Полиамид-28,,P 28,4,4,0.0,0.0,11475859385.0,,,,90,,0.0,0.0,,аксесоар,,DATABASE_EVIDENCE
VivaPlast,Полиамид-32,ST5,P 32,4,4,0.0,0.0,53675049538.0,,,,90,,0.0,0.0,,аксесоар,,DATABASE_EVIDENCE
VivaPlast,Полиамид-38,ST5,P 38,4,4,0.0,0.0,41625949593.0,,,,90,,0.0,0.0,,аксесоар,,DATABASE_EVIDENCE
VivaPlast,Пяна,Viva Plast,Монтажна пяна,4,4,0.0,0.0,4849025057.0,HIMIQ,,,90,,0.0,0.0,,аксесоар,,DATABASE_EVIDENCE
VivaPlast,klick lock,,,4,4,0.0,0.0,82259982168.0,,,,90,,0.0,0.0,,аксесоар,,DATABASE_EVIDENCE
VivaPlast,kom mreja,,,4,4,0.0,0.0,34828577326.0,,,,90,,0.0,0.0,,аксесоар,,DATABASE_EVIDENCE
VivaPlast,Monticelli 0404,VIVA Alum.,Сглобка за S28,4,4,0.0,0.0,24007887176.0,,,,90,,0.0,0.0,,аксесоар,,DATABASE_EVIDENCE
VivaPlast,Monticelli 0423,VIVA Alum.,Сглобка каса термоAL,4,4,0.0,0.0,33447227937.0,,,,90,,0.0,0.0,,аксесоар,,DATABASE_EVIDENCE
VivaPlast,Monticelli0365s,VIVA Alum.,Сглобка крило TBO 55,4,4,0.0,0.0,63235957952.0,,,,90,,0.0,0.0,,аксесоар,,DATABASE_EVIDENCE
VivaPlast,Monticelli0484s,VIVA Alum.,Сглобка за OS-038 ,4,4,0.0,0.0,39677887920.0,,,,90,,0.0,0.0,,аксесоар,,DATABASE_EVIDENCE
VivaPlast,СВРЪЗКА 63120,Viva Plast,СВРЪЗКА КАСА,4,17,0.0,0.0,65623758923.0,VIVA PLAST,,,90,,0.0,0.0,,Съединителен профил,,DATABASE_EVIDENCE
VivaPlast,Сглобка 3/4кам.,Viva Plast,Сглобка 3/4кам.,4,4,0.0,0.0,8622636549.0,AKSESOARI VIVA,,,90,,0.0,0.0,,аксесоар,,DATABASE_EVIDENCE
VivaPlast,Сглобка 5кам.,Viva Plast,Сглобка 5кам.,4,4,0.0,0.0,92282953161.0,AKSESOARI VIVA,,,90,,0.0,0.0,,аксесоар,,DATABASE_EVIDENCE
VivaPlast,Сглобка AL праг,Viva Plast,Сглобка AL праг,4,4,0.0,0.0,15012055973.0,AKSESOARI VIVA,,,90,,0.0,0.0,,аксесоар,,DATABASE_EVIDENCE
VivaPlast,Сглобка за праг,,За OS-38,4,4,0.0,0.0,35858653358.0,,,,90,,0.0,0.0,,аксесоар,,DATABASE_EVIDENCE
VivaPlast,Тапа 3/4к кемпф,Viva Plast,Тапа 3/4к кемпф,4,4,0.0,0.0,69674561910.0,AKSESOARI VIVA,,,90,,0.0,0.0,,аксесоар,,DATABASE_EVIDENCE
VivaPlast,Тапа 5к кемпфер,Viva Plast,Тапа 5к кемпфер,4,4,0.0,0.0,17881975810.0,,,,90,,0.0,0.0,,аксесоар,,DATABASE_EVIDENCE
VivaPlast,ТАПА РИГЕЛ,VIVA AL.,ТАПА РИГЕЛ,4,4,0.0,0.0,91681180472.0,,,,90,,0.0,0.0,,аксесоар,,DATABASE_EVIDENCE
VivaPlast,ТАПА КЕМП ТЕРМО,,ТАПА КЕМПФ. ТЕРМО,4,4,0.0,0.0,68853569375.0,,,,90,,0.0,0.0,,аксесоар,,DATABASE_EVIDENCE
VivaPlast,ТАПА ЛЕТ.КЕМПФ1,,ТАПА ЛЕТ.КЕМПФ.,4,4,0.0,0.0,54258799634.0,,,,90,,0.0,0.0,,аксесоар,,DATABASE_EVIDENCE
VivaPlast,Тапи л.к. термо,Viva Alum.,,4,4,0.0,0.0,57487018525.0,,,,90,,0.0,0.0,,аксесоар,,DATABASE_EVIDENCE
VivaPlast,Тапи л.к.студен,Viva Alum.,,4,4,0.0,0.0,34285167852.0,,,,90,,0.0,0.0,,аксесоар,,DATABASE_EVIDENCE
VivaPlast,ТРОЙ.КАСА 2815,,ТРОЙНА КАСА ПЛЪЗГАНЕ,1,1,38.0,0.0,86618483422.0,,,,45,,0.0,0.0,,каса,Frame,DATABASE_EVIDENCE
VivaPlast,ТРЪБА 63110,Viva Plast,ПРОФИЛ ТРЪБА 3/4к.,4,4,0.0,0.0,29225525745.0,VIVA PLAST,,,90,,0.0,0.0,,аксесоар,,DATABASE_EVIDENCE
VivaPlast,PC01,,,4,4,0.0,0.0,78062148491.0,,,,90,,0.0,0.0,,аксесоар,,DATABASE_EVIDENCE
VivaPlast,RFS,,kom rolka,4,4,0.0,0.0,62454072327.0,,,,90,,0.0,0.0,,аксесоар,,DATABASE_EVIDENCE
VivaPlast,rolki,VIVA Alum.,Ролка за S28,4,4,0.0,0.0,54054512882.0,,,,90,,0.0,0.0,,аксесоар,,DATABASE_EVIDENCE
VivaPlast,tapa,,,4,4,0.0,0.0,4058724742.0,,,,90,,0.0,0.0,,аксесоар,,DATABASE_EVIDENCE
WeissProfil2018_113,Четка № 18,WP,Четка № 18,4,4,0.0,0.0,38237153804.0,WP,,,90,,0.0,0.0,0.0,Аксесоар,,DATABASE_EVIDENCE
WeissProfil2018_113,"Четка № 5,5",WP,"Четка № 5,5",4,5,0.0,0.0,10090663181.0,WP,,,90,,0.0,0.0,0.0,Летящ делител,,DATABASE_EVIDENCE
WeissProfil2018_113,00120376U,GR10-GIESSE,GIESSE 0120376 Панта FLASH BASE /бр/ сива,4,8,0.0,0.0,45341117988.0,GR10-GIESSE,,,90,,0.0,0.0,0.0,Обков,,DATABASE_EVIDENCE
WeissProfil2018_113,00120410U,GR10-GIESSE,GIESSE 0120410 Панти FLASH BASE /бр/ бяла,4,8,0.0,0.0,92295757175.0,GR10-GIESSE,,,90,,0.0,0.0,0.0,Обков,,DATABASE_EVIDENCE
WeissProfil2018_113,00120500U,GR10-GIESSE,GIESSE 0120500 Панти FLASH BASE /бр/ черна,4,8,0.0,0.0,54244787122.0,GR10-GIESSE,,,90,,0.0,0.0,0.0,Обков,,DATABASE_EVIDENCE
WeissProfil2018_113,00600376N,GR10-GIESSE,GIESSE 0600376 Панта тройна BRIDGE /бр/ сива,4,8,0.0,0.0,13676875389.0,GR10-GIESSE,,,90,,0.0,0.0,0.0,Обков,,DATABASE_EVIDENCE
WeissProfil2018_113,00600410N,GR10-GIESSE,GIESSE 0600410 Панта тройна BRIDGE /бр/ бяла,4,8,0.0,0.0,93530555845.0,GR10-GIESSE,,,90,,0.0,0.0,0.0,Обков,,DATABASE_EVIDENCE
WeissProfil2018_113,00600500N,GR10-GIESSE,GIESSE 0600500 Панта тройна BRIDGE /бр/ черна,4,8,0.0,0.0,27539185877.0,GR10-GIESSE,,,90,,0.0,0.0,0.0,Обков,,DATABASE_EVIDENCE
WeissProfil2018_113,00602376,GR10-GIESSE,,4,8,0.0,0.0,42493275135.0,GR10-GIESSE,,,90,,0.0,0.0,0.0,Обков,,DATABASE_EVIDENCE
WeissProfil2018_113,00602410,GR10-GIESSE,,4,8,0.0,0.0,91903765217.0,GR10-GIESSE,,,90,,0.0,0.0,0.0,Обков,,DATABASE_EVIDENCE
WeissProfil2018_113,00602500,GR10-GIESSE,,4,8,0.0,0.0,73983855768.0,GR10-GIESSE,,,90,,0.0,0.0,0.0,Обков,,DATABASE_EVIDENCE
WeissProfil2018_113,00681376,GR10-GIESSE,GIESSE 0681376 Панта тежки врати CELERA /бр/ сива,4,8,0.0,0.0,53112643087.0,GR10-GIESSE,,,90,,0.0,0.0,0.0,Обков,,DATABASE_EVIDENCE
WeissProfil2018_113,00681410,GR10-GIESSE,GIESSE 0681410 Панта тежки врати CELERA /бр/ бяла,4,8,0.0,0.0,31662713258.0,GR10-GIESSE,,,90,,0.0,0.0,0.0,Обков,,DATABASE_EVIDENCE
WeissProfil2018_113,00681500,GR10-GIESSE,GIESSE 0681500 Панта тежки врати CELERA /бр/ черна,4,8,0.0,0.0,13642533140.0,GR10-GIESSE,,,90,,0.0,0.0,0.0,Обков,,DATABASE_EVIDENCE
WeissProfil2018_113,00700376,GR10-GIESSE,GIESSE 0700376 Панта тежки врати FULCRA /бр/ сива,4,8,0.0,0.0,42392285845.0,GR10-GIESSE,,,90,,0.0,0.0,0.0,Обков,,DATABASE_EVIDENCE
WeissProfil2018_113,00700410,GR10-GIESSE,GIESSE 0700410 Панта тежки врати FULCRA /бр/ бяла,4,8,0.0,0.0,35882625739.0,GR10-GIESSE,,,90,,0.0,0.0,0.0,Обков,,DATABASE_EVIDENCE
WeissProfil2018_113,00700500,GR10-GIESSE,GIESSE 0700500 Панта тежки врати FULCRA /бр/ черна,4,8,0.0,0.0,67812265597.0,GR10-GIESSE,,,90,,0.0,0.0,0.0,Обков,,DATABASE_EVIDENCE
WeissProfil2018_113,00917020,GR10-GIESSE,GIESSE 00917020 Панта за скрит монтаж Flush chic door 160 kg /бр/елоксация,4,8,0.0,0.0,96561276333.0,GR10-GIESSE,,,90,,0.0,0.0,0.0,Обков,,DATABASE_EVIDENCE
WeissProfil2018_113,00920020,GR10-GIESSE,GIESSE 00920020 Панта за скрит монтаж CHIC OVERLAP 160 kg /бр/ елоксация,4,8,0.0,0.0,28914547318.0,GR10-GIESSE,,,90,,0.0,0.0,0.0,Обков,,DATABASE_EVIDENCE
WeissProfil2018_113,00920190,GR10-GIESSE,GIESSE 00920190 Панта за скрит монтаж CHIC OVERLAP 160 kg /бр/,4,8,0.0,0.0,14724917439.0,GR10-GIESSE,,,90,,0.0,0.0,0.0,Обков,,DATABASE_EVIDENCE
WeissProfil2018_113,00957376,GR10-GIESSE,GIESSE 0957376 Дръжка прозорец KORA за нормално отваряне сива,4,8,0.0,0.0,91781640586.0,GR10-GIESSE,,,90,,0.0,0.0,0.0,Обков,,DATABASE_EVIDENCE
WeissProfil2018_113,00957410,GR10-GIESSE,GIESSE 0957410 Дръжка прозорец KORA за нормално отваряне бяла,4,8,0.0,0.0,99231760162.0,GR10-GIESSE,,,90,,0.0,0.0,0.0,Обков,,DATABASE_EVIDENCE
WeissProfil2018_113,00957500,GR10-GIESSE,GIESSE 0957500 Дръжка прозорец KORA за нормално отваряне черна,4,8,0.0,0.0,50201820666.0,GR10-GIESSE,,,90,,0.0,0.0,0.0,Обков,,DATABASE_EVIDENCE
WeissProfil2018_113,00959376,GR10-GIESSE,GIESSE 0959376 Дръжка KORA за двуосов механизъм сива,4,8,0.0,0.0,15973790383.0,GR10-GIESSE,,,90,,0.0,0.0,0.0,Обков,,DATABASE_EVIDENCE
WeissProfil2018_113,00959500,GR10-GIESSE,GIESSE 0959500 Дръжка KORA за двуосов механизъм черна,4,8,0.0,0.0,57473130421.0,GR10-GIESSE,,,90,,0.0,0.0,0.0,Обков,,DATABASE_EVIDENCE
WeissProfil2018_113,01011410,GR10-GIESSE,GIESSE 1011410 Дръжка прозорец с ключ PRIMA KEY за нормално отваряне бяла,4,8,0.0,0.0,49406296671.0,GR10-GIESSE,,,90,,0.0,0.0,0.0,Обков,,DATABASE_EVIDENCE
WeissProfil2018_113,01011б,,АЛ.ДРЖ БЯЛА,4,4,0.0,0.0,84337307942.0,,,,90,,0.0,0.0,0.0,Аксесоар,,DATABASE_EVIDENCE
WeissProfil2018_113,01011к,,АЛ.ДРЖ кафява,4,4,0.0,0.0,88337877735.0,,,,90,,0.0,0.0,0.0,Аксесоар,,DATABASE_EVIDENCE
WeissProfil2018_113,01024410U,GR10-GIESSE,GIESSE 1024410 Дръжка прозорец PRIMA за нормално отваряне бяла,4,8,0.0,0.0,76638737546.0,GR10-GIESSE,,,90,,0.0,0.0,0.0,Обков,,DATABASE_EVIDENCE
WeissProfil2018_113,01024500U,GR10-GIESSE,GIESSE 1024500 Дръжка прозорец PRIMA за нормално отваряне черна,4,8,0.0,0.0,74657677476.0,GR10-GIESSE,,,90,,0.0,0.0,0.0,Обков,,DATABASE_EVIDENCE
WeissProfil2018_113,01039410,GR10-GIESSE,GIESSE 1039 410 Дръжка PRIMA за двуосов механизъм бяло,4,8,0.0,0.0,69464878652.0,GR10-GIESSE,,,90,,0.0,0.0,0.0,Обков,,DATABASE_EVIDENCE
WeissProfil2018_113,01039500,GR10-GIESSE,GIESSE 1039 500 Дръжка PRIMA за двуосов механизъм черно,4,8,0.0,0.0,70454548861.0,GR10-GIESSE,,,90,,0.0,0.0,0.0,Обков,,DATABASE_EVIDENCE
WeissProfil2018_113,01061,GR10-GIESSE,GIESSE 1061 000 Редуктор за PVC дръжка,4,8,0.0,0.0,14937427148.0,GR10-GIESSE,,,90,,0.0,0.0,0.0,Обков,,DATABASE_EVIDENCE
WeissProfil2018_113,01065410,GR10-GIESSE,GIESSE 1065410 Дръжка прозорец с ключ ASIA KEY за нормално отваряне бяла,4,8,0.0,0.0,52350171574.0,GR10-GIESSE,,,90,,0.0,0.0,0.0,Обков,,DATABASE_EVIDENCE
WeissProfil2018_113,01065500,GR10-GIESSE,GIESSE 1065500 Дръжка прозорец с ключ ASIA KEY за нормално отваряне черна,4,8,0.0,0.0,23370541891.0,GR10-GIESSE,,,90,,0.0,0.0,0.0,Обков,,DATABASE_EVIDENCE
WeissProfil2018_113,01076376,GR10-GIESSE,GIESSE 1076376 Дръжка прозорец ASIA за нормално отваряне сива,4,8,0.0,0.0,28081772125.0,GR10-GIESSE,,,90,,0.0,0.0,0.0,Обков,,DATABASE_EVIDENCE
WeissProfil2018_113,01076410,GR10-GIESSE,GIESSE 1076410 Дръжка прозорец ASIA за нормално отваряне бяла,4,8,0.0,0.0,99541382343.0,GR10-GIESSE,,,90,,0.0,0.0,0.0,Обков,,DATABASE_EVIDENCE
WeissProfil2018_113,01076500,GR10-GIESSE,GIESSE 1076500 Дръжка прозорец ASIA за нормално отваряне черна,4,8,0.0,0.0,90551592307.0,GR10-GIESSE,,,90,,0.0,0.0,0.0,Обков,,DATABASE_EVIDENCE
WeissProfil2018_113,01083410,GR10-GIESSE,GIESSE 1083410 Дръжка ASIA за двуосов механизъм бяла,4,8,0.0,0.0,82328383913.0,GR10-GIESSE,,,90,,0.0,0.0,0.0,Обков,,DATABASE_EVIDENCE
WeissProfil2018_113,01083500,GR10-GIESSE,GIESSE 1083500 Дръжка ASIA за двуосов механизъм черна,4,8,0.0,0.0,51328473584.0,GR10-GIESSE,,,90,,0.0,0.0,0.0,Обков,,DATABASE_EVIDENCE
WeissProfil2018_113,01085376,GR10-GIESSE,GIESSE 1085376 Дръжка с ключ ASIA KEY за за двуосов механизъм сива,4,8,0.0,0.0,70010333663.0,GR10-GIESSE,,,90,,0.0,0.0,0.0,Обков,,DATABASE_EVIDENCE
WeissProfil2018_113,01085410,GR10-GIESSE,GIESSE 1085410 Дръжка с ключ ASIA KEY за двуосов механизъм бяла,4,8,0.0,0.0,56530923153.0,GR10-GIESSE,,,90,,0.0,0.0,0.0,Обков,,DATABASE_EVIDENCE
WeissProfil2018_113,01085500,GR10-GIESSE,GIESSE 1085500 Дръжка с ключ ASIA KEY за за двуосов механизъм черна,4,8,0.0,0.0,36560213296.0,GR10-GIESSE,,,90,,0.0,0.0,0.0,Обков,,DATABASE_EVIDENCE
WeissProfil2018_113,01094376,GR10-GIESSE,GIESSE 1094 376 Дръжка EURO за двуосов механизъм сиво,4,8,0.0,0.0,26019744614.0,GR10-GIESSE,,,90,,0.0,0.0,0.0,Обков,,DATABASE_EVIDENCE
WeissProfil2018_113,01094410,GR10-GIESSE,GIESSE 1094 410 Дръжка EURO за двуосов механизъм бяло,4,8,0.0,0.0,74529444226.0,GR10-GIESSE,,,90,,0.0,0.0,0.0,Обков,,DATABASE_EVIDENCE
WeissProfil2018_113,01094500,GR10-GIESSE,GIESSE 1094 500 Дръжка EURO за двуосов механизъм черно,4,8,0.0,0.0,69549554267.0,GR10-GIESSE,,,90,,0.0,0.0,0.0,Обков,,DATABASE_EVIDENCE
WeissProfil2018_113,01175K,GR10-GIESSE,,4,8,0.0,0.0,62478487064.0,GR10-GIESSE,,,90,,0.0,0.0,0.0,Обков,,DATABASE_EVIDENCE
WeissProfil2018_113,0119102410,GR10-GIESSE,,4,8,0.0,0.0,61127544777.0,GR10-GIESSE,,,90,,0.0,0.0,0.0,Обков,,DATABASE_EVIDENCE
WeissProfil2018_113,0119102500,GR10-GIESSE,,4,8,0.0,0.0,68137814427.0,GR10-GIESSE,,,90,,0.0,0.0,0.0,Обков,,DATABASE_EVIDENCE
WeissProfil2018_113,01207,GR10-GIESSE,,4,8,0.0,0.0,76559277733.0,GR10-GIESSE,,,90,,0.0,0.0,0.0,Обков,,DATABASE_EVIDENCE
WeissProfil2018_113,01326000,GR10-GIESSE,GIESSE 1326000 Горен насрещник за заключване за подвижен делител,4,8,0.0,0.0,56824817452.0,GR10-GIESSE,,,90,,0.0,0.0,0.0,Обков,,DATABASE_EVIDENCE
WeissProfil2018_113,01347K,GR10-GIESSE,GIESSE 1347000 K Насрещник,4,8,0.0,0.0,24510177832.0,GR10-GIESSE,,,90,,0.0,0.0,0.0,Обков,,DATABASE_EVIDENCE
WeissProfil2018_113,01348,GR10-GIESSE,,4,8,0.0,0.0,52000627482.0,GR10-GIESSE,,,90,,0.0,0.0,0.0,Обков,,DATABASE_EVIDENCE
WeissProfil2018_113,01704376,GR10-GIESSE,GIESSE 1704376 Аеропланка TWIN CATCH сива,4,8,0.0,0.0,25846175187.0,GR10-GIESSE,,,90,,0.0,0.0,0.0,Обков,,DATABASE_EVIDENCE
WeissProfil2018_113,01704410,GR10-GIESSE,GIESSE 1704410 Аеропланка TWIN CATCH бяла,4,8,0.0,0.0,10366675865.0,GR10-GIESSE,,,90,,0.0,0.0,0.0,Обков,,DATABASE_EVIDENCE
WeissProfil2018_113,01704500,GR10-GIESSE,GIESSE 1704500 Аеропланка TWIN CATCH черна,4,8,0.0,0.0,33366345563.0,GR10-GIESSE,,,90,,0.0,0.0,0.0,Обков,,DATABASE_EVIDENCE
WeissProfil2018_113,01803376,GR10-GIESSE,GIESSE 01803376 Панта тройна PROXIMA /бр/ сива,4,8,0.0,0.0,1816665644.0,GR10-GIESSE,,,90,,0.0,0.0,0.0,Обков,,DATABASE_EVIDENCE
WeissProfil2018_113,01803410,GR10-GIESSE,GIESSE 01803410 Панта тройна PROXIMA /бр/ бяла,4,8,0.0,0.0,44376155545.0,GR10-GIESSE,,,90,,0.0,0.0,0.0,Обков,,DATABASE_EVIDENCE
WeissProfil2018_113,01803500,GR10-GIESSE,GIESSE 01803500 Панта тройна PROXIMA /бр/ черна,4,8,0.0,0.0,8376675610.0,GR10-GIESSE,,,90,,0.0,0.0,0.0,Обков,,DATABASE_EVIDENCE
WeissProfil2018_113,01961,GR10-GIESSE,GIESSE 1961000 Ножица падащо крило 5 степенна /бр/,4,8,0.0,0.0,45836127814.0,GR10-GIESSE,,,90,,0.0,0.0,0.0,Обков,,DATABASE_EVIDENCE
WeissProfil2018_113,01B0K0400K0470MR12-05,GR18-WALA,,4,8,0.0,0.0,45114849389.0,GR18-WALA,,,90,,0.0,0.0,0.0,Обков,,DATABASE_EVIDENCE
WeissProfil2018_113,01B0K0400K0470MR12-16,GR18-WALA,,4,8,0.0,0.0,79294389402.0,GR18-WALA,,,90,,0.0,0.0,0.0,Обков,,DATABASE_EVIDENCE
WeissProfil2018_113,01B0K0400K0470MR12-EV1,GR18-WALA,,4,8,0.0,0.0,59814004011.0,GR18-WALA,,,90,,0.0,0.0,0.0,Обков,,DATABASE_EVIDENCE
WeissProfil2018_113,01B0K0400K0515MR12-EV1,GR18-WALA,,4,8,0.0,0.0,88878618372.0,GR18-WALA,,,90,,0.0,0.0,0.0,Обков,,DATABASE_EVIDENCE
WeissProfil2018_113,01B0K0685K0470MR12-05,GR18-WALA,,4,8,0.0,0.0,21671531644.0,GR18-WALA,,,90,,0.0,0.0,0.0,Обков,,DATABASE_EVIDENCE
WeissProfil2018_113,01B0K0685K0470MR12-16,GR18-WALA,,4,8,0.0,0.0,61781771892.0,GR18-WALA,,,90,,0.0,0.0,0.0,Обков,,DATABASE_EVIDENCE
WeissProfil2018_113,01B0K0685K0470MR12-EV1,GR18-WALA,,4,8,0.0,0.0,12341736273.0,GR18-WALA,,,90,,0.0,0.0,0.0,Обков,,DATABASE_EVIDENCE
WeissProfil2018_113,01B0K0685K0515MR12-05,GR18-WALA,,4,8,0.0,0.0,12675105971.0,GR18-WALA,,,90,,0.0,0.0,0.0,Обков,,DATABASE_EVIDENCE
WeissProfil2018_113,01B0K0685K0515MR12-16,GR18-WALA,,4,8,0.0,0.0,66775635933.0,GR18-WALA,,,90,,0.0,0.0,0.0,Обков,,DATABASE_EVIDENCE
WeissProfil2018_113,01B0K0685K0515MR12-EV1,GR18-WALA,,4,8,0.0,0.0,54325410331.0,GR18-WALA,,,90,,0.0,0.0,0.0,Обков,,DATABASE_EVIDENCE
WeissProfil2018_113,02081376,GR10-GIESSE,"GIESSE 2081 Заключване за подвижен делите MAYA, сиво",4,8,0.0,0.0,23746873433.0,GR10-GIESSE,,,90,,0.0,0.0,0.0,Обков,,DATABASE_EVIDENCE
WeissProfil2018_113,02081410,GR10-GIESSE,"GIESSE 2081 Заключване за подвижен делите MAYA, бяло",4,8,0.0,0.0,52296273227.0,GR10-GIESSE,,,90,,0.0,0.0,0.0,Обков,,DATABASE_EVIDENCE
WeissProfil2018_113,02081500,GR10-GIESSE,"GIESSE 2081 Заключване за подвижен делите MAYA, черно",4,8,0.0,0.0,30266133552.0,GR10-GIESSE,,,90,,0.0,0.0,0.0,Обков,,DATABASE_EVIDENCE
WeissProfil2018_113,02114K,GR10-GIESSE,,4,8,0.0,0.0,80848587025.0,GR10-GIESSE,,,90,,0.0,0.0,0.0,Обков,,DATABASE_EVIDENCE
WeissProfil2018_113,02144000,GR10-GIESSE,GIESSE 2144000 Подов насрещник с капак за заключване за подвижен делител,4,8,0.0,0.0,11760419284.0,GR10-GIESSE,,,90,,0.0,0.0,0.0,Обков,,DATABASE_EVIDENCE
WeissProfil2018_113,02168K,GR10-GIESSE,,4,8,0.0,0.0,66798137345.0,GR10-GIESSE,,,90,,0.0,0.0,0.0,Обков,,DATABASE_EVIDENCE
WeissProfil2018_113,02178,GR10-GIESSE,GIESSE 2178 000 Заключване за подвижен делител комплект,4,8,0.0,0.0,59218137645.0,GR10-GIESSE,,,90,,0.0,0.0,0.0,Обков,,DATABASE_EVIDENCE
WeissProfil2018_113,02198,GR10-GIESSE,GIESSE 2198000 Закопчалка /клипс/ за алуминий,4,8,0.0,0.0,3438877290.0,GR10-GIESSE,,,90,,0.0,0.0,0.0,Обков,,DATABASE_EVIDENCE
WeissProfil2018_113,02234K,GR10-GIESSE,,4,8,0.0,0.0,23189537663.0,GR10-GIESSE,,,90,,0.0,0.0,0.0,Обков,,DATABASE_EVIDENCE
WeissProfil2018_113,02235,GR10-GIESSE,,4,8,0.0,0.0,64949867642.0,GR10-GIESSE,,,90,,0.0,0.0,0.0,Обков,,DATABASE_EVIDENCE
WeissProfil2018_113,02414376,GR10-GIESSE,GIESSE 2414376 Дръжка за врата ASIA сива,4,8,0.0,0.0,72783406618.0,GR10-GIESSE,,,90,,0.0,0.0,0.0,Обков,,DATABASE_EVIDENCE
WeissProfil2018_113,02414410,GR10-GIESSE,GIESSE 2414410 Дръжка за врата ASIA бяла,4,8,0.0,0.0,34243586159.0,GR10-GIESSE,,,90,,0.0,0.0,0.0,Обков,,DATABASE_EVIDENCE
WeissProfil2018_113,02414500,GR10-GIESSE,GIESSE 2414500 Дръжка за врата ASIA черна,4,8,0.0,0.0,17263036065.0,GR10-GIESSE,,,90,,0.0,0.0,0.0,Обков,,DATABASE_EVIDENCE
WeissProfil2018_113,02422376,GR10-GIESSE,GIESSE 2422376 Дръжка за врата MASTER PLUS сива,4,8,0.0,0.0,12691557341.0,GR10-GIESSE,,,90,,0.0,0.0,0.0,Обков,,DATABASE_EVIDENCE
WeissProfil2018_113,02422410,GR10-GIESSE,GIESSE 2422410 Дръжка за врата MASTER PLUS бяла,4,8,0.0,0.0,35151447757.0,GR10-GIESSE,,,90,,0.0,0.0,0.0,Обков,,DATABASE_EVIDENCE
WeissProfil2018_113,02422500,GR10-GIESSE,GIESSE 2422500 Дръжка за врата MASTER PLUS черна,4,8,0.0,0.0,28151707129.0,GR10-GIESSE,,,90,,0.0,0.0,0.0,Обков,,DATABASE_EVIDENCE
WeissProfil2018_113,024310410,GR10-GIESSE,GIESSE 2431410 Розетка за дръжка ASIA квадрат бяла,4,8,0.0,0.0,2962188625.0,GR10-GIESSE,,,90,,0.0,0.0,0.0,Обков,,DATABASE_EVIDENCE
WeissProfil2018_113,02431376,GR10-GIESSE,GIESSE 2431376 Розетка за дръжка ASIA квадрат сива,4,8,0.0,0.0,37630188658.0,GR10-GIESSE,,,90,,0.0,0.0,0.0,Обков,,DATABASE_EVIDENCE
WeissProfil2018_113,02431500,GR10-GIESSE,GIESSE 2431500 Розетка за дръжка ASIA квадрат черна,4,8,0.0,0.0,77170848327.0,GR10-GIESSE,,,90,,0.0,0.0,0.0,Обков,,DATABASE_EVIDENCE
WeissProfil2018_113,02468005,GR10-GIESSE,GIESSE 2468005 Дръжка единична KORA L&S натурална,4,8,0.0,0.0,15637211415.0,GR10-GIESSE,,,90,,0.0,0.0,0.0,Обков,,DATABASE_EVIDENCE
WeissProfil2018_113,02468020,GR10-GIESSE,GIESSE 2468020 Дръжка единична KORA L&S елоксация F1,4,8,0.0,0.0,44857711838.0,GR10-GIESSE,,,90,,0.0,0.0,0.0,Обков,,DATABASE_EVIDENCE
WeissProfil2018_113,02468358,GR10-GIESSE,GIESSE 2468358 Дръжка единична KORA L&S хром сатен,4,8,0.0,0.0,79417671008.0,GR10-GIESSE,,,90,,0.0,0.0,0.0,Обков,,DATABASE_EVIDENCE
WeissProfil2018_113,02468376,GR10-GIESSE,GIESSE 2468376 Дръжка единична KORA L&S сива,4,8,0.0,0.0,36637801594.0,GR10-GIESSE,,,90,,0.0,0.0,0.0,Обков,,DATABASE_EVIDENCE
WeissProfil2018_113,02468410,GR10-GIESSE,GIESSE 2468410 Дръжка единична KORA L&S бяла,4,8,0.0,0.0,42137311442.0,GR10-GIESSE,,,90,,0.0,0.0,0.0,Обков,,DATABASE_EVIDENCE
WeissProfil2018_113,02468500,GR10-GIESSE,GIESSE 2468500 Дръжка единична KORA L&S черна,4,8,0.0,0.0,72197971831.0,GR10-GIESSE,,,90,,0.0,0.0,0.0,Обков,,DATABASE_EVIDENCE
WeissProfil2018_113,02469005,GR10-GIESSE,GIESSE 2469005 Дръжка за патрон единична KORA L&S натурална,4,8,0.0,0.0,75798281688.0,GR10-GIESSE,,,90,,0.0,0.0,0.0,Обков,,DATABASE_EVIDENCE
WeissProfil2018_113,02469020,GR10-GIESSE,GIESSE 2469020 Дръжка за патрон единична KORA L&S елоксация F1,4,8,0.0,0.0,40968501611.0,GR10-GIESSE,,,90,,0.0,0.0,0.0,Обков,,DATABASE_EVIDENCE
WeissProfil2018_113,02469358,GR10-GIESSE,GIESSE 2469358 Дръжка за патрон единична KORA L&S хром сатен,4,8,0.0,0.0,56528781225.0,GR10-GIESSE,,,90,,0.0,0.0,0.0,Обков,,DATABASE_EVIDENCE
WeissProfil2018_113,02469376,GR10-GIESSE,GIESSE 2469376 Дръжка за патрон единична KORA L&S сива,4,8,0.0,0.0,33768771927.0,GR10-GIESSE,,,90,,0.0,0.0,0.0,Обков,,DATABASE_EVIDENCE
WeissProfil2018_113,02469410,GR10-GIESSE,GIESSE 2469410 Дръжка за патрон единична KORA L&S бяла,4,8,0.0,0.0,83258621842.0,GR10-GIESSE,,,90,,0.0,0.0,0.0,Обков,,DATABASE_EVIDENCE
WeissProfil2018_113,02469500,GR10-GIESSE,GIESSE 2469500 Дръжка за патрон единична KORA L&S черна,4,8,0.0,0.0,66258831075.0,GR10-GIESSE,,,90,,0.0,0.0,0.0,Обков,,DATABASE_EVIDENCE
WeissProfil2018_113,02470005,GR10-GIESSE,GIESSE 2470005 Дръжка за патрон двойна KORA L&S натурална,4,8,0.0,0.0,96979732371.0,GR10-GIESSE,,,90,,0.0,0.0,0.0,Обков,,DATABASE_EVIDENCE
WeissProfil2018_113,02470020,GR10-GIESSE,GIESSE 2470020 Дръжка за патрон двойна KORA L&S елоксация F1,4,8,0.0,0.0,65119312423.0,GR10-GIESSE,,,90,,0.0,0.0,0.0,Обков,,DATABASE_EVIDENCE
WeissProfil2018_113,02470358,GR10-GIESSE,GIESSE 2470358 Дръжка за патрон двойна KORA L&S хром сатен,4,8,0.0,0.0,40769272865.0,GR10-GIESSE,,,90,,0.0,0.0,0.0,Обков,,DATABASE_EVIDENCE
WeissProfil2018_113,02470376,GR10-GIESSE,GIESSE 2470376 Дръжка за патрон двойна KORA L&S сива,4,8,0.0,0.0,22959882921.0,GR10-GIESSE,,,90,,0.0,0.0,0.0,Обков,,DATABASE_EVIDENCE
WeissProfil2018_113,02470410,GR10-GIESSE,GIESSE 2470410 Дръжка за патрон двойна KORA L&S бяла,4,8,0.0,0.0,9449342813.0,GR10-GIESSE,,,90,,0.0,0.0,0.0,Обков,,DATABASE_EVIDENCE
WeissProfil2018_113,02470500,GR10-GIESSE,GIESSE 2470500 Дръжка за патрон двойна KORA L&S черна,4,8,0.0,0.0,17429462553.0,GR10-GIESSE,,,90,,0.0,0.0,0.0,Обков,,DATABASE_EVIDENCE
WeissProfil2018_113,02485410,GR10-GIESSE,GIESSE 2485410 Дръжка двустр. с ключ PRIMA PLUS за PVC проз./балк. врата бяла,4,8,0.0,0.0,74064833984.0,GR10-GIESSE,,,90,,0.0,0.0,0.0,Обков,,DATABASE_EVIDENCE
WeissProfil2018_113,02485500,GR10-GIESSE,GIESSE 2485500 Дръжка двустр. с ключ PRIMA PLUS за PVC проз./балк. врата черна,4,8,0.0,0.0,66054563634.0,GR10-GIESSE,,,90,,0.0,0.0,0.0,Обков,,DATABASE_EVIDENCE
WeissProfil2018_113,02491376,GR10-GIESSE,,4,8,0.0,0.0,14210594148.0,GR10-GIESSE,,,90,,0.0,0.0,0.0,Обков,,DATABASE_EVIDENCE
WeissProfil2018_113,02491410,GR10-GIESSE,,4,8,0.0,0.0,16740334624.0,GR10-GIESSE,,,90,,0.0,0.0,0.0,Обков,,DATABASE_EVIDENCE
WeissProfil2018_113,02491500,GR10-GIESSE,,4,8,0.0,0.0,43750584422.0,GR10-GIESSE,,,90,,0.0,0.0,0.0,Обков,,DATABASE_EVIDENCE
WeissProfil2018_113,0273-076489,GR25-GEZE,GEZE 076489 TS5000 Автомат без окомплектовки черен,4,8,0.0,0.0,26486843451.0,GR25-GEZE,,,90,,0.0,0.0,0.0,Обков,,DATABASE_EVIDENCE
WeissProfil2018_113,027333,GR25-GEZE,GEZE 027333 TS5000 Автомат без окомплектовки сив,4,8,0.0,0.0,57524397481.0,GR25-GEZE,,,90,,0.0,0.0,0.0,Обков,,DATABASE_EVIDENCE
WeissProfil2018_113,027335,GR25-GEZE,GEZE 027335 TS5000 Автомат без окомплектовки бял,4,8,0.0,0.0,99544097049.0,GR25-GEZE,,,90,,0.0,0.0,0.0,Обков,,DATABASE_EVIDENCE
WeissProfil2018_113,02792376,GR10-GIESSE,GIESSE 2792376 Дръжка за врата PRIMA PLUS сива,4,8,0.0,0.0,66664324665.0,GR10-GIESSE,,,90,,0.0,0.0,0.0,Обков,,DATABASE_EVIDENCE
WeissProfil2018_113,02792410,GR10-GIESSE,GIESSE 2792410 Дръжка за врата PRIMA PLUS бяла,4,8,0.0,0.0,40154024685.0,GR10-GIESSE,,,90,,0.0,0.0,0.0,Обков,,DATABASE_EVIDENCE
WeissProfil2018_113,02792500,GR10-GIESSE,GIESSE 2792500 Дръжка за врата PRIMA PLUS черна,4,8,0.0,0.0,98154624076.0,GR10-GIESSE,,,90,,0.0,0.0,0.0,Обков,,DATABASE_EVIDENCE
WeissProfil2018_113,0283-119583,GR25-GEZE,GEZE 119583 TS3000 V Автомат без окомплектовки черен,4,8,0.0,0.0,25492457845.0,GR25-GEZE,,,90,,0.0,0.0,0.0,Обков,,DATABASE_EVIDENCE
WeissProfil2018_113,028348,GR25-GEZE,GEZE 028348 TS3000 V Автомат без окомплектовки сив,4,8,0.0,0.0,8785347759.0,GR25-GEZE,,,90,,0.0,0.0,0.0,Обков,,DATABASE_EVIDENCE
WeissProfil2018_113,028350,GR25-GEZE,GEZE 028350 TS3000 V Автомат без окомплектовки бял,4,8,0.0,0.0,75885077452.0,GR25-GEZE,,,90,,0.0,0.0,0.0,Обков,,DATABASE_EVIDENCE
WeissProfil2018_113,0289201410,GR10-GIESSE,GIESSE 2892410 Кликлок с ключ BRIO EVO KEY бяла,4,8,0.0,0.0,63974763201.0,GR10-GIESSE,,,90,,0.0,0.0,0.0,Обков,,DATABASE_EVIDENCE
WeissProfil2018_113,0289201500,GR10-GIESSE,GIESSE 2892500 Кликлок с ключ BRIO EVO KEY черна,4,8,0.0,0.0,12964683437.0,GR10-GIESSE,,,90,,0.0,0.0,0.0,Обков,,DATABASE_EVIDENCE
WeissProfil2018_113,0299202410,GR10-GIESSE,GIESSE 2992410 Кликлок с бутон BRIO EVO бяла,4,8,0.0,0.0,71176524110.0,GR10-GIESSE,,,90,,0.0,0.0,0.0,Обков,,DATABASE_EVIDENCE
WeissProfil2018_113,0333101,GR10-GIESSE,GIESSE 3331000 Език голям за кликлок BRIO EVO,4,8,0.0,0.0,49879728268.0,GR10-GIESSE,,,90,,0.0,0.0,0.0,Обков,,DATABASE_EVIDENCE
WeissProfil2018_113,03336,GR10-GIESSE,GIESSE 3336000 Насрещник голям за кликлок BRIO EVO,4,8,0.0,0.0,81150537398.0,GR10-GIESSE,,,90,,0.0,0.0,0.0,Обков,,DATABASE_EVIDENCE
WeissProfil2018_113,03337,GR10-GIESSE,GIESSE 3337000 Насрещник стандартен за кликлок BRIO EVO,4,8,0.0,0.0,26120707122.0,GR10-GIESSE,,,90,,0.0,0.0,0.0,Обков,,DATABASE_EVIDENCE
WeissProfil2018_113,03955,GR10-GIESSE,,4,8,0.0,0.0,48906967921.0,GR10-GIESSE,,,90,,0.0,0.0,0.0,Обков,,DATABASE_EVIDENCE
WeissProfil2018_113,03978544,GR10-GIESSE,GIESSE 3978544 Стопер сив L&S GS3000,4,8,0.0,0.0,11282422148.0,GR10-GIESSE,,,90,,0.0,0.0,0.0,Обков,,DATABASE_EVIDENCE
WeissProfil2018_113,03978590,GR10-GIESSE,GIESSE 3978590 Стопер черен L&S GS3000,4,8,0.0,0.0,38742192565.0,GR10-GIESSE,,,90,,0.0,0.0,0.0,Обков,,DATABASE_EVIDENCE
WeissProfil2018_113,04012,GR10-GIESSE,,4,8,0.0,0.0,86717677232.0,GR10-GIESSE,,,90,,0.0,0.0,0.0,Обков,,DATABASE_EVIDENCE
WeissProfil2018_113,04014K,GR10-GIESSE,,4,8,0.0,0.0,41927657629.0,GR10-GIESSE,,,90,,0.0,0.0,0.0,Обков,,DATABASE_EVIDENCE
WeissProfil2018_113,04020K,GR10-GIESSE,,4,8,0.0,0.0,87667887597.0,GR10-GIESSE,,,90,,0.0,0.0,0.0,Обков,,DATABASE_EVIDENCE
WeissProfil2018_113,04026K,GR10-GIESSE,,4,8,0.0,0.0,15227457236.0,GR10-GIESSE,,,90,,0.0,0.0,0.0,Обков,,DATABASE_EVIDENCE
WeissProfil2018_113,04027K,GR10-GIESSE,GIESSE 4027000 K Пин за допълнително заключване,4,8,0.0,0.0,41327507874.0,GR10-GIESSE,,,90,,0.0,0.0,0.0,Обков,,DATABASE_EVIDENCE
WeissProfil2018_113,04048,GR10-GIESSE,,4,8,0.0,0.0,5017577430.0,GR10-GIESSE,,,90,,0.0,0.0,0.0,Обков,,DATABASE_EVIDENCE
WeissProfil2018_113,04089,GR10-GIESSE,,4,8,0.0,0.0,36487307741.0,GR10-GIESSE,,,90,,0.0,0.0,0.0,Обков,,DATABASE_EVIDENCE
WeissProfil2018_113,04156005,GR10-GIESSE,GIESSE 4156005 Дръжка прозорец SUPRA 7 ARIA натурална,4,8,0.0,0.0,86232500507.0,GR10-GIESSE,,,90,,0.0,0.0,0.0,Обков,,DATABASE_EVIDENCE
WeissProfil2018_113,04156410,GR10-GIESSE,GIESSE 4156410 Дръжка прозорец SUPRA 7 ARIA бяла,4,8,0.0,0.0,46702370473.0,GR10-GIESSE,,,90,,0.0,0.0,0.0,Обков,,DATABASE_EVIDENCE
WeissProfil2018_113,04156500,GR10-GIESSE,GIESSE 4156500 Дръжка прозорец SUPRA 7 ARIA черна,4,8,0.0,0.0,78732830557.0,GR10-GIESSE,,,90,,0.0,0.0,0.0,Обков,,DATABASE_EVIDENCE
WeissProfil2018_113,042061,GR10-GIESSE,,4,8,0.0,0.0,85229757195.0,GR10-GIESSE,,,90,,0.0,0.0,0.0,Обков,,DATABASE_EVIDENCE
WeissProfil2018_113,042062,GR10-GIESSE,,4,8,0.0,0.0,82279427903.0,GR10-GIESSE,,,90,,0.0,0.0,0.0,Обков,,DATABASE_EVIDENCE
WeissProfil2018_113,042071,GR10-GIESSE,,4,8,0.0,0.0,22339187245.0,GR10-GIESSE,,,90,,0.0,0.0,0.0,Обков,,DATABASE_EVIDENCE
WeissProfil2018_113,042072,GR10-GIESSE,,4,8,0.0,0.0,91359517207.0,GR10-GIESSE,,,90,,0.0,0.0,0.0,Обков,,DATABASE_EVIDENCE
WeissProfil2018_113,04284,GR10-GIESSE,GIESSE 4284 000 Ножица за двуосов механизъм 130 кг 410-700 мм,4,8,0.0,0.0,93639147673.0,GR10-GIESSE,,,90,,0.0,0.0,0.0,Обков,,DATABASE_EVIDENCE
WeissProfil2018_113,04285,GR10-GIESSE,GIESSE 4285 000 Ножица за двуосов механизъм 130 кг 701-1800 мм,4,8,0.0,0.0,69689307648.0,GR10-GIESSE,,,90,,0.0,0.0,0.0,Обков,,DATABASE_EVIDENCE
WeissProfil2018_113,04301K,GR10-GIESSE,,4,8,0.0,0.0,14860827484.0,GR10-GIESSE,,,90,,0.0,0.0,0.0,Обков,,DATABASE_EVIDENCE
WeissProfil2018_113,0431557,GR21-BLAUGELB,"BLAUGELB Дръжка за прозорец FGS1758 10/32 mm 90,  бяла",4,8,0.0,0.0,17633506815.0,GR21-BLAUGELB,,,90,,0.0,0.0,0.0,Обков,,DATABASE_EVIDENCE
WeissProfil2018_113,0431562,GR21-BLAUGELB,"BLAUGELB Дръжка за прозорец FGS1758 10/32 mm 90, 8077 кафява",4,8,0.0,0.0,87783546883.0,GR21-BLAUGELB,,,90,,0.0,0.0,0.0,Обков,,DATABASE_EVIDENCE
WeissProfil2018_113,0431565,GR21-BLAUGELB,"BLAUGELB Дръжка за прозорец FGS1758 10/32 mm 90, F1, сребриста",4,8,0.0,0.0,55743046830.0,GR21-BLAUGELB,,,90,,0.0,0.0,0.0,Обков,,DATABASE_EVIDENCE
WeissProfil2018_113,0431568,GR21-BLAUGELB,"BLAUGELB Дръжка за прозорец FGS1758 10/32 mm 90, F9, титан",4,8,0.0,0.0,51773666437.0,GR21-BLAUGELB,,,90,,0.0,0.0,0.0,Обков,,DATABASE_EVIDENCE
WeissProfil2018_113,0431571,GR21-BLAUGELB,"BLAUGELB Дръжка за прозорец FGS1758 10/32 mm 90, F4 бронзе",4,8,0.0,0.0,57833886776.0,GR21-BLAUGELB,,,90,,0.0,0.0,0.0,Обков,,DATABASE_EVIDENCE
WeissProfil2018_113,0431592,GR21-BLAUGELB,"BLAUGELB Дръжка за прозорец с ключ FGS1758 10/32mm, 90  бяла",4,8,0.0,0.0,5043866067.0,GR21-BLAUGELB,,,90,,0.0,0.0,0.0,Обков,,DATABASE_EVIDENCE
WeissProfil2018_113,0431600,GR21-BLAUGELB,"BLAUGELB Дръжка за прозорец с ключ FGS1758 10/32mm, 90 8077 кафява",4,8,0.0,0.0,88224636902.0,GR21-BLAUGELB,,,90,,0.0,0.0,0.0,Обков,,DATABASE_EVIDENCE
WeissProfil2018_113,0431607,GR21-BLAUGELB,"BLAUGELB Дръжка за прозорец с ключ FGS1758 10/32mm, 90 F1 сребриста",4,8,0.0,0.0,12224426588.0,GR21-BLAUGELB,,,90,,0.0,0.0,0.0,Обков,,DATABASE_EVIDENCE
WeissProfil2018_113,0431612,GR21-BLAUGELB,"BLAUGELB Дръжка за прозорец с ключ FGS1758 10/32mm, 90 F9 титан",4,8,0.0,0.0,68334776126.0,GR21-BLAUGELB,,,90,,0.0,0.0,0.0,Обков,,DATABASE_EVIDENCE
WeissProfil2018_113,0431615,GR21-BLAUGELB,"BLAUGELB Дръжка за прозорец с ключ FGS1758 10/32mm, 90 F4 бронз",4,8,0.0,0.0,85374476314.0,GR21-BLAUGELB,,,90,,0.0,0.0,0.0,Обков,,DATABASE_EVIDENCE
WeissProfil2018_113,04339,GR10-GIESSE,GIESSE 4339 000 Ножица за двуосов механизъм 80 кг 410-1300 мм,4,8,0.0,0.0,17260257251.0,GR10-GIESSE,,,90,,0.0,0.0,0.0,Обков,,DATABASE_EVIDENCE
WeissProfil2018_113,04340,GR10-GIESSE,GIESSE 4340 000 Ножица за двуосов механизъм 80 кг 570-1700 мм,4,8,0.0,0.0,92370377873.0,GR10-GIESSE,,,90,,0.0,0.0,0.0,Обков,,DATABASE_EVIDENCE
WeissProfil2018_113,04352,GR10-GIESSE,GIESSE 4352 000 Ножица за двуосов механизъм 80 кг 350-410 мм,4,8,0.0,0.0,88490147260.0,GR10-GIESSE,,,90,,0.0,0.0,0.0,Обков,,DATABASE_EVIDENCE
WeissProfil2018_113,04362,GR10-GIESSE,,4,8,0.0,0.0,84540097146.0,GR10-GIESSE,,,90,,0.0,0.0,0.0,Обков,,DATABASE_EVIDENCE
WeissProfil2018_113,04363,GR10-GIESSE,,4,8,0.0,0.0,78550717721.0,GR10-GIESSE,,,90,,0.0,0.0,0.0,Обков,,DATABASE_EVIDENCE
WeissProfil2018_113,044001,GR10-GIESSE,,4,8,0.0,0.0,62801427807.0,GR10-GIESSE,,,90,,0.0,0.0,0.0,Обков,,DATABASE_EVIDENCE
WeissProfil2018_113,044002,GR10-GIESSE,,4,8,0.0,0.0,65871877423.0,GR10-GIESSE,,,90,,0.0,0.0,0.0,Обков,,DATABASE_EVIDENCE
WeissProfil2018_113,04407,GR10-GIESSE,,4,8,0.0,0.0,31021787571.0,GR10-GIESSE,,,90,,0.0,0.0,0.0,Обков,,DATABASE_EVIDENCE
WeissProfil2018_113,04409,GR10-GIESSE,,4,8,0.0,0.0,11041477197.0,GR10-GIESSE,,,90,,0.0,0.0,0.0,Обков,,DATABASE_EVIDENCE
WeissProfil2018_113,04598,GR10-GIESSE,GIESSE 4598000 Език стандартен за кликлок BRIO EVO,4,8,0.0,0.0,57062647695.0,GR10-GIESSE,,,90,,0.0,0.0,0.0,Обков,,DATABASE_EVIDENCE
WeissProfil2018_113,04704,GR10-GIESSE,GIESSE 4704 000 Заключващ механизъм,4,8,0.0,0.0,46354377800.0,GR10-GIESSE,,,90,,0.0,0.0,0.0,Обков,,DATABASE_EVIDENCE
WeissProfil2018_113,04705N,GR10-GIESSE,,4,8,0.0,0.0,72654667132.0,GR10-GIESSE,,,90,,0.0,0.0,0.0,Обков,,DATABASE_EVIDENCE
WeissProfil2018_113,04706N,GR10-GIESSE,,4,8,0.0,0.0,51724167316.0,GR10-GIESSE,,,90,,0.0,0.0,0.0,Обков,,DATABASE_EVIDENCE
WeissProfil2018_113,04707V,GR10-GIESSE,,4,8,0.0,0.0,7834037763.0,GR10-GIESSE,,,90,,0.0,0.0,0.0,Обков,,DATABASE_EVIDENCE
WeissProfil2018_113,04711376,GR10-GIESSE,GIESSE 4711 376 Панти 3D 130 кг сиво,4,8,0.0,0.0,41983246026.0,GR10-GIESSE,,,90,,0.0,0.0,0.0,Обков,,DATABASE_EVIDENCE
WeissProfil2018_113,04711410,GR10-GIESSE,GIESSE 4711 410 Панти 3D 130 кг бяло,4,8,0.0,0.0,47433796815.0,GR10-GIESSE,,,90,,0.0,0.0,0.0,Обков,,DATABASE_EVIDENCE
WeissProfil2018_113,04711500,GR10-GIESSE,GIESSE 4711 500 Панти 3D 130 кг черно,4,8,0.0,0.0,57433746873.0,GR10-GIESSE,,,90,,0.0,0.0,0.0,Обков,,DATABASE_EVIDENCE
WeissProfil2018_113,04727,GR10-GIESSE,GIESSE 4727 000 Адаптор комбиниран за нормално отваряне 80 кг,4,8,0.0,0.0,58564687226.0,GR10-GIESSE,,,90,,0.0,0.0,0.0,Обков,,DATABASE_EVIDENCE
WeissProfil2018_113,04728,GR10-GIESSE,GIESSE 4728 000 Адаптор комбиниран за нормално отваряне 130 кг,4,8,0.0,0.0,34544747918.0,GR10-GIESSE,,,90,,0.0,0.0,0.0,Обков,,DATABASE_EVIDENCE
WeissProfil2018_113,04739376,GR10-GIESSE,GIESSE 4739 376 Панти 3D 80 кг сиво,4,8,0.0,0.0,83911288357.0,GR10-GIESSE,,,90,,0.0,0.0,0.0,Обков,,DATABASE_EVIDENCE
WeissProfil2018_113,04739410,GR10-GIESSE,GIESSE 4739 500 Панти 3D 80 кг бяло,4,8,0.0,0.0,57441628802.0,GR10-GIESSE,,,90,,0.0,0.0,0.0,Обков,,DATABASE_EVIDENCE
WeissProfil2018_113,04739500,GR10-GIESSE,GIESSE 4739 500 Панти 3D 80 кг черно,4,8,0.0,0.0,50421488380.0,GR10-GIESSE,,,90,,0.0,0.0,0.0,Обков,,DATABASE_EVIDENCE
WeissProfil2018_113,04770K,GR10-GIESSE,GIESSE 4770 000 K Допълнително заключване за двуосов механизъм,4,8,0.0,0.0,25874977161.0,GR10-GIESSE,,,90,,0.0,0.0,0.0,Обков,,DATABASE_EVIDENCE
WeissProfil2018_113,04778,GR10-GIESSE,,4,8,0.0,0.0,46054727652.0,GR10-GIESSE,,,90,,0.0,0.0,0.0,Обков,,DATABASE_EVIDENCE
WeissProfil2018_113,04850,GR10-GIESSE,,4,8,0.0,0.0,79925667718.0,GR10-GIESSE,,,90,,0.0,0.0,0.0,Обков,,DATABASE_EVIDENCE
WeissProfil2018_113,04851,GR10-GIESSE,,4,8,0.0,0.0,38985637578.0,GR10-GIESSE,,,90,,0.0,0.0,0.0,Обков,,DATABASE_EVIDENCE
WeissProfil2018_113,04852,GR10-GIESSE,GIESSE 04852000 Брава с тройно заключване U планка 35 мм падащ език,4,8,0.0,0.0,73975747719.0,GR10-GIESSE,,,90,,0.0,0.0,0.0,Обков,,DATABASE_EVIDENCE
WeissProfil2018_113,04854,GR10-GIESSE,,4,8,0.0,0.0,57935697034.0,GR10-GIESSE,,,90,,0.0,0.0,0.0,Обков,,DATABASE_EVIDENCE
WeissProfil2018_113,04855,GR10-GIESSE,,4,8,0.0,0.0,82945797629.0,GR10-GIESSE,,,90,,0.0,0.0,0.0,Обков,,DATABASE_EVIDENCE
WeissProfil2018_113,04861,GR10-GIESSE,,4,8,0.0,0.0,33025017018.0,GR10-GIESSE,,,90,,0.0,0.0,0.0,Обков,,DATABASE_EVIDENCE
WeissProfil2018_113,04862,GR10-GIESSE,GIESSE 04862000 Насрещници за тройно заключване U планка компл.,4,8,0.0,0.0,24085337158.0,GR10-GIESSE,,,90,,0.0,0.0,0.0,Обков,,DATABASE_EVIDENCE
WeissProfil2018_113,05160376V,GR10-GIESSE,"GIESSE 05160376 Панта DOMINA 62,5 мм /бр/ сива",4,8,0.0,0.0,62211891810.0,GR10-GIESSE,,,90,,0.0,0.0,0.0,Обков,,DATABASE_EVIDENCE
WeissProfil2018_113,05160410,GR10-GIESSE,"GIESSE 05160410 Панта DOMINA 62,5 мм /бр/ бяла",4,8,0.0,0.0,11366271948.0,GR10-GIESSE,,,90,,0.0,0.0,0.0,Обков,,DATABASE_EVIDENCE
WeissProfil2018_113,05160500V,GR10-GIESSE,"GIESSE 05160500 Панта DOMINA 62,5 мм /бр/ черна",4,8,0.0,0.0,91174811185.0,GR10-GIESSE,,,90,,0.0,0.0,0.0,Обков,,DATABASE_EVIDENCE
WeissProfil2018_113,05161376V,GR10-GIESSE,"GIESSE 05161376 Панта тройна DOMINA 62,5 мм /бр/ сива",4,8,0.0,0.0,16372521424.0,GR10-GIESSE,,,90,,0.0,0.0,0.0,Обков,,DATABASE_EVIDENCE
WeissProfil2018_113,05161410,GR10-GIESSE,"GIESSE 05161410 Панта тройна DOMINA 62,5 мм /бр/ бяла",4,8,0.0,0.0,8447521405.0,GR10-GIESSE,,,90,,0.0,0.0,0.0,Обков,,DATABASE_EVIDENCE
WeissProfil2018_113,05161500V,GR10-GIESSE,"GIESSE 05161500 Панта тройна DOMINA 62,5 мм /бр/ черна",4,8,0.0,0.0,95255721982.0,GR10-GIESSE,,,90,,0.0,0.0,0.0,Обков,,DATABASE_EVIDENCE
WeissProfil2018_113,05300000,GR10-GIESSE,GIESSE 05300000 Винт 12x55 мм за панта DOMINA,4,8,0.0,0.0,69438925043.0,GR10-GIESSE,,,90,,0.0,0.0,0.0,Обков,,DATABASE_EVIDENCE
WeissProfil2018_113,05302000,GR10-GIESSE,GIESSE 05302000 Винт 12x75 мм за панта DOMINA,4,8,0.0,0.0,77620515131.0,GR10-GIESSE,,,90,,0.0,0.0,0.0,Обков,,DATABASE_EVIDENCE
WeissProfil2018_113,06011376,GR10-GIESSE,,4,8,0.0,0.0,16416446025.0,GR10-GIESSE,,,90,,0.0,0.0,0.0,Обков,,DATABASE_EVIDENCE
WeissProfil2018_113,06011410,GR10-GIESSE,,4,8,0.0,0.0,73966616874.0,GR10-GIESSE,,,90,,0.0,0.0,0.0,Обков,,DATABASE_EVIDENCE
WeissProfil2018_113,06011500,GR10-GIESSE,,4,8,0.0,0.0,86956536077.0,GR10-GIESSE,,,90,,0.0,0.0,0.0,Обков,,DATABASE_EVIDENCE
WeissProfil2018_113,0682-015695,GR25-GEZE,GEZE 015695 Шина за TS3000/5000 бяла,4,8,0.0,0.0,56483386385.0,GR25-GEZE,,,90,,0.0,0.0,0.0,Обков,,DATABASE_EVIDENCE
WeissProfil2018_113,0682-076490,GR25-GEZE,GEZE 076490 Шина за TS3000/5000 черна,4,8,0.0,0.0,41967862874.0,GR25-GEZE,,,90,,0.0,0.0,0.0,Обков,,DATABASE_EVIDENCE
WeissProfil2018_113,068221,GR25-GEZE,GEZE 068221 Шина за TS3000/5000 сива,4,8,0.0,0.0,92885827032.0,GR25-GEZE,,,90,,0.0,0.0,0.0,Обков,,DATABASE_EVIDENCE
WeissProfil2018_113,07058376N,GR10-GIESSE,GIESSE 7058376 Розетка за дръжка PRIMA/MASTER овал сива,4,8,0.0,0.0,80098540415.0,GR10-GIESSE,,,90,,0.0,0.0,0.0,Обков,,DATABASE_EVIDENCE
WeissProfil2018_113,07058410N,GR10-GIESSE,GIESSE 7058410 Розетка за дръжка PRIMA/MASTER овал бяла,4,8,0.0,0.0,98932940412.0,GR10-GIESSE,,,90,,0.0,0.0,0.0,Обков,,DATABASE_EVIDENCE
WeissProfil2018_113,07101000,GR10-GIESSE,GIESSE 7101000 Ролки комплект L&S 300/22 GS3000,4,8,0.0,0.0,31587785297.0,GR10-GIESSE,,,90,,0.0,0.0,0.0,Обков,,DATABASE_EVIDENCE
WeissProfil2018_113,07102000,GR10-GIESSE,GIESSE 7102000 Ролка средна L&S 300/22-GS 3000,4,8,0.0,0.0,88678465668.0,GR10-GIESSE,,,90,,0.0,0.0,0.0,Обков,,DATABASE_EVIDENCE
WeissProfil2018_113,07105000,GR10-GIESSE,"GIESSE 7105000 Мартина L&S H170 B37,5",4,8,0.0,0.0,28931945669.0,GR10-GIESSE,,,90,,0.0,0.0,0.0,Обков,,DATABASE_EVIDENCE
WeissProfil2018_113,07106000,GR10-GIESSE,"GIESSE 7106000 Мартина L&S H190 B37,5",4,8,0.0,0.0,35022465626.0,GR10-GIESSE,,,90,,0.0,0.0,0.0,Обков,,DATABASE_EVIDENCE
WeissProfil2018_113,07107000,GR10-GIESSE,"GIESSE 7107000 Мартина L&S H200 B37,5",4,8,0.0,0.0,13133185481.0,GR10-GIESSE,,,90,,0.0,0.0,0.0,Обков,,DATABASE_EVIDENCE
WeissProfil2018_113,07108000,GR10-GIESSE,"GIESSE 7108000 Мартина L&S H230 B37,5",4,8,0.0,0.0,13284335071.0,GR10-GIESSE,,,90,,0.0,0.0,0.0,Обков,,DATABASE_EVIDENCE
WeissProfil2018_113,07109000,GR10-GIESSE,"GIESSE 7109000 Мартина L&S H260 B37,5",4,8,0.0,0.0,28325915756.0,GR10-GIESSE,,,90,,0.0,0.0,0.0,Обков,,DATABASE_EVIDENCE
WeissProfil2018_113,07110000,GR10-GIESSE,"GIESSE 7110000 Мартина L&S H300 B37,5",4,8,0.0,0.0,21526756333.0,GR10-GIESSE,,,90,,0.0,0.0,0.0,Обков,,DATABASE_EVIDENCE
WeissProfil2018_113,07122000,GR10-GIESSE,GIESSE 7122000 Обезопасителна пружина L&S GS3000,4,8,0.0,0.0,37868857771.0,GR10-GIESSE,,,90,,0.0,0.0,0.0,Обков,,DATABASE_EVIDENCE
WeissProfil2018_113,07146000,GR10-GIESSE,GIESSE 7146000 Свързваща шина L&S 900 mm-GS3000,4,8,0.0,0.0,81482599504.0,GR10-GIESSE,,,90,,0.0,0.0,0.0,Обков,,DATABASE_EVIDENCE
WeissProfil2018_113,07147000,GR10-GIESSE,GIESSE 7147000 Свързваща шина L&S 1400 mm-GS3000,4,8,0.0,0.0,28543459182.0,GR10-GIESSE,,,90,,0.0,0.0,0.0,Обков,,DATABASE_EVIDENCE
WeissProfil2018_113,07148000,GR10-GIESSE,GIESSE 7148000 Свързваща шина L&S 1900 mm-GS3000,4,8,0.0,0.0,75694909657.0,GR10-GIESSE,,,90,,0.0,0.0,0.0,Обков,,DATABASE_EVIDENCE
WeissProfil2018_113,07149000,GR10-GIESSE,GIESSE 7149000 Насрещник L&S GS3000,4,8,0.0,0.0,41765389561.0,GR10-GIESSE,,,90,,0.0,0.0,0.0,Обков,,DATABASE_EVIDENCE
WeissProfil2018_113,07150000,GR10-GIESSE,GIESSE 7150000 Насрещник регулируем L&S GS3000,4,8,0.0,0.0,61956350352.0,GR10-GIESSE,,,90,,0.0,0.0,0.0,Обков,,DATABASE_EVIDENCE
WeissProfil2018_113,07151000,GR10-GIESSE,GIESSE 7151000 Насрещник за микровентилация L&S GS3000,4,8,0.0,0.0,77057440081.0,GR10-GIESSE,,,90,,0.0,0.0,0.0,Обков,,DATABASE_EVIDENCE
WeissProfil2018_113,07152000,GR10-GIESSE,GIESSE 7152000 Насрещник срещуположни крила L&S GS3000,4,8,0.0,0.0,66128280006.0,GR10-GIESSE,,,90,,0.0,0.0,0.0,Обков,,DATABASE_EVIDENCE
WeissProfil2018_113,07156000,GR10-GIESSE,GIESSE 7156000 Подложки L&S 18 мм комплект,4,8,0.0,0.0,52572260877.0,GR10-GIESSE,,,90,,0.0,0.0,0.0,Обков,,DATABASE_EVIDENCE
WeissProfil2018_113,07161000,GR10-GIESSE,GIESSE 7161000 Декоративно удължение за мартина L&S 650 мм,4,8,0.0,0.0,81157411732.0,GR10-GIESSE,,,90,,0.0,0.0,0.0,Обков,,DATABASE_EVIDENCE
WeissProfil2018_113,071924,GR25-GEZE,GEZE 071924 Застопоряващо устройство за шина за TS3000/5000/BOXER,4,8,0.0,0.0,21928187768.0,GR25-GEZE,,,90,,0.0,0.0,0.0,Обков,,DATABASE_EVIDENCE
WeissProfil2018_113,07995005,GR10-GIESSE,GIESSE 7995005 Дръжка пасивна L&S натурална,4,8,0.0,0.0,11659394694.0,GR10-GIESSE,,,90,,0.0,0.0,0.0,Обков,,DATABASE_EVIDENCE
WeissProfil2018_113,07995020,GR10-GIESSE,GIESSE 7995020 Дръжка пасивна L&S елоксация F1,4,8,0.0,0.0,36879784325.0,GR10-GIESSE,,,90,,0.0,0.0,0.0,Обков,,DATABASE_EVIDENCE
WeissProfil2018_113,07995358,GR10-GIESSE,GIESSE 7995358 Дръжка пасивна L&S хром сатен,4,8,0.0,0.0,99449134178.0,GR10-GIESSE,,,90,,0.0,0.0,0.0,Обков,,DATABASE_EVIDENCE
WeissProfil2018_113,07995376,GR10-GIESSE,GIESSE 7995376 Дръжка пасивна L&S сива,4,8,0.0,0.0,98609364540.0,GR10-GIESSE,,,90,,0.0,0.0,0.0,Обков,,DATABASE_EVIDENCE
WeissProfil2018_113,07995410,GR10-GIESSE,GIESSE 7995410 Дръжка пасивна L&S бяла,4,8,0.0,0.0,56159534756.0,GR10-GIESSE,,,90,,0.0,0.0,0.0,Обков,,DATABASE_EVIDENCE
WeissProfil2018_113,07995500,GR10-GIESSE,GIESSE 7995500 Дръжка пасивна L&S черна,4,8,0.0,0.0,23149054829.0,GR10-GIESSE,,,90,,0.0,0.0,0.0,Обков,,DATABASE_EVIDENCE
WeissProfil2018_113,08349,GR10-GIESSE,,4,8,0.0,0.0,23770337677.0,GR10-GIESSE,,,90,,0.0,0.0,0.0,Обков,,DATABASE_EVIDENCE
WeissProfil2018_113,08350,GR10-GIESSE,,4,8,0.0,0.0,47870377721.0,GR10-GIESSE,,,90,,0.0,0.0,0.0,Обков,,DATABASE_EVIDENCE
WeissProfil2018_113,0958410,GR10-GIESSE,GIESSE 0958410 Дръжка прозорец с ключ KORA KEY за нормално отваряне бяла,4,8,0.0,0.0,42514683787.0,GR10-GIESSE,,,90,,0.0,0.0,0.0,Обков,,DATABASE_EVIDENCE
WeissProfil2018_113,0958500,GR10-GIESSE,GIESSE 0958500 Дръжка прозорец с ключ KORA KEY за нормално отваряне черна,4,8,0.0,0.0,41525833096.0,GR10-GIESSE,,,90,,0.0,0.0,0.0,Обков,,DATABASE_EVIDENCE
WeissProfil2018_113,0959410,GR10-GIESSE,GIESSE 0959410 Дръжка KORA за двуосов механизъм бяла,4,8,0.0,0.0,10644184662.0,GR10-GIESSE,,,90,,0.0,0.0,0.0,Обков,,DATABASE_EVIDENCE
WeissProfil2018_113,0960376,GR10-GIESSE,GIESSE 0960376 Дръжка с ключ KORA KEY за за двуосов механизъм сива,4,8,0.0,0.0,95394815637.0,GR10-GIESSE,,,90,,0.0,0.0,0.0,Обков,,DATABASE_EVIDENCE
WeissProfil2018_113,0960410,GR10-GIESSE,GIESSE 0960410 Дръжка с ключ KORA KEY за двуосов механизъм бяла,4,8,0.0,0.0,25855945823.0,GR10-GIESSE,,,90,,0.0,0.0,0.0,Обков,,DATABASE_EVIDENCE
WeissProfil2018_113,0960500,GR10-GIESSE,GIESSE 0960500 Дръжка с ключ KORA KEY за за двуосов механизъм черна,4,8,0.0,0.0,45876435940.0,GR10-GIESSE,,,90,,0.0,0.0,0.0,Обков,,DATABASE_EVIDENCE
WeissProfil2018_113,099728,GR25-GEZE,GEZE 099728 BOXER 2-4 Автомат за вграждане без окомплектовки,4,8,0.0,0.0,17716397460.0,GR25-GEZE,,,90,,0.0,0.0,0.0,Обков,,DATABASE_EVIDENCE
WeissProfil2018_113,099735,GR25-GEZE,GEZE 099735 BOXER 3-6 Автомат за вграждане без окоммплектовки,4,8,0.0,0.0,19846257573.0,GR25-GEZE,,,90,,0.0,0.0,0.0,Обков,,DATABASE_EVIDENCE
WeissProfil2018_113,0997376,GR10-GIESSE,GIESSE 0997376 Дръжка за PVC прозорец KORA сива,4,8,0.0,0.0,23387302358.0,GR10-GIESSE,,,90,,0.0,0.0,0.0,Обков,,DATABASE_EVIDENCE
WeissProfil2018_113,0997410,GR10-GIESSE,GIESSE 0997410 Дръжка за PVC прозорец KORA бяла,4,8,0.0,0.0,66888732096.0,GR10-GIESSE,,,90,,0.0,0.0,0.0,Обков,,DATABASE_EVIDENCE
WeissProfil2018_113,0997500,GR10-GIESSE,GIESSE 0997500 Дръжка за PVC прозорец KORA черна,4,8,0.0,0.0,45819342265.0,GR10-GIESSE,,,90,,0.0,0.0,0.0,Обков,,DATABASE_EVIDENCE
WeissProfil2018_113,0998410,GR10-GIESSE,GIESSE 0998410 Дръжка двустр. KORA за PVC проз./балк. врата бяла,4,8,0.0,0.0,18968283584.0,GR10-GIESSE,,,90,,0.0,0.0,0.0,Обков,,DATABASE_EVIDENCE
WeissProfil2018_113,0998500,GR10-GIESSE,GIESSE 0998500 Дръжка двустр. KORA за PVC проз./балк. врата черна,4,8,0.0,0.0,83949843510.0,GR10-GIESSE,,,90,,0.0,0.0,0.0,Обков,,DATABASE_EVIDENCE
WeissProfil2018_113,1017-119573,GR25-GEZE,GEZE 119573 TS1000 C Автомат с рамо без застопоряване черен,4,8,0.0,0.0,52926832461.0,GR25-GEZE,,,90,,0.0,0.0,0.0,Обков,,DATABASE_EVIDENCE
WeissProfil2018_113,101765,GR25-GEZE,GEZE 101765 TS1000 C Автомат с рамо без застопоряване сив,4,8,0.0,0.0,78549828214.0,GR25-GEZE,,,90,,0.0,0.0,0.0,Обков,,DATABASE_EVIDENCE
WeissProfil2018_113,101767,GR25-GEZE,GEZE 101767 TS1000 C Автомат с рамо без застопоряване бял,4,8,0.0,0.0,41549128165.0,GR25-GEZE,,,90,,0.0,0.0,0.0,Обков,,DATABASE_EVIDENCE
WeissProfil2018_113,101885,GR25-GEZE,GEZE 101885 Шина за TS1500 без застопоряване сива,4,8,0.0,0.0,55819558512.0,GR25-GEZE,,,90,,0.0,0.0,0.0,Обков,,DATABASE_EVIDENCE
WeissProfil2018_113,101887,GR25-GEZE,GEZE 101887 Шина за TS1500 без застопоряване бяла,4,8,0.0,0.0,47839628468.0,GR25-GEZE,,,90,,0.0,0.0,0.0,Обков,,DATABASE_EVIDENCE
WeissProfil2018_113,101888,GR25-GEZE,GEZE 101888 Шина за TS1500 без застопоряване черна,4,8,0.0,0.0,27869128891.0,GR25-GEZE,,,90,,0.0,0.0,0.0,Обков,,DATABASE_EVIDENCE
WeissProfil2018_113,1024-109544,GR25-GEZE,GEZE 109544 Рамо за TS2000/4000 без застопоряване черно,4,8,0.0,0.0,53336738443.0,GR25-GEZE,,,90,,0.0,0.0,0.0,Обков,,DATABASE_EVIDENCE
WeissProfil2018_113,102421,GR25-GEZE,GEZE 102421 Рамо за TS2000/4000 без застопоряване сивo,4,8,0.0,0.0,75940348861.0,GR25-GEZE,,,90,,0.0,0.0,0.0,Обков,,DATABASE_EVIDENCE
WeissProfil2018_113,102423,GR25-GEZE,GEZE 102423 Рамо за TS2000/4000 без застопоряване бяло,4,8,0.0,0.0,73980488415.0,GR25-GEZE,,,90,,0.0,0.0,0.0,Обков,,DATABASE_EVIDENCE
WeissProfil2018_113,1039376,GR10-GIESSE,GIESSE 1039 376 Дръжка PRIMA за двуосов механизъм сиво,4,8,0.0,0.0,48132135442.0,GR10-GIESSE,,,90,,0.0,0.0,0.0,Обков,,DATABASE_EVIDENCE
WeissProfil2018_113,10760,GR20-HOPPE,"HOPPE - Atlanta - Дръжка за прозорец за PVC, титан",4,8,0.0,0.0,74695228812.0,GR20-HOPPE,,,90,,0.0,0.0,0.0,Обков,,DATABASE_EVIDENCE
WeissProfil2018_113,10760-7016,GR20-HOPPE,"HOPPE - Atlanta - Дръжка за прозорец за PVC, сива  9006",4,8,0.0,0.0,72118477780.0,GR20-HOPPE,,,90,,0.0,0.0,0.0,Обков,,DATABASE_EVIDENCE
WeissProfil2018_113,10760-943,GR20-HOPPE,"HOPPE - Atlanta - Дръжка за прозорец за PVC, бяла",4,8,0.0,0.0,5850822515.0,GR20-HOPPE,,,90,,0.0,0.0,0.0,Обков,,DATABASE_EVIDENCE
WeissProfil2018_113,10760-F4,GR20-HOPPE,HOPPE ATLANTA Дръжка за прозорец за PVC F4 32-42 mm вариращ щифт 45°,4,8,0.0,0.0,60913752262.0,GR20-HOPPE,,,90,,0.0,0.0,0.0,Обков,,DATABASE_EVIDENCE
WeissProfil2018_113,10760880,GR20-HOPPE,"HOPPE - Atlanta - Дръжка за прозорец за PVC, сребриста",4,8,0.0,0.0,50613572607.0,GR20-HOPPE,,,90,,0.0,0.0,0.0,Обков,,DATABASE_EVIDENCE
WeissProfil2018_113,10760935,GR20-HOPPE,HOPPE - Atlanta - Дръжка за прозорец за PVC/кафява/,4,8,0.0,0.0,12273762496.0,GR20-HOPPE,,,90,,0.0,0.0,0.0,Обков,,DATABASE_EVIDENCE
WeissProfil2018_113,10772,AGB,HOPPE aluminium turn/tilt window handle with Secus,4,8,0.0,0.0,43715318295.0,AGB,,,90,,0.0,0.0,0.0,Обков,,DATABASE_EVIDENCE
WeissProfil2018_113,10772928,GR20-HOPPE,HOPPE ATLANTA Дръжка за прозорец за PVC F9005 черна 32-42 mm вариращ щифт 45°,4,8,0.0,0.0,49475263385.0,GR20-HOPPE,,,90,,0.0,0.0,0.0,Обков,,DATABASE_EVIDENCE
WeissProfil2018_113,1083376,GR10-GIESSE,GIESSE 1083376 Дръжка ASIA за двуосов механизъм сива,4,8,0.0,0.0,20037879035.0,GR10-GIESSE,,,90,,0.0,0.0,0.0,Обков,,DATABASE_EVIDENCE
WeissProfil2018_113,1117-101771,GR25-GEZE,GEZE 101771 TS1000 C Автомат с рамо със застопоряване сив,4,8,0.0,0.0,15317491114.0,GR25-GEZE,,,90,,0.0,0.0,0.0,Обков,,DATABASE_EVIDENCE
WeissProfil2018_113,1117-101773,GR25-GEZE,GEZE 101773 TS1000 C Автомат с рамо със застопоряване бял,4,8,0.0,0.0,53307741679.0,GR25-GEZE,,,90,,0.0,0.0,0.0,Обков,,DATABASE_EVIDENCE
WeissProfil2018_113,1117-119574,GR25-GEZE,GEZE 119574 TS1000 C  Автомат с рамо със застопоряване черен,4,8,0.0,0.0,15096552228.0,GR25-GEZE,,,90,,0.0,0.0,0.0,Обков,,DATABASE_EVIDENCE
WeissProfil2018_113,1118-101889,GR25-GEZE,GEZE 101889 Шина за TS1500 със застопоряване сива,4,8,0.0,0.0,32648022310.0,GR25-GEZE,,,90,,0.0,0.0,0.0,Обков,,DATABASE_EVIDENCE
WeissProfil2018_113,1118-101891,GR25-GEZE,GEZE 101891 Шина за TS1500 със застопоряване бяла,4,8,0.0,0.0,27778352239.0,GR25-GEZE,,,90,,0.0,0.0,0.0,Обков,,DATABASE_EVIDENCE
WeissProfil2018_113,1118-101892,GR25-GEZE,GEZE 101892 Шина за TS1500 със застопоряване черна,4,8,0.0,0.0,73718032253.0,GR25-GEZE,,,90,,0.0,0.0,0.0,Обков,,DATABASE_EVIDENCE
WeissProfil2018_113,112161,GR25-GEZE,"GEZE 112161 Шина за BOXER 20,7 mm сива",4,8,0.0,0.0,94130638177.0,GR25-GEZE,,,90,,0.0,0.0,0.0,Обков,,DATABASE_EVIDENCE
WeissProfil2018_113,1124-102454,GR25-GEZE,GEZE 102454 Рамо за TS2000/4000 със застопоряване сивo,4,8,0.0,0.0,23785218857.0,GR25-GEZE,,,90,,0.0,0.0,0.0,Обков,,DATABASE_EVIDENCE
WeissProfil2018_113,1124-102456,GR25-GEZE,GEZE 102456 Рамо за TS2000/4000 със застопоряване бяло,4,8,0.0,0.0,87745638997.0,GR25-GEZE,,,90,,0.0,0.0,0.0,Обков,,DATABASE_EVIDENCE
WeissProfil2018_113,1124-152365,GR25-GEZE,GEZE 152365 Рамо за TS2000/4000 със застопоряване черно,4,8,0.0,0.0,42289333062.0,GR25-GEZE,,,90,,0.0,0.0,0.0,Обков,,DATABASE_EVIDENCE
WeissProfil2018_113,1125,GR5-PANELS,AK 11 - PVC сачак 9mm,4,4,0.0,0.0,54830668276.0,GR5-PANELS,,,90,,9.0,130.0,0.0,Аксесоар,,DATABASE_EVIDENCE
WeissProfil2018_113,12131052,GR20-HOPPE,HOPPE HAMBURG Дръжка за прозорец F9 Титан 32-42 mm вариращ щифт,4,8,0.0,0.0,32948329782.0,GR20-HOPPE,,,90,,0.0,0.0,0.0,Обков,,DATABASE_EVIDENCE
WeissProfil2018_113,12131076,GR20-HOPPE,HOPPE HAMBURG Дръжка за прозорец F7016M антрацит 32-42 mm вариращ щифт,4,8,0.0,0.0,33168329513.0,GR20-HOPPE,,,90,,0.0,0.0,0.0,Обков,,DATABASE_EVIDENCE
WeissProfil2018_113,12131088,GR20-HOPPE,HOPPE HAMBURG Дръжка за прозорец F9016 бяла 32-42 mm вариращ щифт,4,8,0.0,0.0,96218669422.0,GR20-HOPPE,,,90,,0.0,0.0,0.0,Обков,,DATABASE_EVIDENCE
WeissProfil2018_113,12131106,GR20-HOPPE,HOPPE HAMBURG Дръжка за прозорец F9714M черен мат 32-42 mm вариращ щифт,4,8,0.0,0.0,34588459921.0,GR20-HOPPE,,,90,,0.0,0.0,0.0,Обков,,DATABASE_EVIDENCE
WeissProfil2018_113,12131952,GR20-HOPPE,HOPPE HAMBURG Дръжка за прозорец F8707 кафява 32-42 mm вариращ щифт,4,8,0.0,0.0,85868549510.0,GR20-HOPPE,,,90,,0.0,0.0,0.0,Обков,,DATABASE_EVIDENCE
WeissProfil2018_113,1217-101792,GR25-GEZE,GEZE 101792 TS1500C Автомат без окомплектовки сив,4,8,0.0,0.0,12617311483.0,GR25-GEZE,,,90,,0.0,0.0,0.0,Обков,,DATABASE_EVIDENCE
WeissProfil2018_113,1217-101794,GR25-GEZE,GEZE 101794 TS1500C C Автомат без рамо,4,8,0.0,0.0,75637911727.0,GR25-GEZE,,,90,,0.0,0.0,0.0,Обков,,DATABASE_EVIDENCE
WeissProfil2018_113,1217-119575,GR25-GEZE,GEZE 119575 TS1500C  Автомат без рамо,4,8,0.0,0.0,51156382556.0,GR25-GEZE,,,90,,0.0,0.0,0.0,Обков,,DATABASE_EVIDENCE
WeissProfil2018_113,1218-101878,GR25-GEZE,GEZE 101878 Рамо за TS1500 без застопоряване сивo,4,8,0.0,0.0,51648772356.0,GR25-GEZE,,,90,,0.0,0.0,0.0,Обков,,DATABASE_EVIDENCE
WeissProfil2018_113,1218-101881,GR25-GEZE,GEZE 101881 Рамо за TS1500 без застопоряване бяло,4,8,0.0,0.0,62758892730.0,GR25-GEZE,,,90,,0.0,0.0,0.0,Обков,,DATABASE_EVIDENCE
WeissProfil2018_113,1218-119576,GR25-GEZE,GEZE 119576 Рамо за TS1500 без застопоряване черно,4,8,0.0,0.0,36236353304.0,GR25-GEZE,,,90,,0.0,0.0,0.0,Обков,,DATABASE_EVIDENCE
WeissProfil2018_113,1249-205332,GR25-GEZE,GEZE 205332 TS2000 NVBC Автомат без окомплектовки черен,4,8,0.0,0.0,73696063267.0,GR25-GEZE,,,90,,0.0,0.0,0.0,Обков,,DATABASE_EVIDENCE
WeissProfil2018_113,124944,GR25-GEZE,GEZE 124944 TS2000 NVBC Автомат без окомплектовки сив,4,8,0.0,0.0,58012118427.0,GR25-GEZE,,,90,,0.0,0.0,0.0,Обков,,DATABASE_EVIDENCE
WeissProfil2018_113,124946,GR25-GEZE,GEZE 124946 TS2000 NVBC Автомат без окомплектовки бял,4,8,0.0,0.0,30062868882.0,GR25-GEZE,,,90,,0.0,0.0,0.0,Обков,,DATABASE_EVIDENCE
WeissProfil2018_113,129213,GR25-GEZE,GEZE 129213 Шина за BOXER 12 mm сива,4,8,0.0,0.0,86577898366.0,GR25-GEZE,,,90,,0.0,0.0,0.0,Обков,,DATABASE_EVIDENCE
WeissProfil2018_113,1318-101815,GR25-GEZE,GEZE 101815 Рамо за TS1500 със застопоряване сивo,4,8,0.0,0.0,27178762270.0,GR25-GEZE,,,90,,0.0,0.0,0.0,Обков,,DATABASE_EVIDENCE
WeissProfil2018_113,1318-101817,GR25-GEZE,GEZE 101817 Рамо за TS1500 със застопоряване бяло,4,8,0.0,0.0,33158622136.0,GR25-GEZE,,,90,,0.0,0.0,0.0,Обков,,DATABASE_EVIDENCE
WeissProfil2018_113,1318-119538,GR25-GEZE,GEZE 119538 Рамо за TS1500 със застопоряване черно,4,8,0.0,0.0,45986303042.0,GR25-GEZE,,,90,,0.0,0.0,0.0,Обков,,DATABASE_EVIDENCE
WeissProfil2018_113,13196-09-R-1,GR11-TGP,TGP - T-13196-09-R-1 - Фалц панта 9 мм дясна,4,8,0.0,0.0,4226523132.0,GR11-TGP,,,90,,0.0,0.0,0.0,Обков,,DATABASE_EVIDENCE
WeissProfil2018_113,15117170,AGB,GIESSE 2415410 Дръжка за PVC прозорец ASIA бяла,4,8,0.0,0.0,43964597020.0,GROUP14-WP/GIESSE/15,,,90,,0.0,0.0,0.0,Обков,,DATABASE_EVIDENCE
WeissProfil2018_113,171.10.310,GR24-OTHER,"STUBLINA 1171.10.310 Дръжка за врата с цял шийлд 25-85, бяла",4,8,0.0,0.0,35244220610.0,GR24-OTHER,,,90,,0.0,0.0,0.0,Обков,,DATABASE_EVIDENCE
WeissProfil2018_113,171.10.313,GR24-OTHER,STUBLINA 1171.10.313 Дръжка за врата с цял шийлд 25-85 черна,4,8,0.0,0.0,55214410437.0,GR24-OTHER,,,90,,0.0,0.0,0.0,Обков,,DATABASE_EVIDENCE
WeissProfil2018_113,19300960,GR8-S.ACCESS,WP Странична капачка за WP4115 /бяла/ комплект,4,4,0.0,0.0,16439416723.0,GR8-S.ACCESS,,,90,,0.0,0.0,0.0,Аксесоар,,DATABASE_EVIDENCE
WeissProfil2018_113,19300970,GR8-S.ACCESS,WP Странична капачка за WP4115_/кафява/_ком.,4,4,0.0,0.0,77539326782.0,GR8-S.ACCESS,,,90,,0.0,0.0,0.0,Аксесоар,,DATABASE_EVIDENCE
WeissProfil2018_113,19300980,GR8-S.ACCESS,WP - Странична капачка за WP4125 /бяла/ ком.,0,0,0.0,0.0,1629086454.0,GR8-S.ACCESS,,,90,,0.0,0.0,0.0,UNKNOWN,,DATABASE_EVIDENCE
WeissProfil2018_113,19300990,GR8-S.ACCESS,WP - Странична капачка за WP4125_/кафява/_ком.,0,0,0.0,0.0,7789066562.0,GR8-S.ACCESS,,,90,,0.0,0.0,0.0,UNKNOWN,,DATABASE_EVIDENCE
WeissProfil2018_113,19301000,GR8-S.ACCESS,WP - Тапи за подвижен делител - WP3006 /черни/,0,0,0.0,0.0,42070476837.0,GR8-S.ACCESS,,,90,,0.0,0.0,0.0,UNKNOWN,,DATABASE_EVIDENCE
WeissProfil2018_113,19301020,GR8-S.ACCESS,WP Странична капачка за WP4115 /черна/ комплект,4,4,0.0,0.0,66240256711.0,GR8-S.ACCESS,,,90,,0.0,0.0,0.0,Аксесоар,,DATABASE_EVIDENCE
WeissProfil2018_113,19301030,GR8-S.ACCESS,WP Странична капачка за WP4115 /сива RAL 9006/ комплект,4,4,0.0,0.0,68370026692.0,GR8-S.ACCESS,,,90,,0.0,0.0,0.0,Аксесоар,,DATABASE_EVIDENCE
WeissProfil2018_113,19301040,GR8-S.ACCESS,WP Странична капачка за WP4115 /антрацит RAL 7016/ комплект,4,4,0.0,0.0,29480266552.0,GR8-S.ACCESS,,,90,,0.0,0.0,0.0,Аксесоар,,DATABASE_EVIDENCE
WeissProfil2018_113,19401320,GR8-S.ACCESS,Изравнителна пласт. за PVC за WP 3000,0,0,0.0,0.0,48621686508.0,GR8-S.ACCESS,,,90,,0.0,0.0,0.0,UNKNOWN,,DATABASE_EVIDENCE
WeissProfil2018_113,19401330,GR8-S.ACCESS,Изравнителна пластина за PVC за WP,0,0,0.0,0.0,51741376283.0,GR8-S.ACCESS,,,90,,0.0,0.0,0.0,UNKNOWN,,DATABASE_EVIDENCE
WeissProfil2018_113,1A731DKTL164KGXXO,GR10-GIESSE,REGUITTI Дръжка за PVC прозорец LEA 731 F1 SILVER,4,8,0.0,0.0,76952398541.0,GR10-GIESSE,,,90,,0.0,0.0,0.0,Обков,,DATABASE_EVIDENCE
WeissProfil2018_113,1A731DKTL164KIXXO,GR10-GIESSE,REGUITTI Дръжка за PVC прозорец LEA 731 F9 INOX,4,8,0.0,0.0,59162118622.0,GR10-GIESSE,,,90,,0.0,0.0,0.0,Обков,,DATABASE_EVIDENCE
WeissProfil2018_113,1A731DKTL164KLXXO,GR10-GIESSE,REGUITTI Дръжка за PVC прозорец LEA 731  бяла,4,8,0.0,0.0,64432258034.0,GR10-GIESSE,,,90,,0.0,0.0,0.0,Обков,,DATABASE_EVIDENCE
WeissProfil2018_113,1A731DKTL164NRXXO,GR10-GIESSE,REGUITTI Дръжка за PVC прозорец LEA 731 черна,4,8,0.0,0.0,66325481553.0,GR10-GIESSE,,,90,,0.0,0.0,0.0,Обков,,DATABASE_EVIDENCE
WeissProfil2018_113,1A732DKTL163KGXXO,GR10-GIESSE,REGUITTI Дръжка за PVC прозорец LISA 732 F1 SILVER,4,8,0.0,0.0,61943818425.0,GR10-GIESSE,,,90,,0.0,0.0,0.0,Обков,,DATABASE_EVIDENCE
WeissProfil2018_113,1A732DKTL163KIXXO,GR10-GIESSE,REGUITTI Дръжка за PVC прозорец LISA 732 F9 INOX,4,8,0.0,0.0,45113578268.0,GR10-GIESSE,,,90,,0.0,0.0,0.0,Обков,,DATABASE_EVIDENCE
WeissProfil2018_113,1A732DKTL163KLXXO,GR10-GIESSE,REGUITTI Дръжка за PVC прозорец LISA 732  бяла,4,8,0.0,0.0,46483058656.0,GR10-GIESSE,,,90,,0.0,0.0,0.0,Обков,,DATABASE_EVIDENCE
WeissProfil2018_113,1A732DKTL163NRXXO,GR10-GIESSE,REGUITTI Дръжка за PVC прозорец LISA 732 черна,4,8,0.0,0.0,62336761026.0,GR10-GIESSE,,,90,,0.0,0.0,0.0,Обков,,DATABASE_EVIDENCE
WeissProfil2018_113,20102840,GR6-CORNERS;SCREWS,Щифт за сглобки 4.5x7.1 mm,4,4,0.0,0.0,71380667631.0,GR6-CORNERS;SCREWS,,,90,,0.0,0.0,0.0,Аксесоар,,DATABASE_EVIDENCE
WeissProfil2018_113,20102842,GR6-CORNERS;SCREWS,Щифт за сглобка 5x9.5 mm,4,4,0.0,0.0,35360757525.0,GR6-CORNERS;SCREWS,,,90,,0.0,0.0,0.0,Аксесоар,,DATABASE_EVIDENCE
WeissProfil2018_113,20201700,GR8-S.ACCESS,"Тапа за кутия 20/40, черна",4,4,0.0,0.0,12820277763.0,GR8-S.ACCESS,,,90,,0.0,0.0,0.0,Аксесоар,,DATABASE_EVIDENCE
WeissProfil2018_113,20201710,GR8-S.ACCESS,"Тапа за кутия 20/60, черна",4,4,0.0,0.0,75950397708.0,GR8-S.ACCESS,,,90,,0.0,0.0,0.0,Аксесоар,,DATABASE_EVIDENCE
WeissProfil2018_113,20201720,GR8-S.ACCESS,"Тапа за кутия 20/80, черна",4,4,0.0,0.0,54060847482.0,GR8-S.ACCESS,,,90,,0.0,0.0,0.0,Аксесоар,,DATABASE_EVIDENCE
WeissProfil2018_113,20201730,GR8-S.ACCESS,"Тапа за кутия 20/100, черна",4,4,0.0,0.0,55100647808.0,GR8-S.ACCESS,,,90,,0.0,0.0,0.0,Аксесоар,,DATABASE_EVIDENCE
WeissProfil2018_113,20201740,GR8-S.ACCESS,"Тапа за кутия 30/30, черна",4,4,0.0,0.0,19230627588.0,GR8-S.ACCESS,,,90,,0.0,0.0,0.0,Аксесоар,,DATABASE_EVIDENCE
WeissProfil2018_113,20201750,GR8-S.ACCESS,"Тапа за кутия 40/40, черна",4,4,0.0,0.0,43330187214.0,GR8-S.ACCESS,,,90,,0.0,0.0,0.0,Аксесоар,,DATABASE_EVIDENCE
WeissProfil2018_113,20201760,GR8-S.ACCESS,"Тапа за кутия 40/60, черна",4,4,0.0,0.0,48440437125.0,GR8-S.ACCESS,,,90,,0.0,0.0,0.0,Аксесоар,,DATABASE_EVIDENCE
WeissProfil2018_113,20201770,GR8-S.ACCESS,"Тапа за кутия 40/80, черна",4,4,0.0,0.0,55580337514.0,GR8-S.ACCESS,,,90,,0.0,0.0,0.0,Аксесоар,,DATABASE_EVIDENCE
WeissProfil2018_113,20201780,GR8-S.ACCESS,"Тапа за кутия 50/50, черна",4,4,0.0,0.0,87660577338.0,GR8-S.ACCESS,,,90,,0.0,0.0,0.0,Аксесоар,,DATABASE_EVIDENCE
WeissProfil2018_113,20201790,GR8-S.ACCESS,"Тапа за тръба Ф 38, черна",4,4,0.0,0.0,24750127650.0,GR8-S.ACCESS,,,90,,0.0,0.0,0.0,Аксесоар,,DATABASE_EVIDENCE
WeissProfil2018_113,20301740,GIESSE,Редуктор за PVC дръжка,4,4,0.0,0.0,72371427745.0,GIESSE,,,90,,0.0,0.0,0.0,Аксесоар,,DATABASE_EVIDENCE
WeissProfil2018_113,20301750,GIESSE,Заключване за подвижен делител к-,4,4,0.0,0.0,72491727776.0,GIESSE,,,90,,0.0,0.0,0.0,Аксесоар,,DATABASE_EVIDENCE
WeissProfil2018_113,20301760,GIESSE,Ножица за двуос. мех. 80кг 350-410,4,4,0.0,0.0,73591837327.0,GIESSE,,,90,,0.0,0.0,0.0,Аксесоар,,DATABASE_EVIDENCE
WeissProfil2018_113,20301770,GIESSE,Ножица за двуос. мех 80кг 410-1300,4,4,0.0,0.0,26661597260.0,GIESSE,,,90,,0.0,0.0,0.0,Аксесоар,,DATABASE_EVIDENCE
WeissProfil2018_113,20301780,GIESSE,Ножица за двуос. мех 80кг 570-1700,4,4,0.0,0.0,82741817068.0,GIESSE,,,90,,0.0,0.0,0.0,Аксесоар,,DATABASE_EVIDENCE
WeissProfil2018_113,20301790,GIESSE,Ножица за дв. мех. 130кг 410-700,4,4,0.0,0.0,54881077711.0,GIESSE,,,90,,0.0,0.0,0.0,Аксесоар,,DATABASE_EVIDENCE
WeissProfil2018_113,20301800,GIESSE,Ножица за дв. мех. 130кг 701-1800,4,4,0.0,0.0,34081677972.0,GIESSE,,,90,,0.0,0.0,0.0,Аксесоар,,DATABASE_EVIDENCE
WeissProfil2018_113,20301810,GIESSE,Дръжка PRIMA за двуосов мех. сива,4,4,0.0,0.0,16141287350.0,GIESSE,,,90,,0.0,0.0,0.0,Аксесоар,,DATABASE_EVIDENCE
WeissProfil2018_113,20301820,GIESSE,Панти 3D 80 кг сиви,4,4,0.0,0.0,36201777807.0,GIESSE,,,90,,0.0,0.0,0.0,Аксесоар,,DATABASE_EVIDENCE
WeissProfil2018_113,20301830,GIESSE,Панти 3D 130 кг сиви,4,4,0.0,0.0,38321107032.0,GIESSE,,,90,,0.0,0.0,0.0,Аксесоар,,DATABASE_EVIDENCE
WeissProfil2018_113,20301840,GIESSE,Дръжка EURO за двуосов мех. сива,4,4,0.0,0.0,78491897406.0,GIESSE,,,90,,0.0,0.0,0.0,Аксесоар,,DATABASE_EVIDENCE
WeissProfil2018_113,20311650,GIESSE,Адаптор комбин. за норм. отв. 80кг,4,4,0.0,0.0,14441208225.0,GIESSE,,,90,,0.0,0.0,0.0,Аксесоар,,DATABASE_EVIDENCE
WeissProfil2018_113,20311660,GIESSE,Адаптор комб. за норм. отв. 130 кг,4,4,0.0,0.0,43511128661.0,GIESSE,,,90,,0.0,0.0,0.0,Аксесоар,,DATABASE_EVIDENCE
WeissProfil2018_113,20311670,GIESSE,Заключващ механизъм,4,4,0.0,0.0,53661188647.0,GIESSE,,,90,,0.0,0.0,0.0,Аксесоар,,DATABASE_EVIDENCE
WeissProfil2018_113,20311720,GIESSE,Допълн. заключване за двуос мех.,4,4,0.0,0.0,64211688926.0,GIESSE,,,90,,0.0,0.0,0.0,Аксесоар,,DATABASE_EVIDENCE
WeissProfil2018_113,20311750,GIESSE,Дръжка PRIMA за двуосов мех. бяла,4,4,0.0,0.0,75541628211.0,GIESSE,,,90,,0.0,0.0,0.0,Аксесоар,,DATABASE_EVIDENCE
WeissProfil2018_113,20311760,GIESSE,Панти 3D 80 кг бели,4,4,0.0,0.0,68651948782.0,GIESSE,,,90,,0.0,0.0,0.0,Аксесоар,,DATABASE_EVIDENCE
WeissProfil2018_113,20311770,GIESSE,Панти 3D 130 кг бели,4,4,0.0,0.0,56781138960.0,GIESSE,,,90,,0.0,0.0,0.0,Аксесоар,,DATABASE_EVIDENCE
WeissProfil2018_113,20311780,GIESSE,Дръжка EURO за двуосов мех. бяла,4,4,0.0,0.0,28861848946.0,GIESSE,,,90,,0.0,0.0,0.0,Аксесоар,,DATABASE_EVIDENCE
WeissProfil2018_113,20321780,GIESSE,Дръжка PRIMA за двуос. мех. черна,4,4,0.0,0.0,59911539412.0,GIESSE,,,90,,0.0,0.0,0.0,Аксесоар,,DATABASE_EVIDENCE
WeissProfil2018_113,20321790,GIESSE,Панти 3D 80 кг черни,4,4,0.0,0.0,33071419465.0,GIESSE,,,90,,0.0,0.0,0.0,Аксесоар,,DATABASE_EVIDENCE
WeissProfil2018_113,20321800,GIESSE,Панти 3D 130 кг черни,4,4,0.0,0.0,75251829336.0,GIESSE,,,90,,0.0,0.0,0.0,Аксесоар,,DATABASE_EVIDENCE
WeissProfil2018_113,20321810,GIESSE,Дръжка EURO за двуосов мех. черно,4,4,0.0,0.0,19351759583.0,GIESSE,,,90,,0.0,0.0,0.0,Аксесоар,,DATABASE_EVIDENCE
WeissProfil2018_113,20601350,GR8-S.ACCESS,PRODUCTA - PVC ригла,4,4,0.0,0.0,53394837455.0,GR8-S.ACCESS,,,90,,0.0,0.0,0.0,Аксесоар,,DATABASE_EVIDENCE
WeissProfil2018_113,21113240,GIESSE,"GS Sash stopper, Black",4,4,0.0,0.0,83061538838.0,GR2-WP70,,,90,,0.0,0.0,0.0,Аксесоар,,DATABASE_EVIDENCE
WeissProfil2018_113,21203600,GR8-S.ACCESS,Ролка двойна усилена до 90кг,4,4,0.0,0.0,57032737832.0,GR8-S.ACCESS,,,90,,0.0,0.0,0.0,Аксесоар,,DATABASE_EVIDENCE
WeissProfil2018_113,21203605,GR8-S.ACCESS,Ролка двойна усилена до 200кг,4,4,0.0,0.0,55022317262.0,GR8-S.ACCESS,,,90,,0.0,0.0,0.0,Аксесоар,,DATABASE_EVIDENCE
WeissProfil2018_113,222500,BLICK,Мрежа за рол.ком.,4,4,0.0,0.0,55171719244.0,,,,90,,0.0,0.0,0.0,Аксесоар,,DATABASE_EVIDENCE
WeissProfil2018_113,224000,BLICK,Водач за ролетен ком,4,4,0.0,0.0,76863289475.0,,,,90,,0.0,0.0,,Аксесоар,,DATABASE_EVIDENCE
WeissProfil2018_113,226000,BLICK,СЕТ РОЛЕТЕН КОМАРНИК,4,4,0.0,0.0,42085579092.0,,,,90,,0.0,0.0,,Аксесоар,,DATABASE_EVIDENCE
WeissProfil2018_113,23204330,GR24-OTHER,SAMEX Патрон 100мм 30/70,4,8,0.0,0.0,93353487096.0,GR24-OTHER,,,90,,0.0,0.0,0.0,Обков,,DATABASE_EVIDENCE
WeissProfil2018_113,2415376,GR10-GIESSE,GIESSE 2415376 Дръжка за PVC прозорец ASIA сива,4,8,0.0,0.0,62021152215.0,GR10-GIESSE,,,90,,0.0,0.0,0.0,Обков,,DATABASE_EVIDENCE
WeissProfil2018_113,2415410,GR10-GIESSE,GIESSE 2415410 Дръжка за PVC прозорец ASIA бяла,4,8,0.0,0.0,41562462442.0,GR10-GIESSE,,,90,,0.0,0.0,0.0,Обков,,DATABASE_EVIDENCE
WeissProfil2018_113,2415500,GR10-GIESSE,GIESSE 2415500 Дръжка за PVC прозорец ASIA черна,4,8,0.0,0.0,76573432941.0,GR10-GIESSE,,,90,,0.0,0.0,0.0,Обков,,DATABASE_EVIDENCE
WeissProfil2018_113,2416410,GR10-GIESSE,GIESSE 2416410 Дръжка двустр. ASIA за PVC проз./балк. врата бяла,4,8,0.0,0.0,71602203493.0,GR10-GIESSE,,,90,,0.0,0.0,0.0,Обков,,DATABASE_EVIDENCE
WeissProfil2018_113,2416500,GR10-GIESSE,GIESSE 2416500 Дръжка двустр. ASIA за PVC проз./балк. врата черна,4,8,0.0,0.0,42673963654.0,GR10-GIESSE,,,90,,0.0,0.0,0.0,Обков,,DATABASE_EVIDENCE
WeissProfil2018_113,2476410,GR10-GIESSE,GIESSE 2476410 Дръжка за PVC прозорец PRIMA PLUS бяла,4,8,0.0,0.0,15208573033.0,GR10-GIESSE,,,90,,0.0,0.0,0.0,Обков,,DATABASE_EVIDENCE
WeissProfil2018_113,2476500,GR10-GIESSE,GIESSE 2476500 Дръжка за PVC прозорец PRIMA PLUS черна,4,8,0.0,0.0,87279383074.0,GR10-GIESSE,,,90,,0.0,0.0,0.0,Обков,,DATABASE_EVIDENCE
WeissProfil2018_113,26709,GR4-COLD,Профил за комарник прозорец,4,4,0.0,0.0,47736629577.0,GR4-COLD,,,90,,16.2,24.2,0.0,Аксесоар,,DATABASE_EVIDENCE
WeissProfil2018_113,26710,GR4-COLD,Профил за комарник врата,4,4,0.0,0.0,34836429814.0,GR4-COLD,,,90,,17.0,43.0,0.0,Аксесоар,,DATABASE_EVIDENCE
WeissProfil2018_113,26711,GR4-COLD,Делител за комарник малък,4,4,0.0,0.0,35866289564.0,GR4-COLD,,,90,,17.0,29.8,0.0,Аксесоар,,DATABASE_EVIDENCE
WeissProfil2018_113,26712,GR4-COLD,Делител за комарник голям,4,4,0.0,0.0,24846449518.0,GR4-COLD,,,90,,17.0,43.0,0.0,Аксесоар,,DATABASE_EVIDENCE
WeissProfil2018_113,27206310,GR8-S.ACCESS,PVC - капачка  /ком./ за ал. перваз - бяла,4,4,0.0,0.0,39715857764.0,GR8-S.ACCESS,,,90,,0.0,0.0,0.0,Аксесоар,,DATABASE_EVIDENCE
WeissProfil2018_113,27206320,GR8-S.ACCESS,PVC - капачка  /ком./ за ал. перваз - кафява,4,4,0.0,0.0,54835527273.0,GR8-S.ACCESS,,,90,,0.0,0.0,0.0,Аксесоар,,DATABASE_EVIDENCE
WeissProfil2018_113,27206325,GR8-S.ACCESS,PVC - капачка  /ком./ за ал. перваз - сива  7016,4,4,0.0,0.0,41815617351.0,GR8-S.ACCESS,,,90,,0.0,0.0,0.0,Аксесоар,,DATABASE_EVIDENCE
WeissProfil2018_113,27206540,GR8-S.ACCESS,WP - капачка за WP4065 ал. праг /ком./,4,4,0.0,0.0,34245577677.0,GR8-S.ACCESS,,,90,,0.0,0.0,0.0,Аксесоар,,DATABASE_EVIDENCE
WeissProfil2018_113,27206540-10,GR8-S.ACCESS,Мет. Капачка 160 мм.  /ком./ за ал. Перваз- GLOSS,4,4,0.0,0.0,85412879469.0,GR8-S.ACCESS,,,90,,0.0,0.0,0.0,Аксесоар,,DATABASE_EVIDENCE
WeissProfil2018_113,27206540-20,GR8-S.ACCESS,Мет. Капачка 160 мм.  /ком./ за ал. Перваз- T,4,4,0.0,0.0,72552359764.0,GR8-S.ACCESS,,,90,,0.0,0.0,0.0,Аксесоар,,DATABASE_EVIDENCE
WeissProfil2018_113,27206540-30,GR8-S.ACCESS,Мет. Капачка 160 мм.  /ком./ за ал. Перваз-SPECIAL,4,4,0.0,0.0,98602919628.0,GR8-S.ACCESS,,,90,,0.0,0.0,0.0,Аксесоар,,DATABASE_EVIDENCE
WeissProfil2018_113,27206550,GR8-S.ACCESS,Мет. капачка 180 мм.  /ком./ за ал. Перваз-,4,4,0.0,0.0,44355897687.0,GR8-S.ACCESS,,,90,,0.0,0.0,0.0,Аксесоар,,DATABASE_EVIDENCE
WeissProfil2018_113,27206550-10,GR8-S.ACCESS,Мет. капачка 180 мм.  /ком./ за ал. Перваз- GLOSS,4,4,0.0,0.0,42583680697.0,GR8-S.ACCESS,,,90,,0.0,0.0,0.0,Аксесоар,,DATABASE_EVIDENCE
WeissProfil2018_113,27206550-20,GR8-S.ACCESS,Мет. капачка 180 мм.  /ком./ за ал. Перваз- T,4,4,0.0,0.0,14663700814.0,GR8-S.ACCESS,,,90,,0.0,0.0,0.0,Аксесоар,,DATABASE_EVIDENCE
WeissProfil2018_113,27206550-30,GR8-S.ACCESS,Мет. капачка 180 мм.  /ком./ за ал. Перваз-SPECIAL,4,4,0.0,0.0,17713000671.0,GR8-S.ACCESS,,,90,,0.0,0.0,0.0,Аксесоар,,DATABASE_EVIDENCE
WeissProfil2018_113,27206560,GR8-S.ACCESS,Мет. капачка натурална с борд 260 мм. /ком./ за ал. перваз,4,4,0.0,0.0,92435477044.0,GR8-S.ACCESS,,,90,,0.0,0.0,0.0,Аксесоар,,DATABASE_EVIDENCE
WeissProfil2018_113,27206560-05,GR8-S.ACCESS,Мет. капачка с борд 260 мм. /ком./ за ал. перваз  7016,4,4,0.0,0.0,48524271864.0,GR8-S.ACCESS,,,90,,0.0,0.0,0.0,Аксесоар,,DATABASE_EVIDENCE
WeissProfil2018_113,27206560-10,GR8-S.ACCESS,"Мет. капачка с борд 260 мм. /ком./ за ал. Перваз, GLOSS",4,4,0.0,0.0,28634861827.0,GR8-S.ACCESS,,,90,,0.0,0.0,0.0,Аксесоар,,DATABASE_EVIDENCE
WeissProfil2018_113,27206560-20,GR8-S.ACCESS,"Мет. капачка с борд 260 мм. /ком./ за ал. Перваз, T",4,4,0.0,0.0,54704861835.0,GR8-S.ACCESS,,,90,,0.0,0.0,0.0,Аксесоар,,DATABASE_EVIDENCE
WeissProfil2018_113,27206560-30,GR8-S.ACCESS,"Мет. капачка с борд 260 мм. /ком./ за ал. Перваз,SPECIAL",4,4,0.0,0.0,47854121871.0,GR8-S.ACCESS,,,90,,0.0,0.0,0.0,Аксесоар,,DATABASE_EVIDENCE
WeissProfil2018_113,27206560-40,GR8-S.ACCESS,Мет. капачка бяла с борд 260 мм. /ком./ за ал. перваз,4,4,0.0,0.0,22954731315.0,GR8-S.ACCESS,,,90,,0.0,0.0,0.0,Аксесоар,,DATABASE_EVIDENCE
WeissProfil2018_113,27206570,GR8-S.ACCESS,Мет. капачка 280 мм.  /ком./ за ал. перваз-,4,4,0.0,0.0,34515737101.0,GR8-S.ACCESS,,,90,,0.0,0.0,0.0,Аксесоар,,DATABASE_EVIDENCE
WeissProfil2018_113,27206570-10,GR8-S.ACCESS,Мет. капачка 280 мм.  /ком./ за ал. перваз- GLOSS,4,4,0.0,0.0,46735682306.0,GR8-S.ACCESS,,,90,,0.0,0.0,0.0,Аксесоар,,DATABASE_EVIDENCE
WeissProfil2018_113,27206570-20,GR8-S.ACCESS,Мет. капачка 280 мм.  /ком./ за ал. перваз- T,4,4,0.0,0.0,16865112485.0,GR8-S.ACCESS,,,90,,0.0,0.0,0.0,Аксесоар,,DATABASE_EVIDENCE
WeissProfil2018_113,27206570-30,GR8-S.ACCESS,Мет. капачка 280 мм.  /ком./ за ал. перваз-SPECIAL,4,4,0.0,0.0,31975152225.0,GR8-S.ACCESS,,,90,,0.0,0.0,0.0,Аксесоар,,DATABASE_EVIDENCE
WeissProfil2018_113,27206580-10,GR8-S.ACCESS,Мет. капачка 100 мм.  /ком./ за ал. перваз- GLOSS,4,4,0.0,0.0,96876393777.0,GR8-S.ACCESS,,,90,,0.0,0.0,0.0,Аксесоар,,DATABASE_EVIDENCE
WeissProfil2018_113,27206580-20,GR8-S.ACCESS,Мет. капачка 100 мм.  /ком./ за ал. перваз- T,4,4,0.0,0.0,32976373419.0,GR8-S.ACCESS,,,90,,0.0,0.0,0.0,Аксесоар,,DATABASE_EVIDENCE
WeissProfil2018_113,27206580-30,GR8-S.ACCESS,Мет. капачка 100 мм.  /ком./ за ал. перваз-SPECIAL,4,4,0.0,0.0,47046443111.0,GR8-S.ACCESS,,,90,,0.0,0.0,0.0,Аксесоар,,DATABASE_EVIDENCE
WeissProfil2018_113,27206580-40,GR8-S.ACCESS,Мет. капачка 100 мм.  /ком./ за ал. перваз-,4,4,0.0,0.0,12146323839.0,GR8-S.ACCESS,,,90,,0.0,0.0,0.0,Аксесоар,,DATABASE_EVIDENCE
WeissProfil2018_113,27206590,GR8-S.ACCESS,Мет. капачка 130 мм.  /ком./ за ал. перваз-,4,4,0.0,0.0,45785747164.0,GR8-S.ACCESS,,,90,,0.0,0.0,0.0,Аксесоар,,DATABASE_EVIDENCE
WeissProfil2018_113,27206590-10,GR8-S.ACCESS,Мет. капачка 130 мм.  /ком./ за ал. перваз- GLOSS,4,4,0.0,0.0,50907994479.0,GR8-S.ACCESS,,,90,,0.0,0.0,0.0,Аксесоар,,DATABASE_EVIDENCE
WeissProfil2018_113,27206590-20,GR8-S.ACCESS,Мет. капачка 130 мм.  /ком./ за ал. перваз- T,4,4,0.0,0.0,98047004244.0,GR8-S.ACCESS,,,90,,0.0,0.0,0.0,Аксесоар,,DATABASE_EVIDENCE
WeissProfil2018_113,27206590-30,GR8-S.ACCESS,Мет. капачка 130 мм.  /ком./ за ал. перваз-SPECIAL,4,4,0.0,0.0,83127524554.0,GR8-S.ACCESS,,,90,,0.0,0.0,0.0,Аксесоар,,DATABASE_EVIDENCE
WeissProfil2018_113,27206600,GR8-S.ACCESS,Мет. капачка натурална с борд 210 мм. /ком./ за ал. перваз,4,4,0.0,0.0,38915157475.0,GR8-S.ACCESS,,,90,,0.0,0.0,0.0,Аксесоар,,DATABASE_EVIDENCE
WeissProfil2018_113,27206600-05,GR8-S.ACCESS,Мет. Капачка  7016 с борд 210 мм. /ком./ за ал. перваз,4,4,0.0,0.0,57068555602.0,GR8-S.ACCESS,,,90,,0.0,0.0,0.0,Аксесоар,,DATABASE_EVIDENCE
WeissProfil2018_113,27206600-10,GR8-S.ACCESS,Мет. Капачка с борд 210 мм.  /ком./ за ал. перваз- GLOSS,4,4,0.0,0.0,97158975811.0,GR8-S.ACCESS,,,90,,0.0,0.0,0.0,Аксесоар,,DATABASE_EVIDENCE
WeissProfil2018_113,27206600-20,GR8-S.ACCESS,Мет. капачка с борд 210 мм.  /ком./ за ал. перваз- T,4,4,0.0,0.0,23268765683.0,GR8-S.ACCESS,,,90,,0.0,0.0,0.0,Аксесоар,,DATABASE_EVIDENCE
WeissProfil2018_113,27206600-30,GR8-S.ACCESS,Мет. капачка с борд 210 мм.  /ком./ за ал. перваз-SPECIAL,4,4,0.0,0.0,72318245136.0,GR8-S.ACCESS,,,90,,0.0,0.0,0.0,Аксесоар,,DATABASE_EVIDENCE
WeissProfil2018_113,27206600-40,GR8-S.ACCESS,Мет. капачка бяла с борд 210 мм. /ком./ за ал. перваз,4,4,0.0,0.0,72448145412.0,GR8-S.ACCESS,,,90,,0.0,0.0,0.0,Аксесоар,,DATABASE_EVIDENCE
WeissProfil2018_113,27206610-00,GR8-S.ACCESS,Мет. капачка 230 мм.  /ком./ за ал. перваз-,4,4,0.0,0.0,71129366534.0,GR8-S.ACCESS,,,90,,0.0,0.0,0.0,Аксесоар,,DATABASE_EVIDENCE
WeissProfil2018_113,27206610-10,GR8-S.ACCESS,Мет. капачка 230 мм.  /ком./ за ал. перваз- GLOSS,4,4,0.0,0.0,38259926373.0,GR8-S.ACCESS,,,90,,0.0,0.0,0.0,Аксесоар,,DATABASE_EVIDENCE
WeissProfil2018_113,27206610-20,GR8-S.ACCESS,Мет. капачка 230 мм.  /ком./ за ал. перваз- T,4,4,0.0,0.0,45359286244.0,GR8-S.ACCESS,,,90,,0.0,0.0,0.0,Аксесоар,,DATABASE_EVIDENCE
WeissProfil2018_113,27206610-30,GR8-S.ACCESS,Мет. капачка 230 мм.  /ком./ за ал. перваз-SPECIAL,4,4,0.0,0.0,41489746825.0,GR8-S.ACCESS,,,90,,0.0,0.0,0.0,Аксесоар,,DATABASE_EVIDENCE
WeissProfil2018_113,27206620,GR8-S.ACCESS,Мет. капачка без 300 мм.  /ком./ за ал. перваз-,4,4,0.0,0.0,8125167311.0,GR8-S.ACCESS,,,90,,0.0,0.0,0.0,Аксесоар,,DATABASE_EVIDENCE
WeissProfil2018_113,27206620-05,GR8-S.ACCESS,Мет. капачка без 300 мм.  /ком./ за ал. перваз- 7016,4,4,0.0,0.0,78250287819.0,GR8-S.ACCESS,,,90,,0.0,0.0,0.0,Аксесоар,,DATABASE_EVIDENCE
WeissProfil2018_113,27206620-10,GR8-S.ACCESS,Мет. капачка без 300 мм.  /ком./ за ал. перваз- GLOSS,4,4,0.0,0.0,56320277322.0,GR8-S.ACCESS,,,90,,0.0,0.0,0.0,Аксесоар,,DATABASE_EVIDENCE
WeissProfil2018_113,27206620-20,GR8-S.ACCESS,Мет. капачка без 300 мм.  /ком./ за ал. перваз- T,4,4,0.0,0.0,23470457347.0,GR8-S.ACCESS,,,90,,0.0,0.0,0.0,Аксесоар,,DATABASE_EVIDENCE
WeissProfil2018_113,27206620-30,GR8-S.ACCESS,Мет. капачка без 300 мм.  /ком./ за ал. перваз-SPECIAL,4,4,0.0,0.0,86510247676.0,GR8-S.ACCESS,,,90,,0.0,0.0,0.0,Аксесоар,,DATABASE_EVIDENCE
WeissProfil2018_113,27206620-40,GR8-S.ACCESS,Мет. капачка без 300 мм.  /ком./ за ал. перваз-,4,4,0.0,0.0,90620557626.0,GR8-S.ACCESS,,,90,,0.0,0.0,0.0,Аксесоар,,DATABASE_EVIDENCE
WeissProfil2018_113,27206630,GR8-S.ACCESS,Мет. капачка с борд 350 мм. за ал. Перваз-,4,4,0.0,0.0,52255107496.0,GR8-S.ACCESS,,,90,,0.0,0.0,0.0,Аксесоар,,DATABASE_EVIDENCE
WeissProfil2018_113,27206630-05,GR8-S.ACCESS,Мет. капачка с борд 350 мм. за ал. Перваз-  7016,4,4,0.0,0.0,36371258283.0,GR8-S.ACCESS,,,90,,0.0,0.0,0.0,Аксесоар,,DATABASE_EVIDENCE
WeissProfil2018_113,27206630-10,GR8-S.ACCESS,Мет. капачка с борд 350 мм. за ал. Перваз-  GLOSS,4,4,0.0,0.0,94451818736.0,GR8-S.ACCESS,,,90,,0.0,0.0,0.0,Аксесоар,,DATABASE_EVIDENCE
WeissProfil2018_113,27206630-20,GR8-S.ACCESS,Мет. капачка с борд 350 мм. за ал. Перваз-,4,4,0.0,0.0,22531928829.0,GR8-S.ACCESS,,,90,,0.0,0.0,0.0,Аксесоар,,DATABASE_EVIDENCE
WeissProfil2018_113,27206630-30,GR8-S.ACCESS,Мет. Капачка с борд 350 мм. за ал. Перваз- SPECIAL,4,4,0.0,0.0,80631058962.0,GR8-S.ACCESS,,,90,,0.0,0.0,0.0,Аксесоар,,DATABASE_EVIDENCE
WeissProfil2018_113,27206651,GR8-S.ACCESS,Мет. капачка натурална без борд 210 мм. /ком./ за ал. перваз,4,4,0.0,0.0,37435057688.0,GR8-S.ACCESS,,,90,,0.0,0.0,0.0,Аксесоар,,DATABASE_EVIDENCE
WeissProfil2018_113,27206651-05,GR8-S.ACCESS,"Мет. капачка без борд 210 мм. /ком./ за ал. Перваз, 7016",4,4,0.0,0.0,57633150804.0,GR8-S.ACCESS,,,90,,0.0,0.0,0.0,Аксесоар,,DATABASE_EVIDENCE
WeissProfil2018_113,27206651-10,GR8-S.ACCESS,"Мет. капачка  без борд 210 мм. /ком./ за ал. Перваз, GLOSS",4,4,0.0,0.0,90743560724.0,GR8-S.ACCESS,,,90,,0.0,0.0,0.0,Аксесоар,,DATABASE_EVIDENCE
WeissProfil2018_113,27206651-20,GR8-S.ACCESS,"Мет. капачка  без борд 210 мм. /ком./ за ал. Перваз, T",4,4,0.0,0.0,8823930264.0,GR8-S.ACCESS,,,90,,0.0,0.0,0.0,Аксесоар,,DATABASE_EVIDENCE
WeissProfil2018_113,27206651-30,GR8-S.ACCESS,"Мет. капачка без борд 210 мм. /ком./ за ал. Перваз,SPECIAL",4,4,0.0,0.0,45943120847.0,GR8-S.ACCESS,,,90,,0.0,0.0,0.0,Аксесоар,,DATABASE_EVIDENCE
WeissProfil2018_113,27206651-40,GR8-S.ACCESS,"Мет. капачка без борд 210 мм. /ком./ за ал. Перваз,",4,4,0.0,0.0,96093750397.0,GR8-S.ACCESS,,,90,,0.0,0.0,0.0,Аксесоар,,DATABASE_EVIDENCE
WeissProfil2018_113,27206652,GR8-S.ACCESS,Мет. капачка натурална без борд 260 мм. /ком./ за ал. перваз,4,4,0.0,0.0,54425387736.0,GR8-S.ACCESS,,,90,,0.0,0.0,0.0,Аксесоар,,DATABASE_EVIDENCE
WeissProfil2018_113,27206652-05,GR8-S.ACCESS,"Мет. капачка  без борд 260 мм. /ком./ за ал. Перваз, 7016",4,4,0.0,0.0,25773810489.0,GR8-S.ACCESS,,,90,,0.0,0.0,0.0,Аксесоар,,DATABASE_EVIDENCE
WeissProfil2018_113,27206652-10,GR8-S.ACCESS,"Мет. капачка  без борд 260 мм. /ком./ за ал. Перваз, GLOSS",4,4,0.0,0.0,27843360476.0,GR8-S.ACCESS,,,90,,0.0,0.0,0.0,Аксесоар,,DATABASE_EVIDENCE
WeissProfil2018_113,27206652-20,GR8-S.ACCESS,"Мет. капачка  без борд 260 мм. /ком./ за ал. Перваз, T",4,4,0.0,0.0,76913010330.0,GR8-S.ACCESS,,,90,,0.0,0.0,0.0,Аксесоар,,DATABASE_EVIDENCE
WeissProfil2018_113,27206652-30,GR8-S.ACCESS,"Мет. Капачка без борд 260 мм. /ком./ за ал. Перваз,SPECIAL",4,4,0.0,0.0,51043270181.0,GR8-S.ACCESS,,,90,,0.0,0.0,0.0,Аксесоар,,DATABASE_EVIDENCE
WeissProfil2018_113,27206652-40,GR8-S.ACCESS,"Мет. Капачка без борд 260 мм. /ком./ за ал. Перваз,",4,4,0.0,0.0,9173990862.0,GR8-S.ACCESS,,,90,,0.0,0.0,0.0,Аксесоар,,DATABASE_EVIDENCE
WeissProfil2018_113,28217605,GR17-POZNAN,POZNAN AXIS Дръжка за врата с цял шийлд бяла - 312131012030,4,8,0.0,0.0,1216768390.0,GR17-POZNAN,,,90,,0.0,0.0,0.0,Обков,,DATABASE_EVIDENCE
WeissProfil2018_113,28217965,GR17-POZNAN,POZNAN AXIS Дръжка за врата с цял шийлд черна- 3121310120309005,4,8,0.0,0.0,47156828337.0,GR17-POZNAN,,,90,,0.0,0.0,0.0,Обков,,DATABASE_EVIDENCE
WeissProfil2018_113,299202500,GR10-GIESSE,GIESSE 2992500 Кликлок с бутон BRIO EVO черна,4,8,0.0,0.0,38359429883.0,GR10-GIESSE,,,90,,0.0,0.0,0.0,Обков,,DATABASE_EVIDENCE
WeissProfil2018_113,30.01,GR4-COLD,Slidetech 30.01 Каса плъзгане еднорелсова,1,34,41.0,0.0,76378260816.0,GR4-COLD,,,90,,41.0,37.0,0.0,Уплътнение,,DATABASE_EVIDENCE
WeissProfil2018_113,30.02,GR4-COLD,Slidetech 30.02 Каса плъзгане двурелсова,1,1,41.0,0.0,24328420934.0,GR4-COLD,,,90,,41.0,46.5,0.0,Каса,Frame,DATABASE_EVIDENCE
WeissProfil2018_113,30.03,GR4-COLD,Slidetech 30.03 Каса плъзгане трирелсова,1,1,41.0,0.0,16388450406.0,GR4-COLD,,,90,,41.0,84.0,0.0,Каса,Frame,DATABASE_EVIDENCE
WeissProfil2018_113,30.04,GR4-COLD,Slidetech 30.04  Делител плъзгане за ед. стъкло,3,3,28.0,17.0,14348810648.0,GR4-COLD,,,90,,62.0,30.0,0.0,Делител,,DATABASE_EVIDENCE
WeissProfil2018_113,30.05,GR4-COLD,Slidetech 30.05  Делител плъзгане за стъклопакет,3,3,28.0,17.0,76358420639.0,GR4-COLD,,,90,,62.0,30.0,0.0,Делител,,DATABASE_EVIDENCE
WeissProfil2018_113,30.06,GR4-COLD,Slidetech 30.06  Адаптор за ед. стъкло,4,4,0.0,0.0,35328320574.0,GR4-COLD,,,90,,17.7,30.0,0.0,Аксесоар,,DATABASE_EVIDENCE
WeissProfil2018_113,30.08,GR4-COLD,Slidetech W 30.08 Крило за плъзгащ комарник,4,4,0.0,0.0,40368520950.0,GR4-COLD,,,90,,62.0,30.0,0.0,Аксесоар,,DATABASE_EVIDENCE
WeissProfil2018_113,30.09,GR4-COLD,Slidetech 30.09 Крило плъзгане за ед. стъкло,2,2,62.0,0.0,46358630592.0,GR4-COLD,,,90,,62.0,30.0,0.0,Крило,Wing,DATABASE_EVIDENCE
WeissProfil2018_113,30.10,GR4-COLD,Slidetech 30.10 Крило плъзгане за стъклопакет,2,2,62.0,0.0,65458950555.0,GR4-COLD,,,90,,62.0,30.0,0.0,Крило,Wing,DATABASE_EVIDENCE
WeissProfil2018_113,30.12,GR4-COLD,Slidetech 30.12 Капачка за плъзгане,4,4,0.0,0.0,52488640575.0,GR4-COLD,,,90,,35.5,30.5,0.0,Аксесоар,,DATABASE_EVIDENCE
WeissProfil2018_113,30.14,GR4-COLD,Slidetech 30.14 Свързващ профил,4,4,0.0,0.0,68468410225.0,GR4-COLD,,,90,,18.08,20.0,0.0,Аксесоар,,DATABASE_EVIDENCE
WeissProfil2018_113,3001,GR C-WP 5000/4000,WP I G 3001 G ESSENTIAL Каса вътрешен златен дъб с гума,1,1,43.0,0.0,74762680838.0,GR C-WP 5000/4000,,,45,,63.0,60.0,0.0,Каса,Frame,DATABASE_EVIDENCE
WeissProfil2018_113,3002,GR C-WP 5000/4000,WP I G 3002 G ESSENTIAL Крило вътрешен златен дъб с гума,2,2,37.0,20.0,61762640881.0,GR C-WP 5000/4000,,,45,,77.0,60.0,0.0,Крило,Wing,DATABASE_EVIDENCE
WeissProfil2018_113,3003,GR C-WP 5000/4000,WP I G 3003 G ESSENTIAL Делител вътрешен златен дъб с гума,3,3,33.0,20.0,51782290022.0,GR C-WP 5000/4000,,,45,,73.0,60.0,0.0,Делител,,DATABASE_EVIDENCE
WeissProfil2018_113,3004,GR C-WP 5000/4000,WP I G 3004 G ESSENTIAL Крило врата вътрешен златен дъб с гума,2,2,65.0,20.0,37752900516.0,GR C-WP 5000/4000,,,45,,105.0,60.0,0.0,Крило,Wing,DATABASE_EVIDENCE
WeissProfil2018_113,3005,GR C-WP 5000/4000,WP I G 3005 G ESSENTIAL Крило врата обърнато вътрешен златен дъб с гума,2,2,65.0,20.0,43742150885.0,GR C-WP 5000/4000,,,45,,105.0,60.0,0.0,Крило,Wing,DATABASE_EVIDENCE
WeissProfil2018_113,30057016,GR26-FLY SCREENS,"ML Дръжка за комарник вътрешна голяма, антрацит",4,4,0.0,0.0,23245683759.0,GR26-FLY SCREENS,,,90,,0.0,0.0,0.0,Аксесоар,,DATABASE_EVIDENCE
WeissProfil2018_113,30058014,GR26-FLY SCREENS,"ML Дръжка за комарник вътрешна голяма, кафява",4,4,0.0,0.0,41376263431.0,GR26-FLY SCREENS,,,90,,0.0,0.0,0.0,Аксесоар,,DATABASE_EVIDENCE
WeissProfil2018_113,30059016,GR26-FLY SCREENS,"ML Дръжка за комарник вътрешна голяма, бяла",4,4,0.0,0.0,65487383229.0,GR26-FLY SCREENS,,,90,,0.0,0.0,0.0,Аксесоар,,DATABASE_EVIDENCE
WeissProfil2018_113,3006,GR C-WP 5000/4000,WP I G 3006 G ESSENTIAL Подвижен делител вътрешен златен дъб с гума,4,5,0.0,0.0,82752830875.0,GR C-WP 5000/4000,,,90,,61.0,60.0,0.0,Летящ делител,,DATABASE_EVIDENCE
WeissProfil2018_113,30067016,GR26-FLY SCREENS,"ML Дръжка за комарник външна голяма, антрацит",4,8,0.0,0.0,77355864657.0,GR26-FLY SCREENS,,,90,,0.0,0.0,0.0,Обков,,DATABASE_EVIDENCE
WeissProfil2018_113,30068014,GR26-FLY SCREENS,"ML Дръжка за комарник външна голяма, кафява",4,4,0.0,0.0,81436534836.0,GR26-FLY SCREENS,,,90,,0.0,0.0,0.0,Аксесоар,,DATABASE_EVIDENCE
WeissProfil2018_113,30078014,GR26-FLY SCREENS,"ML Панта за комарник, кафява",4,4,0.0,0.0,21536475399.0,GR26-FLY SCREENS,,,90,,0.0,0.0,0.0,Аксесоар,,DATABASE_EVIDENCE
WeissProfil2018_113,30079005,GR26-FLY SCREENS,"ML Панта за комарник, черна",4,4,0.0,0.0,48547115194.0,GR26-FLY SCREENS,,,90,,0.0,0.0,0.0,Аксесоар,,DATABASE_EVIDENCE
WeissProfil2018_113,30079016,GR26-FLY SCREENS,"ML Панта за комарник, бяла",4,4,0.0,0.0,73667485721.0,GR26-FLY SCREENS,,,90,,0.0,0.0,0.0,Аксесоар,,DATABASE_EVIDENCE
WeissProfil2018_113,30087016,GR26-FLY SCREENS,"ML Аеропланка за комарник, антрацит",4,4,0.0,0.0,26525486744.0,GR26-FLY SCREENS,,,90,,0.0,0.0,0.0,Аксесоар,,DATABASE_EVIDENCE
WeissProfil2018_113,30088014,GR26-FLY SCREENS,"ML Аеропланка за комарник, кафяв",4,4,0.0,0.0,42666336432.0,GR26-FLY SCREENS,,,90,,0.0,0.0,0.0,Аксесоар,,DATABASE_EVIDENCE
WeissProfil2018_113,30089005,GR26-FLY SCREENS,"ML Аеропланка за комарник, черен",4,4,0.0,0.0,50617786079.0,GR26-FLY SCREENS,,,90,,0.0,0.0,0.0,Аксесоар,,DATABASE_EVIDENCE
WeissProfil2018_113,30089016,GR26-FLY SCREENS,"ML Аеропланка за комарник, бял",4,4,0.0,0.0,57737236364.0,GR26-FLY SCREENS,,,90,,0.0,0.0,0.0,Аксесоар,,DATABASE_EVIDENCE
WeissProfil2018_113,30097016,GR26-FLY SCREENS,"ML Сглобка за комарник врата, антрацит",4,4,0.0,0.0,76695647358.0,GR26-FLY SCREENS,,,90,,0.0,0.0,0.0,Аксесоар,,DATABASE_EVIDENCE
WeissProfil2018_113,30099005,GR26-FLY SCREENS,"ML Сглобка за комарник врата, черна",4,4,0.0,0.0,54747167652.0,GR26-FLY SCREENS,,,90,,0.0,0.0,0.0,Аксесоар,,DATABASE_EVIDENCE
WeissProfil2018_113,30099014,GR26-FLY SCREENS,"ML Сглобка за комарник врата, кафява",4,4,0.0,0.0,65887937644.0,GR26-FLY SCREENS,,,90,,0.0,0.0,0.0,Аксесоар,,DATABASE_EVIDENCE
WeissProfil2018_113,30099016,GR26-FLY SCREENS,"ML Сглобка за комарник врата, бяла",4,4,0.0,0.0,48837497692.0,GR26-FLY SCREENS,,,90,,0.0,0.0,0.0,Аксесоар,,DATABASE_EVIDENCE
WeissProfil2018_113,30107016,GR26-FLY SCREENS,"ML Дръжка за комарник вътрешна малка, антрацит",4,4,0.0,0.0,8836468817.0,GR26-FLY SCREENS,,,90,,0.0,0.0,0.0,Аксесоар,,DATABASE_EVIDENCE
WeissProfil2018_113,30109016,GR26-FLY SCREENS,"ML Дръжка за комарник вътрешна малка, кафява",4,4,0.0,0.0,27038758274.0,GR26-FLY SCREENS,,,90,,0.0,0.0,0.0,Аксесоар,,DATABASE_EVIDENCE
WeissProfil2018_113,30117016,GR26-FLY SCREENS,"ML Сглобка за комарник прозорец, антрацит",4,4,0.0,0.0,12966659484.0,GR26-FLY SCREENS,,,90,,0.0,0.0,0.0,Аксесоар,,DATABASE_EVIDENCE
WeissProfil2018_113,30118014,GR26-FLY SCREENS,"ML Сглобка за комарник прозорец, кафява",4,4,0.0,0.0,3037169131.0,GR26-FLY SCREENS,,,90,,0.0,0.0,0.0,Аксесоар,,DATABASE_EVIDENCE
WeissProfil2018_113,30119005,GR26-FLY SCREENS,"ML Сглобка за комарник прозорец, черна",4,4,0.0,0.0,32088759713.0,GR26-FLY SCREENS,,,90,,0.0,0.0,0.0,Аксесоар,,DATABASE_EVIDENCE
WeissProfil2018_113,30119016,GR26-FLY SCREENS,"ML Сглобка за комарник прозорец, бяла",4,4,0.0,0.0,58108389515.0,GR26-FLY SCREENS,,,90,,0.0,0.0,0.0,Аксесоар,,DATABASE_EVIDENCE
WeissProfil2018_113,30200,GR24-OTHER,IFESTOS - Кликлок капачка бял,4,8,0.0,0.0,47792730645.0,GR24-OTHER,,,90,,0.0,0.0,0.0,Обков,,DATABASE_EVIDENCE
WeissProfil2018_113,30205,GR24-OTHER,IFESTOS - Кликлок капачка черен,4,8,0.0,0.0,51782130895.0,GR24-OTHER,,,90,,0.0,0.0,0.0,Обков,,DATABASE_EVIDENCE
WeissProfil2018_113,3033,GR C-WP 5000/4000,WP I G 3033 G ESSENTIAL Делител голям вътрешен златен дъб с гума,3,3,40.0,20.0,22032690163.0,GR C-WP 5000/4000,,,45,,80.0,60.0,0.0,Делител,,DATABASE_EVIDENCE
WeissProfil2018_113,3035,GR C-WP 5000/4000,WP I G 3035 G ESSENTIAL Каса с перваз вътрешен златен дъб с гума,1,1,43.0,35.0,16022870779.0,GR C-WP 5000/4000,,,45,,98.0,60.0,0.0,Каса,Frame,DATABASE_EVIDENCE
WeissProfil2018_113,31201860,GR26-FLY SCREENS,Гума за комарник масово се продава,4,34,0.0,0.0,89751668512.0,GR26-FLY SCREENS,,,90,,0.0,0.0,0.0,Уплътнение,,DATABASE_EVIDENCE
WeissProfil2018_113,31201900,GR26-FLY SCREENS,"Мрежа за комарник ширина 0,8 м",4,4,0.0,0.0,57261678391.0,GR26-FLY SCREENS,,,90,,0.0,0.0,0.0,Аксесоар,,DATABASE_EVIDENCE
WeissProfil2018_113,31201910,GR26-FLY SCREENS,Мрежа за комарник ширина 1 м,4,4,0.0,0.0,87331188311.0,GR26-FLY SCREENS,,,90,,0.0,0.0,0.0,Аксесоар,,DATABASE_EVIDENCE
WeissProfil2018_113,31201912,GR26-FLY SCREENS,"Мрежа за комарник ширина 1,2 м",4,4,0.0,0.0,37331498483.0,GR26-FLY SCREENS,,,90,,0.0,0.0,0.0,Аксесоар,,DATABASE_EVIDENCE
WeissProfil2018_113,31201914,GR26-FLY SCREENS,"Мрежа за комарник ширина 1,4 м",4,4,0.0,0.0,86391048331.0,GR26-FLY SCREENS,,,90,,0.0,0.0,0.0,Аксесоар,,DATABASE_EVIDENCE
WeissProfil2018_113,31201916,GR26-FLY SCREENS,"Мрежа за комарник ширина 1,6 м",4,4,0.0,0.0,33341518543.0,GR26-FLY SCREENS,,,90,,0.0,0.0,0.0,Аксесоар,,DATABASE_EVIDENCE
WeissProfil2018_113,31201920,GR26-FLY SCREENS,Уплътнител за комарник Ф=4mm,4,34,0.0,0.0,87461228544.0,GR26-FLY SCREENS,,,90,,0.0,0.0,0.0,Уплътнение,,DATABASE_EVIDENCE
WeissProfil2018_113,31201930,GR26-FLY SCREENS,Уплътнител за комарник Ф=4mm,4,34,0.0,0.0,61531838460.0,GR26-FLY SCREENS,,,90,,0.0,0.0,0.0,Уплътнение,,DATABASE_EVIDENCE
WeissProfil2018_113,3217-9005,GR24-OTHER,"SKL - 3217 - Заключване подвижен делител външно, 140mm черно",4,8,0.0,0.0,95384055486.0,GR24-OTHER,,,90,,0.0,0.0,0.0,Обков,,DATABASE_EVIDENCE
WeissProfil2018_113,3217-9016,GR24-OTHER,SKL - 3217 - Заключване подвижен делител малко външно,4,8,0.0,0.0,43474115166.0,GR24-OTHER,,,90,,0.0,0.0,0.0,Обков,,DATABASE_EVIDENCE
WeissProfil2018_113,3263B,,Комарник ВРАТА,4,4,0.0,0.0,67676980295.0,,,,90,,0.0,0.0,,Аксесоар,,DATABASE_EVIDENCE
WeissProfil2018_113,33263,SARAY,Комарник проз. фол.,4,4,0.0,0.0,33662480417.0,,,,90,,0.0,0.0,,Аксесоар,,DATABASE_EVIDENCE
WeissProfil2018_113,35105490,GR6-CORNERS;SCREWS,Монтажен винт TORX 7.5x72,4,4,0.0,0.0,44314788923.0,GR6-CORNERS;SCREWS,,,90,,0.0,0.0,0.0,Аксесоар,,DATABASE_EVIDENCE
WeissProfil2018_113,35105500,GR6-CORNERS;SCREWS,Монтажен винт TORX 7.5x92,4,4,0.0,0.0,17534268077.0,GR6-CORNERS;SCREWS,,,90,,0.0,0.0,0.0,Аксесоар,,DATABASE_EVIDENCE
WeissProfil2018_113,35105510,GR6-CORNERS;SCREWS,Монтажен винт TORX 7.5x112,4,4,0.0,0.0,47634468562.0,GR6-CORNERS;SCREWS,,,90,,0.0,0.0,0.0,Аксесоар,,DATABASE_EVIDENCE
WeissProfil2018_113,35105520,GR6-CORNERS;SCREWS,Монтажен винт TORX 7.5x132,4,4,0.0,0.0,73714058458.0,GR6-CORNERS;SCREWS,,,90,,0.0,0.0,0.0,Аксесоар,,DATABASE_EVIDENCE
WeissProfil2018_113,35105530,GR6-CORNERS;SCREWS,Монтажен винт TORX 7.5x152,4,4,0.0,0.0,72814148347.0,GR6-CORNERS;SCREWS,,,90,,0.0,0.0,0.0,Аксесоар,,DATABASE_EVIDENCE
WeissProfil2018_113,35105540,GR6-CORNERS;SCREWS,Монтажен винт TORX 7.5x182,4,4,0.0,0.0,73974778672.0,GR6-CORNERS;SCREWS,,,90,,0.0,0.0,0.0,Аксесоар,,DATABASE_EVIDENCE
WeissProfil2018_113,35105550,GR6-CORNERS;SCREWS,Монтажен винт TORX 7.5x202,4,4,0.0,0.0,74014558888.0,GR6-CORNERS;SCREWS,,,90,,0.0,0.0,0.0,Аксесоар,,DATABASE_EVIDENCE
WeissProfil2018_113,35105560,GR6-CORNERS;SCREWS,Монтажен винт TORX 7.5x212,4,4,0.0,0.0,58124608801.0,GR6-CORNERS;SCREWS,,,90,,0.0,0.0,0.0,Аксесоар,,DATABASE_EVIDENCE
WeissProfil2018_113,3542,SARAY,Комарник ВРАТА.фол.,4,4,0.0,0.0,25662390855.0,,,,90,,0.0,0.0,,Аксесоар,,DATABASE_EVIDENCE
WeissProfil2018_113,37016150,GR24-OTHER,"М 10 HIT - Панти/комплект/ 2br., бели",4,8,0.0,0.0,96974129403.0,GR24-OTHER,,,90,,0.0,0.0,0.0,Обков,,DATABASE_EVIDENCE
WeissProfil2018_113,37016440,GR24-OTHER,"М 10 HIT - Панти/комплект/ 2br., черни",4,8,0.0,0.0,15174459351.0,GR24-OTHER,,,90,,0.0,0.0,0.0,Обков,,DATABASE_EVIDENCE
WeissProfil2018_113,38006500,GR8-S.ACCESS,Подложки за стъклопакет - 2мм.,4,4,0.0,0.0,96874548077.0,GR8-S.ACCESS,,,90,,0.0,0.0,0.0,Аксесоар,,DATABASE_EVIDENCE
WeissProfil2018_113,38006510,GR8-S.ACCESS,Подложки за стъклопакет - 3мм.,4,4,0.0,0.0,42934248681.0,GR8-S.ACCESS,,,90,,0.0,0.0,0.0,Аксесоар,,DATABASE_EVIDENCE
WeissProfil2018_113,38006520,GR8-S.ACCESS,Подложки за стъклопакет - 4мм.,4,4,0.0,0.0,97094908457.0,GR8-S.ACCESS,,,90,,0.0,0.0,0.0,Аксесоар,,DATABASE_EVIDENCE
WeissProfil2018_113,38006530,GR8-S.ACCESS,Подложки за стъклопакет - 5мм.,4,4,0.0,0.0,69184138393.0,GR8-S.ACCESS,,,90,,0.0,0.0,0.0,Аксесоар,,DATABASE_EVIDENCE
WeissProfil2018_113,38006540,GR8-S.ACCESS,Подложка степенчата l=20мм.,4,4,0.0,0.0,45234568085.0,GR8-S.ACCESS,,,90,,0.0,0.0,0.0,Аксесоар,,DATABASE_EVIDENCE
WeissProfil2018_113,38006550,GR8-S.ACCESS,Подложка степенчата l=24мм.,4,4,0.0,0.0,59374888258.0,GR8-S.ACCESS,,,90,,0.0,0.0,0.0,Аксесоар,,DATABASE_EVIDENCE
WeissProfil2018_113,38006570,GR8-S.ACCESS,Подложка степенчата l=32мм.,4,4,0.0,0.0,23504518150.0,GR8-S.ACCESS,,,90,,0.0,0.0,0.0,Аксесоар,,DATABASE_EVIDENCE
WeissProfil2018_113,38006580,GR8-S.ACCESS,Подложна пластина USS - 18мм.,4,4,0.0,0.0,4624598232.0,GR8-S.ACCESS,,,90,,0.0,0.0,0.0,Аксесоар,,DATABASE_EVIDENCE
WeissProfil2018_113,38006590,GR8-S.ACCESS,Подложна пластина USS - 24мм.,4,4,0.0,0.0,42754648359.0,GR8-S.ACCESS,,,90,,0.0,0.0,0.0,Аксесоар,,DATABASE_EVIDENCE
WeissProfil2018_113,38006600,GR8-S.ACCESS,Подложна пластина USS - 32мм.,4,4,0.0,0.0,27974408656.0,GR8-S.ACCESS,,,90,,0.0,0.0,0.0,Аксесоар,,DATABASE_EVIDENCE
WeissProfil2018_113,38006605,GR8-S.ACCESS,Подложна пластина USS - 42мм.,4,4,0.0,0.0,22954828616.0,GR8-S.ACCESS,,,90,,0.0,0.0,0.0,Аксесоар,,DATABASE_EVIDENCE
WeissProfil2018_113,38006660,GR8-S.ACCESS,Подложка степенчата l=40мм.,4,4,0.0,0.0,56534838062.0,GR8-S.ACCESS,,,90,,0.0,0.0,0.0,Аксесоар,,DATABASE_EVIDENCE
WeissProfil2018_113,38006670,GR8-S.ACCESS,Подложка степенчата l=52мм.,4,4,0.0,0.0,25614188185.0,GR8-S.ACCESS,,,90,,0.0,0.0,0.0,Аксесоар,,DATABASE_EVIDENCE
WeissProfil2018_113,38006760,GR8-S.ACCESS,Подложка за остъкляване 2x100x48 мм.,4,4,0.0,0.0,62684788237.0,GR8-S.ACCESS,,,90,,0.0,0.0,0.0,Аксесоар,,DATABASE_EVIDENCE
WeissProfil2018_113,38006770,GR8-S.ACCESS,Подложка за остъкляване 3x100x48 мм.,4,4,0.0,0.0,20734848352.0,GR8-S.ACCESS,,,90,,0.0,0.0,0.0,Аксесоар,,DATABASE_EVIDENCE
WeissProfil2018_113,38006780,GR8-S.ACCESS,Подложка за остъкляване 4x100x48 мм.,4,4,0.0,0.0,55874138227.0,GR8-S.ACCESS,,,90,,0.0,0.0,0.0,Аксесоар,,DATABASE_EVIDENCE
WeissProfil2018_113,38006790,GR8-S.ACCESS,Подложка за остъкляване 5x100x48 мм.,4,4,0.0,0.0,33964778716.0,GR8-S.ACCESS,,,90,,0.0,0.0,0.0,Аксесоар,,DATABASE_EVIDENCE
WeissProfil2018_113,40.02,GR4-COLD,Lightech 40.02 Каса широка,1,1,33.0,0.0,41479021377.0,GR4-COLD,,,90,,55.0,40.0,0.0,Каса,Frame,DATABASE_EVIDENCE
WeissProfil2018_113,40.03,GR4-COLD,Lightech 40.03 Стъклодържател за стъклопакет,4,7,0.0,0.0,76489651482.0,GR4-COLD,,,90,,22.0,3.5,0.0,Стъклодържател,,DATABASE_EVIDENCE
WeissProfil2018_113,40.04,GR4-COLD,Lightech 40.04 Каса широка обла,1,1,33.5,0.0,56449181126.0,GR4-COLD,,,90,,55.0,72.8,0.0,Каса,Frame,DATABASE_EVIDENCE
WeissProfil2018_113,40.06,GR4-COLD,Lightech 40.06 Стъклодържател за стъклопакет,4,7,0.0,0.0,13489711441.0,GR4-COLD,,,90,,22.0,6.0,0.0,Стъклодържател,,DATABASE_EVIDENCE
WeissProfil2018_113,40.10,GR4-COLD,Lightech 40.10 Каса мини,1,1,0.0,0.0,73519221223.0,GR4-COLD,,,90,,45.0,30.0,0.0,Каса,Frame,DATABASE_EVIDENCE
WeissProfil2018_113,40.11,GR4-COLD,Lightech 40.11 Каса малка,1,1,23.0,0.0,18599341231.0,GR4-COLD,,,90,,45.0,37.0,0.0,Каса,Frame,DATABASE_EVIDENCE
WeissProfil2018_113,40.12,GR4-COLD,Lightech 40.12 Каса голяма,1,1,33.0,0.0,91589281861.0,GR4-COLD,,,90,,55.0,37.0,0.0,Каса,Frame,DATABASE_EVIDENCE
WeissProfil2018_113,40.13,GR4-COLD,Lightech 40.13 Каса с голям перваз,1,1,23.0,45.0,92549061472.0,GR4-COLD,,,90,,90.0,45.0,0.0,Каса,Frame,DATABASE_EVIDENCE
WeissProfil2018_113,40.15,GR4-COLD,Lightech 40.15 Каса с малък перваз,1,1,23.0,25.0,25559341267.0,GR4-COLD,,,90,,70.0,45.0,0.0,Каса,Frame,DATABASE_EVIDENCE
WeissProfil2018_113,40.16,GR4-COLD,Lightech 40.16 Стъклодържател 16 мм.,4,7,0.0,0.0,75519721015.0,GR4-COLD,,,90,,22.0,16.0,0.0,Стъклодържател,,DATABASE_EVIDENCE
WeissProfil2018_113,40.17,WP 40,Присъединител,4,4,0.0,0.0,14579231869.0,GROUP4-COLD,,,90,,29.5,25.2,0.0,Аксесоар,,DATABASE_EVIDENCE
WeissProfil2018_113,40.18,GR4-COLD,Lightech 40.18 Безкамерна каса,1,1,10.0,0.0,39599641155.0,GR4-COLD,,,90,,32.0,37.0,0.0,Каса,Frame,DATABASE_EVIDENCE
WeissProfil2018_113,40.20,GR4-COLD,Lightech 40.20 Стъклодържател за ед. стъкло,4,7,0.0,0.0,26669411547.0,GR4-COLD,,,90,,22.0,20.0,0.0,Стъклодържател,,DATABASE_EVIDENCE
WeissProfil2018_113,40.21,GR4-COLD,Lightech 40.21 Крило прозорец,2,2,41.5,0.0,22619051120.0,GR4-COLD,,,90,,63.5,44.5,0.0,Крило,Wing,DATABASE_EVIDENCE
WeissProfil2018_113,40.22,GR4-COLD,Lightech 40.22 Крило прозорец за PVC обков,2,2,34.5,17.5,44669281265.0,GR4-COLD,,,90,,74.0,44.5,0.0,Крило,Wing,DATABASE_EVIDENCE
WeissProfil2018_113,40.23,GR4-COLD,Lightech 40.23 Крило врата мини,4,4,0.0,0.0,52619641787.0,GR4-COLD,,,90,,94.0,37.0,0.0,Аксесоар,,DATABASE_EVIDENCE
WeissProfil2018_113,40.24,GR4-COLD,Lightech 40.24 Крило врата,2,2,73.5,0.0,93639581457.0,GR4-COLD,,,90,,95.5,44.5,0.0,Крило,Wing,DATABASE_EVIDENCE
WeissProfil2018_113,40.25,GR4-COLD,Lightech 40.25 Крило врата право,2,2,73.5,0.0,69659241780.0,GR4-COLD,,,90,,95.5,44.5,0.0,Крило,Wing,DATABASE_EVIDENCE
WeissProfil2018_113,40.27,GR4-COLD,Lightech 40.27 Крило врата за навън,2,2,73.5,0.0,30639261454.0,GR4-COLD,,,90,,95.5,44.5,0.0,Крило,Wing,DATABASE_EVIDENCE
WeissProfil2018_113,40.28,GR4-COLD,Lightech 40.28 Крило врата право за навън,2,2,73.5,0.0,17649031572.0,GR4-COLD,,,90,,95.5,44.5,0.0,Крило,Wing,DATABASE_EVIDENCE
WeissProfil2018_113,40.31,GR4-COLD,Lightech 40.31 Делител малък,3,3,26.0,22.0,14799781224.0,GR4-COLD,,,90,,70.0,37.0,0.0,Делител,,DATABASE_EVIDENCE
WeissProfil2018_113,40.33,GR4-COLD,Lightech 40.33 Делител голям,3,3,36.0,22.0,63719381321.0,GR4-COLD,,,90,,80.0,37.0,0.0,Делител,,DATABASE_EVIDENCE
WeissProfil2018_113,40.35,GR4-COLD,Lightech 40.35 Делител за право крило,3,3,40.0,22.0,28749251651.0,GR4-COLD,,,90,,84.0,37.0,0.0,Делител,,DATABASE_EVIDENCE
WeissProfil2018_113,40.37,GR4-COLD,Lightech 40.37 Праг,1,1,15.0,0.0,44779821745.0,GR4-COLD,,,90,,15.0,37.0,0.0,Каса,Frame,DATABASE_EVIDENCE
WeissProfil2018_113,40.38,GR4-COLD,Lightech 40.38 Профил към врата с праг,4,4,0.0,0.0,86739981261.0,GR4-COLD,,,90,,20.0,24.5,0.0,Аксесоар,,DATABASE_EVIDENCE
WeissProfil2018_113,40.39,GR4-COLD,Lightech 40.39 Долен профил врата,2,2,95.0,0.0,62749461857.0,GR4-COLD,,,90,,95.0,37.0,0.0,Крило,Wing,DATABASE_EVIDENCE
WeissProfil2018_113,40.40,GR4-COLD,Lightech 40.40 Профил към врата без праг,4,4,0.0,0.0,47859431282.0,GR4-COLD,,,90,,33.85,40.35,0.0,Аксесоар,,DATABASE_EVIDENCE
WeissProfil2018_113,40.41,GR4-COLD,Lightech 40.41 Ъглов профил,4,4,0.0,0.0,80879281803.0,GR4-COLD,,,90,,39.0,39.0,0.0,Аксесоар,,DATABASE_EVIDENCE
WeissProfil2018_113,40.42,GR4-COLD,Lightech 40.42 Капачка за каса,4,4,0.0,0.0,68819371685.0,GR4-COLD,,,90,,5.15,37.0,0.0,Аксесоар,,DATABASE_EVIDENCE
WeissProfil2018_113,40.43,GR4-COLD,Lightech 40.43 Адаптор за тръба,4,4,0.0,0.0,84819561976.0,GR4-COLD,,,90,,24.0,37.0,0.0,Аксесоар,,DATABASE_EVIDENCE
WeissProfil2018_113,40.44,GR4-COLD,Lightech 40.44 Тръба,4,4,0.0,0.0,54849701362.0,GR4-COLD,,,90,,37.0,37.0,0.0,Аксесоар,,DATABASE_EVIDENCE
WeissProfil2018_113,40.45,GR4-COLD,Lightech 40.45 Перваз 45 мм.,4,4,0.0,0.0,72889021978.0,GR4-COLD,,,90,,47.0,45.0,0.0,Аксесоар,,DATABASE_EVIDENCE
WeissProfil2018_113,40.47,GR4-COLD,Lightech 40.47 Перваз 25 мм.,4,4,0.0,0.0,18899841721.0,GR4-COLD,,,90,,29.5,25.2,0.0,Аксесоар,,DATABASE_EVIDENCE
WeissProfil2018_113,40.51,GR4-COLD,Lightech 40.51 Подвижен делител,4,4,0.0,0.0,86989581632.0,GR4-COLD,,,90,,61.0,40.9,0.0,Аксесоар,,DATABASE_EVIDENCE
WeissProfil2018_113,4001,WP 4000,Каса 4 кам.,1,1,43.0,0.0,78863251407.0,WP 4000,,,45,,0.0,0.0,0.0,Каса,Frame,DATABASE_EVIDENCE
WeissProfil2018_113,4002,WP 4000,Крило прозорец 4 кам.,2,2,37.0,20.0,69803331370.0,WP 4000,,,45,,0.0,0.0,0.0,Крило,Wing,DATABASE_EVIDENCE
WeissProfil2018_113,4065,PROFILE,WP4065 - Допълнителен профил за PVC врата /алуминиев/ м.,1,1,18.0,0.0,43443491073.0,PROFILE,,,45,,7.5,31.45,0.0,Каса,Frame,DATABASE_EVIDENCE
WeissProfil2018_113,4066,PROFILE,WP4066 - Допълнителен профил за PVC врата /алуминиев/ м.,4,4,0.0,0.0,97443721319.0,PROFILE,,,90,,8.0,45.5,0.0,Аксесоар,,DATABASE_EVIDENCE
WeissProfil2018_113,4107,GR C-WP 5000/4000,WP G 4107 ESSENTIAL Ъглов профил на 90 / златен дъб /,4,4,0.0,0.0,76983771621.0,GR C-WP 5000/4000,,,90,,60.5,70.0,0.0,Аксесоар,,DATABASE_EVIDENCE
WeissProfil2018_113,4108,GR C-WP 5000/4000,WP I / O G 4108 ESSENTIAL Удължител / едностранен златен дъб /,4,4,0.0,0.0,88963381421.0,GR C-WP 5000/4000,,,90,,20.0,60.0,0.0,Аксесоар,,DATABASE_EVIDENCE
WeissProfil2018_113,4109,GR C-WP 5000/4000,WP I G 4109 ESSENTIAL Адаптор за тръба / вътрешен златен дъб /,4,4,0.0,0.0,1933311557.0,GR C-WP 5000/4000,,,90,,29.0,60.0,0.0,Аксесоар,,DATABASE_EVIDENCE
WeissProfil2018_113,4111,GR C-WP 5000/4000,WP G 4111 ESSENTIAL Тръба ф50 / златен дъб /,4,4,0.0,0.0,64033951344.0,GR C-WP 5000/4000,,,90,,50.0,50.0,0.0,Аксесоар,,DATABASE_EVIDENCE
WeissProfil2018_113,4112,GR C-WP 5000/4000,WP B 4112 ESSENTIAL Присъединителен профил / кафяв /,4,4,0.0,0.0,65073651221.0,GR C-WP 5000/4000,,,90,,5.0,59.0,0.0,Аксесоар,,DATABASE_EVIDENCE
WeissProfil2018_113,4113,GR C-WP 5000/4000,WP I / O G 4113 ESSENTIAL Присъединителен профил голям / едностранен златен дъб /,4,4,0.0,0.0,77053891336.0,GR C-WP 5000/4000,,,90,,40.0,80.0,0.0,Аксесоар,,DATABASE_EVIDENCE
WeissProfil2018_113,4114,GR5-PANELS,Подпрозоречна дъска 20x150mm,4,4,0.0,0.0,39023471580.0,GR5-PANELS,,,90,,20.0,150.0,0.0,Аксесоар,,DATABASE_EVIDENCE
WeissProfil2018_113,4115,GR5-PANELS,Подпрозоречна дъска 20x200mm,4,4,0.0,0.0,25033381742.0,GR5-PANELS,,,90,,20.0,200.0,0.0,Аксесоар,,DATABASE_EVIDENCE
WeissProfil2018_113,4116,GR5-PANELS,Подпрозоречна дъска 20x250mm,4,4,0.0,0.0,95093771630.0,GR5-PANELS,,,90,,20.0,250.0,0.0,Аксесоар,,DATABASE_EVIDENCE
WeissProfil2018_113,4117,GR5-PANELS,Подпрозоречна дъска 20x300mm,4,4,0.0,0.0,84023031412.0,GR5-PANELS,,,90,,20.0,300.0,0.0,Аксесоар,,DATABASE_EVIDENCE
WeissProfil2018_113,4118,GR5-PANELS,PVC панел 20mm,4,4,0.0,0.0,76073781585.0,GR5-PANELS,,,90,,20.0,100.0,0.0,Аксесоар,,DATABASE_EVIDENCE
WeissProfil2018_113,4119,GR5-PANELS,PVC панел 24mm,4,4,0.0,0.0,27003781138.0,GR5-PANELS,,,90,,24.0,100.0,0.0,Аксесоар,,DATABASE_EVIDENCE
WeissProfil2018_113,4123,GR B-WP 5000,WP 4123 Повдигащ профил,4,4,0.0,0.0,22123151975.0,GR B-WP 5000,,,90,,37.0,30.0,0.0,Аксесоар,,DATABASE_EVIDENCE
WeissProfil2018_113,4125,WP 4000,ПВЦ външ.дъска200 мм,4,4,0.0,0.0,57153701964.0,WP 4000,,,90,,0.0,0.0,0.0,Аксесоар,,DATABASE_EVIDENCE
WeissProfil2018_113,500-15117010,GR24-OTHER,BELGRAD AKUSTIK  Дръжка за прозорец за PVC бяла,4,8,0.0,0.0,71655446669.0,GR24-OTHER,,,90,,0.0,0.0,0.0,Обков,,DATABASE_EVIDENCE
WeissProfil2018_113,500-15128010,GR24-OTHER,BELGRAD AKUSTIK  Дръжка за прозорец за PVC кафява,4,8,0.0,0.0,80806466417.0,GR24-OTHER,,,90,,0.0,0.0,0.0,Обков,,DATABASE_EVIDENCE
WeissProfil2018_113,500-15148010,GR24-OTHER,BELGRAD AKUSTIK  Дръжка за прозорец за PVC антрацит,4,8,0.0,0.0,54016756642.0,GR24-OTHER,,,90,,0.0,0.0,0.0,Обков,,DATABASE_EVIDENCE
WeissProfil2018_113,500-15156930,GR24-OTHER,BELGRAD AKUSTIK  Дръжка за прозорец за PVC SILVER,4,8,0.0,0.0,24094386247.0,GR24-OTHER,,,90,,0.0,0.0,0.0,Обков,,DATABASE_EVIDENCE
WeissProfil2018_113,5001,GR B-WP 5000,WP I G 5001 G ENERGY Каса вътрешен златен дъб с гума,1,1,46.0,0.0,78944422237.0,GR B-WP 5000,,,45,,66.0,72.0,0.0,Каса,Frame,DATABASE_EVIDENCE
WeissProfil2018_113,5002,GR B-WP 5000,WP I G 5002 G ENERGY Крило вътрешен златен дъб с гума,2,2,38.0,20.0,70914312295.0,GR B-WP 5000,,,45,,78.0,72.0,0.0,Крило,Wing,DATABASE_EVIDENCE
WeissProfil2018_113,5003,GR B-WP 5000,WP I G 5003 G ENERGY Делител вътрешен златен дъб с гума,3,3,40.0,20.0,60924772874.0,GR B-WP 5000,,,45,,80.0,72.0,0.0,Делител,,DATABASE_EVIDENCE
WeissProfil2018_113,5004,GR B-WP 5000,WP I G 5004 G ENERGY Крило врата вътрешен златен дъб с гума,2,2,73.0,20.0,22924572536.0,GR B-WP 5000,,,45,,113.0,72.0,0.0,Крило,Wing,DATABASE_EVIDENCE
WeissProfil2018_113,5005,GR B-WP 5000,WP I E 5005 G ENERGY Крило врата обърнато вътрешен тъмен дъб с гума,2,2,73.0,20.0,8984712423.0,GR B-WP 5000,,,45,,113.0,72.0,0.0,Крило,Wing,DATABASE_EVIDENCE
WeissProfil2018_113,5006,GR B-WP 5000,WP I G 5006 G ENERGY Подвижен делител вътрешен златен дъб с гума,4,5,0.0,0.0,35974402527.0,GR B-WP 5000,,,90,,61.0,72.0,0.0,Летящ делител,,DATABASE_EVIDENCE
WeissProfil2018_113,5007,GR B-WP 5000,WP G 5007 ENERGY Ъглов профил на 90 златен дъб,4,4,0.0,0.0,76944222977.0,GR B-WP 5000,,,90,,79.0,72.0,0.0,Аксесоар,,DATABASE_EVIDENCE
WeissProfil2018_113,5008,GR B-WP 5000,WP I O G 5008 ENERGY Удължител едностранен златен дъб,4,4,0.0,0.0,8914572157.0,GR B-WP 5000,,,90,,30.0,72.0,0.0,Аксесоар,,DATABASE_EVIDENCE
WeissProfil2018_113,5009,GR B-WP 5000,WP I G 5009 ENERGY Адаптор за тръба вътрешен златен дъб,4,4,0.0,0.0,8954422634.0,GR B-WP 5000,,,90,,38.0,72.0,0.0,Аксесоар,,DATABASE_EVIDENCE
WeissProfil2018_113,5010,GR B-WP 5000,WP I G 5010 G ENERGY Крило водобранно вътрешен златен дъб с гума,2,2,38.0,20.0,73074732878.0,GR B-WP 5000,,,45,,78.0,80.0,0.0,Крило,Wing,DATABASE_EVIDENCE
WeissProfil2018_113,5011,WP 5000,ПВЦ тръба 72 мм,4,4,0.0,0.0,32024062258.0,WP 5000,,,90,,0.0,0.0,0.0,Аксесоар,,DATABASE_EVIDENCE
WeissProfil2018_113,5012,GR B-WP 5000,WP B 5012 ENERGY Присъединителен профил кафяв,4,4,0.0,0.0,93004352245.0,GR B-WP 5000,,,90,,15.0,15.0,0.0,Аксесоар,,DATABASE_EVIDENCE
WeissProfil2018_113,5013,GR B-WP 5000,WP I O G 5013 ENERGY Присъединителен профил голям едностранен златен дъб,4,4,0.0,0.0,25024522284.0,GR B-WP 5000,,,90,,50.0,92.0,0.0,Аксесоар,,DATABASE_EVIDENCE
WeissProfil2018_113,5020,GR B-WP 5000,WP G 5020 ENERGY Стъклодържател за пакет златен дъб,4,7,0.0,0.0,53184512414.0,GR B-WP 5000,,,45,,20.0,23.0,0.0,Стъклодържател,,DATABASE_EVIDENCE
WeissProfil2018_113,5028,GR B-WP 5000,WP G 5028 ESSENTIAL Стъклодържател за пакет златен дъб,4,7,0.0,0.0,73124202742.0,GR B-WP 5000,,,45,,20.0,19.0,0.0,Стъклодържател,,DATABASE_EVIDENCE
WeissProfil2018_113,5030,GR B-WP 5000,WP G 5030 ESSENTIAL Стъклодържател за пакет златен дъб,4,7,0.0,0.0,52274912385.0,GR B-WP 5000,,,45,,20.0,15.0,0.0,Стъклодържател,,DATABASE_EVIDENCE
WeissProfil2018_113,5034,GR B-WP 5000,WP G 5034 ESSENTIAL Стъклодържател за ед. стъкло златен дъб,4,7,0.0,0.0,8254222218.0,GR B-WP 5000,,,45,,20.0,39.0,0.0,Стъклодържател,,DATABASE_EVIDENCE
WeissProfil2018_113,5035,GR B-WP 5000,WP I G 5035 G ENERGY Каса с перваз вътрешен златен дъб с гума,1,1,46.0,35.0,21244502500.0,GR B-WP 5000,,,45,,101.0,72.0,0.0,Каса,Frame,DATABASE_EVIDENCE
WeissProfil2018_113,5040,GR B-WP 5000,WP G 5040 ENERGY Стъклодържател за троен стъклопакет златен дъб,4,7,0.0,0.0,49314922143.0,GR B-WP 5000,,,45,,20.0,7.0,0.0,Стъклодържател,,DATABASE_EVIDENCE
WeissProfil2018_113,5065,PROFILE,WP5065 - Праг за 5-камерна PVC врата /алуминиев/ м.,1,1,18.0,0.0,13594442413.0,PROFILE,,,45,,18.0,65.0,0.0,Каса,Frame,DATABASE_EVIDENCE
WeissProfil2018_113,5066,PROFILE,WP5066 - Допълнителен профил за PVC врата /алуминиев/ м.,0,0,0.0,0.0,75514282194.0,PROFILE,,,90,,7.5,31.45,0.0,UNKNOWN,,DATABASE_EVIDENCE
WeissProfil2018_113,6-28478-31-0-1,GR15-GU,GU - 6284783101 Брава мартина евроканал 35/92/20/1020/Automatic,4,8,0.0,0.0,4149824481.0,GR15-GU,,,90,,0.0,0.0,0.0,Обков,,DATABASE_EVIDENCE
WeissProfil2018_113,6-28480-31-0-1,GR15-GU,"Брава мартина 35/92/24x6/1020 /Autoic/,за AL безфалц.",4,8,0.0,0.0,87461126476.0,GR15-GU,,,90,,0.0,0.0,0.0,Обков,,DATABASE_EVIDENCE
WeissProfil2018_113,6-28483-01-0-1,GR15-GU,GU - 6284830101 Брава мартина евроканал 40/92/24x3/8мм/1020/Autoic,4,8,0.0,0.0,4431739043.0,GR15-GU,,,90,,0.0,0.0,0.0,Обков,,DATABASE_EVIDENCE
WeissProfil2018_113,6-28484-01-0-1,GR15-GU,"Брава мартина 40/92/24x6/1020 /Autoic/,за AL безфалц. DM40",4,8,0.0,0.0,83552840274.0,GR15-GU,,,90,,0.0,0.0,0.0,Обков,,DATABASE_EVIDENCE
WeissProfil2018_113,6-28555-03-0-1,GR15-GU,"Брава мартина 40/92/24х6/1020 /2 куки/ през патрона,за AL безфалц.",4,8,0.0,0.0,43634633382.0,GR15-GU,,,90,,0.0,0.0,0.0,Обков,,DATABASE_EVIDENCE
WeissProfil2018_113,6-29854-00-0-0,GR15-GU,Скрита мека връзка за кабел L=260mm,4,8,0.0,0.0,36646880957.0,GR15-GU,,,90,,0.0,0.0,0.0,Обков,,DATABASE_EVIDENCE
WeissProfil2018_113,6-31529-13-0-1,GR15-GU,GU - 6315291301 Брава мартина евроканал 40/92/20/1020/MR2,4,8,0.0,0.0,74240970382.0,GR15-GU,,,90,,0.0,0.0,0.0,Обков,,DATABASE_EVIDENCE
WeissProfil2018_113,6-31529-17-0-1,GR15-GU,"Брава мартина 40/92/24/1020 U планка/MR2/,за AL безфалц.",4,8,0.0,0.0,78650944566.0,GR15-GU,,,90,,0.0,0.0,0.0,Обков,,DATABASE_EVIDENCE
WeissProfil2018_113,6-31542-17-0-1,GR15-GU,"Брава мартина 35/92/24/1020 U планка/MR2/,за AL безфалц.",4,8,0.0,0.0,84183857510.0,GR15-GU,,,90,,0.0,0.0,0.0,Обков,,DATABASE_EVIDENCE
WeissProfil2018_113,6-35515-04-0-1,GR15-GU,,4,8,0.0,0.0,23115111193.0,GR15-GU,,,90,,0.0,0.0,0.0,Обков,,DATABASE_EVIDENCE
WeissProfil2018_113,6-36144-35-0-1,GR15-GU,Ролка/буре/ за брава DM 35 GU,4,8,0.0,0.0,71403162554.0,GR15-GU,,,90,,0.0,0.0,0.0,Обков,,DATABASE_EVIDENCE
WeissProfil2018_113,6-36144-40-0-1,GR15-GU,GU - 6361444001 Ролка /буре/ за брава DM40,4,8,0.0,0.0,82074617673.0,GR15-GU,,,90,,0.0,0.0,0.0,Обков,,DATABASE_EVIDENCE
WeissProfil2018_113,6-36150-45-0-1,GR15-GU,GU - 6361504501 Брава мартина евроканал 35/92/20/1020/MR2,4,8,0.0,0.0,75260558468.0,GR15-GU,,,90,,0.0,0.0,0.0,Обков,,DATABASE_EVIDENCE
WeissProfil2018_113,6-36160-38-0-1,GR15-GU,"Брава мартина 40/92/24/1020 /2 куки/ през патрона,за AL евроканал",4,8,0.0,0.0,14539071926.0,GR15-GU,,,90,,0.0,0.0,0.0,Обков,,DATABASE_EVIDENCE
WeissProfil2018_113,6-37367-01-L-1,GR15-GU,"Централен насрещник за брава мартина 24х6 U, за ал. Безфалц, ляв",4,8,0.0,0.0,41365372175.0,GR15-GU,,,90,,0.0,0.0,0.0,Обков,,DATABASE_EVIDENCE
WeissProfil2018_113,6-37367-01-R-1,GR15-GU,"Централен насрещник за брава мартина 24х6 U, за ал. Безфалц, десен",4,8,0.0,0.0,50985912712.0,GR15-GU,,,90,,0.0,0.0,0.0,Обков,,DATABASE_EVIDENCE
WeissProfil2018_113,6-37368-01-L-1,GR15-GU,GU - 63736801L1 Насрещник за брава евроканал 24x3 ляв,4,8,0.0,0.0,43436633263.0,GR15-GU,,,90,,0.0,0.0,0.0,Обков,,DATABASE_EVIDENCE
WeissProfil2018_113,6-37368-01-R-1,GR15-GU,GU - 63736801R1 Насрещник за брава евроканал 24x3 десен,4,8,0.0,0.0,20076583944.0,GR15-GU,,,90,,0.0,0.0,0.0,Обков,,DATABASE_EVIDENCE
WeissProfil2018_113,6-38678-09-L-1,GR15-GU,GU - 63867809L1 Централен насрещник за брава мартина евроканал 20x6 U ФАЛЦ ляв,4,8,0.0,0.0,2719422251.0,GR15-GU,,,90,,0.0,0.0,0.0,Обков,,DATABASE_EVIDENCE
WeissProfil2018_113,6-38678-09-R-1,GR15-GU,GU - 63867809R1 Централен насрещник за брава мартина евроканал 20x6 U ФАЛЦ десен,4,8,0.0,0.0,20359842017.0,GR15-GU,,,90,,0.0,0.0,0.0,Обков,,DATABASE_EVIDENCE
WeissProfil2018_113,6-40007-AA-0-1,GR15-GU,"Насрещник малък за брава мартина AUTOМАТIC DR с куки 24x3, за AL евроканал. 2019",4,8,0.0,0.0,37360481141.0,GR15-GU,,,90,,0.0,0.0,0.0,Обков,,DATABASE_EVIDENCE
WeissProfil2018_113,6-40007-AC-0-1,GR15-GU,"Насрещник малък за брава мартина AUTOМАТIC DR с куки 24x6 U, за AL безфалц. 2019",4,8,0.0,0.0,16510623362.0,GR15-GU,,,90,,0.0,0.0,0.0,Обков,,DATABASE_EVIDENCE
WeissProfil2018_113,6-40032-AC-0-1,GR15-GU,"Насрещник малък за брава мартина AUTOМАТIC 24x6 U, за AL безфалц. 2019",4,8,0.0,0.0,13385678116.0,GR15-GU,,,90,,0.0,0.0,0.0,Обков,,DATABASE_EVIDENCE
WeissProfil2018_113,6-40032-DR-0-1,GR15-GU,Насрещник малък за брава мартина AUTOМАТIC 24x3 за ал.евроканал 2019,4,8,0.0,0.0,30148513875.0,GR15-GU,,,90,,0.0,0.0,0.0,Обков,,DATABASE_EVIDENCE
WeissProfil2018_113,6-40075-AA-0-1,GR15-GU,Насрещник за куки за брава мартина за ал.евроканал 2019,4,8,0.0,0.0,85818689514.0,GR15-GU,,,90,,0.0,0.0,0.0,Обков,,DATABASE_EVIDENCE
WeissProfil2018_113,6-40075-AC-0-1,GR15-GU,Насрещник за куки за брава мартина за ал. безфалц 2019,4,8,0.0,0.0,13088581423.0,GR15-GU,,,90,,0.0,0.0,0.0,Обков,,DATABASE_EVIDENCE
WeissProfil2018_113,6-40470-05-0-1,GR15-GU,"Брава мартина 40/92/24x6 U/1020 /Autoic DR с куки/,за AL безфалц",4,8,0.0,0.0,92870832155.0,GR15-GU,,,90,,0.0,0.0,0.0,Обков,,DATABASE_EVIDENCE
WeissProfil2018_113,6-40470-29-0-1,GR15-GU,"Брава мартина 40/92/24x3/1020 /Autoic DR с куки/,за AL евроканал",4,8,0.0,0.0,38412876421.0,GR15-GU,,,90,,0.0,0.0,0.0,Обков,,DATABASE_EVIDENCE
WeissProfil2018_113,6-B1910-14-L-8,GR15-GU,"Брава мартина Фалц PANIC B SEC 1910, 40/92/24х3/1020/2285 лява/дясна/ Еднокрила 2022",4,8,0.0,0.0,54050452771.0,GR15-GU,,,90,,0.0,0.0,0.0,Обков,,DATABASE_EVIDENCE
WeissProfil2018_113,6-B1911-04-L-8,GR15-GU,"Брава мартина Безфалц PANIC B SEC 1911, 40/92/24x6/1750/730/760  Дясна Дв.2023",4,8,0.0,0.0,55080153425.0,GR15-GU,,,90,,0.0,0.0,0.0,Обков,,DATABASE_EVIDENCE
WeissProfil2018_113,6-B1911-12-L-8,GR15-GU,"Брава мартина Фалц PANIC B SEC 1911, 40/92/24x3/1750/730/760  Лява/Дясна Дв.2023",4,8,0.0,0.0,15931381515.0,GR15-GU,,,90,,0.0,0.0,0.0,Обков,,DATABASE_EVIDENCE
WeissProfil2018_113,6-B1916-14-L-8,GR15-GU,"Брава мартина Фалц PANIC Е  SEC 1916, 40/92/24x3/1750/730/760  Лява/Дясна Еднокрила 2022",4,8,0.0,0.0,43636868178.0,GR15-GU,,,90,,0.0,0.0,0.0,Обков,,DATABASE_EVIDENCE
WeissProfil2018_113,6-B1916-48-L-8,GR15-GU,"Брава мартина Фалц PANIC E, СТОП език, SEC 1966, 40/92/24х3/1020/2285 Лява/Дясна Ед. 2021",4,8,0.0,0.0,51349852955.0,GR15-GU,,,90,,0.0,0.0,0.0,Обков,,DATABASE_EVIDENCE
WeissProfil2018_113,6-B1917-16-L-8,GR15-GU,"Брава мартина Фалц PANIC E SEC 1917, 40/92/24x3/1750 Лява/Дясна Дв. врата 2020",4,8,0.0,0.0,93977321673.0,GR15-GU,,,90,,0.0,0.0,0.0,Обков,,DATABASE_EVIDENCE
WeissProfil2018_113,6-B1917-25-L-8,GR15-GU,"Брава мартина Фалц PANIC E, СТОП език,  SEC 1917,  40/92/24X3/1750, Лява/Дясна Дв 2021",4,8,0.0,0.0,81938730681.0,GR15-GU,,,90,,0.0,0.0,0.0,Обков,,DATABASE_EVIDENCE
WeissProfil2018_113,6001,WP 6000,Каса 6 кам.,1,1,46.0,0.0,21065743234.0,WP 6000,,,90,,0.0,0.0,0.0,Каса,Frame,DATABASE_EVIDENCE
WeissProfil2018_113,6002,WP 6000,Крило прозорец 6 кам. право,2,2,38.0,20.0,46055873462.0,WP 6000,,,90,,0.0,0.0,0.0,Крило,Wing,DATABASE_EVIDENCE
WeissProfil2018_113,6004376,GR10-GIESSE,,4,8,0.0,0.0,63814475401.0,GR10-GIESSE,,,90,,0.0,0.0,0.0,Обков,,DATABASE_EVIDENCE
WeissProfil2018_113,6004410,GR10-GIESSE,,4,8,0.0,0.0,78335455616.0,GR10-GIESSE,,,90,,0.0,0.0,0.0,Обков,,DATABASE_EVIDENCE
WeissProfil2018_113,6004500,GR10-GIESSE,,4,8,0.0,0.0,9386305933.0,GR10-GIESSE,,,90,,0.0,0.0,0.0,Обков,,DATABASE_EVIDENCE
WeissProfil2018_113,6010354002,GR24-OTHER,YALE DEKA Патрон 68 мм ямков с 4 ключа,4,8,0.0,0.0,65157633528.0,GR24-OTHER,,,90,,0.0,0.0,0.0,Обков,,DATABASE_EVIDENCE
WeissProfil2018_113,6310B,GR24-OTHER,"DOMUS - Дръжка за врата за алуминий с розетка, черна",4,8,0.0,0.0,23254323824.0,GR24-OTHER,,,90,,0.0,0.0,0.0,Обков,,DATABASE_EVIDENCE
WeissProfil2018_113,6310L,GR24-OTHER,"DOMUS - Дръжка за врата за алуминий с розетка, бяла",4,8,0.0,0.0,14294233887.0,GR24-OTHER,,,90,,0.0,0.0,0.0,Обков,,DATABASE_EVIDENCE
WeissProfil2018_113,6310LE,GR24-OTHER,"FAPIO Дръжка за врата за алуминий, бяла",4,8,0.0,0.0,37854743561.0,GR24-OTHER,,,90,,0.0,0.0,0.0,Обков,,DATABASE_EVIDENCE
WeissProfil2018_113,6310ME,GR24-OTHER,"FAPIO Дръжка за врата за алуминий, черна",4,8,0.0,0.0,46914103547.0,GR24-OTHER,,,90,,0.0,0.0,0.0,Обков,,DATABASE_EVIDENCE
WeissProfil2018_113,6810LE,GR24-OTHER,DOMUS - 6810LE - Панта двойна бяла /бр/ евро канал,4,8,0.0,0.0,72374133539.0,GR24-OTHER,,,90,,0.0,0.0,0.0,Обков,,DATABASE_EVIDENCE
WeissProfil2018_113,6810ME,GR24-OTHER,DOMUS - 6810ME - Панта двойна черна /бр/ евро канал,4,8,0.0,0.0,36494373631.0,GR24-OTHER,,,90,,0.0,0.0,0.0,Обков,,DATABASE_EVIDENCE
WeissProfil2018_113,70.01,GR2-WP70,Thermo Slide 70.01 Каса еднорелсова,1,1,50.0,0.0,43732054472.0,GR2-WP70,,,45,,52.0,160.0,0.0,Каса,Frame,DATABASE_EVIDENCE
WeissProfil2018_113,70.02,GR2-WP70,Thermo Slide 70.02 Каса двурелсова,1,1,50.0,0.0,48772364635.0,GR2-WP70,,,45,,50.0,160.0,0.0,Каса,Frame,DATABASE_EVIDENCE
WeissProfil2018_113,70.05,GR2-WP70,Thermo Slide 70.05 Каса с перо двурелсова,1,1,50.0,0.0,96752614471.0,GR2-WP70,,,45,,50.0,170.0,0.0,Каса,Frame,DATABASE_EVIDENCE
WeissProfil2018_113,70.12,GR2-WP70,Thermo Slide 70.12 Каса праг,1,1,20.0,0.0,72802674261.0,GR2-WP70,,,45,,50.0,160.0,0.0,Каса,Frame,DATABASE_EVIDENCE
WeissProfil2018_113,70.15,GR2-WP70,Thermo Slide 70.15 Каса праг,1,1,20.0,0.0,74892224753.0,GR2-WP70,,,45,,50.0,170.0,0.0,Каса,Frame,DATABASE_EVIDENCE
WeissProfil2018_113,70.20,GR2-WP70,Thermo Slide 70.20 Крило малко,2,2,45.0,0.0,78932334338.0,GR2-WP70,,,90,,45.0,70.0,0.0,Крило,Wing,DATABASE_EVIDENCE
WeissProfil2018_113,70.22,GR2-WP70,Thermo Slide 70.22 Крило,2,2,99.0,0.0,14942244045.0,GR2-WP70,,,45,,99.0,70.0,0.0,Крило,Wing,DATABASE_EVIDENCE
WeissProfil2018_113,70.22дел,WP 70,Крило 70.22 като делител,3,3,55.0,22.0,81662304883.0,GR2-WP70,,,90,,99.0,0.0,0.0,Делител,,DATABASE_EVIDENCE
WeissProfil2018_113,70.31,GR2-WP70,Thermo Slide 70.31 Насрещен профил,4,17,0.0,0.0,76092344828.0,GR2-WP70,,,90,,16.19,35.0,0.0,Каси,,DATABASE_EVIDENCE
WeissProfil2018_113,70.32,GR2-WP70,Thermo Slide 70.32 Снаждащ профил 160 мм.,4,17,0.0,0.0,14032074531.0,GR2-WP70,,,90,,16.19,35.0,0.0,Каси,,DATABASE_EVIDENCE
WeissProfil2018_113,70.35,GR2-WP70,Thermo Slide 70.35 Снаждащ профил 170 мм.,4,17,0.0,0.0,64002614575.0,GR2-WP70,,,90,,16.19,35.0,0.0,Каси,,DATABASE_EVIDENCE
WeissProfil2018_113,70.40,GR2-WP70,Thermo Slide 70.40 Капачка за каса праг,4,10,0.0,0.0,28162264842.0,GR2-WP70,,,90,,7.19,27.5,0.0,Капачки,,DATABASE_EVIDENCE
WeissProfil2018_113,70.40.P,GR2-WP70,Thermo Slide 70.40.P Капачка перфорирана за каса праг,4,10,0.0,0.0,80510396113.0,GR2-WP70,,,90,,7.19,27.5,0.0,Капачки,,DATABASE_EVIDENCE
WeissProfil2018_113,70.41,GR2-WP70,Thermo Slide 70.41 Капачка за двурелсова каса,4,10,0.0,0.0,64142694857.0,GR2-WP70,,,90,,27.85,84.0,0.0,Капачки,,DATABASE_EVIDENCE
WeissProfil2018_113,70.42,GR2-WP70,Thermo Slide 70.42 Капачка декоративна за двурелсова каса,4,10,0.0,0.0,83112024268.0,GR2-WP70,,,90,,28.35,84.0,0.0,Капачки,,DATABASE_EVIDENCE
WeissProfil2018_113,70.43,GR2-WP70,Thermo Slide 70.43 Капачка за еднорелсова каса,4,10,0.0,0.0,84152444523.0,GR2-WP70,,,90,,30.85,84.0,0.0,Капачки,,DATABASE_EVIDENCE
WeissProfil2018_113,70.44,GR2-WP70,Thermo Slide 70.44 Капачка декоративна за еднорелсова каса,4,10,0.0,0.0,42102484614.0,GR2-WP70,,,90,,30.85,84.0,0.0,Капачки,,DATABASE_EVIDENCE
WeissProfil2018_113,70.45,GR2-WP70,Thermo Slide 70.45 Капачка за вертикал за еднорелсова каса,4,10,0.0,0.0,85132184425.0,GR2-WP70,,,90,,30.85,84.0,0.0,Капачки,,DATABASE_EVIDENCE
WeissProfil2018_113,70.48,GR2-WP70,Thermo Slide 70.48 Капачка за крило,4,10,0.0,0.0,39122464340.0,GR2-WP70,,,90,,14.0,84.0,0.0,Капачки,,DATABASE_EVIDENCE
WeissProfil2018_113,7002215730,GR8-S.ACCESS,170/15073 Падащ праг с двойна силиконова гума L-730 см.,4,4,0.0,0.0,55927137153.0,GR8-S.ACCESS,,,90,,0.0,0.0,0.0,Аксесоар,,DATABASE_EVIDENCE
WeissProfil2018_113,7002215830,GR8-S.ACCESS,170/15083 Падащ праг с двойна силиконова гума L-83 см.,4,4,0.0,0.0,80037487754.0,GR8-S.ACCESS,,,90,,0.0,0.0,0.0,Аксесоар,,DATABASE_EVIDENCE
WeissProfil2018_113,7002215930,GR8-S.ACCESS,170/15093 Падащ праг с двойна силиконова гума L-93 см.,4,4,0.0,0.0,25177437558.0,GR8-S.ACCESS,,,90,,0.0,0.0,0.0,Аксесоар,,DATABASE_EVIDENCE
WeissProfil2018_113,7002520730,GR8-S.ACCESS,AE 073 Падащ праг с двоен реглаж  за евро канал L-73 см.,4,4,0.0,0.0,31815822314.0,GR8-S.ACCESS,,,90,,0.0,0.0,0.0,Аксесоар,,DATABASE_EVIDENCE
WeissProfil2018_113,7002520830,GR8-S.ACCESS,Падащ праг за евроканал 83 см,4,4,0.0,0.0,59905232855.0,GR8-S.ACCESS,,,90,,0.0,0.0,0.0,Аксесоар,,DATABASE_EVIDENCE
WeissProfil2018_113,7002520930,GR8-S.ACCESS,AE 093 Падащ праг с двоен реглаж  за евро канал L-93 см.,4,4,0.0,0.0,52065512761.0,GR8-S.ACCESS,,,90,,0.0,0.0,0.0,Аксесоар,,DATABASE_EVIDENCE
WeissProfil2018_113,7022151030,GR8-S.ACCESS,170/15103 Падащ праг с двойна силиконова гума L-103 см.,4,4,0.0,0.0,13324723542.0,GR8-S.ACCESS,,,90,,0.0,0.0,0.0,Аксесоар,,DATABASE_EVIDENCE
WeissProfil2018_113,7022151230,GR8-S.ACCESS,170/15123 Падащ праг с двойна силиконова гума L-123 см.,4,4,0.0,0.0,35534373297.0,GR8-S.ACCESS,,,90,,0.0,0.0,0.0,Аксесоар,,DATABASE_EVIDENCE
WeissProfil2018_113,7022151330,GR8-S.ACCESS,170/15133 Падащ праг с двойна силиконова гума L-133 см.,4,4,0.0,0.0,25674713236.0,GR8-S.ACCESS,,,90,,0.0,0.0,0.0,Аксесоар,,DATABASE_EVIDENCE
WeissProfil2018_113,7025201030,GR8-S.ACCESS,Падащ праг за евроканал 103 см,4,4,0.0,0.0,95275636938.0,GR8-S.ACCESS,,,90,,0.0,0.0,0.0,Аксесоар,,DATABASE_EVIDENCE
WeissProfil2018_113,7025201130,GR8-S.ACCESS,AE 113 Падащ праг с двоен реглаж  за евро канал L-113 см.,4,4,0.0,0.0,95345046632.0,GR8-S.ACCESS,,,90,,0.0,0.0,0.0,Аксесоар,,DATABASE_EVIDENCE
WeissProfil2018_113,7025201230,GR8-S.ACCESS,Падащ праг за евроканал 123 см,4,4,0.0,0.0,70465936514.0,GR8-S.ACCESS,,,90,,0.0,0.0,0.0,Аксесоар,,DATABASE_EVIDENCE
WeissProfil2018_113,718000,KURTOGLU,ШНУР КОМАРН/571600,4,4,0.0,0.0,98622684202.0,0,,,90,,0.0,0.0,,Аксесоар,,DATABASE_EVIDENCE
WeissProfil2018_113,721000,KURTOGLU,МРЕЖА КОМАР/572800,4,4,0.0,0.0,48025954693.0,,,,90,,0.0,0.0,,Аксесоар,,DATABASE_EVIDENCE
WeissProfil2018_113,7610LE,GR24-OTHER,"DOMUS - КА 7610 - Кликлок, бял",4,8,0.0,0.0,11215204224.0,GR24-OTHER,,,90,,0.0,0.0,0.0,Обков,,DATABASE_EVIDENCE
WeissProfil2018_113,7610ME,GR24-OTHER,DOMUS - КА 7610 - Кликлок /черен/,4,8,0.0,0.0,4365674469.0,GR24-OTHER,,,90,,0.0,0.0,0.0,Обков,,DATABASE_EVIDENCE
WeissProfil2018_113,7710LE,GR24-OTHER,"DOMUS - КА 7710 - Кликлок с ключ, бял",4,8,0.0,0.0,30375224386.0,GR24-OTHER,,,90,,0.0,0.0,0.0,Обков,,DATABASE_EVIDENCE
WeissProfil2018_113,7710ME,GR24-OTHER,DOMUS - КА 7710 - Кликлок с ключ /черен/,4,8,0.0,0.0,59475344058.0,GR24-OTHER,,,90,,0.0,0.0,0.0,Обков,,DATABASE_EVIDENCE
WeissProfil2018_113,78.01,GR3-WP78,Thermo Smart WP 78.01 Каса,1,1,35.0,0.0,96582474422.0,GR3-WP78,,,90,,57.0,70.0,0.0,Каса,Frame,DATABASE_EVIDENCE
WeissProfil2018_113,78.02,GR3-WP78,Thermo Smart WP 78.02 Каса голяма,1,1,45.0,0.0,43512514189.0,GR3-WP78,,,90,,67.0,70.0,0.0,Каса,Frame,DATABASE_EVIDENCE
WeissProfil2018_113,78.05,GR3-WP78,Thermo Smart WP 78.05 Каса с перваз,1,1,35.0,25.0,55532234685.0,GR3-WP78,,,90,,57.0,70.0,0.0,Каса,Frame,DATABASE_EVIDENCE
WeissProfil2018_113,78.07,GR3-WP78,Thermo Smart WP 78.07 Обръщащ профил,1,1,30.0,0.0,45582824432.0,GR3-WP78,,,90,,52.0,70.0,0.0,Каса,Frame,DATABASE_EVIDENCE
WeissProfil2018_113,78.12,GR4-COLD,Thermo Smart WP 78.12 Стъклодържател  специални,4,7,0.0,0.0,91632764562.0,GR4-COLD,,,90,,22.0,12.0,0.0,Стъклодържател,,DATABASE_EVIDENCE
WeissProfil2018_113,78.21,GR3-WP78,Thermo Smart WP 78.21 Крило прозорец,2,2,53.0,0.0,47752504188.0,GR3-WP78,,,90,,75.0,78.0,0.0,Крило,Wing,DATABASE_EVIDENCE
WeissProfil2018_113,78.22,GR3-WP78,Thermo Smart WP 78.22 Крило прозорец за PVC обков,2,2,53.0,0.0,13742784643.0,GR3-WP78,,,90,,75.0,78.0,0.0,Крило,Wing,DATABASE_EVIDENCE
WeissProfil2018_113,78.25,GR3-WP78,Thermo Smart WP 78.25 Крило врата,2,2,74.0,0.0,64742664256.0,GR3-WP78,,,90,,96.0,78.0,0.0,Крило,Wing,DATABASE_EVIDENCE
WeissProfil2018_113,78.26,GR3-WP78,Thermo Smart WP 78.26 Балконско крило,2,2,54.0,20.0,41722244951.0,GR3-WP78,,,90,,96.0,78.0,0.0,Крило,Wing,DATABASE_EVIDENCE
WeissProfil2018_113,78.27,GR3-WP78,Thermo Smart WP 78.27 Крило врата за навън,2,2,74.0,0.0,53762754473.0,GR3-WP78,,,90,,96.0,78.0,0.0,Крило,Wing,DATABASE_EVIDENCE
WeissProfil2018_113,78.33,GR3-WP78,Thermo Smart WP 78.33 Делител малък с винт,3,3,35.0,22.0,41872094557.0,GR3-WP78,,,90,,79.0,70.0,0.0,Делител,,DATABASE_EVIDENCE
WeissProfil2018_113,78.35,GR3-WP78,Thermo Smart WP 78.35 Делител за крило,3,3,35.0,22.0,64802654529.0,GR3-WP78,,,90,,79.0,76.0,0.0,Делител,,DATABASE_EVIDENCE
WeissProfil2018_113,78.51,GR3-WP78,Thermo Smart WP 78.51 Подвижен делител,4,5,0.0,0.0,95012624811.0,GR3-WP78,,,90,,61.0,74.0,0.0,Летящ делител,,DATABASE_EVIDENCE
WeissProfil2018_113,78.52,GR3-WP78,Thermo Smart WP 78.52 Подвижен делител за PVC обков,4,5,0.0,0.0,98012364568.0,GR3-WP78,,,90,,61.0,74.0,0.0,Летящ делител,,DATABASE_EVIDENCE
WeissProfil2018_113,78.56,GR3-WP78,Thermo Smart WP 78.56 Повдигащ профил,4,4,0.0,0.0,96082844631.0,GR3-WP78,,,90,,80.0,80.0,0.0,Аксесоар,,DATABASE_EVIDENCE
WeissProfil2018_113,78.57,GR3-WP78,Thermo Smart WP 78.57 Повдигащ профил,4,4,0.0,0.0,72022994645.0,GR3-WP78,,,90,,80.0,80.0,0.0,Аксесоар,,DATABASE_EVIDENCE
WeissProfil2018_113,78.7,PROFILE,Алуминиев праг,0,0,0.0,0.0,72776374650.0,PROFILE,,,90,,20.0,70.0,0.0,UNKNOWN,,DATABASE_EVIDENCE
WeissProfil2018_113,78.70,GR3-WP78,Thermo Smart WP 78.70 Праг с декоративна капачка елоксация,1,1,16.0,0.0,31242114688.0,GR3-WP78,,,90,,20.0,70.0,0.0,Каса,Frame,DATABASE_EVIDENCE
WeissProfil2018_113,78.78,GR4-COLD,Thermo Smart WP 78.78 Профил към врата с праг,4,4,0.0,0.0,7262314211.0,GR4-COLD,,,90,,15.5,20.8,0.0,Аксесоар,,DATABASE_EVIDENCE
WeissProfil2018_113,78.79,GR4-COLD,Thermo Smart WP 78.79 Профил към врата без праг,4,4,0.0,0.0,36272574050.0,GR4-COLD,,,90,,33.0,20.8,0.0,Аксесоар,,DATABASE_EVIDENCE
WeissProfil2018_113,78.83,GR3-WP78,Thermo Smart WP 78.83 Укрепващ профил,4,4,0.0,0.0,48372214582.0,GR3-WP78,,,90,,30.0,160.0,0.0,Аксесоар,,DATABASE_EVIDENCE
WeissProfil2018_113,78.84,GR3-WP78,Thermo Smart WP 78.84 Присъединител,4,16,0.0,0.0,89352284041.0,GR3-WP78,,,90,,20.0,77.0,0.0,Уширител,,DATABASE_EVIDENCE
WeissProfil2018_113,78.85,WP 78,Подложка за стъклопакет за термо WP 78,4,4,0.0,0.0,12352584482.0,WP 78,,,90,,0.0,0.0,,Аксесоар,,DATABASE_EVIDENCE
WeissProfil2018_113,78.90,GR3-WP78,Thermo Smart WP 78.90 Сектор 90 градуса,4,4,0.0,0.0,85432474767.0,GR3-WP78,,,90,,80.0,80.0,0.0,Аксесоар,,DATABASE_EVIDENCE
WeissProfil2018_113,78.93,GR3-WP78,Thermo Smart WP 78.93 Удължител 35mm,4,4,0.0,0.0,22462294733.0,GR3-WP78,,,90,,35.0,70.0,0.0,Аксесоар,,DATABASE_EVIDENCE
WeissProfil2018_113,78.94,GR3-WP78,Thermo Smart WP 78.93 Удължител 45mm,4,4,0.0,0.0,1482684958.0,GR3-WP78,,,90,,45.0,70.0,0.0,Аксесоар,,DATABASE_EVIDENCE
WeissProfil2018_113,82.01,GR A-WP 82,Каса AVANGARD,1,1,45.0,0.0,48023485688.0,GR A-WP 82,,,90,,70.0,67.0,,Каса,Frame,DATABASE_EVIDENCE
WeissProfil2018_113,82.01.00,GR A-WP 82,WP 82.01 AVANGARD Каса бяла без уплътнител,0,0,0.0,0.0,86342693374.0,GR A-WP 82,,,90,,70.0,67.0,0.0,UNKNOWN,,DATABASE_EVIDENCE
WeissProfil2018_113,82.05,GR A-WP 82,Каса с перваз AVANGARD,1,1,45.0,35.0,50033445617.0,GR A-WP 82,,,90,,105.0,82.0,,Каса,Frame,DATABASE_EVIDENCE
WeissProfil2018_113,82.21,GR A-WP 82,Крило за прозорец AVANGARD,2,2,58.0,0.0,33223405737.0,GR A-WP 82,,,90,,83.0,82.0,,Крило,Wing,DATABASE_EVIDENCE
WeissProfil2018_113,82.21.00,GR A-WP 82,WP 82.21 AVANGARD Крило бяло без уплътнител,0,0,0.0,0.0,54552175227.0,GR A-WP 82,,,90,,83.0,82.0,0.0,UNKNOWN,,DATABASE_EVIDENCE
WeissProfil2018_113,82.22,GR A-WP 82,Крило водобранно AVANGARD,2,2,58.0,0.0,57283335725.0,GR A-WP 82,,,90,,83.0,92.0,,Крило,Wing,DATABASE_EVIDENCE
WeissProfil2018_113,82.24,GR A-WP 82,Стъклодържател бял 35mm,4,4,0.0,0.0,82233035432.0,GR A-WP 82,,,90,,25.0,35.0,,Аксесоар,,DATABASE_EVIDENCE
WeissProfil2018_113,82.25,GR A-WP 82,Крило врата AVANGARD - отваряне навътре,2,2,88.0,0.0,95223625694.0,GR A-WP 82,,,90,,113.0,82.0,,Крило,Wing,DATABASE_EVIDENCE
WeissProfil2018_113,82.27,GR A-WP 82,Крило врата AVANGARD - отваряне навън,2,2,88.0,0.0,96283555413.0,GR A-WP 82,,,90,,113.0,82.0,,Крило,Wing,DATABASE_EVIDENCE
WeissProfil2018_113,82.31,GR A-WP 82,Делител бял с гума - AVANGARD,3,3,40.0,25.0,36333355415.0,GR A-WP 82,,,90,,90.0,82.0,0.0,Делител,,DATABASE_EVIDENCE
WeissProfil2018_113,82.31.00,GR A-WP 82,WP 82.31 AVANGARD Делител бял без уплътнител,0,0,0.0,0.0,54632856410.0,GR A-WP 82,,,90,,90.0,82.0,0.0,UNKNOWN,,DATABASE_EVIDENCE
WeissProfil2018_113,82.32,GR A-WP 82,Стъклодържател бял 27mm,4,4,0.0,0.0,53343335163.0,GR A-WP 82,,,90,,25.0,27.0,,Аксесоар,,DATABASE_EVIDENCE
WeissProfil2018_113,82.35,GR5-PANELS,WP G 82.35 AVANGARD Перваз за каса златен дъб,4,4,0.0,0.0,84313725451.0,GR5-PANELS,,,90,,20.0,300.0,,Аксесоар,,DATABASE_EVIDENCE
WeissProfil2018_113,82.40,GR A-WP 82,Удължител AVANGARD,4,16,0.0,0.0,70423875761.0,GR A-WP 82,,,90,,30.0,82.0,,Уширител,,DATABASE_EVIDENCE
WeissProfil2018_113,82.41,GR A-WP 82,Повдигащ профил,4,4,0.0,0.0,15483105068.0,GR A-WP 82,,,90,,20.0,63.0,0.0,Аксесоар,,DATABASE_EVIDENCE
WeissProfil2018_113,82.42,GR A-WP 82,Адаптор за кръгла колона AVANGARD,4,4,0.0,0.0,35453435148.0,GR A-WP 82,,,90,,35.0,82.0,,Аксесоар,,DATABASE_EVIDENCE
WeissProfil2018_113,82.43,GR A-WP 82,Присъединителен профил кафяв,0,0,0.0,0.0,74473855596.0,GR A-WP 82,,,90,,13.0,4.0,0.0,UNKNOWN,,DATABASE_EVIDENCE
WeissProfil2018_113,82.44,GR A-WP 82,Стъклодържател бял 15mm,4,4,0.0,0.0,17443875886.0,GR A-WP 82,,,90,,25.0,15.0,,Аксесоар,,DATABASE_EVIDENCE
WeissProfil2018_113,82.48,GR A-WP 82,Стъклодържател бял 11mm,4,4,0.0,0.0,74473665313.0,GR A-WP 82,,,90,,25.0,11.0,,Аксесоар,,DATABASE_EVIDENCE
WeissProfil2018_113,82.51,GR A-WP 82,Подвижен делител AVANGARD,4,16,0.0,0.0,89533015167.0,GR A-WP 82,,,90,,71.0,82.0,,Уширител,,DATABASE_EVIDENCE
WeissProfil2018_113,82.51.00,GR A-WP 82,"Подвижен делител AVANGARD бял, без уплътнител",0,0,0.0,0.0,24852848135.0,GR A-WP 82,,,90,,71.0,82.0,0.0,UNKNOWN,,DATABASE_EVIDENCE
WeissProfil2018_113,82.70,PROFILE,WP 82.70 Праг за PVC врата /алуминиев/ м.,0,0,0.0,0.0,85763355197.0,PROFILE,,,90,,20.0,70.0,0.0,UNKNOWN,,DATABASE_EVIDENCE
WeissProfil2018_113,82.78,PROFILE,Профил за врата,4,4,0.0,0.0,15763535767.0,PROFILE,,,90,,10.0,37.0,0.0,Аксесоар,,DATABASE_EVIDENCE
WeissProfil2018_113,82.90,GR A-WP 82,Ъглова колона 90° AVANGARD,4,4,0.0,0.0,44933255424.0,GR A-WP 82,,,90,,0.0,0.0,,Аксесоар,,DATABASE_EVIDENCE
WeissProfil2018_113,85.01,GR1-WP85,Thermo Pro 85.01 Каса,1,1,36.0,0.0,33313785372.0,GR1-WP85,,,90,,61.0,77.0,0.0,Каса,Frame,DATABASE_EVIDENCE
WeissProfil2018_113,85.02,GR1-WP85,Thermo Pro 85.02 Каса голяма,1,1,46.0,0.0,43333385719.0,GR1-WP85,,,90,,71.0,77.0,0.0,Каса,Frame,DATABASE_EVIDENCE
WeissProfil2018_113,85.04,GR4-COLD,Thermo Pro 85.04 Стъклодържател,4,7,0.0,0.0,40313895447.0,GR4-COLD,,,90,,22.0,4.0,0.0,Стъклодържател,,DATABASE_EVIDENCE
WeissProfil2018_113,85.05,GR1-WP85,Thermo Pro 85.05 Каса с перваз,1,1,36.0,25.0,56313845255.0,GR1-WP85,,,90,,86.0,77.0,0.0,Каса,Frame,DATABASE_EVIDENCE
WeissProfil2018_113,85.07,GR1-WP85,Thermo Pro 85.07 Обръщащ профил,4,4,0.0,0.0,67313675652.0,GR1-WP85,,,90,,57.0,77.0,0.0,Аксесоар,,DATABASE_EVIDENCE
WeissProfil2018_113,85.12,GR4-COLD,Thermo Pro 85.12 Стъклодържател 12 мм.,4,7,0.0,0.0,17433965157.0,GR4-COLD,,,90,,22.0,12.0,0.0,Стъклодържател,,DATABASE_EVIDENCE
WeissProfil2018_113,85.14,GR1-WP85,Thermo Pro 85.14 Профил H за присъединяване NAT,4,17,0.0,0.0,24483755758.0,GR1-WP85,,,90,,9.5,13.8,,Каси,,DATABASE_EVIDENCE
WeissProfil2018_113,85.21,GR1-WP85,Thermo Pro 85.21 Крило прозорец,2,2,53.0,0.0,54553295854.0,GR1-WP85,,,90,,78.0,85.0,0.0,Крило,Wing,DATABASE_EVIDENCE
WeissProfil2018_113,85.22,GR1-WP85,Thermo Pro 85.22 Крило прозорец за PVC обков,2,2,53.0,0.0,65523485181.0,GR1-WP85,,,90,,78.0,85.0,0.0,Крило,Wing,DATABASE_EVIDENCE
WeissProfil2018_113,85.23,GR1-WP85,Thermo Pro 85.23 Крило прозорец за PVC обков,2,2,0.0,0.0,46513295336.0,GR1-WP85,,,90,,85.0,85.0,0.0,Крило,Wing,DATABASE_EVIDENCE
WeissProfil2018_113,85.24,GR4-COLD,Thermo Pro 85.24 Стъклодържател 24 мм.,4,7,0.0,0.0,76543175026.0,GR4-COLD,,,90,,22.0,24.0,0.0,Стъклодържател,,DATABASE_EVIDENCE
WeissProfil2018_113,85.25,GR1-WP85,Thermo Pro 85.25 Крило врата,2,2,74.0,0.0,75523175657.0,GR1-WP85,,,90,,99.0,85.0,0.0,Крило,Wing,DATABASE_EVIDENCE
WeissProfil2018_113,85.26,GR1-WP85,Thermo Pro 85.26 Балконско крило за PVC обков,2,2,0.0,0.0,65513235264.0,GR1-WP85,,,90,,99.0,85.0,0.0,Крило,Wing,DATABASE_EVIDENCE
WeissProfil2018_113,85.27,GR1-WP85,Thermo Pro 85.27 Крило врата за навън,2,2,74.0,0.0,77543155852.0,GR1-WP85,,,90,,99.0,85.0,0.0,Крило,Wing,DATABASE_EVIDENCE
WeissProfil2018_113,85.28,GR4-COLD,Thermo Pro 85.28 Стъклодържател 28 мм.,4,7,0.0,0.0,54563875456.0,GR4-COLD,,,90,,22.0,28.0,0.0,Стъклодържател,,DATABASE_EVIDENCE
WeissProfil2018_113,85.30,GR4-COLD,Thermo Pro 85.30 Стъклодържател 30 мм.,4,7,0.0,0.0,78663685760.0,GR4-COLD,,,90,,25.0,30.0,0.0,Стъклодържател,,DATABASE_EVIDENCE
WeissProfil2018_113,85.31,GR1-WP85,Thermo Pro 85.31 Делител за каса малък,3,3,36.0,25.0,15633185137.0,GR1-WP85,,,90,,86.0,77.0,0.0,Делител,,DATABASE_EVIDENCE
WeissProfil2018_113,85.32,GR4-COLD,Thermo Pro 85.32 Стъклодържател 32 мм.,4,7,0.0,0.0,58603545851.0,GR4-COLD,,,90,,22.0,32.0,0.0,Стъклодържател,,DATABASE_EVIDENCE
WeissProfil2018_113,85.33,GR1-WP85,Thermo Pro 85.33 Делител малък с винт,3,3,36.0,25.0,5613345373.0,GR1-WP85,,,90,,86.0,77.0,0.0,Делител,,DATABASE_EVIDENCE
WeissProfil2018_113,85.35,GR1-WP85,Thermo Pro 85.35 Делител за крило малък,3,3,36.0,25.0,80673825517.0,GR1-WP85,,,90,,85.0,77.0,0.0,Делител,,DATABASE_EVIDENCE
WeissProfil2018_113,85.36,GR4-COLD,Thermo Pro 85.36 Стъклодържател 36 мм.,4,7,0.0,0.0,42663155185.0,GR4-COLD,,,90,,22.0,36.0,0.0,Стъклодържател,,DATABASE_EVIDENCE
WeissProfil2018_113,85.37,GR1-WP85,Thermo Pro 85.37 Делител голям с винт,3,3,46.0,25.0,17643845736.0,GR1-WP85,,,90,,96.0,77.0,0.0,Делител,,DATABASE_EVIDENCE
WeissProfil2018_113,85.38,GR4-COLD,Thermo Pro 85.38 Стъклодържател 38 мм.,4,7,0.0,0.0,57653355093.0,GR4-COLD,,,90,,25.0,38.0,0.0,Стъклодържател,,DATABASE_EVIDENCE
WeissProfil2018_113,85.39,GR1-WP85,Thermo Pro 85.39 Делител за каса голям,3,3,46.0,25.0,58683865284.0,GR1-WP85,,,90,,96.0,77.0,0.0,Делител,,DATABASE_EVIDENCE
WeissProfil2018_113,85.40,GR4-COLD,Thermo Pro 85.40 Стъклодържател 40 мм.,4,7,0.0,0.0,84763115452.0,GR4-COLD,,,90,,22.0,40.0,0.0,Стъклодържател,,DATABASE_EVIDENCE
WeissProfil2018_113,85.44,GR4-COLD,Thermo Pro 85.44 Стъклодържател 44 мм.,4,7,0.0,0.0,83733755614.0,GR4-COLD,,,90,,22.0,44.0,0.0,Стъклодържател,,DATABASE_EVIDENCE
WeissProfil2018_113,85.51,GR1-WP85,Thermo Pro 85.51 Подвижен делител,4,5,0.0,0.0,48843805630.0,GR1-WP85,,,90,,0.0,0.0,0.0,Летящ делител,,DATABASE_EVIDENCE
WeissProfil2018_113,85.52,GR1-WP85,Thermo Pro 85.52 Подвижен делител за PVC обков,4,5,0.0,0.0,12893515227.0,GR1-WP85,,,90,,0.0,0.0,0.0,Летящ делител,,DATABASE_EVIDENCE
WeissProfil2018_113,85.56,GR1-WP85,Thermo Pro 85.56 Повдигащ профил,4,4,0.0,0.0,18813245535.0,GR1-WP85,,,90,,34.85,68.15,0.0,Аксесоар,,DATABASE_EVIDENCE
WeissProfil2018_113,85.57,GR1-WP85,Thermo Pro 85.57 Повдигащ профил,4,4,0.0,0.0,32843555010.0,GR1-WP85,,,90,,34.35,57.0,0.0,Аксесоар,,DATABASE_EVIDENCE
WeissProfil2018_113,85.58,GR1-WP85,Thermo Pro 85.58 Капачка за повдигащ профил,4,4,0.0,0.0,26843185690.0,GR1-WP85,,,90,,18.46,15.0,0.0,Аксесоар,,DATABASE_EVIDENCE
WeissProfil2018_113,85.61,GR1-WP85,Thermo Pro 85.61 Каса безфалцова отваряне навътре,1,1,53.0,0.0,98943145631.0,GR1-WP85,,,90,,68.0,77.0,0.0,Каса,Frame,DATABASE_EVIDENCE
WeissProfil2018_113,85.62,GR1-WP85,Thermo Pro 85.62 Каса безфалцова отваряне навън,1,1,53.0,0.0,34953565568.0,GR1-WP85,,,90,,68.0,77.0,0.0,Каса,Frame,DATABASE_EVIDENCE
WeissProfil2018_113,85.63,GR1-WP85,Thermo Pro 85.63 Крило врата безфалцово отваряне навътре,2,2,75.0,0.0,72933045939.0,GR1-WP85,,,90,,97.0,77.0,0.0,Крило,Wing,DATABASE_EVIDENCE
WeissProfil2018_113,85.64,GR1-WP85,Thermo Pro 85.64 Крило врата безфалцово отваряне навън,2,2,75.0,0.0,39943085318.0,GR1-WP85,,,90,,97.0,77.0,0.0,Крило,Wing,DATABASE_EVIDENCE
WeissProfil2018_113,85.65,GR1-WP85,Thermo Pro 85.65 Адаптор безфалцов отваряне навътре,3,3,35.0,0.0,54913465820.0,GR1-WP85,,,90,,49.8,77.0,0.0,Делител,,DATABASE_EVIDENCE
WeissProfil2018_113,85.66,GR1-WP85,Thermo Pro 85.66 Адаптор безфалцов отваряне навън,3,3,35.0,0.0,18963155748.0,GR1-WP85,,,90,,49.8,77.0,0.0,Делител,,DATABASE_EVIDENCE
WeissProfil2018_113,85.67,GR1-WP85,Thermo Pro 85.67 Подвижен делител безфалцов отваряне навътре,4,5,0.0,0.0,61963315717.0,GR1-WP85,,,90,,45.0,72.8,0.0,Летящ делител,,DATABASE_EVIDENCE
WeissProfil2018_113,85.68,GR1-WP85,Thermo Pro 85.68 Подвижен делител безфалцов отваряне навън,4,5,0.0,0.0,94983605781.0,GR1-WP85,,,90,,45.0,72.8,0.0,Летящ делител,,DATABASE_EVIDENCE
WeissProfil2018_113,85.69,GR1-WP85,Thermo Pro 85.69 Крило панелна врата с ламарина безфалцово,2,2,0.0,0.0,38963555221.0,GR1-WP85,,,90,,29.0,35.3,0.0,Крило,Wing,DATABASE_EVIDENCE
WeissProfil2018_113,85.70,GR1-WP85,Thermo Pro 85.70 Праг за безфалцова врата елоксация,1,1,20.0,0.0,69013795590.0,GR1-WP85,,,90,,20.0,77.0,0.0,Каса,Frame,DATABASE_EVIDENCE
WeissProfil2018_113,85.71,GR1-WP85,Thermo Pro 85.71 Профил към безфалцова врата с праг,4,16,0.0,0.0,37013545849.0,GR1-WP85,,,90,,12.35,21.5,0.0,Уширител,,DATABASE_EVIDENCE
WeissProfil2018_113,85.72,GR1-WP85,Thermo Pro 85.72 Профил към безфалцова врата без праг,4,16,0.0,0.0,70053925342.0,GR1-WP85,,,90,,24.85,21.5,0.0,Уширител,,DATABASE_EVIDENCE
WeissProfil2018_113,85.73,GR1-WP85,Thermo Pro 85.73 Крило панелна врата безфалцово отваряне навътре,2,2,0.0,0.0,69053505847.0,GR1-WP85,,,90,,75.0,73.8,0.0,Крило,Wing,DATABASE_EVIDENCE
WeissProfil2018_113,85.74,GR1-WP85,Thermo Pro 85.74 Крило панелна врата безфалцово отваряне навън,2,2,0.0,0.0,44053785137.0,GR1-WP85,,,90,,60.0,73.8,0.0,Крило,Wing,DATABASE_EVIDENCE
WeissProfil2018_113,85.76,GR1-WP85,Thermo Pro 85.76 Декоративна капачка  специални,4,4,0.0,0.0,38043645451.0,GR1-WP85,,,90,,22.0,12.0,0.0,Аксесоар,,DATABASE_EVIDENCE
WeissProfil2018_113,85.77,GR1-WP85,Thermo Pro 85.77 Праг с декоративна капачка елоксация,1,1,16.0,0.0,13093135487.0,GR1-WP85,,,90,,0.0,0.0,0.0,Каса,Frame,DATABASE_EVIDENCE
WeissProfil2018_113,85.78,GR1-WP85,Thermo Pro 85.78 Профил към врата с праг,4,4,0.0,0.0,84053415206.0,GR1-WP85,,,90,,18.5,22.0,,Аксесоар,,DATABASE_EVIDENCE
WeissProfil2018_113,85.79,GR1-WP85,Thermo Pro 85.79 Профил към врата без праг,4,4,0.0,0.0,1063125677.0,GR1-WP85,,,90,,0.0,0.0,,Аксесоар,,DATABASE_EVIDENCE
WeissProfil2018_113,85.81,GR1-WP85,Thermo Pro 85.81 Адаптор за тръба голям,4,4,0.0,0.0,93113685856.0,GR1-WP85,,,90,,28.0,23.0,0.0,Аксесоар,,DATABASE_EVIDENCE
WeissProfil2018_113,85.82,GR1-WP85,Thermo Pro 85.82 Адаптор за тръба малък,4,4,0.0,0.0,23183035253.0,GR1-WP85,,,90,,14.5,23.0,0.0,Аксесоар,,DATABASE_EVIDENCE
WeissProfil2018_113,85.83,GR1-WP85,Thermo Pro 85.83 Укрепващ профил,4,4,0.0,0.0,59143365413.0,GR1-WP85,,,90,,30.0,160.0,,Аксесоар,,DATABASE_EVIDENCE
WeissProfil2018_113,85.84,GR1-WP85,Thermo Pro 85.84 Присъединител,4,16,0.0,0.0,67113685634.0,GR1-WP85,,,90,,20.0,77.0,,Уширител,,DATABASE_EVIDENCE
WeissProfil2018_113,85.85,GR1-WP85,Thermo Pro 85.85 Тръба,4,4,0.0,0.0,67193665272.0,GR1-WP85,,,90,,85.0,85.0,0.0,Аксесоар,,DATABASE_EVIDENCE
WeissProfil2018_113,85.87,GR1-WP85,Thermo Pro 85.87 Каса панелна врата с композит безфалцова отваряне навътре,1,1,0.0,0.0,65193715933.0,GR1-WP85,,,90,,68.0,78.6,0.0,Каса,Frame,DATABASE_EVIDENCE
WeissProfil2018_113,85.88,GR1-WP85,Thermo Pro 85.88 Крило панелна врата с композит безфалцово отваряне навътре,2,2,0.0,0.0,85163155882.0,GR1-WP85,,,90,,70.0,78.6,0.0,Крило,Wing,DATABASE_EVIDENCE
WeissProfil2018_113,85.90,GR1-WP85,Thermo Pro 85.90 Сектор 90 градуса,4,4,0.0,0.0,71243565323.0,GR1-WP85,,,90,,77.0,77.0,,Аксесоар,,DATABASE_EVIDENCE
WeissProfil2018_113,85.93,GR1-WP85,Thermo Pro 85.93 Удължител 35 мм.,4,4,0.0,0.0,81253575912.0,GR1-WP85,,,90,,35.0,77.0,0.0,Аксесоар,,DATABASE_EVIDENCE
WeissProfil2018_113,85.94,GR1-WP85,Thermo Pro 85.94 Удължител 45 мм.,4,4,0.0,0.0,71283445053.0,GR1-WP85,,,90,,45.0,77.0,0.0,Аксесоар,,DATABASE_EVIDENCE
WeissProfil2018_113,85.95,GR4-COLD,Thermo Pro 85.95 Декоративен профил,4,4,0.0,0.0,57293965647.0,GR4-COLD,,,90,,40.0,199.8,0.0,Аксесоар,,DATABASE_EVIDENCE
WeissProfil2018_113,9-48553-03-0-6,GR15-GU,GU - 9485530306 Капачка за централен насрещник,4,8,0.0,0.0,71957854851.0,GR15-GU,,,90,,0.0,0.0,0.0,Обков,,DATABASE_EVIDENCE
WeissProfil2018_113,90040,GR10-GIESSE,,4,8,0.0,0.0,99556516383.0,GR10-GIESSE,,,90,,0.0,0.0,0.0,Обков,,DATABASE_EVIDENCE
WeissProfil2018_113,9004201,GR10-GIESSE,GIESSE 9004200 Насрещник малък за кликлок BRIO EVO,4,8,0.0,0.0,14326948648.0,GR10-GIESSE,,,90,,0.0,0.0,0.0,Обков,,DATABASE_EVIDENCE
WeissProfil2018_113,90050055091,GR13-D.KABA,Pure3548V 1/2 к-т пасивна топкa с овал.розеткa EPC,4,8,0.0,0.0,64305782397.0,GR13-D.KABA,,,90,,0.0,0.0,0.0,Обков,,DATABASE_EVIDENCE
WeissProfil2018_113,90060,GR10-GIESSE,GIESSE 9006000 Език малък за кликлок BRIO EVO,4,8,0.0,0.0,14776656562.0,GR10-GIESSE,,,90,,0.0,0.0,0.0,Обков,,DATABASE_EVIDENCE
WeissProfil2018_113,9016509,GR21-BLAUGELB,"HOPPE прозоречна дръжка ATLANTA неръждаема 32-42 mm, с ключ, FGS 90°",4,8,0.0,0.0,32950560521.0,GR21-BLAUGELB,,,90,,0.0,0.0,0.0,Обков,,DATABASE_EVIDENCE
WeissProfil2018_113,9067825,GR21-BLAUGELB,BLAUGELB Дръжка за прозорец с ключ TBT F69 форма права 10/37 mm 90,4,8,0.0,0.0,85058471195.0,GR21-BLAUGELB,,,90,,0.0,0.0,0.0,Обков,,DATABASE_EVIDENCE
WeissProfil2018_113,A-01016-13-0-1,GR11-TGP,TGP - T-01016-13-0-1 - Насрещник за мех. за алуминий 13 мм,4,8,0.0,0.0,75150728065.0,GR11-TGP,,,90,,0.0,0.0,0.0,Обков,,DATABASE_EVIDENCE
WeissProfil2018_113,A-01090-00-0-1,GR11-TGP,TGP - A-01090-00-0-1 - Насрещник за PVC обков за алуминий регулируем,4,8,0.0,0.0,27903839841.0,GR11-TGP,,,90,,0.0,0.0,0.0,Обков,,DATABASE_EVIDENCE
WeissProfil2018_113,A-01098-13-0-1,TGP,TGP Locking plate for PVC goove for Al profiles,4,8,0.0,0.0,37132610038.0,GROUP15-WP/GIESSE/15,,,90,,0.0,0.0,0.0,Обков,,DATABASE_EVIDENCE
WeissProfil2018_113,A-12000-04-0-5,TGP,"TGP Tilt&turn  standard set,brown RAL 8022,360-640",4,8,0.0,0.0,51674754638.0,GROUP15-WP/GIESSE/15,,,90,,0.0,0.0,0.0,Обков,,DATABASE_EVIDENCE
WeissProfil2018_113,A-12000-04-0-7,GR11-TGP,TGP-A-12000-04-0-7 Механизъм за двойно отваряне бял с ножица 360-640 мм,4,8,0.0,0.0,36604654057.0,GR11-TGP,,,90,,0.0,0.0,,Обков,,DATABASE_EVIDENCE
WeissProfil2018_113,A-12000-04-0-95,GR11-TGP,TGP-A-12000-04-0-95 Механизъм за двойно отваряне черен с ножица 360-640 мм,4,8,0.0,0.0,30389414824.0,GR11-TGP,,,90,,0.0,0.0,0.0,Обков,,DATABASE_EVIDENCE
WeissProfil2018_113,A-12000-04-0-F9,TGP,"TGP Tilt&turn  standard set,mat anod, 360-640",4,8,0.0,0.0,51659754823.0,GROUP15-WP/GIESSE/15,,,90,,0.0,0.0,0.0,Обков,,DATABASE_EVIDENCE
WeissProfil2018_113,A-12000-07-0-5,TGP,Сет за AL прозорец 640-1600 тъм. кафяв,4,4,0.0,0.0,50944267673.0,TGP,,,90,,0.0,0.0,0.0,Аксесоар,,DATABASE_EVIDENCE
WeissProfil2018_113,A-12000-07-0-7,GR11-TGP,TGP-A-12000-07-0-7 Механизъм за двойно отваряне бял с ножица 640-1600 мм,4,8,0.0,0.0,65924877608.0,GR11-TGP,,,90,,0.0,0.0,,Обков,,DATABASE_EVIDENCE
WeissProfil2018_113,A-12000-07-0-95,GR11-TGP,TGP-A-12000-07-0-95 Механизъм за двойно отваряне черен с ножица 640-1600 мм,4,8,0.0,0.0,19689647816.0,GR11-TGP,,,90,,0.0,0.0,0.0,Обков,,DATABASE_EVIDENCE
WeissProfil2018_113,A-12000-07-0-F9,TGP,Сет за AL прозорец 640-1600 мат анодиран,4,4,0.0,0.0,13979177519.0,TGP,,,90,,0.0,0.0,0.0,Аксесоар,,DATABASE_EVIDENCE
WeissProfil2018_113,A156,GR22-AABLOY,ABLOY A156 Стопер за автомат за скрит монтаж,4,8,0.0,0.0,39716684344.0,GR22-AABLOY,,,90,,0.0,0.0,0.0,Обков,,DATABASE_EVIDENCE
WeissProfil2018_113,A200500002,GR14-AGB,AGB - Пластина против разпробиване 15 mm,4,8,0.0,0.0,21685180104.0,GR14-AGB,,,90,,0.0,0.0,0.0,Обков,,DATABASE_EVIDENCE
WeissProfil2018_113,A211173500,GR14-AGB,AGB - A211173500 Подложка за насрещник,4,8,0.0,0.0,73985354233.0,GR14-AGB,,,90,,0.0,0.0,0.0,Обков,,DATABASE_EVIDENCE
WeissProfil2018_113,A404583509,GR14-AGB,AGB - A404583509 Брава с мартина УНИТОП E 35 mm D85mm H 2100 mm с терминал,4,8,0.0,0.0,60868577233.0,GR14-AGB,,,90,,0.0,0.0,0.0,Обков,,DATABASE_EVIDENCE
WeissProfil2018_113,A404583510,GR14-AGB,AGB - A404583510 Брава с мартина E35 mm D85 mm H 2100-2400 mm с терминал,4,8,0.0,0.0,27958127047.0,GR14-AGB,,,90,,0.0,0.0,0.0,Обков,,DATABASE_EVIDENCE
WeissProfil2018_113,A411210044,GR14-AGB,AGB - A411210044 Голям насрещник за врата R,4,8,0.0,0.0,41243551778.0,GR14-AGB,,,90,,0.0,0.0,0.0,Обков,,DATABASE_EVIDENCE
WeissProfil2018_113,A411220044,GR14-AGB,AGB - A411220044 Голям насрещник за врата L,4,8,0.0,0.0,69343521288.0,GR14-AGB,,,90,,0.0,0.0,0.0,Обков,,DATABASE_EVIDENCE
WeissProfil2018_113,A44805BN00,GR14-AGB,AGB - A44805BN00 Скрита панта AL с PVC 9 mm,4,8,0.0,0.0,59882346178.0,GR14-AGB,,,90,,0.0,0.0,0.0,Обков,,DATABASE_EVIDENCE
WeissProfil2018_113,A44805CP00,GR14-AGB,AGB - A44805CP00 Скрита панта AL с PVC 13 mm,4,8,0.0,0.0,51133667888.0,GR14-AGB,,,90,,0.0,0.0,0.0,Обков,,DATABASE_EVIDENCE
WeissProfil2018_113,A44805СР00,AGB,"Скрита панта
",4,4,0.0,0.0,63175289858.0,AGB,,,90,,0.0,0.0,0.0,Аксесоар,,DATABASE_EVIDENCE
WeissProfil2018_113,A448123000,AGB,"Насрещник скрита панта Kommerling
",4,4,0.0,0.0,45128421101.0,AGB,,,90,,0.0,0.0,0.0,Аксесоар,,DATABASE_EVIDENCE
WeissProfil2018_113,A48010BN03,GR14-AGB,AGB - A48010BN03 Насрещник осигурител AL с PVC 9/13 mm,4,8,0.0,0.0,20017258662.0,GR14-AGB,,,90,,0.0,0.0,0.0,Обков,,DATABASE_EVIDENCE
WeissProfil2018_113,A496010005,GR14-AGB,AGB - A496010005 Лимитираща отварянето ножица елемент към крило,4,8,0.0,0.0,99929386302.0,GR14-AGB,,,90,,0.0,0.0,0.0,Обков,,DATABASE_EVIDENCE
WeissProfil2018_113,A496011400,GR14-AGB,AGB - A496011400 Лимитираща отварянето ножица елемент към каса,4,8,0.0,0.0,24440267629.0,GR14-AGB,,,90,,0.0,0.0,0.0,Обков,,DATABASE_EVIDENCE
WeissProfil2018_113,A501110811,GR14-AGB,AGB - Мартина GR01 (540-710)/0 D7.5 mm,4,8,0.0,0.0,30671961182.0,GR14-AGB,,,90,,0.0,0.0,0.0,Обков,,DATABASE_EVIDENCE
WeissProfil2018_113,A501110813,GR14-AGB,AGB - Мартина GR3 (820-1220) D 7.5 mm,4,8,0.0,0.0,89611421137.0,GR14-AGB,,,90,,0.0,0.0,0.0,Обков,,DATABASE_EVIDENCE
WeissProfil2018_113,A501110814,GR14-AGB,AGB - Мартина GR4 (1190-1610 mm) D 7.5 mm,4,8,0.0,0.0,68671191594.0,GR14-AGB,,,90,,0.0,0.0,0.0,Обков,,DATABASE_EVIDENCE
WeissProfil2018_113,A501110815,GR14-AGB,"AGB - Мартина GR5 (1590-2010 mm) D 7,5 mm",4,8,0.0,0.0,63601381525.0,GR14-AGB,,,90,,0.0,0.0,0.0,Обков,,DATABASE_EVIDENCE
WeissProfil2018_113,A501110816,GR14-AGB,AGB - Мартина GR6 (1890-2510 mm) D7.5 mm,4,8,0.0,0.0,70691131670.0,GR14-AGB,,,90,,0.0,0.0,0.0,Обков,,DATABASE_EVIDENCE
WeissProfil2018_113,A501111511,GR14-AGB,AGB - A501111511 Мартина за механизъм GR01 (540-710)/1,4,8,0.0,0.0,25432832672.0,GR14-AGB,,,90,,0.0,0.0,0.0,Обков,,DATABASE_EVIDENCE
WeissProfil2018_113,A501111512,GR14-AGB,AGB - A501111512 Мартина за механизъм GR02 (660-860)/1,4,8,0.0,0.0,28462172888.0,GR14-AGB,,,90,,0.0,0.0,0.0,Обков,,DATABASE_EVIDENCE
WeissProfil2018_113,A501111513,GR14-AGB,AGB - A501111513 Мартина за механизъм GR03 (820-1220)/1,4,8,0.0,0.0,37432842662.0,GR14-AGB,,,90,,0.0,0.0,0.0,Обков,,DATABASE_EVIDENCE
WeissProfil2018_113,A501111514,GR14-AGB,AGB - A501111514 Мартина за механизъм GR04 (1190-1610)/2,4,8,0.0,0.0,13432822858.0,GR14-AGB,,,90,,0.0,0.0,0.0,Обков,,DATABASE_EVIDENCE
WeissProfil2018_113,A501111515,GR14-AGB,AGB - A501111515 Мартина за механизъм GR05 (1590-2010)/2,4,8,0.0,0.0,35452652611.0,GR14-AGB,,,90,,0.0,0.0,0.0,Обков,,DATABASE_EVIDENCE
WeissProfil2018_113,A501111516,GR14-AGB,AGB - A501111516 Мартина за механизъм GR06 (1890-2510)/4,4,8,0.0,0.0,85452312592.0,GR14-AGB,,,90,,0.0,0.0,0.0,Обков,,DATABASE_EVIDENCE
WeissProfil2018_113,A501221501,GR14-AGB,AGB - A501221501 Мартина с ъгъл 170/1 FB 362-1200 mm,4,8,0.0,0.0,65583722355.0,GR14-AGB,,,90,,0.0,0.0,0.0,Обков,,DATABASE_EVIDENCE
WeissProfil2018_113,A501221521,GR14-AGB,AGB - Мартина с ъгъл 170/1 FB 277-1200 mm(E1-440 mm),4,8,0.0,0.0,88753512164.0,GR14-AGB,,,90,,0.0,0.0,0.0,Обков,,DATABASE_EVIDENCE
WeissProfil2018_113,A5013602,AGB,Surface mounted corner hinge with adapter-130kg-L,4,8,0.0,0.0,87835713367.0,AGB,,,90,,0.0,0.0,0.0,Обков,,DATABASE_EVIDENCE
WeissProfil2018_113,A501900000,GR14-AGB,AGB - A501900000 Осигурителка,4,8,0.0,0.0,17429711830.0,GR14-AGB,,,90,,0.0,0.0,0.0,Обков,,DATABASE_EVIDENCE
WeissProfil2018_113,A501912500,GR14-AGB,AGB - A501912500 Моно блок 25 mm,4,8,0.0,0.0,13231913821.0,GR14-AGB,,,90,,0.0,0.0,0.0,Обков,,DATABASE_EVIDENCE
WeissProfil2018_113,A501913000,GR14-AGB,AGB - A501913000 Моно блок 30 mm,4,8,0.0,0.0,42822714601.0,GR14-AGB,,,90,,0.0,0.0,0.0,Обков,,DATABASE_EVIDENCE
WeissProfil2018_113,A501913500,GR14-AGB,AGB - A501913500 Моно блок 35 mm,4,8,0.0,0.0,28342364048.0,GR14-AGB,,,90,,0.0,0.0,0.0,Обков,,DATABASE_EVIDENCE
WeissProfil2018_113,A501930002,GR14-AGB,AGB - A501930002 Наставка долна/1,4,8,0.0,0.0,33719541216.0,GR14-AGB,,,90,,0.0,0.0,0.0,Обков,,DATABASE_EVIDENCE
WeissProfil2018_113,A501930003,GR14-AGB,AGB - A501930003 Наставка горна/1,4,8,0.0,0.0,81759511562.0,GR14-AGB,,,90,,0.0,0.0,0.0,Обков,,DATABASE_EVIDENCE
WeissProfil2018_113,A501940100,GR14-AGB,AGB - A501940100 Покриващо капаче при право рязане,4,8,0.0,0.0,23909881794.0,GR14-AGB,,,90,,0.0,0.0,0.0,Обков,,DATABASE_EVIDENCE
WeissProfil2018_113,A501960018,GR14-AGB,AGB - A501960018 Ограничител за движение на 180 градуса,4,8,0.0,0.0,68159321060.0,GR14-AGB,,,90,,0.0,0.0,0.0,Обков,,DATABASE_EVIDENCE
WeissProfil2018_113,A501970900,GR14-AGB,"AGB - Планка за магнитен шнапер PVC с AL,Wood",4,8,0.0,0.0,88009521748.0,GR14-AGB,,,90,,0.0,0.0,0.0,Обков,,DATABASE_EVIDENCE
WeissProfil2018_113,A501971300,GR14-AGB,AGB - A501971300 Планка за магнитен шнапер AL с PVC 13 mm,4,8,0.0,0.0,54580692516.0,GR14-AGB,,,90,,0.0,0.0,0.0,Обков,,DATABASE_EVIDENCE
WeissProfil2018_113,A501971400,GR14-AGB,AGB - A501971400 Планка за магнитен шнапер PVC 13 mm,4,8,0.0,0.0,58660852750.0,GR14-AGB,,,90,,0.0,0.0,0.0,Обков,,DATABASE_EVIDENCE
WeissProfil2018_113,A502001501,GR14-AGB,AGB - Мартина 502 (360-540)/2,4,8,0.0,0.0,73221763545.0,GR14-AGB,,,90,,0.0,0.0,,Обков,,DATABASE_EVIDENCE
WeissProfil2018_113,A503020101,GR14-AGB,AGB - Ъгъл малък GR1/1,4,8,0.0,0.0,34050823750.0,GR14-AGB,,,90,,0.0,0.0,0.0,Обков,,DATABASE_EVIDENCE
WeissProfil2018_113,A503020102,GR14-AGB,AGB - A503020102 Ъгъл горен GR2/1,4,8,0.0,0.0,53030263377.0,GR14-AGB,,,90,,0.0,0.0,0.0,Обков,,DATABASE_EVIDENCE
WeissProfil2018_113,A503020103,GR14-AGB,AGB - A503020103 Ъгъл малък с винт,4,8,0.0,0.0,77070683803.0,GR14-AGB,,,90,,0.0,0.0,,Обков,,DATABASE_EVIDENCE
WeissProfil2018_113,A503040101,GR14-AGB,AGB - A503040101 Ъгъл за трапец,4,8,0.0,0.0,72210683892.0,GR14-AGB,,,90,,0.0,0.0,0.0,Обков,,DATABASE_EVIDENCE
WeissProfil2018_113,A503090202,GR14-AGB,AGB - A503090202 Ъгъл с удължена пъпка,4,8,0.0,0.0,85840533566.0,GR14-AGB,,,90,,0.0,0.0,0.0,Обков,,DATABASE_EVIDENCE
WeissProfil2018_113,A503200201,GR14-AGB,AGB - A503200201 Ъгъл долен /1,4,8,0.0,0.0,23122223172.0,GR14-AGB,,,90,,0.0,0.0,0.0,Обков,,DATABASE_EVIDENCE
WeissProfil2018_113,A503300100,GR14-AGB,AGB - A503300100 Ъгъл за ножица,4,8,0.0,0.0,56103373440.0,GR14-AGB,,,90,,0.0,0.0,0.0,Обков,,DATABASE_EVIDENCE
WeissProfil2018_113,A503900000,GR14-AGB,AGB - A503900000 Подвеждаща пластина,4,8,0.0,0.0,12699183343.0,GR14-AGB,,,90,,0.0,0.0,0.0,Обков,,DATABASE_EVIDENCE
WeissProfil2018_113,A503900001,GR14-AGB,AGB - A503900001 Пластина против провисване на крило Wood/AL,4,8,0.0,0.0,11629653464.0,GR14-AGB,,,90,,0.0,0.0,0.0,Обков,,DATABASE_EVIDENCE
WeissProfil2018_113,A504010001,GR14-AGB,AGB - A504010001 Гръб Т200/1,4,8,0.0,0.0,84930734124.0,GR14-AGB,,,90,,0.0,0.0,0.0,Обков,,DATABASE_EVIDENCE
WeissProfil2018_113,A504010002,GR14-AGB,AGB - AGB - A504010002 Гръб Т400/1,4,8,0.0,0.0,13900824694.0,GR14-AGB,,,90,,0.0,0.0,0.0,Обков,,DATABASE_EVIDENCE
WeissProfil2018_113,A504010003,GR14-AGB,AGB - A504010003 Гръб Т600/1,4,8,0.0,0.0,30940044285.0,GR14-AGB,,,90,,0.0,0.0,0.0,Обков,,DATABASE_EVIDENCE
WeissProfil2018_113,A504050002,GR14-AGB,AGB - Гръб Т400/1 с удъжена пъпка,4,8,0.0,0.0,38360264507.0,GR14-AGB,,,90,,0.0,0.0,0.0,Обков,,DATABASE_EVIDENCE
WeissProfil2018_113,A504050003,GR14-AGB,AGB - Гръб Т600/1 с удъжена пъпка,4,8,0.0,0.0,12340814639.0,GR14-AGB,,,90,,0.0,0.0,0.0,Обков,,DATABASE_EVIDENCE
WeissProfil2018_113,A504110002,GR14-AGB,AGB - Гръб краен Т400/1,4,8,0.0,0.0,76041314882.0,GR14-AGB,,,90,,0.0,0.0,0.0,Обков,,DATABASE_EVIDENCE
WeissProfil2018_113,A505100001,GR14-AGB,AGB - A505100001 Ножица GR01 (362-490)/0,4,8,0.0,0.0,65001555753.0,GR14-AGB,,,90,,0.0,0.0,0.0,Обков,,DATABASE_EVIDENCE
WeissProfil2018_113,A505100002,GR14-AGB,AGB - A505100002 Ножица GR02 (476-604)/0,4,8,0.0,0.0,86031275472.0,GR14-AGB,,,90,,0.0,0.0,0.0,Обков,,DATABASE_EVIDENCE
WeissProfil2018_113,A505100003,GR14-AGB,AGB - A505100003 Ножица GR03 (594-804)/0,4,8,0.0,0.0,26001535024.0,GR14-AGB,,,90,,0.0,0.0,0.0,Обков,,DATABASE_EVIDENCE
WeissProfil2018_113,A505100004,GR14-AGB,AGB - A505100004 Ножица GR04 (794-1004)/1,4,8,0.0,0.0,23001835329.0,GR14-AGB,,,90,,0.0,0.0,0.0,Обков,,DATABASE_EVIDENCE
WeissProfil2018_113,A505100005,GR14-AGB,AGB - A505100005 Ножица GR05 (994-1204)/1,4,8,0.0,0.0,65051615263.0,GR14-AGB,,,90,,0.0,0.0,0.0,Обков,,DATABASE_EVIDENCE
WeissProfil2018_113,A505432500,GR14-AGB,AGB - A505432500 Допълнителна ножица (над 1200 mm),4,8,0.0,0.0,32386657193.0,GR14-AGB,,,90,,0.0,0.0,0.0,Обков,,DATABASE_EVIDENCE
WeissProfil2018_113,A50543BF00,GR14-AGB,AGB - A50543BF00 Адаптор за допълнителна ножица,4,8,0.0,0.0,63682883403.0,GR14-AGB,,,90,,0.0,0.0,0.0,Обков,,DATABASE_EVIDENCE
WeissProfil2018_113,A505450000,GR14-AGB,AGB - A505450000 Ножица падащ прозорец,4,8,0.0,0.0,52834365411.0,GR14-AGB,,,90,,0.0,0.0,0.0,Обков,,DATABASE_EVIDENCE
WeissProfil2018_113,A50547CP00,GR14-AGB,AGB - A50547CP00 Адаптор за нож. падащ проз. и доп. ножица AL с PVC 13 mm,4,8,0.0,0.0,56153404039.0,GR14-AGB,,,90,,0.0,0.0,0.0,Обков,,DATABASE_EVIDENCE
WeissProfil2018_113,A506001501,GR14-AGB,AGB - A506001501 Мартина едноосна GR1/2 Mod.506 (300-600 mm),4,8,0.0,0.0,13611617085.0,GR14-AGB,,,90,,0.0,0.0,0.0,Обков,,DATABASE_EVIDENCE
WeissProfil2018_113,A506001502,GR14-AGB,AGB - A506001502 Мартина едноосна GR2/2 Mod.506 (601-900 mm),4,8,0.0,0.0,72651877381.0,GR14-AGB,,,90,,0.0,0.0,0.0,Обков,,DATABASE_EVIDENCE
WeissProfil2018_113,A506001504,GR14-AGB,AGB - A506001504 Мартина едноосна GR4/3 Mod.506 (1301-1700 mm),4,8,0.0,0.0,40601827271.0,GR14-AGB,,,90,,0.0,0.0,0.0,Обков,,DATABASE_EVIDENCE
WeissProfil2018_113,A506001505,GR14-AGB,AGB - A506001505 Мартина едноосна GR5/4 Mod.506 (1701-2100 mm),4,8,0.0,0.0,99681817357.0,GR14-AGB,,,90,,0.0,0.0,0.0,Обков,,DATABASE_EVIDENCE
WeissProfil2018_113,A506001506,GR14-AGB,AGB - A506001506 Мартина едноосна GR6/4 Mod.506 (2101-2400 mm),4,8,0.0,0.0,37641227465.0,GR14-AGB,,,90,,0.0,0.0,0.0,Обков,,DATABASE_EVIDENCE
WeissProfil2018_113,A50600153B,GR14-AGB,AGB - A50600153B Мартина едноосна GR3 bis/2 Mod.506 (901-1300 mm),4,8,0.0,0.0,971587814.0,GR14-AGB,,,90,,0.0,0.0,0.0,Обков,,DATABASE_EVIDENCE
WeissProfil2018_113,A507120000,GR14-AGB,AGB - A507120000 Горна панта каса,4,8,0.0,0.0,15471487246.0,GR14-AGB,,,90,,0.0,0.0,0.0,Обков,,DATABASE_EVIDENCE
WeissProfil2018_113,A507200700,GR14-AGB,AGB - Горна панта каса-без шаблон,4,8,0.0,0.0,19092047364.0,GR14-AGB,,,90,,0.0,0.0,0.0,Обков,,DATABASE_EVIDENCE
WeissProfil2018_113,A507900000,GR14-AGB,AGB - A507900000 Щифт за горна панта каса,4,8,0.0,0.0,73079377547.0,GR14-AGB,,,90,,0.0,0.0,0.0,Обков,,DATABASE_EVIDENCE
WeissProfil2018_113,A508150700,GR14-AGB,AGB - A508150700 Долна панта каса,4,8,0.0,0.0,75521818376.0,GR14-AGB,,,90,,0.0,0.0,0.0,Обков,,DATABASE_EVIDENCE
WeissProfil2018_113,A509112601,GR14-AGB,AGB - A509112601 Фалц панта 9 mm 20/9 R,4,8,0.0,0.0,95323141512.0,GR14-AGB,,,90,,0.0,0.0,0.0,Обков,,DATABASE_EVIDENCE
WeissProfil2018_113,A509112602,GR14-AGB,AGB - A509112602 Фалц панта 9 mm 20/9 L,4,8,0.0,0.0,55353861572.0,GR14-AGB,,,90,,0.0,0.0,0.0,Обков,,DATABASE_EVIDENCE
WeissProfil2018_113,A509113601,GR14-AGB,AGB - A509113601 Фалц панта 20-13 R 130 kg,4,8,0.0,0.0,57454172737.0,GR14-AGB,,,90,,0.0,0.0,0.0,Обков,,DATABASE_EVIDENCE
WeissProfil2018_113,A509113602,GR14-AGB,AGB - A509113602 Фалц панта 20-13 L 130 kg,4,8,0.0,0.0,44444132984.0,GR14-AGB,,,90,,0.0,0.0,0.0,Обков,,DATABASE_EVIDENCE
WeissProfil2018_113,A509220700,GR14-AGB,AGB - A509220700 Долна панта крило,4,8,0.0,0.0,58412989613.0,GR14-AGB,,,90,,0.0,0.0,0.0,Обков,,DATABASE_EVIDENCE
WeissProfil2018_113,A510072601,GR14-AGB,AGB - A510072601 Панта обикновено отваряне 9 mm 20-9 R,4,8,0.0,0.0,55033502018.0,GR14-AGB,,,90,,0.0,0.0,0.0,Обков,,DATABASE_EVIDENCE
WeissProfil2018_113,A510072602,GR14-AGB,AGB - A510072602 Панта обикновено отваряне 9 mm 20-9 L,4,8,0.0,0.0,29053512251.0,GR14-AGB,,,90,,0.0,0.0,0.0,Обков,,DATABASE_EVIDENCE
WeissProfil2018_113,A510073601,GR14-AGB,AGB - A510073601 Панта обикновено отваряне 20-13 R,4,8,0.0,0.0,46114933273.0,GR14-AGB,,,90,,0.0,0.0,0.0,Обков,,DATABASE_EVIDENCE
WeissProfil2018_113,A510073602,GR14-AGB,AGB - A510073602 Панта обикновено отваряне 20-13 L,4,8,0.0,0.0,23194913544.0,GR14-AGB,,,90,,0.0,0.0,0.0,Обков,,DATABASE_EVIDENCE
WeissProfil2018_113,A510501612,GR14-AGB,AGB - A510501612 Адаптор за обикновено рамо,4,8,0.0,0.0,66887011268.0,GR14-AGB,,,90,,0.0,0.0,0.0,Обков,,DATABASE_EVIDENCE
WeissProfil2018_113,A511112602,GR14-AGB,AGB - A511112602 Панта падащ прозорец 9 mm 20-9,4,8,0.0,0.0,15644563232.0,GR14-AGB,,,90,,0.0,0.0,0.0,Обков,,DATABASE_EVIDENCE
WeissProfil2018_113,A511113602,GR14-AGB,AGB - A511113602 Панта падащ прозорец 20-13,4,8,0.0,0.0,28795634157.0,GR14-AGB,,,90,,0.0,0.0,0.0,Обков,,DATABASE_EVIDENCE
WeissProfil2018_113,A513240121,GR14-AGB,AGB - A513240121 Капачка долна панта каса R сребриста,4,8,0.0,0.0,26753193722.0,GR14-AGB,,,90,,0.0,0.0,0.0,Обков,,DATABASE_EVIDENCE
WeissProfil2018_113,A513240124,GR14-AGB,AGB - A513240124 Капачка долна панта каса R F4,4,8,0.0,0.0,27793213366.0,GR14-AGB,,,90,,0.0,0.0,0.0,Обков,,DATABASE_EVIDENCE
WeissProfil2018_113,A513240150,GR14-AGB,AGB - Капачка долна панта каса R златна,4,8,0.0,0.0,74083333266.0,GR14-AGB,,,90,,0.0,0.0,,Обков,,DATABASE_EVIDENCE
WeissProfil2018_113,A513240183,GR14-AGB,AGB - A513240183 Капачка долна панта каса R 9005,4,8,0.0,0.0,18363293244.0,GR14-AGB,,,90,,0.0,0.0,0.0,Обков,,DATABASE_EVIDENCE
WeissProfil2018_113,A513240187,GR14-AGB,AGB - A513240187 Капачка долна панта каса R 7016,4,8,0.0,0.0,25343543581.0,GR14-AGB,,,90,,0.0,0.0,0.0,Обков,,DATABASE_EVIDENCE
WeissProfil2018_113,A513240191,GR14-AGB,AGB - A513240191 Капачка долна панта каса R,4,8,0.0,0.0,54413363638.0,GR14-AGB,,,90,,0.0,0.0,0.0,Обков,,DATABASE_EVIDENCE
WeissProfil2018_113,A513240194,GR14-AGB,AGB - A513240194 Капачка долна панта каса R кафява,4,8,0.0,0.0,43443803371.0,GR14-AGB,,,90,,0.0,0.0,0.0,Обков,,DATABASE_EVIDENCE
WeissProfil2018_113,A5132401FE,GR14-AGB,AGB - A5132401FE Капачка долна панта каса R F9,4,8,0.0,0.0,55773623546.0,GR14-AGB,,,90,,0.0,0.0,0.0,Обков,,DATABASE_EVIDENCE
WeissProfil2018_113,A513240221,GR14-AGB,AGB - A513240221 Капачка долна панта каса L сребриста,4,8,0.0,0.0,48833233136.0,GR14-AGB,,,90,,0.0,0.0,0.0,Обков,,DATABASE_EVIDENCE
WeissProfil2018_113,A513240224,GR14-AGB,AGB - A513240224 Капачка долна панта каса L F4,4,8,0.0,0.0,26813383471.0,GR14-AGB,,,90,,0.0,0.0,0.0,Обков,,DATABASE_EVIDENCE
WeissProfil2018_113,A513240250,GR14-AGB,AGB - Капачка долна панта каса L златна,4,8,0.0,0.0,51183263879.0,GR14-AGB,,,90,,0.0,0.0,,Обков,,DATABASE_EVIDENCE
WeissProfil2018_113,A513240283,GR14-AGB,AGB - A513240283 Капачка долна панта каса L 9005,4,8,0.0,0.0,85403013681.0,GR14-AGB,,,90,,0.0,0.0,0.0,Обков,,DATABASE_EVIDENCE
WeissProfil2018_113,A513240287,GR14-AGB,AGB - A513240287 Капачка долна панта каса L 7016,4,8,0.0,0.0,33483163674.0,GR14-AGB,,,90,,0.0,0.0,0.0,Обков,,DATABASE_EVIDENCE
WeissProfil2018_113,A513240291,GR14-AGB,AGB - A513240291 Капачка долна панта каса L,4,8,0.0,0.0,42553353926.0,GR14-AGB,,,90,,0.0,0.0,0.0,Обков,,DATABASE_EVIDENCE
WeissProfil2018_113,A513240294,GR14-AGB,AGB - A513240294 Капачка долна панта каса L кафява,4,8,0.0,0.0,63573313197.0,GR14-AGB,,,90,,0.0,0.0,0.0,Обков,,DATABASE_EVIDENCE
WeissProfil2018_113,A5132402FE,GR14-AGB,AGB - A5132402FE Капачка долна панта каса L F9,4,8,0.0,0.0,67803233572.0,GR14-AGB,,,90,,0.0,0.0,0.0,Обков,,DATABASE_EVIDENCE
WeissProfil2018_113,A513260121,GR14-AGB,AGB - A513260121 Капачка фалц панта R сребриста,4,8,0.0,0.0,48973333648.0,GR14-AGB,,,90,,0.0,0.0,0.0,Обков,,DATABASE_EVIDENCE
WeissProfil2018_113,A513260124,GR14-AGB,AGB - A513260124 Капачка фалц панта R F4,4,8,0.0,0.0,77913263663.0,GR14-AGB,,,90,,0.0,0.0,0.0,Обков,,DATABASE_EVIDENCE
WeissProfil2018_113,A513260150,GR14-AGB,AGB - Капачка фалц панта R златна,4,8,0.0,0.0,90273243331.0,GR14-AGB,,,90,,0.0,0.0,,Обков,,DATABASE_EVIDENCE
WeissProfil2018_113,A513260183,GR14-AGB,AGB - A513260183 Капачка фалц панта R 9005,4,8,0.0,0.0,28543593636.0,GR14-AGB,,,90,,0.0,0.0,0.0,Обков,,DATABASE_EVIDENCE
WeissProfil2018_113,A513260187,GR14-AGB,AGB - A513260187 Капачка фалц панта R 7016,4,8,0.0,0.0,81563913236.0,GR14-AGB,,,90,,0.0,0.0,0.0,Обков,,DATABASE_EVIDENCE
WeissProfil2018_113,A513260191,GR14-AGB,AGB - A513260191 Капачка фалц панта R,4,8,0.0,0.0,62633003534.0,GR14-AGB,,,90,,0.0,0.0,0.0,Обков,,DATABASE_EVIDENCE
WeissProfil2018_113,A513260194,GR14-AGB,AGB - A513260194 Капачка фалц панта R кафява,4,8,0.0,0.0,7653033823.0,GR14-AGB,,,90,,0.0,0.0,0.0,Обков,,DATABASE_EVIDENCE
WeissProfil2018_113,A5132601FE,GR14-AGB,AGB - A5132601FE Капачка фалц панта R F9,4,8,0.0,0.0,97993783368.0,GR14-AGB,,,90,,0.0,0.0,0.0,Обков,,DATABASE_EVIDENCE
WeissProfil2018_113,A513260221,GR14-AGB,AGB - A513260221 Капачка фалц панта L сребриста,4,8,0.0,0.0,38013903782.0,GR14-AGB,,,90,,0.0,0.0,0.0,Обков,,DATABASE_EVIDENCE
WeissProfil2018_113,A513260224,GR14-AGB,AGB - A513260224 Капачка фалц панта L F4,4,8,0.0,0.0,32003863245.0,GR14-AGB,,,90,,0.0,0.0,0.0,Обков,,DATABASE_EVIDENCE
WeissProfil2018_113,A513260250,GR14-AGB,AGB - Капачка фалц панта L златна,4,8,0.0,0.0,15383673952.0,GR14-AGB,,,90,,0.0,0.0,,Обков,,DATABASE_EVIDENCE
WeissProfil2018_113,A513260283,GR14-AGB,AGB - A513260283 Капачка фалц панта L 9005,4,8,0.0,0.0,21623083603.0,GR14-AGB,,,90,,0.0,0.0,0.0,Обков,,DATABASE_EVIDENCE
WeissProfil2018_113,A513260287,GR14-AGB,AGB - A513260287 Капачка фалц панта L 7016,4,8,0.0,0.0,1683393580.0,GR14-AGB,,,90,,0.0,0.0,0.0,Обков,,DATABASE_EVIDENCE
WeissProfil2018_113,A513260291,GR14-AGB,AGB - A513260291 Капачка фалц панта L,4,8,0.0,0.0,35773733613.0,GR14-AGB,,,90,,0.0,0.0,0.0,Обков,,DATABASE_EVIDENCE
WeissProfil2018_113,A513260294,GR14-AGB,AGB - A513260294 Капачка фалц панта L кафява,4,8,0.0,0.0,70723363862.0,GR14-AGB,,,90,,0.0,0.0,0.0,Обков,,DATABASE_EVIDENCE
WeissProfil2018_113,A5132602FE,GR14-AGB,AGB - A5132602FE Капачка фалц панта L F9,4,8,0.0,0.0,57083303156.0,GR14-AGB,,,90,,0.0,0.0,0.0,Обков,,DATABASE_EVIDENCE
WeissProfil2018_113,A513270121,GR14-AGB,AGB - A513270121 Капачка долна панта крило сребриста,4,8,0.0,0.0,43053283777.0,GR14-AGB,,,90,,0.0,0.0,0.0,Обков,,DATABASE_EVIDENCE
WeissProfil2018_113,A513270124,GR14-AGB,AGB - A513270124 Капачка долна панта крило F4,4,8,0.0,0.0,1023713341.0,GR14-AGB,,,90,,0.0,0.0,0.0,Обков,,DATABASE_EVIDENCE
WeissProfil2018_113,A513270150,GR14-AGB,AGB - Капачка долна панта крило златна,4,8,0.0,0.0,39333893967.0,GR14-AGB,,,90,,0.0,0.0,,Обков,,DATABASE_EVIDENCE
WeissProfil2018_113,A513270183,GR14-AGB,AGB - A513270183 Капачка долна панта крило 9005,4,8,0.0,0.0,24663713734.0,GR14-AGB,,,90,,0.0,0.0,0.0,Обков,,DATABASE_EVIDENCE
WeissProfil2018_113,A513270187,GR14-AGB,AGB - A513270187 Капачка долна панта крило 7016,4,8,0.0,0.0,4673553668.0,GR14-AGB,,,90,,0.0,0.0,0.0,Обков,,DATABASE_EVIDENCE
WeissProfil2018_113,A513270191,GR14-AGB,AGB - A513270191 Капачка долна панта крило,4,8,0.0,0.0,76713873466.0,GR14-AGB,,,90,,0.0,0.0,0.0,Обков,,DATABASE_EVIDENCE
WeissProfil2018_113,A513270194,GR14-AGB,AGB - A513270194 Капачка долна панта крило кафява,4,8,0.0,0.0,22783453465.0,GR14-AGB,,,90,,0.0,0.0,0.0,Обков,,DATABASE_EVIDENCE
WeissProfil2018_113,A5132701FE,GR14-AGB,AGB - A5132701FE Капачка долна панта крило F9,4,8,0.0,0.0,69013213151.0,GR14-AGB,,,90,,0.0,0.0,0.0,Обков,,DATABASE_EVIDENCE
WeissProfil2018_113,A513280021,GR14-AGB,AGB - A513280021 Капачка горна панта каса сребриста,4,8,0.0,0.0,12033393768.0,GR14-AGB,,,90,,0.0,0.0,0.0,Обков,,DATABASE_EVIDENCE
WeissProfil2018_113,A513280024,GR14-AGB,AGB - A513280024 Капачка горна панта каса F4,4,8,0.0,0.0,18003133393.0,GR14-AGB,,,90,,0.0,0.0,0.0,Обков,,DATABASE_EVIDENCE
WeissProfil2018_113,A513280050,GR14-AGB,AGB - Капачка горна панта каса златна,4,8,0.0,0.0,85353033589.0,GR14-AGB,,,90,,0.0,0.0,,Обков,,DATABASE_EVIDENCE
WeissProfil2018_113,A513280083,GR14-AGB,AGB - A513280083 Капачка горна панта каса 9005,4,8,0.0,0.0,32683983341.0,GR14-AGB,,,90,,0.0,0.0,0.0,Обков,,DATABASE_EVIDENCE
WeissProfil2018_113,A513280087,GR14-AGB,AGB - A513280087 Капачка горна панта каса 7016,4,8,0.0,0.0,14673613183.0,GR14-AGB,,,90,,0.0,0.0,0.0,Обков,,DATABASE_EVIDENCE
WeissProfil2018_113,A513280091,GR14-AGB,AGB - A513280091 Капачка горна панта каса,4,8,0.0,0.0,26763553246.0,GR14-AGB,,,90,,0.0,0.0,0.0,Обков,,DATABASE_EVIDENCE
WeissProfil2018_113,A513280094,GR14-AGB,AGB - A513280094 Капачка горна панта каса кафява,4,8,0.0,0.0,66793613645.0,GR14-AGB,,,90,,0.0,0.0,0.0,Обков,,DATABASE_EVIDENCE
WeissProfil2018_113,A5132800FE,GR14-AGB,AGB - A5132800FE Капачка горна панта каса F9,4,8,0.0,0.0,67063733792.0,GR14-AGB,,,90,,0.0,0.0,0.0,Обков,,DATABASE_EVIDENCE
WeissProfil2018_113,A513300021,GR14-AGB,AGB - A513300021 Капачка горна панта крило сребриста,4,8,0.0,0.0,48364663057.0,GR14-AGB,,,90,,0.0,0.0,0.0,Обков,,DATABASE_EVIDENCE
WeissProfil2018_113,A513300024,GR14-AGB,AGB - A513300024 Капачка горна панта крило F4,4,8,0.0,0.0,77354143322.0,GR14-AGB,,,90,,0.0,0.0,0.0,Обков,,DATABASE_EVIDENCE
WeissProfil2018_113,A513300050,GR14-AGB,AGB - Капачка горна панта крило златна,4,8,0.0,0.0,93664403049.0,GR14-AGB,,,90,,0.0,0.0,,Обков,,DATABASE_EVIDENCE
WeissProfil2018_113,A513300083,GR14-AGB,AGB - A513300083 Капачка горна панта крило 9005,4,8,0.0,0.0,95914843556.0,GR14-AGB,,,90,,0.0,0.0,0.0,Обков,,DATABASE_EVIDENCE
WeissProfil2018_113,A513300087,GR14-AGB,AGB - A513300087 Капачка горна панта крило 7016,4,8,0.0,0.0,53984173876.0,GR14-AGB,,,90,,0.0,0.0,0.0,Обков,,DATABASE_EVIDENCE
WeissProfil2018_113,A513300091,GR14-AGB,AGB - A513300091 Капачка горна панта крило,4,8,0.0,0.0,99054983156.0,GR14-AGB,,,90,,0.0,0.0,0.0,Обков,,DATABASE_EVIDENCE
WeissProfil2018_113,A513300094,GR14-AGB,AGB - A513300094 Капачка горна панта крило кафява,4,8,0.0,0.0,25054273925.0,GR14-AGB,,,90,,0.0,0.0,0.0,Обков,,DATABASE_EVIDENCE
WeissProfil2018_113,A5133000FE,GR14-AGB,AGB - A5133000FE Капачка горна панта крило F9,4,8,0.0,0.0,72394293113.0,GR14-AGB,,,90,,0.0,0.0,0.0,Обков,,DATABASE_EVIDENCE
WeissProfil2018_113,A514000505,GR14-AGB,AGB - A514000505 Магнитен шнапер за AL и PVC/Wood,4,8,0.0,0.0,86491324876.0,GR14-AGB,,,90,,0.0,0.0,0.0,Обков,,DATABASE_EVIDENCE
WeissProfil2018_113,A51400BF24,GR14-AGB,AGB - A51400BF24 Насрещник за микровентилация PVC 13mm,4,8,0.0,0.0,39119172743.0,GR14-AGB,,,90,,0.0,0.0,0.0,Обков,,DATABASE_EVIDENCE
WeissProfil2018_113,A51400CR05,GR14-AGB,AGB - A51400CR05 Магнитен шнапер  за AL с PVC 13 mm,4,8,0.0,0.0,78200233660.0,GR14-AGB,,,90,,0.0,0.0,0.0,Обков,,DATABASE_EVIDENCE
WeissProfil2018_113,A514DXFM65,GR14-AGB,AGB - A514DXFM65 Насрещник за праг R,4,8,0.0,0.0,37673896684.0,GR14-AGB,,,90,,0.0,0.0,0.0,Обков,,DATABASE_EVIDENCE
WeissProfil2018_113,A514SXFM65,GR14-AGB,AGB - A514SXFM65 Насрещник за праг L,4,8,0.0,0.0,64158186362.0,GR14-AGB,,,90,,0.0,0.0,0.0,Обков,,DATABASE_EVIDENCE
WeissProfil2018_113,A515091915,GR14-AGB,AGB - A515091915 Пасивна мартина с дръжка GR05 (1578-2010),4,8,0.0,0.0,26002416527.0,GR14-AGB,,,90,,0.0,0.0,0.0,Обков,,DATABASE_EVIDENCE
WeissProfil2018_113,A515091916,GR14-AGB,AGB - A515091916 Пасивна мартина с дръжка GR06 (1878-2510),4,8,0.0,0.0,21082366427.0,GR14-AGB,,,90,,0.0,0.0,0.0,Обков,,DATABASE_EVIDENCE
WeissProfil2018_113,A515111100,GR14-AGB,AGB - Универсална скрита панта регулируема,4,8,0.0,0.0,17423726416.0,GR14-AGB,,,90,,0.0,0.0,0.0,Обков,,DATABASE_EVIDENCE
WeissProfil2018_113,A515151911,GR14-AGB,AGB - A515151911 Пасивна мартина GR01 (540-710),4,8,0.0,0.0,46733676558.0,GR14-AGB,,,90,,0.0,0.0,0.0,Обков,,DATABASE_EVIDENCE
WeissProfil2018_113,A515151912,GR14-AGB,AGB - A515151912 Пасивна мартина GR02 (660-860),4,8,0.0,0.0,17793166786.0,GR14-AGB,,,90,,0.0,0.0,0.0,Обков,,DATABASE_EVIDENCE
WeissProfil2018_113,A515151913,GR14-AGB,AGB - A515151913 Пасивна мартина GR03 (820-1220),4,8,0.0,0.0,72773756684.0,GR14-AGB,,,90,,0.0,0.0,0.0,Обков,,DATABASE_EVIDENCE
WeissProfil2018_113,A515151914,GR14-AGB,AGB - A515151914 Пасивна мартина GR04 (1190-1610),4,8,0.0,0.0,51703176885.0,GR14-AGB,,,90,,0.0,0.0,0.0,Обков,,DATABASE_EVIDENCE
WeissProfil2018_113,A515731900,GR14-AGB,AGB - A515731900 Ъгъл с дръжка за пасивна мартина,4,8,0.0,0.0,50099866761.0,GR14-AGB,,,90,,0.0,0.0,0.0,Обков,,DATABASE_EVIDENCE
WeissProfil2018_113,A515741900,GR14-AGB,AGB - Ъгъл за пасивно крило с удължена пъпка,4,8,0.0,0.0,20149246664.0,GR14-AGB,,,90,,0.0,0.0,0.0,Обков,,DATABASE_EVIDENCE
WeissProfil2018_113,A515811900,GR14-AGB,AGB - A515811900 Наставка E 400 за пасивна мартина,4,8,0.0,0.0,87930306475.0,GR14-AGB,,,90,,0.0,0.0,0.0,Обков,,DATABASE_EVIDENCE
WeissProfil2018_113,A515811901,GR14-AGB,AGB - A515811901 Наставка E 200 за пасивна мартина,4,8,0.0,0.0,15970646135.0,GR14-AGB,,,90,,0.0,0.0,0.0,Обков,,DATABASE_EVIDENCE
WeissProfil2018_113,A515990000,GR14-AGB,AGB - A515990000 Насрещник осигурител пасивна мартина,4,8,0.0,0.0,52810765315.0,GR14-AGB,,,90,,0.0,0.0,0.0,Обков,,DATABASE_EVIDENCE
WeissProfil2018_113,A515990002,GR14-AGB,AGB - Насрещник осигурител пасивна мартина,4,8,0.0,0.0,23830625575.0,GR14-AGB,,,90,,0.0,0.0,0.0,Обков,,DATABASE_EVIDENCE
WeissProfil2018_113,A518010111,GR14-AGB,AGB - A518010111 Наставка E320/0,4,8,0.0,0.0,96621288215.0,GR14-AGB,,,90,,0.0,0.0,0.0,Обков,,DATABASE_EVIDENCE
WeissProfil2018_113,A518030001,GR14-AGB,AGB - A518030001 Наставка E200/1,4,8,0.0,0.0,8611718552.0,GR14-AGB,,,90,,0.0,0.0,0.0,Обков,,DATABASE_EVIDENCE
WeissProfil2018_113,A518030002,GR14-AGB,AGB - A518030002 Наставка Е400/1,4,8,0.0,0.0,62641548417.0,GR14-AGB,,,90,,0.0,0.0,0.0,Обков,,DATABASE_EVIDENCE
WeissProfil2018_113,A518030003,GR14-AGB,AGB - A518030003 Наставка Е600/1,4,8,0.0,0.0,33611508736.0,GR14-AGB,,,90,,0.0,0.0,0.0,Обков,,DATABASE_EVIDENCE
WeissProfil2018_113,A519212601,GR14-AGB,AGB - A519212601 Рамо за ножица 9 mm GR.1 20/9 R,4,8,0.0,0.0,46505411209.0,GR14-AGB,,,90,,0.0,0.0,0.0,Обков,,DATABASE_EVIDENCE
WeissProfil2018_113,A519212602,GR14-AGB,AGB - A519212602 Рамо за ножица 9 mm GR.2 20/9 R,4,8,0.0,0.0,88565271382.0,GR14-AGB,,,90,,0.0,0.0,0.0,Обков,,DATABASE_EVIDENCE
WeissProfil2018_113,A519212603,GR14-AGB,AGB - A519212603 Рамо за ножица 9 mm GR.3 20/9 R,4,8,0.0,0.0,36545211371.0,GR14-AGB,,,90,,0.0,0.0,0.0,Обков,,DATABASE_EVIDENCE
WeissProfil2018_113,A519212604,GR14-AGB,AGB - A519212604 Рамо за ножица 9 mm GR.4 20/9 R,4,8,0.0,0.0,99545871543.0,GR14-AGB,,,90,,0.0,0.0,0.0,Обков,,DATABASE_EVIDENCE
WeissProfil2018_113,A519213601,GR14-AGB,AGB - A519213601 Рамо за ножица GR01 20-13 R,4,8,0.0,0.0,64656862774.0,GR14-AGB,,,90,,0.0,0.0,0.0,Обков,,DATABASE_EVIDENCE
WeissProfil2018_113,A519213602,GR14-AGB,AGB - A519213602 Рамо за ножица GR02 20-13 R,4,8,0.0,0.0,93626132838.0,GR14-AGB,,,90,,0.0,0.0,0.0,Обков,,DATABASE_EVIDENCE
WeissProfil2018_113,A519213603,GR14-AGB,AGB - A519213603 Рамо за ножица GR03 20-13 R,4,8,0.0,0.0,13616642432.0,GR14-AGB,,,90,,0.0,0.0,0.0,Обков,,DATABASE_EVIDENCE
WeissProfil2018_113,A519213604,GR14-AGB,AGB - A519213604 Рамо за ножица GR04 20-13 R,4,8,0.0,0.0,58616622138.0,GR14-AGB,,,90,,0.0,0.0,0.0,Обков,,DATABASE_EVIDENCE
WeissProfil2018_113,A519222601,GR14-AGB,AGB - A519222601 Рамо за ножица 9 mm GR.1 20/9 L,4,8,0.0,0.0,28635731933.0,GR14-AGB,,,90,,0.0,0.0,0.0,Обков,,DATABASE_EVIDENCE
WeissProfil2018_113,A519222602,GR14-AGB,AGB - A519222602 Рамо за ножица 9 mm GR.2 20/9 L,4,8,0.0,0.0,79635551317.0,GR14-AGB,,,90,,0.0,0.0,0.0,Обков,,DATABASE_EVIDENCE
WeissProfil2018_113,A519222603,GR14-AGB,AGB - A519222603 Рамо за ножица 9 mm GR.3 20/9 L,4,8,0.0,0.0,11675931976.0,GR14-AGB,,,90,,0.0,0.0,0.0,Обков,,DATABASE_EVIDENCE
WeissProfil2018_113,A519222604,GR14-AGB,AGB - A519222604 Рамо за ножица 9 mm GR.4 20/9 L,4,8,0.0,0.0,69655041711.0,GR14-AGB,,,90,,0.0,0.0,0.0,Обков,,DATABASE_EVIDENCE
WeissProfil2018_113,A519223601,GR14-AGB,AGB - A519223601 Рамо за ножица GR01 20-13 L,4,8,0.0,0.0,28706092394.0,GR14-AGB,,,90,,0.0,0.0,0.0,Обков,,DATABASE_EVIDENCE
WeissProfil2018_113,A519223602,GR14-AGB,AGB - A519223602 Рамо за ножица GR02 20-13 L,4,8,0.0,0.0,66766552145.0,GR14-AGB,,,90,,0.0,0.0,0.0,Обков,,DATABASE_EVIDENCE
WeissProfil2018_113,A519223603,GR14-AGB,AGB - A519223603 Рамо за ножица GR03 20-13 L,4,8,0.0,0.0,16726272248.0,GR14-AGB,,,90,,0.0,0.0,0.0,Обков,,DATABASE_EVIDENCE
WeissProfil2018_113,A519223604,GR14-AGB,AGB - A519223604 Рамо за ножица GR04 20-13 L,4,8,0.0,0.0,48766832883.0,GR14-AGB,,,90,,0.0,0.0,0.0,Обков,,DATABASE_EVIDENCE
WeissProfil2018_113,A519413601,GR14-AGB,"AGB - A519413601 Рамо за ножица TBT GR.1 20/13 L, 362-490mm",4,8,0.0,0.0,39848762980.0,GR14-AGB,,,90,,0.0,0.0,0.0,Обков,,DATABASE_EVIDENCE
WeissProfil2018_113,A519413602,GR14-AGB,"AGB - A519413602 Рамо за ножица TBT GR.2 20/13 L, 491-600mm",4,8,0.0,0.0,91898192336.0,GR14-AGB,,,90,,0.0,0.0,0.0,Обков,,DATABASE_EVIDENCE
WeissProfil2018_113,A519413603,GR14-AGB,"AGB - A519413603 Рамо за ножица TBT GR.3 20/13 R, 601-800mm",4,8,0.0,0.0,27818362435.0,GR14-AGB,,,90,,0.0,0.0,0.0,Обков,,DATABASE_EVIDENCE
WeissProfil2018_113,A519413604,GR14-AGB,"AGB - A519413604 Рамо за ножица TBT GR.4 20-13 R, 801-1200mm",4,8,0.0,0.0,45808362682.0,GR14-AGB,,,90,,0.0,0.0,0.0,Обков,,DATABASE_EVIDENCE
WeissProfil2018_113,A519423601,GR14-AGB,"AGB - A519423601 Рамо за ножица TBT GR.1 20/13 R, 362-490mm",4,8,0.0,0.0,81908822317.0,GR14-AGB,,,90,,0.0,0.0,0.0,Обков,,DATABASE_EVIDENCE
WeissProfil2018_113,A519423602,GR14-AGB,"AGB - A519423602 Рамо за ножица TBT GR.2 20/13 R, 491-600mm",4,8,0.0,0.0,21978292406.0,GR14-AGB,,,90,,0.0,0.0,0.0,Обков,,DATABASE_EVIDENCE
WeissProfil2018_113,A519423603,GR14-AGB,"AGB - A519423603 Рамо за ножица TBT GR.3 20/13 L, 601-800mm",4,8,0.0,0.0,93918582870.0,GR14-AGB,,,90,,0.0,0.0,0.0,Обков,,DATABASE_EVIDENCE
WeissProfil2018_113,A519423604,GR14-AGB,"AGB - A519423604 Рамо за ножица TBT GR.4 20-13 L, 801-1200mm",4,8,0.0,0.0,6928452432.0,GR14-AGB,,,90,,0.0,0.0,0.0,Обков,,DATABASE_EVIDENCE
WeissProfil2018_113,A52101CP05,GR14-AGB,AGB - A52101CP05 Адаптор за насрещник за микровентилация AL с PVC 13mm,4,8,0.0,0.0,20951550491.0,GR14-AGB,,,90,,0.0,0.0,0.0,Обков,,DATABASE_EVIDENCE
WeissProfil2018_113,A52101DT07,GR14-AGB,AGB - A52101DT07 Подложка за магнитен шнапер за AL и PVC,4,8,0.0,0.0,74472931661.0,GR14-AGB,,,90,,0.0,0.0,0.0,Обков,,DATABASE_EVIDENCE
WeissProfil2018_113,A523001900,GR14-AGB,AGB - A523001900 Магнитен шнапер за PVC за двукрил прозорец 13 мм,4,8,0.0,0.0,70983634878.0,GR14-AGB,,,90,,0.0,0.0,0.0,Обков,,DATABASE_EVIDENCE
WeissProfil2018_113,A523003022,GR14-AGB,"AGB - Насрещник противовзломен KBE,Komerling,Gelan",4,8,0.0,0.0,58495166328.0,GR14-AGB,,,90,,0.0,0.0,0.0,Обков,,DATABASE_EVIDENCE
WeissProfil2018_113,A52300BA02,GR14-AGB,AGB - A52300BA02 Насрещник обикновен,4,8,0.0,0.0,74460651846.0,GR14-AGB,,,90,,0.0,0.0,0.0,Обков,,DATABASE_EVIDENCE
WeissProfil2018_113,A52300BA22,GR14-AGB,AGB - A52300BA22 Насрещник противовзломен,4,8,0.0,0.0,8660391244.0,GR14-AGB,,,90,,0.0,0.0,0.0,Обков,,DATABASE_EVIDENCE
WeissProfil2018_113,A52300BA58,GR14-AGB,AGB - A52300BA58 Насрещник комбиниран TBT PVC 13 mm,4,8,0.0,0.0,86990881657.0,GR14-AGB,,,90,,0.0,0.0,0.0,Обков,,DATABASE_EVIDENCE
WeissProfil2018_113,A52300BF03,GR14-AGB,AGB - A52300BF03 Насрещник осигурител,4,8,0.0,0.0,62980401887.0,GR14-AGB,,,90,,0.0,0.0,0.0,Обков,,DATABASE_EVIDENCE
WeissProfil2018_113,A52300BF05,GR14-AGB,AGB - A52300BF05 Магнитен шнапер за PVC 13 мм,4,8,0.0,0.0,93900421778.0,GR14-AGB,,,90,,0.0,0.0,0.0,Обков,,DATABASE_EVIDENCE
WeissProfil2018_113,A52300CN02,GR14-AGB,"AGB - Насрещник обикновен Komerling,Gelan",4,8,0.0,0.0,33811472442.0,GR14-AGB,,,90,,0.0,0.0,0.0,Обков,,DATABASE_EVIDENCE
WeissProfil2018_113,A52300DF03,GR14-AGB,"AGB - Насрещник осигурител Kommerling,Gelan",4,8,0.0,0.0,91122153621.0,GR14-AGB,,,90,,0.0,0.0,0.0,Обков,,DATABASE_EVIDENCE
WeissProfil2018_113,A52600CP02,GR14-AGB,AGB - A52600CP02 Насрещник обикновен AL с PVC 13 mm,4,8,0.0,0.0,44371555234.0,GR14-AGB,,,90,,0.0,0.0,0.0,Обков,,DATABASE_EVIDENCE
WeissProfil2018_113,A52600CP76,GR14-AGB,AGB - A52600CP76 Насрещник секюрити за алуминий 13 mm с място за капачка,4,8,0.0,0.0,22021735314.0,GR14-AGB,,,90,,0.0,0.0,0.0,Обков,,DATABASE_EVIDENCE
WeissProfil2018_113,A52600GY02,GR14-AGB,AGB - A52600GY02 Обикновен насрещник за алуминий 9 mm,4,8,0.0,0.0,23665279681.0,GR14-AGB,,,90,,0.0,0.0,0.0,Обков,,DATABASE_EVIDENCE
WeissProfil2018_113,A52600MS24,GR14-AGB,AGB - A52600MS24 Насрещник за микровентилация AL с PVC 13mm,4,8,0.0,0.0,39811415994.0,GR14-AGB,,,90,,0.0,0.0,0.0,Обков,,DATABASE_EVIDENCE
WeissProfil2018_113,A526DXCP58,GR14-AGB,AGB - A526DXCP58 Насрещник комбиниран TBT AL с PVC 13 mm R,4,8,0.0,0.0,41801315573.0,GR14-AGB,,,90,,0.0,0.0,0.0,Обков,,DATABASE_EVIDENCE
WeissProfil2018_113,A526DXCP65,GR14-AGB,AGB - A526DXCP65 Насрещник комбиниран AL с PVC R 13 mm,4,8,0.0,0.0,80901675967.0,GR14-AGB,,,90,,0.0,0.0,0.0,Обков,,DATABASE_EVIDENCE
WeissProfil2018_113,A526DXCP68,GR14-AGB,AGB - A526DXCP68 Насрещник противовзломен за алуминий R,4,8,0.0,0.0,18911765084.0,GR14-AGB,,,90,,0.0,0.0,0.0,Обков,,DATABASE_EVIDENCE
WeissProfil2018_113,A526DXDT65,GR14-AGB,AGB - A526DXDT65 Насрещник комбиниран AL с PVC 9 mm R,4,8,0.0,0.0,22442856093.0,GR14-AGB,,,90,,0.0,0.0,0.0,Обков,,DATABASE_EVIDENCE
WeissProfil2018_113,A526SXCP58,GR14-AGB,AGB - A526SXCP58 Насрещник комбиниран TBT AL с PVC 13 mm L,4,8,0.0,0.0,12346865339.0,GR14-AGB,,,90,,0.0,0.0,0.0,Обков,,DATABASE_EVIDENCE
WeissProfil2018_113,A526SXCP65,GR14-AGB,AGB - A526SXCP65 Насрещник комбиниран AL с PVC L 13 mm,4,8,0.0,0.0,45496265843.0,GR14-AGB,,,90,,0.0,0.0,0.0,Обков,,DATABASE_EVIDENCE
WeissProfil2018_113,A526SXCP68,GR14-AGB,AGB - A526SXCP68 Насрещник противовзломен за алуминий L 13 mm,4,8,0.0,0.0,26406155858.0,GR14-AGB,,,90,,0.0,0.0,0.0,Обков,,DATABASE_EVIDENCE
WeissProfil2018_113,A526SXDT65,GR14-AGB,AGB - A526SXDT65 Насрещник комбиниран AL с PVC 9 mm L,4,8,0.0,0.0,24977576942.0,GR14-AGB,,,90,,0.0,0.0,0.0,Обков,,DATABASE_EVIDENCE
WeissProfil2018_113,A529000101,GR14-AGB,AGB - A529000101 Долна панта крило 24/9 Alu дясна,4,8,0.0,0.0,84672219620.0,GR14-AGB,,,90,,0.0,0.0,0.0,Обков,,DATABASE_EVIDENCE
WeissProfil2018_113,A529000102,GR14-AGB,AGB - A529000102 Долна панта крило 24/9 Alu лява,4,8,0.0,0.0,35672469467.0,GR14-AGB,,,90,,0.0,0.0,0.0,Обков,,DATABASE_EVIDENCE
WeissProfil2018_113,A529000201,GR14-AGB,AGB - Долна панта крило 24/13  Wood/ALдясна,4,8,0.0,0.0,15712229628.0,GR14-AGB,,,90,,0.0,0.0,0.0,Обков,,DATABASE_EVIDENCE
WeissProfil2018_113,A529000202,GR14-AGB,AGB - Долна панта крило 24/13 Wood/AL лява,4,8,0.0,0.0,65772469137.0,GR14-AGB,,,90,,0.0,0.0,0.0,Обков,,DATABASE_EVIDENCE
WeissProfil2018_113,A529010201,GR14-AGB,AGB - A529010201 Долна панта каса 24/13 Wood/AL дясна,4,8,0.0,0.0,5852339058.0,GR14-AGB,,,90,,0.0,0.0,0.0,Обков,,DATABASE_EVIDENCE
WeissProfil2018_113,A529010202,GR14-AGB,AGB - A529010202 Долна панта каса 24/13 Wood/AL лява,4,8,0.0,0.0,77822489865.0,GR14-AGB,,,90,,0.0,0.0,0.0,Обков,,DATABASE_EVIDENCE
WeissProfil2018_113,A529011001,GR14-AGB,AGB - A529011001 Долна панта каса 20/13 PVC дясна,4,8,0.0,0.0,12783260489.0,GR14-AGB,,,90,,0.0,0.0,0.0,Обков,,DATABASE_EVIDENCE
WeissProfil2018_113,A529011002,GR14-AGB,AGB - A529011002 Долна панта каса 20/13 PVC лява,4,8,0.0,0.0,3713410804.0,GR14-AGB,,,90,,0.0,0.0,0.0,Обков,,DATABASE_EVIDENCE
WeissProfil2018_113,A52901DT00,GR14-AGB,AGB - A52901DT00 Подложка за Eurogroove aluminium,4,8,0.0,0.0,4242419551.0,GR14-AGB,,,90,,0.0,0.0,0.0,Обков,,DATABASE_EVIDENCE
WeissProfil2018_113,A5290302PA,GR14-AGB,AGB - A5290302PA Адаптор за крило 150 кг,4,8,0.0,0.0,39262119432.0,GR14-AGB,,,90,,0.0,0.0,0.0,Обков,,DATABASE_EVIDENCE
WeissProfil2018_113,A5290302PT,GR14-AGB,AGB - A5290302PT Адаптор за каса AL с PVC 24/37,4,8,0.0,0.0,64222069567.0,GR14-AGB,,,90,,0.0,0.0,0.0,Обков,,DATABASE_EVIDENCE
WeissProfil2018_113,A529100201,GR14-AGB,AGB - A529100201 Ножица GR.1(345-610 mm) Plana,4,8,0.0,0.0,65843709358.0,GR14-AGB,,,90,,0.0,0.0,0.0,Обков,,DATABASE_EVIDENCE
WeissProfil2018_113,A529100202,GR14-AGB,AGB - A529100202 Ножица GR.2(594-804 mm) Plana,4,8,0.0,0.0,37813359533.0,GR14-AGB,,,90,,0.0,0.0,0.0,Обков,,DATABASE_EVIDENCE
WeissProfil2018_113,A529100203,GR14-AGB,AGB - A529100203 Ножица GR.3 (794-1004 mm) Plana,4,8,0.0,0.0,30803529484.0,GR14-AGB,,,90,,0.0,0.0,0.0,Обков,,DATABASE_EVIDENCE
WeissProfil2018_113,A529100204,GR14-AGB,AGB - A529100204 Ножица GR.4 (994-1204 mm) Plana,4,8,0.0,0.0,21863739387.0,GR14-AGB,,,90,,0.0,0.0,0.0,Обков,,DATABASE_EVIDENCE
WeissProfil2018_113,A529110201,GR14-AGB,AGB - A529110201 Ножица към каса 24/13 Wood/AL GR.1-2 дясна,4,8,0.0,0.0,98943439913.0,GR14-AGB,,,90,,0.0,0.0,0.0,Обков,,DATABASE_EVIDENCE
WeissProfil2018_113,A529110202,GR14-AGB,AGB - A529110202 Ножица към каса 24/13 Wood/AL GR.3-4 дясна,4,8,0.0,0.0,23923259409.0,GR14-AGB,,,90,,0.0,0.0,0.0,Обков,,DATABASE_EVIDENCE
WeissProfil2018_113,A529110211,GR14-AGB,AGB - A529110211 Ножица към каса 24/13 Wood/AL GR.1-2 лява,4,8,0.0,0.0,36083729264.0,GR14-AGB,,,90,,0.0,0.0,0.0,Обков,,DATABASE_EVIDENCE
WeissProfil2018_113,A529110212,GR14-AGB,AGB - A529110212 Ножица към каса 24/13 Wood/AL GR.3-4 лява,4,8,0.0,0.0,18083439964.0,GR14-AGB,,,90,,0.0,0.0,0.0,Обков,,DATABASE_EVIDENCE
WeissProfil2018_113,A529110301,GR14-AGB,"AGB - A529110301 Ножица към каса 24/13 TBT GR.1-2 дясна Plana, 345-800mm",4,8,0.0,0.0,32073399876.0,GR14-AGB,,,90,,0.0,0.0,0.0,Обков,,DATABASE_EVIDENCE
WeissProfil2018_113,A529110302,GR14-AGB,"AGB - A529110302 Ножица към каса 24/13 TBT GR.3-4 дясна Plana, 801-1200mm",4,8,0.0,0.0,20043989276.0,GR14-AGB,,,90,,0.0,0.0,0.0,Обков,,DATABASE_EVIDENCE
WeissProfil2018_113,A529110311,GR14-AGB,"AGB - A529110311 Ножица към каса 24/13 TBT GR.1-2 лява Plana, 345-800mm",4,8,0.0,0.0,56173899861.0,GR14-AGB,,,90,,0.0,0.0,0.0,Обков,,DATABASE_EVIDENCE
WeissProfil2018_113,A529110312,GR14-AGB,"AGB - A529110312 Ножица към каса 24/13 TBT GR.3-4 лява Plana, 801-1200mm",4,8,0.0,0.0,75153169793.0,GR14-AGB,,,90,,0.0,0.0,0.0,Обков,,DATABASE_EVIDENCE
WeissProfil2018_113,A529111001,GR14-AGB,AGB - A529111001 Ножица към каса 20/13 PVC GR.1-2 дясна,4,8,0.0,0.0,23804570472.0,GR14-AGB,,,90,,0.0,0.0,0.0,Обков,,DATABASE_EVIDENCE
WeissProfil2018_113,A529111002,GR14-AGB,AGB - Ножица към каса 20/13 PVC GR.3-4 дясна,4,8,0.0,0.0,65834750477.0,GR14-AGB,,,90,,0.0,0.0,0.0,Обков,,DATABASE_EVIDENCE
WeissProfil2018_113,A529111011,GR14-AGB,AGB - A529111011 Ножица към каса 20/13 PVC GR.1-2 лява,4,8,0.0,0.0,48954830806.0,GR14-AGB,,,90,,0.0,0.0,0.0,Обков,,DATABASE_EVIDENCE
WeissProfil2018_113,A529111012,GR14-AGB,AGB - A529111012 Ножица към каса 20/13 PVC GR.3-4 лява,4,8,0.0,0.0,60924730221.0,GR14-AGB,,,90,,0.0,0.0,0.0,Обков,,DATABASE_EVIDENCE
WeissProfil2018_113,A529200200,GR14-AGB,AGB - A529200200 Горна панта крило обикновено отвряне,4,8,0.0,0.0,10994279935.0,GR14-AGB,,,90,,0.0,0.0,0.0,Обков,,DATABASE_EVIDENCE
WeissProfil2018_113,A529210201,GR14-AGB,AGB - A529210201 Горна панта каса обикновено отварянеWood/AL 24/13 дясна,4,8,0.0,0.0,96074549229.0,GR14-AGB,,,90,,0.0,0.0,0.0,Обков,,DATABASE_EVIDENCE
WeissProfil2018_113,A529210202,GR14-AGB,AGB - A529210202 Горна панта каса обикновено отваряне Wood/AL 24/13 лява,4,8,0.0,0.0,49074639598.0,GR14-AGB,,,90,,0.0,0.0,0.0,Обков,,DATABASE_EVIDENCE
WeissProfil2018_113,A529211001,GR14-AGB,AGB - A529211001 Горна панта каса обикновено отваряне 20/13 PVC дясна,4,8,0.0,0.0,19965410231.0,GR14-AGB,,,90,,0.0,0.0,0.0,Обков,,DATABASE_EVIDENCE
WeissProfil2018_113,A529211002,GR14-AGB,AGB - A529211002 Горна панта каса обикновено отваряне 20/13 PVC лява,4,8,0.0,0.0,29915360651.0,GR14-AGB,,,90,,0.0,0.0,0.0,Обков,,DATABASE_EVIDENCE
WeissProfil2018_113,A52940BF00,GR14-AGB,AGB - A52940BF00 Подложка low.RS-up.LS,4,8,0.0,0.0,51924337927.0,GR14-AGB,,,90,,0.0,0.0,0.0,Обков,,DATABASE_EVIDENCE
WeissProfil2018_113,A52940BF01,GR14-AGB,AGB - A52940BF01 Подложка low.LS-up.RS,4,8,0.0,0.0,97914477861.0,GR14-AGB,,,90,,0.0,0.0,0.0,Обков,,DATABASE_EVIDENCE
WeissProfil2018_113,A52944DT00,GR14-AGB,AGB - A52944DT00 Подложка за адаптор 24/37 9-13 mm,4,8,0.0,0.0,42956209460.0,GR14-AGB,,,90,,0.0,0.0,0.0,Обков,,DATABASE_EVIDENCE
WeissProfil2018_113,AA-256,GR24-OTHER,"FAPIO Дръжка за врата за алуминий, бяла",4,8,0.0,0.0,91821754846.0,GR24-OTHER,,,90,,0.0,0.0,0.0,Обков,,DATABASE_EVIDENCE
WeissProfil2018_113,AA-256-1,GR24-OTHER,"FAPIO Дръжка за врата за алуминий, черна",4,8,0.0,0.0,87734234886.0,GR24-OTHER,,,90,,0.0,0.0,0.0,Обков,,DATABASE_EVIDENCE
WeissProfil2018_113,Габи голямо,WP,Сглобка голямо габи,4,4,0.0,0.0,41926254429.0,WP,,,90,,0.0,0.0,0.0,Аксесоар,,DATABASE_EVIDENCE
WeissProfil2018_113,Габи малко,WP,Сглобка малко габи,4,4,0.0,0.0,35747080833.0,WP,,,90,,0.0,0.0,0.0,Аксесоар,,DATABASE_EVIDENCE
WeissProfil2018_113,AC 19,WP,Сглобка за крило/каса,4,4,0.0,0.0,80398734745.0,WP,,,90,,0.0,0.0,0.0,Аксесоар,,DATABASE_EVIDENCE
WeissProfil2018_113,AC 21,WP 70,"MO 21 WP Alignment corner, galvanized",4,4,0.0,0.0,34488234241.0,,,,90,,0.0,0.0,0.0,Аксесоар,,DATABASE_EVIDENCE
WeissProfil2018_113,AC 21B,GR6-CORNERS;SCREWS,MO 21 Метален ъгъл /14x1мм/ черен,4,4,0.0,0.0,26368864479.0,GR6-CORNERS;SCREWS,,,90,,0.0,0.0,0.0,Аксесоар,,DATABASE_EVIDENCE
WeissProfil2018_113,AC 21G,GR6-CORNERS;SCREWS,MO 21 Метален ъгъл /14x1мм/ поцинкован,4,4,0.0,0.0,86318964834.0,GR6-CORNERS;SCREWS,,,90,,0.0,0.0,0.0,Аксесоар,,DATABASE_EVIDENCE
WeissProfil2018_113,AC 40-100,GR6-CORNERS;SCREWS,WP AC 40-100 Сглобка /100 мм/,4,4,0.0,0.0,46685376743.0,GR6-CORNERS;SCREWS,,,90,,0.0,0.0,0.0,Аксесоар,,DATABASE_EVIDENCE
WeissProfil2018_113,AC.21,WP,Сглобка за крило/каса,4,4,0.0,0.0,27852414318.0,WP,,,90,,0.0,0.0,0.0,Аксесоар,,DATABASE_EVIDENCE
WeissProfil2018_113,ACDC 82.51-05,GR8-S.ACCESS,WP ACDC 82.51 Тапа подвижен делител с алум. капачка черна / к-т /,0,0,0.0,0.0,73634680056.0,GR8-S.ACCESS,,,90,,0.0,0.0,0.0,UNKNOWN,,DATABASE_EVIDENCE
WeissProfil2018_113,ACDC 82.51-06,GR8-S.ACCESS,WP ACDC 82.51 Тапа подвижен делител с алум. капачка кафява / к-т /,0,0,0.0,0.0,64614010801.0,GR8-S.ACCESS,,,90,,0.0,0.0,0.0,UNKNOWN,,DATABASE_EVIDENCE
WeissProfil2018_113,ACDC 82.51-07,GR8-S.ACCESS,WP ACDC 82.51 Тапа подвижен делител с алум. капачка бяла / к-т /,0,0,0.0,0.0,77674370175.0,GR8-S.ACCESS,,,90,,0.0,0.0,0.0,UNKNOWN,,DATABASE_EVIDENCE
WeissProfil2018_113,ACDC 82.51-16,GR8-S.ACCESS,WP ACDC 82.51 Тапа подвижен делител с алум. капачка антрацит / к-т /,0,0,0.0,0.0,6774650482.0,GR8-S.ACCESS,,,90,,0.0,0.0,0.0,UNKNOWN,,DATABASE_EVIDENCE
WeissProfil2018_113,Брава 35 мм,WP,Брава 35 mm за врата,4,4,0.0,0.0,37165429665.0,WP,,,90,,0.0,0.0,0.0,Аксесоар,,DATABASE_EVIDENCE
WeissProfil2018_113,Дръж.врата бяла,WP,Дръжка ПВЦврата бяла,4,27,0.0,0.0,16512339946.0,WP,,,90,,0.0,0.0,0.0,Дръжка за врата,,DATABASE_EVIDENCE
WeissProfil2018_113,Дръж.врата каф.,WP,Дръжка ПВЦ врата каф,4,27,0.0,0.0,51221849147.0,WP,,,90,,0.0,0.0,0.0,Дръжка за врата,,DATABASE_EVIDENCE
WeissProfil2018_113,Дръж.ком.проз.б,,22220082-др.ком.б,4,4,0.0,0.0,28048272788.0,,,,90,,0.0,0.0,,Аксесоар,,DATABASE_EVIDENCE
WeissProfil2018_113,Дръж.ком.проз.к,,Дръж. ком. проз.кафя,4,4,0.0,0.0,58038362432.0,,,,90,,0.0,0.0,,Аксесоар,,DATABASE_EVIDENCE
WeissProfil2018_113,Дръж.проз. бяла,WP,Дръжка ПВЦ проз бяла,4,26,0.0,0.0,50371821477.0,WP,,,90,,0.0,0.0,0.0,Дръжка за прозорец,,DATABASE_EVIDENCE
WeissProfil2018_113,Дръж.проз. каф.,WP,Дръжка ПВЦ проз каф.,4,26,0.0,0.0,4080151875.0,WP,,,90,,0.0,0.0,0.0,Дръжка за прозорец,,DATABASE_EVIDENCE
WeissProfil2018_113,Дръжка вр. чер,WP,Дръжка AL вр. черна,4,27,0.0,0.0,1615943753.0,WP,,,90,,0.0,0.0,0.0,Дръжка за врата,,DATABASE_EVIDENCE
WeissProfil2018_113,Дръжка вр. бял,WP,Дръжка AL вр. бяла,4,27,0.0,0.0,63015383852.0,WP,,,90,,0.0,0.0,0.0,Дръжка за врата,,DATABASE_EVIDENCE
WeissProfil2018_113,Дръжка проз че,WP,Дръжка за AL проз че,4,26,0.0,0.0,43374555728.0,WP,,,90,,0.0,0.0,0.0,Дръжка за прозорец,,DATABASE_EVIDENCE
WeissProfil2018_113,Дръжка проз бя,WP,Дръжка за AL проз бя,4,26,0.0,0.0,65134895872.0,WP,,,90,,0.0,0.0,0.0,Дръжка за прозорец,,DATABASE_EVIDENCE
WeissProfil2018_113,Вида 3.9 X 16,WP,Винт 3.9x16/530500,4,4,0.0,0.0,2545961670.0,WP,,,90,,0.0,0.0,,Аксесоар,,DATABASE_EVIDENCE
WeissProfil2018_113,"Вида 4,2 X 45",WP,"Вида 4,2 X 45",4,4,0.0,0.0,20053509068.0,WP,,,90,,0.0,0.0,,Аксесоар,,DATABASE_EVIDENCE
WeissProfil2018_113,"Винт 4,3 х 30",WP,"Винт 4,3 х 30",4,4,0.0,0.0,24472624075.0,WP,,,90,,0.0,0.0,,Аксесоар,,DATABASE_EVIDENCE
WeissProfil2018_113,"Винт 4,3 X 25",WP,"Винт 4,3 X 25",4,4,0.0,0.0,82642367376.0,WP,,,90,,0.0,0.0,,Аксесоар,,DATABASE_EVIDENCE
WeissProfil2018_113,"Винт 4,3 X 35",WP,"Винт 4,3 X 35",4,4,0.0,0.0,50702317685.0,WP,,,90,,0.0,0.0,,Аксесоар,,DATABASE_EVIDENCE
WeissProfil2018_113,Винт кв12х1,WP,Винт кв. глава12х1,4,4,0.0,0.0,46130871370.0,WP,,,90,,0.0,0.0,,Аксесоар,,DATABASE_EVIDENCE
WeissProfil2018_113,AGC 85,GR6-CORNERS;SCREWS,WP AGS.85 Подържаща алуминиева подложка за WP85 Thermo Pro /100 мм/,4,4,0.0,0.0,11143934573.0,GR6-CORNERS;SCREWS,,,90,,0.0,0.0,0.0,Аксесоар,,DATABASE_EVIDENCE
WeissProfil2018_113,AGS 78,GR6-CORNERS;SCREWS,WP AGS.78 Подържаща алуминиева подложка за WP78 Thermo Smart /100 мм/,4,4,0.0,0.0,3669554571.0,GR6-CORNERS;SCREWS,,,90,,0.0,0.0,0.0,Аксесоар,,DATABASE_EVIDENCE
WeissProfil2018_113,AGS.70,GR6-CORNERS;SCREWS,WP AGS.70 Подържаща алуминиева подложка за WP70 Thermo Slide /100 мм/,4,4,0.0,0.0,2069894184.0,GR6-CORNERS;SCREWS,,,90,,0.0,0.0,0.0,Аксесоар,,DATABASE_EVIDENCE
WeissProfil2018_113,AGS.85,WP,AL изравнителна подложка,4,4,0.0,0.0,81119324999.0,WP,,,90,,0.0,0.0,0.0,Аксесоар,,DATABASE_EVIDENCE
WeissProfil2018_113,AL Четка  № 5.5,,Четка  № 5.5,4,4,0.0,0.0,60741665747.0,,,,90,,0.0,0.0,,Аксесоар,,DATABASE_EVIDENCE
WeissProfil2018_113,AL Ножица вдигащ проз. черна,WP,Ножица за AL вдигащ прозорец черна,4,4,0.0,0.0,54778459781.0,WP,,,90,,0.0,0.0,0.0,Аксесоар,,DATABASE_EVIDENCE
WeissProfil2018_113,AL Ножица вдигащ проз. бяла,WP,Ножица за AL вдигащ прозорец бяла,4,4,0.0,0.0,85984890202.0,WP,,,90,,0.0,0.0,0.0,Аксесоар,,DATABASE_EVIDENCE
WeissProfil2018_113,AL Ножица пад. проз. черна,WP,Ножица за AL падащ прозорец черна,4,33,0.0,0.0,80863128243.0,WP,,,90,,0.0,0.0,0.0,Ножица - обков,,DATABASE_EVIDENCE
WeissProfil2018_113,AL Ножица пад. проз. бяла,WP,Ножица за AL падащ прозорец бяла,4,33,0.0,0.0,31039606763.0,WP,,,90,,0.0,0.0,0.0,Ножица - обков,,DATABASE_EVIDENCE
WeissProfil2018_113,Гума комар.черн,,Гума за ком. черна,4,4,0.0,0.0,85431146243.0,,,,90,,0.0,0.0,,Аксесоар,,DATABASE_EVIDENCE
WeissProfil2018_113,Гума комар.бяла,,22070050-Гума ком.,4,4,0.0,0.0,49347206444.0,,,,90,,0.0,0.0,,Аксесоар,,DATABASE_EVIDENCE
WeissProfil2018_113,Гума подпъхваща,WP,Гума подпъхваща,4,4,0.0,0.0,82840256535.0,WP,,,90,,0.0,0.0,0.0,Аксесоар,,DATABASE_EVIDENCE
WeissProfil2018_113,APF.22-1,GR8-S.ACCESS,WP APF.22-13 Алуминиева подложка за предна ролка,4,4,0.0,0.0,40686140875.0,GR8-S.ACCESS,,,90,,0.0,0.0,0.0,Аксесоар,,DATABASE_EVIDENCE
WeissProfil2018_113,APR.22-13,GR8-S.ACCESS,WP APR.22-13 Алуминиева подложка за задна ролка,4,4,0.0,0.0,33703530353.0,GR8-S.ACCESS,,,90,,0.0,0.0,0.0,Аксесоар,,DATABASE_EVIDENCE
WeissProfil2018_113,B-1314-0013,GR15-GU,Брава езикова 35/92/24х3 права планка 24mm сива планка BKS,4,8,0.0,0.0,11288111736.0,GR15-GU,,,90,,0.0,0.0,0.0,Обков,,DATABASE_EVIDENCE
WeissProfil2018_113,B-1314-0014,GR15-GU,GU - B13140014 Брава 40мм език евроканал 24x245,4,8,0.0,0.0,25228531983.0,GR15-GU,,,90,,0.0,0.0,0.0,Обков,,DATABASE_EVIDENCE
WeissProfil2018_113,B-1314-0033,GR15-GU,Брава езикова 34/92/24х6mm U планка Inox,4,8,0.0,0.0,45468081380.0,GR15-GU,,,90,,0.0,0.0,0.0,Обков,,DATABASE_EVIDENCE
WeissProfil2018_113,B-1314-0034,GR15-GU,Брава езикова 39/92/24х6mm U планка Inox,4,8,0.0,0.0,46458781234.0,GR15-GU,,,90,,0.0,0.0,0.0,Обков,,DATABASE_EVIDENCE
WeissProfil2018_113,B-19160-01-U-8,GR15-GU,"Брава фалц 40/24,square,PANIC E,PC   ",4,8,0.0,0.0,48586319772.0,GR15-GU,,,90,,0.0,0.0,0.0,Обков,,DATABASE_EVIDENCE
WeissProfil2018_113,B-72030-00-0-8,GR15-GU,"К-т Дръжка Rondo H1.0 + розетки PZ, квадрат 9мм INOX",4,8,0.0,0.0,37261231910.0,GR15-GU,,,90,,0.0,0.0,0.0,Обков,,DATABASE_EVIDENCE
WeissProfil2018_113,B-72040-61-0-8,GR15-GU,"К-т Дръжка Rondo H1.1 шилд PZ92, квадрат 9мм INOX, pair",4,8,0.0,0.0,66047422622.0,GR15-GU,,,90,,0.0,0.0,0.0,Обков,,DATABASE_EVIDENCE
WeissProfil2018_113,B-72130-01-0-8,GR15-GU,"Едностранна дръжка Rondo H1.1 + розеткa PZ, квадрат 9мм INOX",4,8,0.0,0.0,52452822384.0,GR15-GU,,,90,,0.0,0.0,0.0,Обков,,DATABASE_EVIDENCE
WeissProfil2018_113,B-72140-60-0-8,GR15-GU,"Едностранна дръжка Rondo H1.0 Шилд PZ92, квадрат 9мм INOX",4,8,0.0,0.0,68028081588.0,GR15-GU,,,90,,0.0,0.0,0.0,Обков,,DATABASE_EVIDENCE
WeissProfil2018_113,B-72141-60-0-8,GR15-GU,"Едностранна дръжка Rondo H1.1 Шилд PZ92, квадрат 9мм INOX",4,8,0.0,0.0,75149242633.0,GR15-GU,,,90,,0.0,0.0,0.0,Обков,,DATABASE_EVIDENCE
WeissProfil2018_113,B-72340-60-0-8,GR15-GU,"К-т Дръжка Rondo H1.0 шилд + изнесена топка К1.0 PZ92, квадрат 9мм INOX",4,8,0.0,0.0,58270221776.0,GR15-GU,,,90,,0.0,0.0,0.0,Обков,,DATABASE_EVIDENCE
WeissProfil2018_113,B-72630-01-0-8,GR15-GU,"Едностранна изнесена топка Rondo K1.1 + розетка PZ, INOX",4,8,0.0,0.0,7967822746.0,GR15-GU,,,90,,0.0,0.0,0.0,Обков,,DATABASE_EVIDENCE
WeissProfil2018_113,B-72930-00-0-1,GR15-GU,Дръжка противопожарна DRH FS RR Rondo H1.0 EV1 OVAL,4,8,0.0,0.0,30140331591.0,GR15-GU,,,90,,0.0,0.0,0.0,Обков,,DATABASE_EVIDENCE
WeissProfil2018_113,BCMP 70.31,GR8-S.ACCESS,WP BCMP 70.31 Капачка за насрещен профил / к-т /,4,10,0.0,0.0,68214663555.0,GR8-S.ACCESS,,,90,,0.0,0.0,0.0,Капачки,,DATABASE_EVIDENCE
WeissProfil2018_113,BCWMS 20.L,GR8-S.ACCESS,WP BCWMS 20.L Капачка лява,4,10,0.0,0.0,51637682280.0,GR8-S.ACCESS,,,90,,0.0,0.0,0.0,Капачки,,DATABASE_EVIDENCE
WeissProfil2018_113,BCWMS 20.R,GR8-S.ACCESS,WP BCWMS 20.R Капачка дясна,4,10,0.0,0.0,32667762916.0,GR8-S.ACCESS,,,90,,0.0,0.0,0.0,Капачки,,DATABASE_EVIDENCE
WeissProfil2018_113,BCWMS 22.L,GR8-S.ACCESS,WP BCWMS 22.L Капачка лява,4,10,0.0,0.0,71827142814.0,GR8-S.ACCESS,,,90,,0.0,0.0,0.0,Капачки,,DATABASE_EVIDENCE
WeissProfil2018_113,BCWMS 22.R,GR8-S.ACCESS,WP BCWMS 22.R Капачка дясна,4,10,0.0,0.0,63847582695.0,GR8-S.ACCESS,,,90,,0.0,0.0,0.0,Капачки,,DATABASE_EVIDENCE
WeissProfil2018_113,BDS.85,GR8-S.ACCESS,EPDM WP BDS.85 Uplytnitel za profil 85.78,4,34,0.0,0.0,2970515266.0,GR8-S.ACCESS,,,90,,0.0,0.0,,Уплътнение,,DATABASE_EVIDENCE
WeissProfil2018_113,BR 10,GR7-GASK/BR,Четка за плъзгане 10 - 4Р/1м./,4,34,0.0,0.0,82999555111.0,GR7-GASK/BR,,,90,,0.0,0.0,0.0,Уплътнение,,DATABASE_EVIDENCE
WeissProfil2018_113,BR 12,GR8-S.ACCESS,Четка за плъзгане 12-4P,4,34,0.0,0.0,47939415843.0,GR8-S.ACCESS,,,90,,0.0,0.0,0.0,Уплътнение,,DATABASE_EVIDENCE
WeissProfil2018_113,BR 18,GR7-GASK/BR,Четка за плъзгане 18 - 4Р/1м./,4,34,0.0,0.0,17999895475.0,GR7-GASK/BR,,,90,,0.0,0.0,0.0,Уплътнение,,DATABASE_EVIDENCE
WeissProfil2018_113,BR 6,GR7-GASK/BR,Четка за плъзгане 6 - 4Р/1м./,4,34,0.0,0.0,47077185112.0,GR7-GASK/BR,,,90,,0.0,0.0,0.0,Уплътнение,,DATABASE_EVIDENCE
WeissProfil2018_113,BR 7,GR7-GASK/BR,Четка за плъзгане 7 - 4Р/1м./,4,34,0.0,0.0,95047475553.0,GR7-GASK/BR,,,90,,0.0,0.0,0.0,Уплътнение,,DATABASE_EVIDENCE
WeissProfil2018_113,BR 8,GR7-GASK/BR,Четка за плъзгане 8 - 4Р/1м./,4,34,0.0,0.0,69027315724.0,GR7-GASK/BR,,,90,,0.0,0.0,0.0,Уплътнение,,DATABASE_EVIDENCE
WeissProfil2018_113,BR.10S,GR7-GASK/BR,WP BR.10 Четка черна 10 мм,4,34,0.0,0.0,31143675122.0,GR7-GASK/BR,,,90,,0.0,0.0,0.0,Уплътнение,,DATABASE_EVIDENCE
WeissProfil2018_113,BR.8,WP 70,Brush,4,4,0.0,0.0,16497295052.0,,,,90,,0.0,0.0,0.0,Аксесоар,,DATABASE_EVIDENCE
WeissProfil2018_113,BR.8B,GR7-GASK/BR,WP BR.8 Четка черна 8 мм,4,34,0.0,0.0,11053225560.0,GR7-GASK/BR,,,90,,0.0,0.0,0.0,Уплътнение,,DATABASE_EVIDENCE
WeissProfil2018_113,BR.8S,GR7-GASK/BR,WP BR.8 Четка сива 8 мм,4,34,0.0,0.0,84063955941.0,GR7-GASK/BR,,,90,,0.0,0.0,0.0,Уплътнение,,DATABASE_EVIDENCE
WeissProfil2018_113,BRUSH ST,GR8-S.ACCESS,"Четка с метална основа 2,2 м",4,4,0.0,0.0,78354938920.0,GR8-S.ACCESS,,,90,,0.0,0.0,0.0,Аксесоар,,DATABASE_EVIDENCE
WeissProfil2018_113,BS.70,GR7-GASK/BR,WP BS.70 Уплътнител долен за крило за 1 m,4,34,0.0,0.0,47003135310.0,GR7-GASK/BR,,,90,,0.0,0.0,0.0,Уплътнение,,DATABASE_EVIDENCE
WeissProfil2018_113,C-100x2,GR4-COLD,Тръба цилиндрична Ал. O100x2.5,4,51,0.0,0.0,66725174456.0,GR4-COLD,,,90,,0.0,100.0,0.0,Допълнителни профили,,DATABASE_EVIDENCE
WeissProfil2018_113,C-32x1.5,GR4-COLD,Тръба цилиндрична Ал. O32x1.5,4,51,0.0,0.0,58829226630.0,GR4-COLD,,,90,,0.0,32.0,0.0,Допълнителни профили,,DATABASE_EVIDENCE
WeissProfil2018_113,C-35x2,GR4-COLD,Тръба цилиндрична Ал. O35x2,4,51,0.0,0.0,80679846315.0,GR4-COLD,,,90,,0.0,35.0,0.0,Допълнителни профили,,DATABASE_EVIDENCE
WeissProfil2018_113,C-37x1.5,GR4-COLD,Тръба цилиндрична Ал. O37x1.5,4,51,0.0,0.0,97369591294.0,GR4-COLD,,,90,,0.0,37.0,0.0,Допълнителни профили,,DATABASE_EVIDENCE
WeissProfil2018_113,C-40x1,GR4-COLD,Тръба цилиндрична Ал. O40x1,4,51,0.0,0.0,18270946327.0,GR4-COLD,,,90,,0.0,40.0,0.0,Допълнителни профили,,DATABASE_EVIDENCE
WeissProfil2018_113,C-50x1,GR4-COLD,Тръба цилиндрична Ал. O50x1,4,51,0.0,0.0,91371296216.0,GR4-COLD,,,90,,0.0,50.0,0.0,Допълнителни профили,,DATABASE_EVIDENCE
WeissProfil2018_113,C-50x2.5,GR4-COLD,Тръба цилиндрична Ал. O50x2.5,4,51,0.0,0.0,93991304314.0,GR4-COLD,,,90,,0.0,50.0,0.0,Допълнителни профили,,DATABASE_EVIDENCE
WeissProfil2018_113,C603062565,GR14-AGB,AGB - Патрон 100 мм 30/70,4,8,0.0,0.0,94944767227.0,GR14-AGB,,,90,,0.0,0.0,0.0,Обков,,DATABASE_EVIDENCE
WeissProfil2018_113,C603062575,GR14-AGB,AGB - Патрон 110 мм 30/80,4,8,0.0,0.0,76024097618.0,GR14-AGB,,,90,,0.0,0.0,0.0,Обков,,DATABASE_EVIDENCE
WeissProfil2018_113,C603063540,GR14-AGB,AGB Патрон 90 мм 45/45,4,8,0.0,0.0,68875878886.0,GR14-AGB,,,90,,0.0,0.0,0.0,Обков,,DATABASE_EVIDENCE
WeissProfil2018_113,C603063555,GR14-AGB,AGB - Патрон 100 мм 40/60,4,8,0.0,0.0,55965418519.0,GR14-AGB,,,90,,0.0,0.0,0.0,Обков,,DATABASE_EVIDENCE
WeissProfil2018_113,C603064045,GR14-AGB,AGB Патрон 95 мм 45/50,4,8,0.0,0.0,86406739316.0,GR14-AGB,,,90,,0.0,0.0,0.0,Обков,,DATABASE_EVIDENCE
WeissProfil2018_113,Закопч. ком. бя,,22020017-шнапер ком.,4,4,0.0,0.0,16081140625.0,,,,90,,0.0,0.0,,Аксесоар,,DATABASE_EVIDENCE
WeissProfil2018_113,Закопч. ком. кф,,Закопч. комар.кафява,4,4,0.0,0.0,91981460873.0,,,,90,,0.0,0.0,,Аксесоар,,DATABASE_EVIDENCE
WeissProfil2018_113,CBD 78.78,GR8-S.ACCESS,Тапа за Thermo Smart WP 78.78 Профил към врата с праг / к-т /,4,4,0.0,0.0,93567148858.0,GR8-S.ACCESS,,,90,,0.0,0.0,0.0,Аксесоар,,DATABASE_EVIDENCE
WeissProfil2018_113,CBD 78.79,GR8-S.ACCESS,Тапа за Thermo Smart WP 78.79 Профил към врата без праг / к-т /,4,4,0.0,0.0,20517408955.0,GR8-S.ACCESS,,,90,,0.0,0.0,0.0,Аксесоар,,DATABASE_EVIDENCE
WeissProfil2018_113,CBD 82.78,WP 82,Капачки за добавка  към крило WP 82,4,4,0.0,0.0,57068468563.0,WP 82,,,90,,0.0,0.0,0.0,Аксесоар,,DATABASE_EVIDENCE
WeissProfil2018_113,CBD 82.78-06,GR8-S.ACCESS,WP CBD 82.78 Тапа за профил към врата с праг черна / к-т /,0,0,0.0,0.0,34984634404.0,GR8-S.ACCESS,,,90,,0.0,0.0,0.0,UNKNOWN,,DATABASE_EVIDENCE
WeissProfil2018_113,CBD 82.78-11,GR8-S.ACCESS,WP CBD 82.78 Тапа за профил към врата с праг сива / к-т /,0,0,0.0,0.0,66044594935.0,GR8-S.ACCESS,,,90,,0.0,0.0,0.0,UNKNOWN,,DATABASE_EVIDENCE
WeissProfil2018_113,CBD 85.71,GR8-S.ACCESS,WP CBD 85.71 Тапа за профил към врата с праг / к-т /,4,4,0.0,0.0,24348048301.0,GR8-S.ACCESS,,,90,,0.0,0.0,0.0,Аксесоар,,DATABASE_EVIDENCE
WeissProfil2018_113,CBD 85.72,WP 85,Капачки за профил WP 85.72,4,4,0.0,0.0,47318958766.0,WP 85,,,90,,0.0,0.0,0.0,Аксесоар,,DATABASE_EVIDENCE
WeissProfil2018_113,CBD 85.78,GR8-S.ACCESS,Тапа за Thermo Pro 85.78 Профил към врата с праг / к-т /,4,4,0.0,0.0,16338778073.0,GR8-S.ACCESS,,,90,,0.0,0.0,0.0,Аксесоар,,DATABASE_EVIDENCE
WeissProfil2018_113,CBD 85.79,GR8-S.ACCESS,Тапа за Thermo Pro 85.79 Профил към врата без праг / к-т /,4,4,0.0,0.0,2368668886.0,GR8-S.ACCESS,,,90,,0.0,0.0,0.0,Аксесоар,,DATABASE_EVIDENCE
WeissProfil2018_113,CC 10-20,GR6-CORNERS;SCREWS,WPCC 10-20 - Сглобка /набивен ъгъл/,4,4,0.0,0.0,36848465857.0,GR6-CORNERS;SCREWS,,,90,,0.0,0.0,0.0,Аксесоар,,DATABASE_EVIDENCE
WeissProfil2018_113,CC 10-29.5,GR6-CORNERS;SCREWS,"WPCC 10-29,5 - Сглобка /набивен ъгъл/",4,4,0.0,0.0,14198695441.0,GR6-CORNERS;SCREWS,,,90,,0.0,0.0,0.0,Аксесоар,,DATABASE_EVIDENCE
WeissProfil2018_113,CC 10-34,GR6-CORNERS;SCREWS,WPCC 10-34 - Сглобка /набивен ъгъл/,4,4,0.0,0.0,75988685706.0,GR6-CORNERS;SCREWS,,,90,,0.0,0.0,0.0,Аксесоар,,DATABASE_EVIDENCE
WeissProfil2018_113,CC 10-5,GR6-CORNERS;SCREWS,WPCC 10-5 - Сглобка /набивен ъгъл/,4,4,0.0,0.0,48818535816.0,GR6-CORNERS;SCREWS,,,90,,0.0,0.0,0.0,Аксесоар,,DATABASE_EVIDENCE
WeissProfil2018_113,CC 11-19AGB,GR6-CORNERS;SCREWS,WPCC 21-19 AGB - Сглобка /набивен ъгъл/,4,4,0.0,0.0,15193644721.0,GR6-CORNERS;SCREWS,,,90,,0.0,0.0,0.0,Аксесоар,,DATABASE_EVIDENCE
WeissProfil2018_113,CC 11-34,GR6-CORNERS;SCREWS,WPCC 11-34 - Сглобка /набивен ъгъл/,4,4,0.0,0.0,14079685892.0,GR6-CORNERS;SCREWS,,,90,,0.0,0.0,0.0,Аксесоар,,DATABASE_EVIDENCE
WeissProfil2018_113,CC 14-16.9,GR6-CORNERS;SCREWS,"WPCC 14-16,9 - Сглобка /набивен ъгъл/",4,4,0.0,0.0,60131554018.0,GR6-CORNERS;SCREWS,,,90,,0.0,0.0,0.0,Аксесоар,,DATABASE_EVIDENCE
WeissProfil2018_113,CC 14-26 GU,GR6-CORNERS;SCREWS,WPCC 14-26 PVC обков - Сглобка /набивен ъгъл/,4,4,0.0,0.0,42944105331.0,GR6-CORNERS;SCREWS,,,90,,0.0,0.0,0.0,Аксесоар,,DATABASE_EVIDENCE
WeissProfil2018_113,CC 14-27,GR6-CORNERS;SCREWS,WPCC 14-27 - Сглобка /набивен ъгъл/,4,4,0.0,0.0,77262775226.0,GR6-CORNERS;SCREWS,,,90,,0.0,0.0,0.0,Аксесоар,,DATABASE_EVIDENCE
WeissProfil2018_113,CC 14-6,GR6-CORNERS;SCREWS,WPCC 14 -6 - Сглобка /набивен ъгъл/,4,4,0.0,0.0,76222935455.0,GR6-CORNERS;SCREWS,,,90,,0.0,0.0,0.0,Аксесоар,,DATABASE_EVIDENCE
WeissProfil2018_113,CC 14-7,GR6-CORNERS;SCREWS,WPCC 14-7 - Сглобка /набивен ъгъл/,4,4,0.0,0.0,27212375115.0,GR6-CORNERS;SCREWS,,,90,,0.0,0.0,0.0,Аксесоар,,DATABASE_EVIDENCE
WeissProfil2018_113,CC 14-8,WP,Сглобка /набивен ъгъл/,4,4,0.0,0.0,22222555564.0,WP,,,90,,0.0,0.0,0.0,Аксесоар,,DATABASE_EVIDENCE
WeissProfil2018_113,CC 15-19,GR6-CORNERS;SCREWS,WPCC 15-19 - Сглобка /набивен ъгъл/,4,4,0.0,0.0,72203855678.0,GR6-CORNERS;SCREWS,,,90,,0.0,0.0,0.0,Аксесоар,,DATABASE_EVIDENCE
WeissProfil2018_113,CC 15-40,GR6-CORNERS;SCREWS,WPCC 15-40 - Сглобка /набивен ъгъл/,4,4,0.0,0.0,58593585336.0,GR6-CORNERS;SCREWS,,,90,,0.0,0.0,0.0,Аксесоар,,DATABASE_EVIDENCE
WeissProfil2018_113,CC 21-10,GR6-CORNERS;SCREWS,WPCC 21-10 - Сглобка /набивен ъгъл/,4,4,0.0,0.0,75999936122.0,GR6-CORNERS;SCREWS,,,90,,0.0,0.0,0.0,Аксесоар,,DATABASE_EVIDENCE
WeissProfil2018_113,CC 21-11,GR6-CORNERS;SCREWS,WPCC 21-11 - Сглобка /набивен ъгъл/,4,4,0.0,0.0,35919776713.0,GR6-CORNERS;SCREWS,,,90,,0.0,0.0,0.0,Аксесоар,,DATABASE_EVIDENCE
WeissProfil2018_113,CC 21-128,GR6-CORNERS;SCREWS,"WPCC 21-12,8 - Сглобка /набивен ъгъл/",4,4,0.0,0.0,54988966283.0,GR6-CORNERS;SCREWS,,,90,,0.0,0.0,0.0,Аксесоар,,DATABASE_EVIDENCE
WeissProfil2018_113,CC 21-13,GR6-CORNERS;SCREWS,WPCC 14-7 - Сглобка /набивен ъгъл/,4,4,0.0,0.0,87969476849.0,GR6-CORNERS;SCREWS,,,90,,0.0,0.0,0.0,Аксесоар,,DATABASE_EVIDENCE
WeissProfil2018_113,CC 21-15,GR6-CORNERS;SCREWS,WPCC 21-15 - Сглобка /набивен ъгъл/,4,4,0.0,0.0,81969626554.0,GR6-CORNERS;SCREWS,,,90,,0.0,0.0,0.0,Аксесоар,,DATABASE_EVIDENCE
WeissProfil2018_113,CC 21-15 GU,WP,Сглобка /набивен ъгъл/,4,4,0.0,0.0,11580865212.0,WP,,,90,,0.0,0.0,0.0,Аксесоар,,DATABASE_EVIDENCE
WeissProfil2018_113,CC 21-15AGB,GR6-CORNERS;SCREWS,WPCC 21-15 AGB - Сглобка /набивен ъгъл/,4,4,0.0,0.0,55873015296.0,GR6-CORNERS;SCREWS,,,90,,0.0,0.0,0.0,Аксесоар,,DATABASE_EVIDENCE
WeissProfil2018_113,CC 21-15TGP,GR6-CORNERS;SCREWS,WPCC 21-15 TGP - Сглобка /набивен ъгъл/,4,4,0.0,0.0,13702765411.0,GR6-CORNERS;SCREWS,,,90,,0.0,0.0,0.0,Аксесоар,,DATABASE_EVIDENCE
WeissProfil2018_113,CC 21-19,GR6-CORNERS;SCREWS,WPCC 21-19 - Сглобка /набивен ъгъл/,4,4,0.0,0.0,83979336536.0,GR6-CORNERS;SCREWS,,,90,,0.0,0.0,0.0,Аксесоар,,DATABASE_EVIDENCE
WeissProfil2018_113,CC 21-19 GU,GR6-CORNERS;SCREWS,WPCC 21-19 GU - Сглобка /набивен ъгъл/,4,4,0.0,0.0,5990815366.0,GR6-CORNERS;SCREWS,,,90,,0.0,0.0,0.0,Аксесоар,,DATABASE_EVIDENCE
WeissProfil2018_113,CC 21-19TGP,GR6-CORNERS;SCREWS,WPCC 21-19 TGP - Сглобка /набивен ъгъл/,4,4,0.0,0.0,11142165192.0,GR6-CORNERS;SCREWS,,,90,,0.0,0.0,0.0,Аксесоар,,DATABASE_EVIDENCE
WeissProfil2018_113,CC 21-22,GR6-CORNERS;SCREWS,WPCC 21-22 - Сглобка /набивен ъгъл/,4,4,0.0,0.0,52069566134.0,GR6-CORNERS;SCREWS,,,90,,0.0,0.0,0.0,Аксесоар,,DATABASE_EVIDENCE
WeissProfil2018_113,CC 21-26,GR6-CORNERS;SCREWS,WPCC 21-26 - Сглобка /набивен ъгъл/,4,4,0.0,0.0,18089166554.0,GR6-CORNERS;SCREWS,,,90,,0.0,0.0,0.0,Аксесоар,,DATABASE_EVIDENCE
WeissProfil2018_113,CC 21-27,GR6-CORNERS;SCREWS,WPCC 21-27 - Сглобка /набивен ъгъл/,4,4,0.0,0.0,47029816282.0,GR6-CORNERS;SCREWS,,,90,,0.0,0.0,0.0,Аксесоар,,DATABASE_EVIDENCE
WeissProfil2018_113,CC 21-295,GR6-CORNERS;SCREWS,"WPCC 21-29,5 - Сглобка /набивен ъгъл/",4,4,0.0,0.0,68749336916.0,GR6-CORNERS;SCREWS,,,90,,0.0,0.0,0.0,Аксесоар,,DATABASE_EVIDENCE
WeissProfil2018_113,CC 21-30,GR6-CORNERS;SCREWS,"WPCC 21-29,5 - Сглобка /набивен ъгъл/ същата като горната",4,4,0.0,0.0,71129656237.0,GR6-CORNERS;SCREWS,,,90,,0.0,0.0,0.0,Аксесоар,,DATABASE_EVIDENCE
WeissProfil2018_113,CC 21-6,GR6-CORNERS;SCREWS,WPCC 21-6 - Сглобка /набивен ъгъл/,4,4,0.0,0.0,6079886653.0,GR6-CORNERS;SCREWS,,,90,,0.0,0.0,0.0,Аксесоар,,DATABASE_EVIDENCE
WeissProfil2018_113,CC 21-7,GR6-CORNERS;SCREWS,WPCC 21-7 - Сглобка /набивен ъгъл/,4,4,0.0,0.0,74039746203.0,GR6-CORNERS;SCREWS,,,90,,0.0,0.0,0.0,Аксесоар,,DATABASE_EVIDENCE
WeissProfil2018_113,CC 21-97,GR6-CORNERS;SCREWS,"WPCC 21-9,7 - Сглобка /набивен ъгъл/",4,4,0.0,0.0,68759586154.0,GR6-CORNERS;SCREWS,,,90,,0.0,0.0,0.0,Аксесоар,,DATABASE_EVIDENCE
WeissProfil2018_113,CC 31-10,GR6-CORNERS;SCREWS,WPCC 31-10 - Сглобка /набивен ъгъл/,4,4,0.0,0.0,18049327234.0,GR6-CORNERS;SCREWS,,,90,,0.0,0.0,0.0,Аксесоар,,DATABASE_EVIDENCE
WeissProfil2018_113,CC 31-11,GR6-CORNERS;SCREWS,WPCC 31-11 - Сглобка /набивен ъгъл/,4,4,0.0,0.0,14009817248.0,GR6-CORNERS;SCREWS,,,90,,0.0,0.0,0.0,Аксесоар,,DATABASE_EVIDENCE
WeissProfil2018_113,CC 31-15,GR6-CORNERS;SCREWS,WPCC 31-15 - Сглобка /набивен ъгъл/,4,4,0.0,0.0,43079697626.0,GR6-CORNERS;SCREWS,,,90,,0.0,0.0,0.0,Аксесоар,,DATABASE_EVIDENCE
WeissProfil2018_113,CC 31-15 GU,GR6-CORNERS;SCREWS,WPCC 31-15 GU - Сглобка /набивен ъгъл/,4,4,0.0,0.0,35640836841.0,GR6-CORNERS;SCREWS,,,90,,0.0,0.0,0.0,Аксесоар,,DATABASE_EVIDENCE
WeissProfil2018_113,CC 31-15AGB,GR6-CORNERS;SCREWS,WPCC 31-15 AGB - Сглобка /набивен ъгъл/,4,4,0.0,0.0,84973466240.0,GR6-CORNERS;SCREWS,,,90,,0.0,0.0,0.0,Аксесоар,,DATABASE_EVIDENCE
WeissProfil2018_113,CC 31-19,GR6-CORNERS;SCREWS,WPCC 31-19 - Сглобка /набивен ъгъл/,4,4,0.0,0.0,68039817546.0,GR6-CORNERS;SCREWS,,,90,,0.0,0.0,0.0,Аксесоар,,DATABASE_EVIDENCE
WeissProfil2018_113,CC 31-19 GU,GR6-CORNERS;SCREWS,WPCC 31-19 GU - Сглобка /набивен ъгъл/,4,4,0.0,0.0,73020576756.0,GR6-CORNERS;SCREWS,,,90,,0.0,0.0,0.0,Аксесоар,,DATABASE_EVIDENCE
WeissProfil2018_113,CC 31-19AGB,GR6-CORNERS;SCREWS,WPCC 31-19 AGB - Сглобка /набивен ъгъл/,4,4,0.0,0.0,39353466583.0,GR6-CORNERS;SCREWS,,,90,,0.0,0.0,0.0,Аксесоар,,DATABASE_EVIDENCE
WeissProfil2018_113,CC 31-6,GR6-CORNERS;SCREWS,WPCC 31-6 - Сглобка /набивен ъгъл/,4,4,0.0,0.0,63119177481.0,GR6-CORNERS;SCREWS,,,90,,0.0,0.0,0.0,Аксесоар,,DATABASE_EVIDENCE
WeissProfil2018_113,CC 33-11,GR6-CORNERS;SCREWS,WPCC 33-11 - Сглобка /набивен ъгъл/,4,4,0.0,0.0,18231187841.0,GR6-CORNERS;SCREWS,,,90,,0.0,0.0,0.0,Аксесоар,,DATABASE_EVIDENCE
WeissProfil2018_113,CC 33-29.5,GR6-CORNERS;SCREWS,"WPCC 33-29,5 - Сглобка /набивен ъгъл/",4,4,0.0,0.0,31651567728.0,GR6-CORNERS;SCREWS,,,90,,0.0,0.0,0.0,Аксесоар,,DATABASE_EVIDENCE
WeissProfil2018_113,CC 33-30,GR6-CORNERS;SCREWS,WPCC 33-30 - Сглобка /набивен ъгъл/,4,41,0.0,0.0,87471167414.0,GR6-CORNERS;SCREWS,,,90,,0.0,0.0,0.0,Щора ,,DATABASE_EVIDENCE
WeissProfil2018_113,CC 33-8,GR6-CORNERS;SCREWS,WPCC 33-8 - Сглобка /набивен ъгъл/,4,41,0.0,0.0,75391447361.0,GR6-CORNERS;SCREWS,,,90,,0.0,0.0,0.0,Щора ,,DATABASE_EVIDENCE
WeissProfil2018_113,CC 40-08,GR6-CORNERS;SCREWS,WPCC 40-08 - Сглобка /набивен ъгъл/,4,4,0.0,0.0,81968528587.0,GR6-CORNERS;SCREWS,,,90,,0.0,0.0,0.0,Аксесоар,,DATABASE_EVIDENCE
WeissProfil2018_113,CC 40-10,GR6-CORNERS;SCREWS,WPCC 40-10 - Сглобка /набивен ъгъл/,4,4,0.0,0.0,45028558147.0,GR6-CORNERS;SCREWS,,,90,,0.0,0.0,0.0,Аксесоар,,DATABASE_EVIDENCE
WeissProfil2018_113,CC 40-11,GR6-CORNERS;SCREWS,WPCC 40-11 - Сглобка /набивен ъгъл/,4,4,0.0,0.0,47068028621.0,GR6-CORNERS;SCREWS,,,90,,0.0,0.0,0.0,Аксесоар,,DATABASE_EVIDENCE
WeissProfil2018_113,CC 40-22,GR6-CORNERS;SCREWS,WPCC 40-22 - Сглобка /набивен ъгъл/,4,4,0.0,0.0,66118258205.0,GR6-CORNERS;SCREWS,,,90,,0.0,0.0,0.0,Аксесоар,,DATABASE_EVIDENCE
WeissProfil2018_113,CC 40-30,GR6-CORNERS;SCREWS,WPCC 40-30 - Сглобка /набивен ъгъл/,4,4,0.0,0.0,35298228782.0,GR6-CORNERS;SCREWS,,,90,,0.0,0.0,0.0,Аксесоар,,DATABASE_EVIDENCE
WeissProfil2018_113,CC 42-26,GR6-CORNERS;SCREWS,WPCC 42-26 - Сглобка /набивен ъгъл/,4,4,0.0,0.0,44380738920.0,GR6-CORNERS;SCREWS,,,90,,0.0,0.0,0.0,Аксесоар,,DATABASE_EVIDENCE
WeissProfil2018_113,CC 42-27,GR6-CORNERS;SCREWS,WPCC 42-27 - Сглобка /набивен ъгъл/,4,4,0.0,0.0,46380238656.0,GR6-CORNERS;SCREWS,,,90,,0.0,0.0,0.0,Аксесоар,,DATABASE_EVIDENCE
WeissProfil2018_113,CC 42-97,GR6-CORNERS;SCREWS,"WPCC 42-9,7 - Сглобка /набивен ъгъл/",4,4,0.0,0.0,76000798111.0,GR6-CORNERS;SCREWS,,,90,,0.0,0.0,0.0,Аксесоар,,DATABASE_EVIDENCE
WeissProfil2018_113,CC 7-11,GR6-CORNERS;SCREWS,WPCC 7-11 - Сглобка /набивен ъгъл/,4,4,0.0,0.0,97595161749.0,GR6-CORNERS;SCREWS,,,90,,0.0,0.0,0.0,Аксесоар,,DATABASE_EVIDENCE
WeissProfil2018_113,CC 7-22,GR6-CORNERS;SCREWS,WPCC 7-22 - Сглобка /набивен ъгъл/,4,4,0.0,0.0,74625181681.0,GR6-CORNERS;SCREWS,,,90,,0.0,0.0,0.0,Аксесоар,,DATABASE_EVIDENCE
WeissProfil2018_113,CC 7-30,GR6-CORNERS;SCREWS,WPCC 7-30 - Сглобка /набивен ъгъл/,4,4,0.0,0.0,33715671698.0,GR6-CORNERS;SCREWS,,,90,,0.0,0.0,0.0,Аксесоар,,DATABASE_EVIDENCE
WeissProfil2018_113,CDC 3006-06,GR8-S.ACCESS,WP - Тапи за подвижен делител - WP3006 /кафява/,0,0,0.0,0.0,32859866513.0,GR8-S.ACCESS,,,90,,0.0,0.0,0.0,UNKNOWN,,DATABASE_EVIDENCE
WeissProfil2018_113,CDC 3006-07,GR8-S.ACCESS,WP - Тапи за подвижен делител - WP3006,0,0,0.0,0.0,15839346175.0,GR8-S.ACCESS,,,90,,0.0,0.0,0.0,UNKNOWN,,DATABASE_EVIDENCE
WeissProfil2018_113,CDC 3006-16,GR8-S.ACCESS,WP - Тапи за подвижен делител - WP3006 /антрацит/,0,0,0.0,0.0,94909526454.0,GR8-S.ACCESS,,,90,,0.0,0.0,0.0,UNKNOWN,,DATABASE_EVIDENCE
WeissProfil2018_113,CDC 40.37,GR8-S.ACCESS,Тапа за Lightech 40.37 Праг / к-т /,4,4,0.0,0.0,36183368972.0,GR8-S.ACCESS,,,90,,0.0,0.0,0.0,Аксесоар,,DATABASE_EVIDENCE
WeissProfil2018_113,CDC 40.38,GR8-S.ACCESS,Тапа за Lightech 40.38 Профил към врата с праг / к-т /,4,4,0.0,0.0,81123658725.0,GR8-S.ACCESS,,,90,,0.0,0.0,0.0,Аксесоар,,DATABASE_EVIDENCE
WeissProfil2018_113,CDC 40.40,GR8-S.ACCESS,Тапа за Lightech 40.40 Профил към врата без праг / к-т /,4,4,0.0,0.0,28253858715.0,GR8-S.ACCESS,,,90,,0.0,0.0,0.0,Аксесоар,,DATABASE_EVIDENCE
WeissProfil2018_113,CDC 40.51,GR8-S.ACCESS,Тапа за Lightech 40.51 Подвижен делител  / к-т /,4,4,0.0,0.0,22373218536.0,GR8-S.ACCESS,,,90,,0.0,0.0,0.0,Аксесоар,,DATABASE_EVIDENCE
WeissProfil2018_113,CDC 5006-05,GR8-S.ACCESS,WP - Тапи за подвижен делител - WP5006,0,0,0.0,0.0,12011466822.0,GR8-S.ACCESS,,,90,,0.0,0.0,0.0,UNKNOWN,,DATABASE_EVIDENCE
WeissProfil2018_113,CDC 5006-06,GR8-S.ACCESS,WP - Тапи за подвижен делител - WP5006 /кафява/,0,0,0.0,0.0,71071256843.0,GR8-S.ACCESS,,,90,,0.0,0.0,0.0,UNKNOWN,,DATABASE_EVIDENCE
WeissProfil2018_113,CDC 5006-16,GR8-S.ACCESS,WP - Тапи за подвижен делител - WP5006 антрацит/,0,0,0.0,0.0,64151776153.0,GR8-S.ACCESS,,,90,,0.0,0.0,0.0,UNKNOWN,,DATABASE_EVIDENCE
WeissProfil2018_113,CDC 78.51,GR8-S.ACCESS,Тапа подвижен делител Thermo Smart WP 78.51 / к-т /,4,4,0.0,0.0,15426268333.0,GR8-S.ACCESS,,,90,,0.0,0.0,0.0,Аксесоар,,DATABASE_EVIDENCE
WeissProfil2018_113,CDC 78.52,GR8-S.ACCESS,Тапа подвижен делител за PVC обков Thermo Smart WP 78.52 / к-т /,4,4,0.0,0.0,87426888523.0,GR8-S.ACCESS,,,90,,0.0,0.0,0.0,Аксесоар,,DATABASE_EVIDENCE
WeissProfil2018_113,CDC 82.51,WP 82,Капачки за лет. делител WP 82,4,4,0.0,0.0,41977548314.0,WP 82,,,90,,0.0,0.0,0.0,Аксесоар,,DATABASE_EVIDENCE
WeissProfil2018_113,CDC 82.51-05,GR8-S.ACCESS,Тапа подвижен делител черна / к-т /,0,0,0.0,0.0,88176114435.0,GR8-S.ACCESS,,,90,,0.0,0.0,0.0,UNKNOWN,,DATABASE_EVIDENCE
WeissProfil2018_113,CDC 82.51-06,GR8-S.ACCESS,WP CDC 82.51 Тапа подвижен делител кафява / к-т /,0,0,0.0,0.0,1196354088.0,GR8-S.ACCESS,,,90,,0.0,0.0,0.0,UNKNOWN,,DATABASE_EVIDENCE
WeissProfil2018_113,CDC 82.51-07,GR8-S.ACCESS,Тапа подвижен делител бяла / к-т /,0,0,0.0,0.0,13186714421.0,GR8-S.ACCESS,,,90,,0.0,0.0,0.0,UNKNOWN,,DATABASE_EVIDENCE
WeissProfil2018_113,CDC 82.51-16,GR8-S.ACCESS,WP CDC 82.51 Тапа подвижен делител антрацит / к-т /,0,0,0.0,0.0,37286634421.0,GR8-S.ACCESS,,,90,,0.0,0.0,0.0,UNKNOWN,,DATABASE_EVIDENCE
WeissProfil2018_113,CDC 85.51,GR8-S.ACCESS,Тапа подвижен делител Thermo Pro 85.51 / к-т /,4,4,0.0,0.0,21287748157.0,GR8-S.ACCESS,,,90,,0.0,0.0,0.0,Аксесоар,,DATABASE_EVIDENCE
WeissProfil2018_113,CDC 85.52,GR8-S.ACCESS,Тапа подвижен делител за PVC обков Thermo Pro 85.52 / к-т /,4,4,0.0,0.0,27277878988.0,GR8-S.ACCESS,,,90,,0.0,0.0,0.0,Аксесоар,,DATABASE_EVIDENCE
WeissProfil2018_113,CDC 85.67,GR8-S.ACCESS,Тапа за профил 85.67,4,10,0.0,0.0,25387128611.0,GR8-S.ACCESS,,,90,,0.0,0.0,0.0,Капачки,,DATABASE_EVIDENCE
WeissProfil2018_113,CDS 30.12,GR8-S.ACCESS,Капачка за WP 30.12 / комплект /,4,4,0.0,0.0,78488598301.0,GR8-S.ACCESS,,,90,,0.0,0.0,0.0,Аксесоар,,DATABASE_EVIDENCE
WeissProfil2018_113,CMS.78,GR7-GASK/BR,WP CMS.78 - Вулканизиран ъгъл за центр. уплътнител WP 78 Thermo Smart,4,4,0.0,0.0,29861966324.0,GR7-GASK/BR,,,90,,0.0,0.0,0.0,Аксесоар,,DATABASE_EVIDENCE
WeissProfil2018_113,CMS.82,WP,WP CMS.82 - Вулканизиран ъгъл за центр. уплътнител,4,4,0.0,0.0,33911736478.0,GROUP7-WP/GASKETS/45,,,90,,0.0,0.0,0.0,Аксесоар,,DATABASE_EVIDENCE
WeissProfil2018_113,CMS.82B,GR8-S.ACCESS,WP CMS.82 AVANGARD Вулканизиран ъгъл за централен уплътнител черен,0,0,0.0,0.0,52987822527.0,GR8-S.ACCESS,,,90,,0.0,0.0,0.0,UNKNOWN,,DATABASE_EVIDENCE
WeissProfil2018_113,CMS.82G,GR8-S.ACCESS,WP CMS.82 AVANGARD Вулканизиран ъгъл за централен уплътнител сив,0,0,0.0,0.0,33937332367.0,GR8-S.ACCESS,,,90,,0.0,0.0,0.0,UNKNOWN,,DATABASE_EVIDENCE
WeissProfil2018_113,CMS.85,GR7-GASK/BR,WP CMS.85 - Вулканизиран ъгъл за центр. уплътнител WP 85 Thermo Pro,4,4,0.0,0.0,11961576372.0,GR7-GASK/BR,,,90,,0.0,0.0,0.0,Аксесоар,,DATABASE_EVIDENCE
WeissProfil2018_113,CO 1124,GR6-CORNERS;SCREWS,COMUNELLO - 1124 Сглобка,4,4,0.0,0.0,54679895654.0,GR6-CORNERS;SCREWS,,,90,,0.0,0.0,0.0,Аксесоар,,DATABASE_EVIDENCE
WeissProfil2018_113,CO 1129,GR6-CORNERS;SCREWS,COMUNELLO - 1129 /МS 05 / 0365/ - Универсална сглобка,4,4,0.0,0.0,60639105568.0,GR6-CORNERS;SCREWS,,,90,,0.0,0.0,0.0,Аксесоар,,DATABASE_EVIDENCE
WeissProfil2018_113,CO 1160,GR6-CORNERS;SCREWS,COMUNELLO - 1160 /MS 04 / 0404/ - Сглобка мини серия плъзгане,4,4,0.0,0.0,16089025837.0,GR6-CORNERS;SCREWS,,,90,,0.0,0.0,0.0,Аксесоар,,DATABASE_EVIDENCE
WeissProfil2018_113,CO 1161,GR6-CORNERS;SCREWS,COMUNELLO - 1161 /МО 41/ - Сглобка термо каса,4,4,0.0,0.0,33059745414.0,GR6-CORNERS;SCREWS,,,90,,0.0,0.0,0.0,Аксесоар,,DATABASE_EVIDENCE
WeissProfil2018_113,CO 1168,WP,COMUNELLO - 1168 // 0365/ - Универсална сглобка,4,4,0.0,0.0,41049565831.0,GROUP10-WP/CORNERS/13,,,90,,0.0,0.0,0.0,Аксесоар,,DATABASE_EVIDENCE
WeissProfil2018_113,CO 1168F,GR6-CORNERS;SCREWS,COMUNELLO - 1168F Сглобка,4,4,0.0,0.0,78619945756.0,GR6-CORNERS;SCREWS,,,90,,0.0,0.0,0.0,Аксесоар,,DATABASE_EVIDENCE
WeissProfil2018_113,CO 1582,GR6-CORNERS;SCREWS,COMUNELLO - 1582 Сглобка AKTIVA,4,4,0.0,0.0,79633575016.0,GR6-CORNERS;SCREWS,,,90,,0.0,0.0,0.0,Аксесоар,,DATABASE_EVIDENCE
WeissProfil2018_113,CTP 40.37,WP 40,Капачки за AL праг WP 40.37,4,4,0.0,0.0,45016488067.0,WP 78,,,90,,0.0,0.0,0.0,Аксесоар,,DATABASE_EVIDENCE
WeissProfil2018_113,CTP 50.70-06,GR8-S.ACCESS,WP CTP 82.77 Тапа за праг черна / к-т /,0,0,0.0,0.0,28665534532.0,GR8-S.ACCESS,,,90,,0.0,0.0,0.0,UNKNOWN,,DATABASE_EVIDENCE
WeissProfil2018_113,CTP 50.70B-11,GR8-S.ACCESS,WP CTP 82.77 Тапа за праг сива / к-т /,0,0,0.0,0.0,35370350418.0,GR8-S.ACCESS,,,90,,0.0,0.0,0.0,UNKNOWN,,DATABASE_EVIDENCE
WeissProfil2018_113,CTP 78.70,WP 78,Капачки за AL праг WP 78.70,4,4,0.0,0.0,78519168217.0,WP 78,,,90,,0.0,0.0,0.0,Аксесоар,,DATABASE_EVIDENCE
WeissProfil2018_113,CTP 82.70,WP 82,Капачки за AL праг WP 82,4,4,0.0,0.0,63070778236.0,WP 82,,,90,,0.0,0.0,0.0,Аксесоар,,DATABASE_EVIDENCE
WeissProfil2018_113,CTP 82.70-06,GR8-S.ACCESS,WP CTP 82.70 Тапа за праг черна / к-т /,0,0,0.0,0.0,57128084775.0,GR8-S.ACCESS,,,90,,0.0,0.0,0.0,UNKNOWN,,DATABASE_EVIDENCE
WeissProfil2018_113,CTP 82.70-11,GR8-S.ACCESS,WP CTP 82.70 Тапа за праг сива / к-т /,0,0,0.0,0.0,86298294949.0,GR8-S.ACCESS,,,90,,0.0,0.0,0.0,UNKNOWN,,DATABASE_EVIDENCE
WeissProfil2018_113,CTP 85.70,GR8-S.ACCESS,WP CTP 85.70 Тапа за праг / к-т /,4,4,0.0,0.0,21390588568.0,GR8-S.ACCESS,,,90,,0.0,0.0,0.0,Аксесоар,,DATABASE_EVIDENCE
WeissProfil2018_113,CTP 85.77,GR8-S.ACCESS,Тапа за Thermo Pro 85.77 Праг / к-т /,4,4,0.0,0.0,56340508437.0,GR8-S.ACCESS,,,90,,0.0,0.0,0.0,Аксесоар,,DATABASE_EVIDENCE
WeissProfil2018_113,CTR 78.70,GR8-S.ACCESS,Тапа за Thermo Smart WP 78.70 Праг / к-т /,4,4,0.0,0.0,63751028965.0,GR8-S.ACCESS,,,90,,0.0,0.0,0.0,Аксесоар,,DATABASE_EVIDENCE
WeissProfil2018_113,CWMS 70,GR8-S.ACCESS,WP CWMS.70 Капачка за крило плъзгане,4,10,0.0,0.0,62137789674.0,GR8-S.ACCESS,,,90,,0.0,0.0,0.0,Капачки,,DATABASE_EVIDENCE
WeissProfil2018_113,D 31-27,GR6-CORNERS;SCREWS,D 31 - 27 - Добавка за крило WP78 Thermo Smart,4,4,0.0,0.0,75555036573.0,GR6-CORNERS;SCREWS,,,90,,0.0,0.0,0.0,Аксесоар,,DATABASE_EVIDENCE
WeissProfil2018_113,D 33-27,GR6-CORNERS;SCREWS,D 33 - 27 - Добавка за крило /серия7000/,4,4,0.0,0.0,41755168885.0,GR6-CORNERS;SCREWS,,,90,,0.0,0.0,0.0,Аксесоар,,DATABASE_EVIDENCE
WeissProfil2018_113,D 33-34,GR6-CORNERS;SCREWS,D 33 - 34 - Добавка за крило /серия WP40/,4,4,0.0,0.0,95855538336.0,GR6-CORNERS;SCREWS,,,90,,0.0,0.0,0.0,Аксесоар,,DATABASE_EVIDENCE
WeissProfil2018_113,D 33-39,GR6-CORNERS;SCREWS,D 33 - 39 - Добавка за крило /серия3500/,4,4,0.0,0.0,29865008618.0,GR6-CORNERS;SCREWS,,,90,,0.0,0.0,0.0,Аксесоар,,DATABASE_EVIDENCE
WeissProfil2018_113,D31-27,WP,Укрепващ ъгъл крило,4,4,0.0,0.0,78368587377.0,WP,,,90,,0.0,0.0,0.0,Аксесоар,,DATABASE_EVIDENCE
WeissProfil2018_113,D33,WP,Укрепващ ъгъл крило,4,4,0.0,0.0,66989351715.0,WP,,,90,,0.0,0.0,0.0,Аксесоар,,DATABASE_EVIDENCE
WeissProfil2018_113,D33-27,WP,Укрепващ ъгъл крило,4,4,0.0,0.0,81580587174.0,WP,,,90,,0.0,0.0,0.0,Аксесоар,,DATABASE_EVIDENCE
WeissProfil2018_113,D33-34,WP,Укрепващ ъгъл крило,4,4,0.0,0.0,75640937377.0,WP,,,90,,0.0,0.0,0.0,Аксесоар,,DATABASE_EVIDENCE
WeissProfil2018_113,DC,WP,Дренажна капачка,4,4,0.0,0.0,59861151256.0,WP,,,90,,0.0,0.0,0.0,Аксесоар,,DATABASE_EVIDENCE
WeissProfil2018_113,DC 70.01,GR8-S.ACCESS,WP DC 70.01 Капачка,4,10,0.0,0.0,70409262522.0,GR8-S.ACCESS,,,90,,0.0,0.0,0.0,Капачки,,DATABASE_EVIDENCE
WeissProfil2018_113,DC 70.02,GR8-S.ACCESS,WP DC 70.02 Капачка,4,10,0.0,0.0,96499212635.0,GR8-S.ACCESS,,,90,,0.0,0.0,0.0,Капачки,,DATABASE_EVIDENCE
WeissProfil2018_113,DC 70.15,GR8-S.ACCESS,WP DC 70.15 Капачка,4,10,0.0,0.0,97549582986.0,GR8-S.ACCESS,,,90,,0.0,0.0,0.0,Капачки,,DATABASE_EVIDENCE
WeissProfil2018_113,DC840,GR22-AABLOY,ABLOY DC840 Автомат за скрит монтаж,4,8,0.0,0.0,65355717545.0,GR22-AABLOY,,,90,,0.0,0.0,0.0,Обков,,DATABASE_EVIDENCE
WeissProfil2018_113,DCB,GR8-S.ACCESS,WP - Отводнителна тапа - черна,4,4,0.0,0.0,18579771432.0,GR8-S.ACCESS,,,90,,0.0,0.0,0.0,Аксесоар,,DATABASE_EVIDENCE
WeissProfil2018_113,DCF.70,GR8-S.ACCESS,WP DCF.70 Отводнителна капачка с клапа черна,4,10,0.0,0.0,42669457284.0,GR8-S.ACCESS,,,90,,0.0,0.0,0.0,Капачки,,DATABASE_EVIDENCE
WeissProfil2018_113,DCG,GR8-S.ACCESS,WP - Отводнителна тапа - сива,4,4,0.0,0.0,5529931851.0,GR8-S.ACCESS,,,90,,0.0,0.0,0.0,Аксесоар,,DATABASE_EVIDENCE
WeissProfil2018_113,DCW,GR8-S.ACCESS,WP - Отводнителна тапа,4,4,0.0,0.0,34569651561.0,GR8-S.ACCESS,,,90,,0.0,0.0,0.0,Аксесоар,,DATABASE_EVIDENCE
WeissProfil2018_113,DE64_4011711,GR6-CORNERS;SCREWS,DE.64-4011711 - Сглобка  /набивен ъгъл/,4,4,0.0,0.0,2055277659.0,GR6-CORNERS;SCREWS,,,90,,0.0,0.0,0.0,Аксесоар,,DATABASE_EVIDENCE
WeissProfil2018_113,DHA10510036,GR12-DR.HAHN,"DR. HAHN - Панта за алуминий 100kg, елоксация",4,8,0.0,0.0,74149345186.0,GR12-DR.HAHN,,,90,,0.0,0.0,0.0,Обков,,DATABASE_EVIDENCE
WeissProfil2018_113,DHA10560036,GR12-DR.HAHN,"DR. HAHN - Панта за алуминий, бяла",4,8,0.0,0.0,45654160285.0,GR12-DR.HAHN,,,90,,0.0,0.0,0.0,Обков,,DATABASE_EVIDENCE
WeissProfil2018_113,DHA10590036,GR12-DR.HAHN,"DR. HAHN - Панта за алуминий, черна",4,8,0.0,0.0,14987573415.0,GR12-DR.HAHN,,,90,,0.0,0.0,0.0,Обков,,DATABASE_EVIDENCE
WeissProfil2018_113,DN63-4030730,GR6-CORNERS;SCREWS,DN.63-4030730 - Сглобка  /набивен ъгъл/,4,4,0.0,0.0,6124366410.0,GR6-CORNERS;SCREWS,,,90,,0.0,0.0,0.0,Аксесоар,,DATABASE_EVIDENCE
WeissProfil2018_113,DN64-40223387730,GR6-CORNERS;SCREWS,DN.64-4022338730 - Сглобка  /набивен ъгъл/,4,4,0.0,0.0,31622853636.0,GR6-CORNERS;SCREWS,,,90,,0.0,0.0,0.0,Аксесоар,,DATABASE_EVIDENCE
WeissProfil2018_113,DRI.70,GR8-S.ACCESS,WP DRI.70 Изолатор за двурелсова каса,4,4,0.0,0.0,55402087316.0,GR8-S.ACCESS,,,90,,0.0,0.0,0.0,Аксесоар,,DATABASE_EVIDENCE
WeissProfil2018_113,DTC 70.01,GR8-S.ACCESS,WP DTC 70.01 Прахоуловителна капачка,4,10,0.0,0.0,32877769526.0,GR8-S.ACCESS,,,90,,0.0,0.0,0.0,Капачки,,DATABASE_EVIDENCE
WeissProfil2018_113,DTC 70.02,GR8-S.ACCESS,WP DTC 70.02 Прахоуловителна капачка,4,10,0.0,0.0,49847349210.0,GR8-S.ACCESS,,,90,,0.0,0.0,0.0,Капачки,,DATABASE_EVIDENCE
WeissProfil2018_113,КА 7610 черен,WP,Кликлок черен,4,4,0.0,0.0,50944163030.0,WP,,,90,,0.0,0.0,0.0,Аксесоар,,DATABASE_EVIDENCE
WeissProfil2018_113,КА 7610 бял,WP,Кликлок бял,4,4,0.0,0.0,84422874548.0,WP,,,90,,0.0,0.0,0.0,Аксесоар,,DATABASE_EVIDENCE
WeissProfil2018_113,КА 849 черен,WP,Кликлок капачка чер.,4,4,0.0,0.0,47818119209.0,WP,,,90,,0.0,0.0,0.0,Аксесоар,,DATABASE_EVIDENCE
WeissProfil2018_113,КА 849 бял,WP,Кликлок капачка бял,4,4,0.0,0.0,60369279273.0,WP,,,90,,0.0,0.0,0.0,Аксесоар,,DATABASE_EVIDENCE
WeissProfil2018_113,КА104-00,GR24-OTHER,IFESTOS - Кликлок с бутон бял,4,8,0.0,0.0,89684289523.0,GR24-OTHER,,,90,,0.0,0.0,0.0,Обков,,DATABASE_EVIDENCE
WeissProfil2018_113,КА104-05,GR24-OTHER,IFESTOS - Кликлок с бутон черен,4,8,0.0,0.0,78694539287.0,GR24-OTHER,,,90,,0.0,0.0,0.0,Обков,,DATABASE_EVIDENCE
WeissProfil2018_113,Кап. 3006 б,WP,Капачки за 3006 бели,4,4,0.0,0.0,85636715668.0,WP,,,90,,0.0,0.0,0.0,Аксесоар,,DATABASE_EVIDENCE
WeissProfil2018_113,Кап. 3006 кф,WP,Капачки за 3006 каф.,4,4,0.0,0.0,25076975616.0,WP,,,90,,0.0,0.0,0.0,Аксесоар,,DATABASE_EVIDENCE
WeissProfil2018_113,Кап. 5006 б,WP,Капачки за 5006 бели,4,4,0.0,0.0,66816915589.0,WP,,,90,,0.0,0.0,0.0,Аксесоар,,DATABASE_EVIDENCE
WeissProfil2018_113,Кап. 5006 кф,WP,Капачки за 5006 каф.,4,4,0.0,0.0,57276145377.0,WP,,,90,,0.0,0.0,0.0,Аксесоар,,DATABASE_EVIDENCE
WeissProfil2018_113,Кап. AL праг,WP,Капачки за AL праг,4,4,0.0,0.0,86929743230.0,WP,,,90,,0.0,0.0,0.0,Аксесоар,,DATABASE_EVIDENCE
WeissProfil2018_113,Кап. вън дъс,WP,Капачки за ПВЦ дъска,4,4,0.0,0.0,43626627943.0,WP,,,90,,0.0,0.0,0.0,Аксесоар,,DATABASE_EVIDENCE
WeissProfil2018_113,Кап. PVC дъс,WP,Капачки за ПВЦ дъска,4,4,0.0,0.0,31672513276.0,WP,,,90,,0.0,0.0,0.0,Аксесоар,,DATABASE_EVIDENCE
WeissProfil2018_113,F-100x10,GR4-COLD,Шина Ал. 100x10,4,51,0.0,0.0,67948607515.0,GR4-COLD,,,90,,10.0,100.0,0.0,Допълнителни профили,,DATABASE_EVIDENCE
WeissProfil2018_113,F-25x3,GR4-COLD,Шина Ал. 25x3,4,51,0.0,0.0,17841919128.0,GR4-COLD,,,90,,3.0,25.0,0.0,Допълнителни профили,,DATABASE_EVIDENCE
WeissProfil2018_113,F-50x10,GR4-COLD,Шина Ал. 50x10,4,51,0.0,0.0,62584217380.0,GR4-COLD,,,90,,10.0,50.0,0.0,Допълнителни профили,,DATABASE_EVIDENCE
WeissProfil2018_113,F-50x8,GR4-COLD,Шина Ал.50x8,4,51,0.0,0.0,37664989887.0,GR4-COLD,,,90,,8.0,50.0,0.0,Допълнителни профили,,DATABASE_EVIDENCE
WeissProfil2018_113,FA221531,GR16-FAPIM,"FAPIM - 2215 - Закл. подвижен делител външно 210mm, бяло",4,8,0.0,0.0,66840189715.0,GR16-FAPIM,,,90,,0.0,0.0,0.0,Обков,,DATABASE_EVIDENCE
WeissProfil2018_113,FA221537,GR16-FAPIM,"FAPIM - 2215 - Закл. подвижен делител външно 210mm, черно",4,8,0.0,0.0,75850599649.0,GR16-FAPIM,,,90,,0.0,0.0,0.0,Обков,,DATABASE_EVIDENCE
WeissProfil2018_113,FA3720AZ2,GR16-FAPIM,Сюрме късо 145мм за Ал.врата FAPIM черно за евроканал,4,8,0.0,0.0,38427824853.0,GR16-FAPIM,,,90,,0.0,0.0,0.0,Обков,,DATABASE_EVIDENCE
WeissProfil2018_113,FA3720AZ5,GR16-FAPIM,Сюрме късо 145мм за Ал.врата FAPIM ЦИНК за евроканал,4,8,0.0,0.0,6437224840.0,GR16-FAPIM,,,90,,0.0,0.0,0.0,Обков,,DATABASE_EVIDENCE
WeissProfil2018_113,FA3720CZ2,GR16-FAPIM,Сюрме за Ал. врата FAPIM метал черно за евроканал,4,8,0.0,0.0,73659514694.0,GR16-FAPIM,,,90,,0.0,0.0,0.0,Обков,,DATABASE_EVIDENCE
WeissProfil2018_113,FA3720CZ5,GR16-FAPIM,Сюрме за Ал. врата FAPIM метал ЦИНК за евроканал,4,8,0.0,0.0,38639584118.0,GR16-FAPIM,,,90,,0.0,0.0,0.0,Обков,,DATABASE_EVIDENCE
WeissProfil2018_113,FA3722A37,GR16-FAPIM,Сюрме късо 140мм за Ал.врата FAPIM за безфалц. Черно,4,8,0.0,0.0,92797464255.0,GR16-FAPIM,,,90,,0.0,0.0,0.0,Обков,,DATABASE_EVIDENCE
WeissProfil2018_113,FA3722A58,GR16-FAPIM,Сюрме късо 140мм за Ал.врата FAPIM за безфалц. Бяло,4,8,0.0,0.0,84947424357.0,GR16-FAPIM,,,90,,0.0,0.0,0.0,Обков,,DATABASE_EVIDENCE
WeissProfil2018_113,FA3722B32,GR16-FAPIM,Сюрме за Ал. врата FAPIM бяло за безфалц.,4,8,0.0,0.0,44838144275.0,GR16-FAPIM,,,90,,0.0,0.0,0.0,Обков,,DATABASE_EVIDENCE
WeissProfil2018_113,FA3722B37,GR16-FAPIM,Сюрме за Ал.врата FAPIM черно за безфалц.,4,8,0.0,0.0,25848984741.0,GR16-FAPIM,,,90,,0.0,0.0,0.0,Обков,,DATABASE_EVIDENCE
WeissProfil2018_113,FA3733Z5,GR16-FAPIM,Гнездо за сюрме FAPIM горно,4,8,0.0,0.0,89373114324.0,GR16-FAPIM,,,90,,0.0,0.0,0.0,Обков,,DATABASE_EVIDENCE
WeissProfil2018_113,FA373400,GR16-FAPIM,Гнездо за сюрме FAPIM долно,4,8,0.0,0.0,19263564735.0,GR16-FAPIM,,,90,,0.0,0.0,0.0,Обков,,DATABASE_EVIDENCE
WeissProfil2018_113,FBS.70,GR7-GASK/BR,WP FBS.70 Уплътнител за крило към каса праг  за 1 m,4,34,0.0,0.0,18064679774.0,GR7-GASK/BR,,,90,,0.0,0.0,0.0,Уплътнение,,DATABASE_EVIDENCE
WeissProfil2018_113,FCMP 70.31,GR8-S.ACCESS,WP FCMP 70.31 Капачка за насрещен профил към каса праг / к-т /,4,10,0.0,0.0,73648777852.0,GR8-S.ACCESS,,,90,,0.0,0.0,0.0,Капачки,,DATABASE_EVIDENCE
WeissProfil2018_113,FDSP.70,GR8-S.ACCESS,WP FDSP.70 Дренажен разделител за каса,4,4,0.0,0.0,47230869653.0,GR8-S.ACCESS,,,90,,0.0,0.0,0.0,Аксесоар,,DATABASE_EVIDENCE
WeissProfil2018_113,FGS.70,GR8-S.ACCESS,WP FGS 70 Изравнителна пластина за крило WP70 Thermo Slide,4,4,0.0,0.0,39564559210.0,GR8-S.ACCESS,,,90,,0.0,0.0,0.0,Аксесоар,,DATABASE_EVIDENCE
WeissProfil2018_113,FGS.78,GR8-S.ACCESS,WP FGS.78 Изравнителна пластина за каса WP 78 Thermo Smart,4,4,0.0,0.0,24584319698.0,GR8-S.ACCESS,,,90,,0.0,0.0,0.0,Аксесоар,,DATABASE_EVIDENCE
WeissProfil2018_113,FN.61-3330722,GR6-CORNERS;SCREWS,FN.61-3330722 - Сглобка  /набивен ъгъл/,4,4,0.0,0.0,41813142756.0,GR6-CORNERS;SCREWS,,,90,,0.0,0.0,0.0,Аксесоар,,DATABASE_EVIDENCE
WeissProfil2018_113,FSAC.82B,GR8-S.ACCESS,WP FSAC.82 AVANGARD Уплътнител неотваряемо черен за 1 m,0,34,0.0,0.0,16732616479.0,GR8-S.ACCESS,,,90,,0.0,0.0,0.0,Уплътнение,,DATABASE_EVIDENCE
WeissProfil2018_113,FSAC.82G,GR8-S.ACCESS,WP FSAC.82 AVANGARD Уплътнител неотваряемо сив за 1 m,0,34,0.0,0.0,82702656176.0,GR8-S.ACCESS,,,90,,0.0,0.0,0.0,Уплътнение,,DATABASE_EVIDENCE
WeissProfil2018_113,FWS,GR6-CORNERS;SCREWS,WP FWS Подложка за фиксирано крило /100 мм/,4,4,0.0,0.0,17781141261.0,GR6-CORNERS;SCREWS,,,90,,0.0,0.0,0.0,Аксесоар,,DATABASE_EVIDENCE
WeissProfil2018_113,G00204AL93,GR14-AGB,AGB - G00204AL93 Стопер за AL XC черен,4,8,0.0,0.0,64583895770.0,GR14-AGB,,,90,,0.0,0.0,0.0,Обков,,DATABASE_EVIDENCE
WeissProfil2018_113,G009130000,GR14-AGB,AGB - G009130000 Насрещник обикновен XC 4 mm,4,8,0.0,0.0,22837635097.0,GR14-AGB,,,90,,0.0,0.0,0.0,Обков,,DATABASE_EVIDENCE
WeissProfil2018_113,G009150000,GR14-AGB,AGB - G009150000 Насрещник за микровентилация XC 4 mm,4,8,0.0,0.0,25047785668.0,GR14-AGB,,,90,,0.0,0.0,0.0,Обков,,DATABASE_EVIDENCE
WeissProfil2018_113,G021212093,GR14-AGB,AGB - G021212093 Подложка XC 20 mm,4,8,0.0,0.0,17232949597.0,GR14-AGB,,,90,,0.0,0.0,0.0,Обков,,DATABASE_EVIDENCE
WeissProfil2018_113,G040370201,GR14-AGB,"AGB - G040370201 Мартина XC 37,5 mm 1170-1800 mm",4,8,0.0,0.0,82163206027.0,GR14-AGB,,,90,,0.0,0.0,0.0,Обков,,DATABASE_EVIDENCE
WeissProfil2018_113,G040370402,GR14-AGB,"AGB - G040370402 Мартина XC 37,5 mm 1920-2400 mm",4,8,0.0,0.0,33303736532.0,GR14-AGB,,,90,,0.0,0.0,0.0,Обков,,DATABASE_EVIDENCE
WeissProfil2018_113,G040370502,GR14-AGB,"AGB - G040370502 Мартина XC 37,5 mm 2401-2750 mm",4,8,0.0,0.0,57463836294.0,GR14-AGB,,,90,,0.0,0.0,0.0,Обков,,DATABASE_EVIDENCE
WeissProfil2018_113,G041040000,GR14-AGB,AGB - G041040000 Комплект ролки XC 330 kg,4,8,0.0,0.0,81460127104.0,GR14-AGB,,,90,,0.0,0.0,0.0,Обков,,DATABASE_EVIDENCE
WeissProfil2018_113,G041080000,GR14-AGB,AGB - G041080000 Комплект допълнителини ролки XC 440 kg,4,8,0.0,0.0,32890267806.0,GR14-AGB,,,90,,0.0,0.0,0.0,Обков,,DATABASE_EVIDENCE
WeissProfil2018_113,G044010101,GR14-AGB,AGB - G044010101 Удължител с допълнително заключване XC L=500 mm,4,8,0.0,0.0,76500110419.0,GR14-AGB,,,90,,0.0,0.0,0.0,Обков,,DATABASE_EVIDENCE
WeissProfil2018_113,G046010001,GR14-AGB,AGB - G046010001 Свързваща шина XC GR.1 L=1000 mm (SRW 1740),4,8,0.0,0.0,55630162076.0,GR14-AGB,,,90,,0.0,0.0,0.0,Обков,,DATABASE_EVIDENCE
WeissProfil2018_113,G046010002,GR14-AGB,AGB - G046010002 Свързваща шина XC GR.2 L=1400 mm (SRW 2140),4,8,0.0,0.0,56670452105.0,GR14-AGB,,,90,,0.0,0.0,0.0,Обков,,DATABASE_EVIDENCE
WeissProfil2018_113,G046010003,GR14-AGB,AGB - G046010003 Свързваща шина XC GR.3 L=1800 mm (SRW 2540),4,8,0.0,0.0,62650672658.0,GR14-AGB,,,90,,0.0,0.0,0.0,Обков,,DATABASE_EVIDENCE
WeissProfil2018_113,G046010004,GR14-AGB,AGB - G046010004 Свързваща шина XC GR.4 L=2700 mm (SRW 3440),4,8,0.0,0.0,81610732834.0,GR14-AGB,,,90,,0.0,0.0,0.0,Обков,,DATABASE_EVIDENCE
WeissProfil2018_113,G051030093,GR14-AGB,AGB - G051030093 Водач за свързваща шина XC,4,8,0.0,0.0,47381497311.0,GR14-AGB,,,90,,0.0,0.0,0.0,Обков,,DATABASE_EVIDENCE
WeissProfil2018_113,G05371M600,GR14-AGB,AGB - G05371M600 Планка за фиксиране на дръжка XC M6,4,8,0.0,0.0,62627038817.0,GR14-AGB,,,90,,0.0,0.0,0.0,Обков,,DATABASE_EVIDENCE
WeissProfil2018_113,G892,GR22-AABLOY,ABLOY G892 Релса за DC840 автомат за скрит монтаж,4,8,0.0,0.0,1482820663.0,GR22-AABLOY,,,90,,0.0,0.0,0.0,Обков,,DATABASE_EVIDENCE
WeissProfil2018_113,GABI,GR6-CORNERS;SCREWS,Сглобка ГАБИ,4,4,0.0,0.0,14272590222.0,GR6-CORNERS;SCREWS,,,90,,0.0,0.0,0.0,Аксесоар,,DATABASE_EVIDENCE
WeissProfil2018_113,GMG7020400,GR14-AGB,AGB - GMG7020400 Амортисьор XC за крила над 200 kg,4,8,0.0,0.0,62029803534.0,GR14-AGB,,,90,,0.0,0.0,0.0,Обков,,DATABASE_EVIDENCE
WeissProfil2018_113,GSF.85,GR8-S.ACCESS,WP GSF.85 Изравнителна пластина за каса Thermo Pro 85,4,4,0.0,0.0,65652860535.0,GR8-S.ACCESS,,,90,,0.0,0.0,0.0,Аксесоар,,DATABASE_EVIDENCE
WeissProfil2018_113,GSP 5000,GR8-S.ACCESS,Изравнителна пласт. за PVC за 5 кам. WP5000,0,0,0.0,0.0,94585692172.0,GR8-S.ACCESS,,,90,,0.0,0.0,0.0,UNKNOWN,,DATABASE_EVIDENCE
WeissProfil2018_113,GSP 82,GR8-S.ACCESS,Остъклителна подложка,4,4,0.0,0.0,94272600698.0,GR8-S.ACCESS,,,90,,0.0,0.0,0.0,Аксесоар,,DATABASE_EVIDENCE
WeissProfil2018_113,GSS.85,GR8-S.ACCESS,WP GSS.85 Изравнителна пластина за крило Thermo Pro 85,4,4,0.0,0.0,75995580751.0,GR8-S.ACCESS,,,90,,0.0,0.0,0.0,Аксесоар,,DATABASE_EVIDENCE
WeissProfil2018_113,H-01440-01-0-0,GR15-GU,,4,8,0.0,0.0,84664027504.0,GR15-GU,,,90,,0.0,0.0,0.0,Обков,,DATABASE_EVIDENCE
WeissProfil2018_113,Панта г.ком. бя,,22260027-ПАНТА ком.б,4,4,0.0,0.0,82008183282.0,,,,90,,0.0,0.0,,Аксесоар,,DATABASE_EVIDENCE
WeissProfil2018_113,Панта г.ком. кф,,Панта голям ком. каф,4,4,0.0,0.0,68978133567.0,,,,90,,0.0,0.0,,Аксесоар,,DATABASE_EVIDENCE
WeissProfil2018_113,Панта ALусил. ч,WP,Панта ALусилена чер.,4,25,0.0,0.0,86665334386.0,WP,,,90,,0.0,0.0,,Панта за врата,,DATABASE_EVIDENCE
WeissProfil2018_113,Панта ALусил. б,WP,Панта ALусилена бяла,4,25,0.0,0.0,75695504228.0,WP,,,90,,0.0,0.0,,Панта за врата,,DATABASE_EVIDENCE
WeissProfil2018_113,Насрещник AL,WP,Насрещник за ALврата,4,4,0.0,0.0,21897381328.0,WP,,,90,,0.0,0.0,,Аксесоар,,DATABASE_EVIDENCE
WeissProfil2018_113,Патрон 75 мм,WP,Патрон 75мм за врата,4,4,0.0,0.0,74643988246.0,WP,,,90,,0.0,0.0,0.0,Аксесоар,,DATABASE_EVIDENCE
WeissProfil2018_113,Мрежа ком.100,,Мрежа комарник 100см,4,4,0.0,0.0,62017433555.0,,,,90,,0.0,0.0,,Аксесоар,,DATABASE_EVIDENCE
WeissProfil2018_113,Мрежа ком.140,,Мрежа комарник 140см,4,4,0.0,0.0,67437493615.0,,,,90,,0.0,0.0,,Аксесоар,,DATABASE_EVIDENCE
WeissProfil2018_113,Мрежа ком.80,,22230002-Мрежа 80ком,4,4,0.0,0.0,38948377786.0,Acsessoires,,,90,,0.0,0.0,,Аксесоар,,DATABASE_EVIDENCE
WeissProfil2018_113,МО 60,GR7-GASK/BR,BM МО 60 - /200м./ - Упл. за отваряеми части,4,34,0.0,0.0,51637243749.0,GR7-GASK/BR,,,90,,0.0,0.0,0.0,Уплътнение,,DATABASE_EVIDENCE
WeissProfil2018_113,МО 68.3,GR7-GASK/BR,BM МО 68.3 - /150м./ - Упл. за неотваряеми части,4,34,0.0,0.0,42873867754.0,GR7-GASK/BR,,,90,,0.0,0.0,0.0,Уплътнение,,DATABASE_EVIDENCE
WeissProfil2018_113,Монтажен винт,WP,Монтажен винт,4,4,0.0,0.0,8829680288.0,WP,,,90,,0.0,0.0,,Аксесоар,,DATABASE_EVIDENCE
WeissProfil2018_113,Пяна,WP,Монтажна пяна,4,4,0.0,0.0,54908166712.0,WP,,,90,,0.0,0.0,0.0,Аксесоар,,DATABASE_EVIDENCE
WeissProfil2018_113,JF.70,WP 70,Jig for Frames,4,4,0.0,0.0,54511713692.0,,,,90,,0.0,0.0,0.0,Аксесоар,,DATABASE_EVIDENCE
WeissProfil2018_113,JFBR.70,WP 70,Jig for Flat Bottom Rails,4,4,0.0,0.0,52347545227.0,,,,90,,0.0,0.0,0.0,Аксесоар,,DATABASE_EVIDENCE
WeissProfil2018_113,JM.70,WP 70,Jig for Mullions,4,4,0.0,0.0,27241483264.0,,,,90,,0.0,0.0,0.0,Аксесоар,,DATABASE_EVIDENCE
WeissProfil2018_113,JT.70,WP 70,Jig for T Connection,4,4,0.0,0.0,43941633609.0,,,,90,,0.0,0.0,0.0,Аксесоар,,DATABASE_EVIDENCE
WeissProfil2018_113,JW.70,WP 70,Jig for Window,4,4,0.0,0.0,13251853108.0,,,,90,,0.0,0.0,0.0,Аксесоар,,DATABASE_EVIDENCE
WeissProfil2018_113,K-15597-01-0-6,GR15-GU,GU - K155970106 Насрещник за ролкова брава,4,8,0.0,0.0,41776541160.0,GR15-GU,,,90,,0.0,0.0,0.0,Обков,,DATABASE_EVIDENCE
WeissProfil2018_113,K-18153-01-0-0,GR15-GU,К-т за ел.мотор,4,8,0.0,0.0,79858660856.0,GR15-GU,,,90,,0.0,0.0,0.0,Обков,,DATABASE_EVIDENCE
WeissProfil2018_113,L-100x50x5,GR4-COLD,Винкел алуминиев 100x50x5,4,51,0.0,0.0,26737166674.0,GR4-COLD,,,90,,50.0,100.0,0.0,Допълнителни профили,,DATABASE_EVIDENCE
WeissProfil2018_113,L-120x40x3,GR4-COLD,Винкел алуминиев 120x40x3,4,51,0.0,0.0,65836487386.0,GR4-COLD,,,90,,40.0,120.0,0.0,Допълнителни профили,,DATABASE_EVIDENCE
WeissProfil2018_113,L-20x20x1.9,GR4-COLD,"Винкел алуминиев 20x20x1.9,  специални",4,51,0.0,0.0,56244861898.0,GR4-COLD,,,90,,20.0,20.0,0.0,Допълнителни профили,,DATABASE_EVIDENCE
WeissProfil2018_113,L-20x20x2,GR4-COLD,Винкел алуминиев 20x20x2,4,51,0.0,0.0,84725313572.0,GR4-COLD,,,90,,20.0,20.0,0.0,Допълнителни профили,,DATABASE_EVIDENCE
WeissProfil2018_113,L-20x20x3,GR4-COLD,Винкел алуминиев 20x20x3,4,51,0.0,0.0,58745453142.0,GR4-COLD,,,90,,20.0,20.0,0.0,Допълнителни профили,,DATABASE_EVIDENCE
WeissProfil2018_113,L-25x15x1.7,GR4-COLD,Винкел алуминиев 25x15x1.7,4,51,0.0,0.0,68189481659.0,GR4-COLD,,,90,,15.0,25.0,0.0,Допълнителни профили,,DATABASE_EVIDENCE
WeissProfil2018_113,L-30x20x2,GR4-COLD,Винкел алуминиев 30x20x2,4,51,0.0,0.0,35896683537.0,GR4-COLD,,,90,,20.0,30.0,0.0,Допълнителни профили,,DATABASE_EVIDENCE
WeissProfil2018_113,L-30x30x1.15,GR4-COLD,Винкел алуминиев 30x30x1.15,4,51,0.0,0.0,28325531456.0,GR4-COLD,,,90,,30.0,30.0,0.0,Допълнителни профили,,DATABASE_EVIDENCE
WeissProfil2018_113,L-30x30x1.9,GR4-COLD,Винкел алуминиев 30x30x1.9,4,51,0.0,0.0,50425611328.0,GR4-COLD,,,90,,30.0,30.0,0.0,Допълнителни профили,,DATABASE_EVIDENCE
WeissProfil2018_113,L-40x20x1.15,GR4-COLD,Винкел алуминиев 40x20x1.15,4,51,0.0,0.0,32316141433.0,GR4-COLD,,,90,,20.0,40.0,0.0,Допълнителни профили,,DATABASE_EVIDENCE
WeissProfil2018_113,L-40x20x1.8,GR4-COLD,Винкел алуминиев 40x20x1.8,4,51,0.0,0.0,17426811692.0,GR4-COLD,,,90,,20.0,40.0,0.0,Допълнителни профили,,DATABASE_EVIDENCE
WeissProfil2018_113,L-40x40x1,GR4-COLD,Винкел алуминиев 40x40x1,4,51,0.0,0.0,81107313884.0,GR4-COLD,,,90,,40.0,40.0,0.0,Допълнителни профили,,DATABASE_EVIDENCE
WeissProfil2018_113,L-40x40x1.9,GR4-COLD,Винкел алуминиев  40x40x1.9,4,51,0.0,0.0,87646791448.0,GR4-COLD,,,90,,40.0,40.0,0.0,Допълнителни профили,,DATABASE_EVIDENCE
WeissProfil2018_113,L-40x40x2,GR4-COLD,Винкел алуминиев 40x40x2,4,51,0.0,0.0,21157353833.0,GR4-COLD,,,90,,40.0,40.0,0.0,Допълнителни профили,,DATABASE_EVIDENCE
WeissProfil2018_113,L-40x40x3,GR4-COLD,Винкел алуминиев 40x40x3,4,51,0.0,0.0,29167413488.0,GR4-COLD,,,90,,40.0,40.0,0.0,Допълнителни профили,,DATABASE_EVIDENCE
WeissProfil2018_113,L-40x40x4,GR4-COLD,Винкел алуминиев 40x40x4,4,51,0.0,0.0,58147633110.0,GR4-COLD,,,90,,40.0,40.0,0.0,Допълнителни профили,,DATABASE_EVIDENCE
WeissProfil2018_113,L-50x25x2,GR4-COLD,Винкел алуминиев 50x25x2,4,51,0.0,0.0,78573923806.0,GR4-COLD,,,90,,25.0,50.0,0.0,Допълнителни профили,,DATABASE_EVIDENCE
WeissProfil2018_113,L-50x50x2,GR4-COLD,Винкел алуминиев 50x50x2,4,51,0.0,0.0,64388123374.0,GR4-COLD,,,90,,50.0,50.0,0.0,Допълнителни профили,,DATABASE_EVIDENCE
WeissProfil2018_113,L-60x20x2,GR4-COLD,Винкел алуминиев 60x20x2,4,51,0.0,0.0,28109603141.0,GR4-COLD,,,90,,20.0,60.0,0.0,Допълнителни профили,,DATABASE_EVIDENCE
WeissProfil2018_113,L-60x40x2,GR4-COLD,Винкел алуминиев 60x40x2,4,51,0.0,0.0,51309603520.0,GR4-COLD,,,90,,40.0,60.0,0.0,Допълнителни профили,,DATABASE_EVIDENCE
WeissProfil2018_113,L-60x60x1.9,GR4-COLD,Винкел алуминиев  60x60x1.9,4,51,0.0,0.0,61078161729.0,GR4-COLD,,,90,,60.0,60.0,0.0,Допълнителни профили,,DATABASE_EVIDENCE
WeissProfil2018_113,L-60x60x3,GR4-COLD,Винкел алуминиев 60x60x3,4,51,0.0,0.0,21569513952.0,GR4-COLD,,,90,,60.0,60.0,0.0,Допълнителни профили,,DATABASE_EVIDENCE
WeissProfil2018_113,L-60x60x4,GR4-COLD,Винкел алуминиев 60x60x4,4,51,0.0,0.0,44599353865.0,GR4-COLD,,,90,,60.0,60.0,0.0,Допълнителни профили,,DATABASE_EVIDENCE
WeissProfil2018_113,L902103310.1400,GR24-OTHER,"CYS 00 Едностранна СК, никел, 30+10, ДИН 3 кл.",4,8,0.0,0.0,23252284249.0,GR24-OTHER,,,90,,0.0,0.0,0.0,Обков,,DATABASE_EVIDENCE
WeissProfil2018_113,L912B03312.1400,GR24-OTHER,"CYS 00 Двустранна СК, никел, 30+35, ДИН, 3 кл.",4,8,0.0,0.0,3230326522.0,GR24-OTHER,,,90,,0.0,0.0,0.0,Обков,,DATABASE_EVIDENCE
WeissProfil2018_113,L912B03313.1400,GR24-OTHER,"CYS 00 Двустранна СК, никел, 30+40, ДИН, 3 кл.",4,8,0.0,0.0,17360627122.0,GR24-OTHER,,,90,,0.0,0.0,0.0,Обков,,DATABASE_EVIDENCE
WeissProfil2018_113,L912B03318.1400,GR23-MAUER,"CYS 00 Двустранна СК, никел, 30+65, ДИН, 3 кл.",4,8,0.0,0.0,33810462266.0,GR23-MAUER,,,90,,0.0,0.0,0.0,Обков,,DATABASE_EVIDENCE
WeissProfil2018_113,L912B03319.1400,GR24-OTHER,"CYS 00 Двустранна СК, никел, 30+70, ДИН, 3 кл.",4,8,0.0,0.0,85950503684.0,GR24-OTHER,,,90,,0.0,0.0,0.0,Обков,,DATABASE_EVIDENCE
WeissProfil2018_113,L912B0331A.1400,GR24-OTHER,"CYS 00 Двустранна СК, никел, 30+75, ДИН, 3 кл.",4,8,0.0,0.0,22780581418.0,GR24-OTHER,,,90,,0.0,0.0,0.0,Обков,,DATABASE_EVIDENCE
WeissProfil2018_113,M 7100,WP,Централен уплътнител,4,4,0.0,0.0,72153456150.0,WP,,,90,,0.0,0.0,,Аксесоар,,DATABASE_EVIDENCE
WeissProfil2018_113,Maximum 20 Characters,Max/ 12 Characters,,0,0,0.0,0.0,23526339270.0,Max/ 12 Characters,,,90,,0.0,0.0,0.0,UNKNOWN,,DATABASE_EVIDENCE
WeissProfil2018_113,MCI.70,GR8-S.ACCESS,WP MCI.70 Изолатор за капачка,4,4,0.0,0.0,24861626078.0,GR8-S.ACCESS,,,90,,0.0,0.0,0.0,Аксесоар,,DATABASE_EVIDENCE
WeissProfil2018_113,ME2135,GR19-MF,Декоративни тапи,4,8,0.0,0.0,67618856615.0,GR19-MF,,,90,,0.0,0.0,0.0,Обков,,DATABASE_EVIDENCE
WeissProfil2018_113,ME2195-1000,GR19-MF,Дръжка едностр. изнесена под ъгъл 45 Ф30/L1200/1000,4,8,0.0,0.0,72598980290.0,GR19-MF,,,90,,0.0,0.0,0.0,Обков,,DATABASE_EVIDENCE
WeissProfil2018_113,ME2195-1300,GR19-MF,Дръжка едностр. изнесена под ъгъл 45 Ф30/L1500/1300,4,8,0.0,0.0,52871630282.0,GR19-MF,,,90,,0.0,0.0,0.0,Обков,,DATABASE_EVIDENCE
WeissProfil2018_113,ME2195-1600,GR19-MF,Дръжка едностр. изнесена под ъгъл 45 Ф30/L1800/1600,4,8,0.0,0.0,47164440627.0,GR19-MF,,,90,,0.0,0.0,0.0,Обков,,DATABASE_EVIDENCE
WeissProfil2018_113,ME2195-1700,GR19-MF,Дръжка едностр. изнесена под ъгъл 45 Ф30/L2000/1700,4,8,0.0,0.0,74275390637.0,GR19-MF,,,90,,0.0,0.0,0.0,Обков,,DATABASE_EVIDENCE
WeissProfil2018_113,ME2195-300,GR19-MF,Дръжка едностр. изнесена под ъгъл 45 Ф30/L400/300,4,8,0.0,0.0,35950220657.0,GR19-MF,,,90,,0.0,0.0,0.0,Обков,,DATABASE_EVIDENCE
WeissProfil2018_113,ME2195-350,GR19-MF,Дръжка едностр. изнесена под ъгъл 45 Ф30/L500/350,4,8,0.0,0.0,77460760646.0,GR19-MF,,,90,,0.0,0.0,0.0,Обков,,DATABASE_EVIDENCE
WeissProfil2018_113,ME2195-400,GR19-MF,Дръжка едностр. изнесена под ъгъл 45 Ф30/L600/400,4,8,0.0,0.0,93020960748.0,GR19-MF,,,90,,0.0,0.0,0.0,Обков,,DATABASE_EVIDENCE
WeissProfil2018_113,ME2195-500,GR19-MF,Дръжка едностр. изнесена под ъгъл 45 Ф30/L700/500,4,8,0.0,0.0,83140920581.0,GR19-MF,,,90,,0.0,0.0,0.0,Обков,,DATABASE_EVIDENCE
WeissProfil2018_113,ME2195-600,GR19-MF,Дръжка едностр. изнесена под ъгъл 45 Ф30/L800/600,4,8,0.0,0.0,91280340649.0,GR19-MF,,,90,,0.0,0.0,0.0,Обков,,DATABASE_EVIDENCE
WeissProfil2018_113,ME2195-700,GR19-MF,Дръжка едностр. изнесена под ъгъл 45 Ф30/L900/700,4,8,0.0,0.0,27330430648.0,GR19-MF,,,90,,0.0,0.0,0.0,Обков,,DATABASE_EVIDENCE
WeissProfil2018_113,ME2195-800,GR19-MF,Дръжка едностр. изнесена под ъгъл 45 Ф30/L1000/800,4,8,0.0,0.0,20480350644.0,GR19-MF,,,90,,0.0,0.0,0.0,Обков,,DATABASE_EVIDENCE
WeissProfil2018_113,MM 10PR черна,WP,Панта за ALврата чер,4,25,0.0,0.0,59077716610.0,WP,,,90,,0.0,0.0,0.0,Панта за врата,,DATABASE_EVIDENCE
WeissProfil2018_113,MM 10PR бяла,WP,Панта за AL врата бя,4,25,0.0,0.0,5265237778.0,WP,,,90,,0.0,0.0,0.0,Панта за врата,,DATABASE_EVIDENCE
WeissProfil2018_113,MO 19,WP,Ъгъл метален,4,4,0.0,0.0,30740896415.0,WP,,,90,,0.0,0.0,0.0,Аксесоар,,DATABASE_EVIDENCE
WeissProfil2018_113,MO 19 ST,GR6-CORNERS;SCREWS,МО 19 /ъгълчета метални/,4,4,0.0,0.0,64937525552.0,GR6-CORNERS;SCREWS,,,90,,0.0,0.0,0.0,Аксесоар,,DATABASE_EVIDENCE
WeissProfil2018_113,MO 20,WP,Ъгъл пластмасов,4,4,0.0,0.0,3840856391.0,WP,,,90,,0.0,0.0,0.0,Аксесоар,,DATABASE_EVIDENCE
WeissProfil2018_113,MO 20 PVC,GR6-CORNERS;SCREWS,МО 20 /ъгълчета пластмасови/,4,4,0.0,0.0,86468006863.0,GR6-CORNERS;SCREWS,,,90,,0.0,0.0,0.0,Аксесоар,,DATABASE_EVIDENCE
WeissProfil2018_113,MO 2000,WP,Сглобка Монтичели,4,4,0.0,0.0,53478176442.0,WP,,,90,,0.0,0.0,0.0,Аксесоар,,DATABASE_EVIDENCE
WeissProfil2018_113,MO 21 ST,GR6-CORNERS;SCREWS,MO 21 Метален ъгъл /14*1мм/,4,4,0.0,0.0,65229656885.0,GR6-CORNERS;SCREWS,,,90,,0.0,0.0,0.0,Аксесоар,,DATABASE_EVIDENCE
WeissProfil2018_113,MO 4910,WP,Ъгъл усилващ крило,4,4,0.0,0.0,70617258667.0,WP,,,90,,0.0,0.0,,Аксесоар,,DATABASE_EVIDENCE
WeissProfil2018_113,MO 54,WP,Панти,4,4,0.0,0.0,13140626636.0,WP,,,90,,0.0,0.0,0.0,Аксесоар,,DATABASE_EVIDENCE
WeissProfil2018_113,MO 60,WP,Гума  отваряема,4,4,0.0,0.0,24200046872.0,WP,,,90,,0.0,0.0,0.0,Аксесоар,,DATABASE_EVIDENCE
WeissProfil2018_113,MO 90,WP,Подложка стъклопакет,4,4,0.0,0.0,59520646752.0,WP,,,90,,0.0,0.0,,Аксесоар,,DATABASE_EVIDENCE
WeissProfil2018_113,MRI.70,GR8-S.ACCESS,WP MRI.70 Изолатор за еднорелсова каса,4,4,0.0,0.0,29341786246.0,GR8-S.ACCESS,,,90,,0.0,0.0,0.0,Аксесоар,,DATABASE_EVIDENCE
WeissProfil2018_113,MS 02 04,WP,Ролка двойна метална,4,4,0.0,0.0,82060294104.0,WP,,,90,,0.0,0.0,0.0,Аксесоар,,DATABASE_EVIDENCE
WeissProfil2018_113,MS 0320,GR8-S.ACCESS,MS 0320 - Амортисьор /буфер/,4,4,0.0,0.0,71161784121.0,GR8-S.ACCESS,,,90,,0.0,0.0,,Аксесоар,,DATABASE_EVIDENCE
WeissProfil2018_113,MS 0330,GR8-S.ACCESS,MS 0330 - Амортисьор /буфер/ мини,4,4,0.0,0.0,85201574675.0,GR8-S.ACCESS,,,90,,0.0,0.0,,Аксесоар,,DATABASE_EVIDENCE
WeissProfil2018_113,MS 07,GR8-S.ACCESS,MS 07 - Капачка за плъзгане с четка,4,4,0.0,0.0,78010656133.0,GR8-S.ACCESS,,,90,,0.0,0.0,,Аксесоар,,DATABASE_EVIDENCE
WeissProfil2018_113,MS 10,GR8-S.ACCESS,MS 10 - Стопер,4,4,0.0,0.0,72180716671.0,GR8-S.ACCESS,,,90,,0.0,0.0,0.0,Аксесоар,,DATABASE_EVIDENCE
WeissProfil2018_113,MS 11,GR8-S.ACCESS,MS 11 - Стопер,4,4,0.0,0.0,62140326295.0,GR8-S.ACCESS,,,90,,0.0,0.0,0.0,Аксесоар,,DATABASE_EVIDENCE
WeissProfil2018_113,MS.70,GR7-GASK/BR,WP MS.70 Уплътнител за изолатор за крило за 1 m,4,34,0.0,0.0,81124446651.0,GR7-GASK/BR,,,90,,0.0,0.0,0.0,Уплътнение,,DATABASE_EVIDENCE
WeissProfil2018_113,MS.78,GR7-GASK/BR,WP MS.78 Thermo Smart - Уплътнител централен за 1 m,4,34,0.0,0.0,85174946552.0,GR7-GASK/BR,,,90,,0.0,0.0,,Уплътнение,,DATABASE_EVIDENCE
WeissProfil2018_113,MS.82,WP,WP MS.82 Уплътнител централен за 1m,4,34,0.0,0.0,10294346574.0,GROUP7-WP/GASKETS/45,,,90,,0.0,0.0,0.0,Уплътнение,,DATABASE_EVIDENCE
WeissProfil2018_113,MS.82B,GR8-S.ACCESS,WP MS.82 AVANGARD Уплътнител централен черен за 1 m,0,34,0.0,0.0,24214716601.0,GR8-S.ACCESS,,,90,,0.0,0.0,0.0,Уплътнение,,DATABASE_EVIDENCE
WeissProfil2018_113,MS.82G,GR8-S.ACCESS,WP MS.82 AVANGARD Уплътнител централен сив за 1 m,0,34,0.0,0.0,23254336224.0,GR8-S.ACCESS,,,90,,0.0,0.0,0.0,Уплътнение,,DATABASE_EVIDENCE
WeissProfil2018_113,MS.85,GR7-GASK/BR,WP-M-85 THERMO PRO- Уплътнител централен за 1 m,4,34,0.0,0.0,77294536038.0,GR7-GASK/BR,,,90,,0.0,0.0,0.0,Уплътнение,,DATABASE_EVIDENCE
WeissProfil2018_113,MS02 01 PVC,GR8-S.ACCESS,MS 02 01/PL/ - Ролка двойна /пластмасова/,4,4,0.0,0.0,34547715016.0,GR8-S.ACCESS,,,90,,0.0,0.0,0.0,Аксесоар,,DATABASE_EVIDENCE
WeissProfil2018_113,MS02 04 AL,GR8-S.ACCESS,MS 02 04/AL/ - Ролка двойна /метална/,4,4,0.0,0.0,85710258661.0,GR8-S.ACCESS,,,90,,0.0,0.0,0.0,Аксесоар,,DATABASE_EVIDENCE
WeissProfil2018_113,MS10,,Stopper,4,4,0.0,0.0,1958246481.0,GR4-COLD,,,90,,0.0,0.0,0.0,Аксесоар,,DATABASE_EVIDENCE
WeissProfil2018_113,Сгл.дел 3кам,WP,Сглобка делител 3кам,4,4,0.0,0.0,12049639669.0,WP,,,90,,0.0,0.0,0.0,Аксесоар,,DATABASE_EVIDENCE
WeissProfil2018_113,Сгл.дел 5кам,WP,Сглобка делител 5кам,4,4,0.0,0.0,82201489416.0,WP,,,90,,0.0,0.0,0.0,Аксесоар,,DATABASE_EVIDENCE
WeissProfil2018_113,Сглоб за20х40цв,,Сгл. кутия 20х40 каф,4,4,0.0,0.0,14034455412.0,,,,90,,0.0,0.0,0.0,Аксесоар,,DATABASE_EVIDENCE
WeissProfil2018_113,Сглобка за20х40,,Сгл. кутия 20х40 бял,4,4,0.0,0.0,71400254765.0,,,,90,,0.0,0.0,,Аксесоар,,DATABASE_EVIDENCE
WeissProfil2018_113,NX 125,GR8-S.ACCESS,WP NX 125 Иноксов водач,4,4,0.0,0.0,8791127787.0,GR8-S.ACCESS,,,90,,0.0,0.0,0.0,Аксесоар,,DATABASE_EVIDENCE
WeissProfil2018_113,Сюрме AL черно,WP,Сюрме AL лет.дел чер,4,4,0.0,0.0,12625066976.0,WP,,,90,,0.0,0.0,0.0,Аксесоар,,DATABASE_EVIDENCE
WeissProfil2018_113,Сюрме AL бяло,WP,Сюрме AL лет.дел бял,4,4,0.0,0.0,27821684439.0,WP,,,90,,0.0,0.0,0.0,Аксесоар,,DATABASE_EVIDENCE
WeissProfil2018_113,Т сгл.комарник,,Т сгл.комарник,4,4,0.0,0.0,2257364474.0,,,,90,,0.0,0.0,,Аксесоар,,DATABASE_EVIDENCE
WeissProfil2018_113,Уплътнител К02,WP,Уплътнител К02,4,4,0.0,0.0,14402197601.0,WP,,,90,,0.0,0.0,0.0,Аксесоар,,DATABASE_EVIDENCE
WeissProfil2018_113,Уплътнител К03,WP,Уплътнител К03,4,4,0.0,0.0,31482737022.0,WP,,,90,,0.0,0.0,0.0,Аксесоар,,DATABASE_EVIDENCE
WeissProfil2018_113,OSAC.82B,GR8-S.ACCESS,WP OSAC.82 AVANGARD Уплътнител отваряемо черен за 1 m,0,34,0.0,0.0,54651845868.0,GR8-S.ACCESS,,,90,,0.0,0.0,0.0,Уплътнение,,DATABASE_EVIDENCE
WeissProfil2018_113,OSAC.82G,GR8-S.ACCESS,WP OSAC.82 AVANGARD Уплътнител отваряемо сив за 1 m,0,34,0.0,0.0,2671465622.0,GR8-S.ACCESS,,,90,,0.0,0.0,0.0,Уплътнение,,DATABASE_EVIDENCE
WeissProfil2018_113,P 100.1,WP,Сглобка P 100.1,4,4,0.0,0.0,76338547522.0,WP,,,90,,0.0,0.0,0.0,Аксесоар,,DATABASE_EVIDENCE
WeissProfil2018_113,P.100.1,GR6-CORNERS;SCREWS,P.100.1 - Сглобка за делител,4,4,0.0,0.0,27758687771.0,GR6-CORNERS;SCREWS,,,90,,0.0,0.0,0.0,Аксесоар,,DATABASE_EVIDENCE
WeissProfil2018_113,R-100x20x1.5,GR4-COLD,Кутия алуминиева 100x20x1.5,4,51,0.0,0.0,71590129814.0,GR4-COLD,,,90,,20.0,100.0,0.0,Допълнителни профили,,DATABASE_EVIDENCE
WeissProfil2018_113,R-100x25x1.5,GR4-COLD,Кутия алуминиева 100x25x1.5,4,51,0.0,0.0,27030849735.0,GR4-COLD,,,90,,25.0,100.0,0.0,Допълнителни профили,,DATABASE_EVIDENCE
WeissProfil2018_113,R-100x30x3,GR4-COLD,Кутия алуминиева 100x30x3,4,51,0.0,0.0,22151650878.0,GR4-COLD,,,90,,30.0,1000.0,0.0,Допълнителни профили,,DATABASE_EVIDENCE
WeissProfil2018_113,R-100x40x2,GR4-COLD,Кутия алуминиева 100x40x2,4,51,0.0,0.0,80292721555.0,GR4-COLD,,,90,,40.0,100.0,0.0,Допълнителни профили,,DATABASE_EVIDENCE
WeissProfil2018_113,R-150x20x1.7,GR4-COLD,Кутия алуминиева 150x20x1.7,4,51,0.0,0.0,16010414892.0,GR4-COLD,,,90,,20.0,150.0,0.0,Допълнителни профили,,DATABASE_EVIDENCE
WeissProfil2018_113,R-150x50x2.5,GR4-COLD,Кутия алуминиева 150x50x2.5,4,51,0.0,0.0,17483397126.0,GR4-COLD,,,90,,50.0,150.0,0.0,Допълнителни профили,,DATABASE_EVIDENCE
WeissProfil2018_113,R-200x20x2,GR4-COLD,Кутия алуминиева 200x20x2,4,51,0.0,0.0,21121229774.0,GR4-COLD,,,90,,20.0,200.0,0.0,Допълнителни профили,,DATABASE_EVIDENCE
WeissProfil2018_113,R-40x20x1.15,GR4-COLD,Кутия алуминиева 40x20x1.15,4,51,0.0,0.0,84962917653.0,GR4-COLD,,,90,,20.0,40.0,0.0,Допълнителни профили,,DATABASE_EVIDENCE
WeissProfil2018_113,R-40x20x1.9,GR4-COLD,Кутия алуминиева 40x20x1.9,4,51,0.0,0.0,87062707236.0,GR4-COLD,,,90,,20.0,40.0,0.0,Допълнителни профили,,DATABASE_EVIDENCE
WeissProfil2018_113,R-40x20x2,GR4-COLD,Кутия алуминиева 40x20x2,4,51,0.0,0.0,88523119704.0,GR4-COLD,,,90,,20.0,40.0,0.0,Допълнителни профили,,DATABASE_EVIDENCE
WeissProfil2018_113,R-40x30x2,GR4-COLD,Кутия алуминиева 40x30x2,4,51,0.0,0.0,70623339425.0,GR4-COLD,,,90,,30.0,40.0,0.0,Допълнителни профили,,DATABASE_EVIDENCE
WeissProfil2018_113,R-50x30x2,GR4-COLD,Кутия алуминиева 50x30x2,4,51,0.0,0.0,61744459328.0,GR4-COLD,,,90,,30.0,50.0,0.0,Допълнителни профили,,DATABASE_EVIDENCE
WeissProfil2018_113,R-50x30x3,GR4-COLD,Кутия алуминиева 50x30x3,4,51,0.0,0.0,63724389935.0,GR4-COLD,,,90,,30.0,50.0,0.0,Допълнителни профили,,DATABASE_EVIDENCE
WeissProfil2018_113,R-60x20x1.3,GR4-COLD,Кутия алуминиева 60x20x1.3,4,51,0.0,0.0,21274167281.0,GR4-COLD,,,90,,20.0,60.0,0.0,Допълнителни профили,,DATABASE_EVIDENCE
WeissProfil2018_113,R-60x40x2,GR4-COLD,Кутия алуминиева 60x40x2,4,51,0.0,0.0,56915279446.0,GR4-COLD,,,90,,40.0,60.0,0.0,Допълнителни профили,,DATABASE_EVIDENCE
WeissProfil2018_113,R-75x20x2,GR4-COLD,Кутия алуминиева 75x20x2,4,51,0.0,0.0,54376254836.0,GR4-COLD,,,90,,20.0,75.0,0.0,Допълнителни профили,,DATABASE_EVIDENCE
WeissProfil2018_113,R-80x20x1.2,GR4-COLD,Кутия алуминиева 80x20x1.2,4,51,0.0,0.0,71456847611.0,GR4-COLD,,,90,,20.0,80.0,0.0,Допълнителни профили,,DATABASE_EVIDENCE
WeissProfil2018_113,R-80x20x3,GR4-COLD,Кутия алуминиева 80x20x3,4,51,0.0,0.0,39937369694.0,GR4-COLD,,,90,,20.0,80.0,0.0,Допълнителни профили,,DATABASE_EVIDENCE
WeissProfil2018_113,R-80x30x2,GR4-COLD,Кутия алуминиева 80x30x2,4,51,0.0,0.0,89047659763.0,GR4-COLD,,,90,,30.0,80.0,0.0,Допълнителни профили,,DATABASE_EVIDENCE
WeissProfil2018_113,R-80x40x1.5,GR4-COLD,Кутия алуминиева 80x40x1.5,4,51,0.0,0.0,5656387543.0,GR4-COLD,,,90,,40.0,80.0,0.0,Допълнителни профили,,DATABASE_EVIDENCE
WeissProfil2018_113,R-80x40x2,GR4-COLD,Кутия алуминиева 80x40x2,4,51,0.0,0.0,77127779381.0,GR4-COLD,,,90,,40.0,80.0,0.0,Допълнителни профили,,DATABASE_EVIDENCE
WeissProfil2018_113,RSP.01-1.5,GR D-STEEL PR.,WP RSP.01 Усилител кутия 27 х 35 х 1.5 мм,4,4,0.0,0.0,64856902447.0,GR D-STEEL PR.,,,90,,27.0,35.0,0.0,Аксесоар,,DATABASE_EVIDENCE
WeissProfil2018_113,RSP.01-2,GR D-STEEL PR.,WP RSP.01 Усилител кутия 27 х 35 х 2 мм,4,4,0.0,0.0,25301747882.0,GR D-STEEL PR.,,,90,,27.0,35.0,0.0,Аксесоар,,DATABASE_EVIDENCE
WeissProfil2018_113,RSP.02-1.5,GR D-STEEL PR.,WP RSP.02 Усилител 10 х 27 х 38 х 7 х 1.5 мм,4,4,0.0,0.0,31926642633.0,GR D-STEEL PR.,,,90,,27.0,36.0,,Аксесоар,,DATABASE_EVIDENCE
WeissProfil2018_113,RSP.02-2,GR D-STEEL PR.,WP RSP.02 Усилител 10 х 27 х 38 х 7 х 2 мм,4,4,0.0,0.0,72471777478.0,GR D-STEEL PR.,,,90,,27.0,36.0,0.0,Аксесоар,,DATABASE_EVIDENCE
WeissProfil2018_113,RSP.03-1.5,GR D-STEEL PR.,WP RSP.03 Усилител 10 х 27 х 35 х 27 х 1.5 мм,4,4,0.0,0.0,62016852758.0,GR D-STEEL PR.,,,90,,27.0,35.0,0.0,Аксесоар,,DATABASE_EVIDENCE
WeissProfil2018_113,RSP.03-2,GR D-STEEL PR.,WP RSP.03 Усилител 10 х 27 х 35 х 27 х 2 мм,4,4,0.0,0.0,83541637026.0,GR D-STEEL PR.,,,90,,27.0,35.0,0.0,Аксесоар,,DATABASE_EVIDENCE
WeissProfil2018_113,RSP.04,WP 82,Армировка за адаптор тръба WP 82,4,4,0.0,0.0,17953321542.0,WP 82,,,90,,0.0,0.0,0.0,Аксесоар,,DATABASE_EVIDENCE
WeissProfil2018_113,RSP.30-1.2,WP 82,WP RSP.30 Усилител кутия 29 х 29 х 1.2 мм,4,4,0.0,0.0,42019022191.0,WP 82,,,90,,0.0,0.0,,Аксесоар,,DATABASE_EVIDENCE
WeissProfil2018_113,RSP.30-1.5,GR D-STEEL PR.,WP RSP.30 Усилител кутия 29 х 29 х 1.5 мм,4,4,0.0,0.0,60069232820.0,GR D-STEEL PR.,,,90,,29.0,29.0,0.0,Аксесоар,,DATABASE_EVIDENCE
WeissProfil2018_113,RSP.30-2,GR D-STEEL PR.,WP RSP.30 Усилител кутия 29 х 29 х 2 мм,4,4,0.0,0.0,49534337402.0,GR D-STEEL PR.,,,90,,29.0,29.0,0.0,Аксесоар,,DATABASE_EVIDENCE
WeissProfil2018_113,RSP.35,WP 82,Армировка за летящ делител WP 82,4,4,0.0,0.0,54213511385.0,WP 82,,,90,,0.0,0.0,0.0,Аксесоар,,DATABASE_EVIDENCE
WeissProfil2018_113,RSP.35-1.5,GR D-STEEL PR.,WP RSP.35 Усилител кутия 20 х 35 х 1.5 мм,0,0,0.0,0.0,15579512752.0,GR D-STEEL PR.,,,90,,50.0,50.0,0.0,UNKNOWN,,DATABASE_EVIDENCE
WeissProfil2018_113,RSP.35-2,GR D-STEEL PR.,WP RSP.35 Усилител кутия 20 х 35 х 2 мм,0,0,0.0,0.0,27074807278.0,GR D-STEEL PR.,,,90,,50.0,50.0,0.0,UNKNOWN,,DATABASE_EVIDENCE
WeissProfil2018_113,RSP.40-1.5,GR D-STEEL PR.,WP RSP.40 Усилител кутия 24 х 40 х 1.5 мм,4,4,0.0,0.0,3140722435.0,GR D-STEEL PR.,,,90,,24.0,40.0,0.0,Аксесоар,,DATABASE_EVIDENCE
WeissProfil2018_113,RSP.40-2,GR D-STEEL PR.,WP RSP.40 Усилител кутия 24 х 40 х 2 мм,4,4,0.0,0.0,28665087468.0,GR D-STEEL PR.,,,90,,24.0,40.0,0.0,Аксесоар,,DATABASE_EVIDENCE
WeissProfil2018_113,RSP.45-1.2,WP 82,WP RSP.45 Усилител кутия 45 х 45 х 1.2 мм,4,4,0.0,0.0,18640342777.0,WP 82,,,90,,0.0,0.0,,Аксесоар,,DATABASE_EVIDENCE
WeissProfil2018_113,RSP.45-1.5,GR D-STEEL PR.,WP RSP.45 Усилител кутия 45 х 45 х 1.5 мм,4,4,0.0,0.0,52620062939.0,GR D-STEEL PR.,,,90,,45.0,45.0,0.0,Аксесоар,,DATABASE_EVIDENCE
WeissProfil2018_113,RSP.45-2,GR D-STEEL PR.,WP RSP.45 Усилител кутия 45 х 45 х 2 мм,4,4,0.0,0.0,31135087321.0,GR D-STEEL PR.,,,90,,45.0,45.0,0.0,Аксесоар,,DATABASE_EVIDENCE
WeissProfil2018_113,RSP.50-1.5,GR D-STEEL PR.,WP RSP.55 Усилител 15 х 50 х 40 х 50 х 1.5 мм,4,4,0.0,0.0,49271062116.0,GR D-STEEL PR.,,,90,,15.0,50.0,0.0,Аксесоар,,DATABASE_EVIDENCE
WeissProfil2018_113,RSP.50-2,GR D-STEEL PR.,WP RSP.55 Усилител 15 х 50 х 40 х 50 х 2 мм,4,4,0.0,0.0,81766587174.0,GR D-STEEL PR.,,,90,,15.0,50.0,0.0,Аксесоар,,DATABASE_EVIDENCE
WeissProfil2018_113,RSP.55-1.2,WP 82,WP RSP.50 Усилител кутия 15 х 50 х 1.2 мм,4,4,0.0,0.0,20741522317.0,WP 82,,,90,,0.0,0.0,,Аксесоар,,DATABASE_EVIDENCE
WeissProfil2018_113,RSP.55-1.5,GR D-STEEL PR.,WP RSP.50 Усилител кутия 15 х 50 х 1.5 мм,4,4,0.0,0.0,52761122303.0,GR D-STEEL PR.,,,90,,50.0,50.0,0.0,Аксесоар,,DATABASE_EVIDENCE
WeissProfil2018_113,RSP.55-2,GR D-STEEL PR.,WP RSP.50 Усилител кутия 15 х 50 х 2 мм,4,4,0.0,0.0,53226427524.0,GR D-STEEL PR.,,,90,,50.0,50.0,0.0,Аксесоар,,DATABASE_EVIDENCE
WeissProfil2018_113,S-075,GR4-COLD,Подпрозоречна Ал. пола 70mm,4,51,0.0,0.0,80132152365.0,GR4-COLD,,,90,,45.03,75.0,0.0,Допълнителни профили,,DATABASE_EVIDENCE
WeissProfil2018_113,S-100,GR4-COLD,Подпрозоречна Ал. пола 100mm,4,51,0.0,0.0,41543652728.0,GR4-COLD,,,90,,47.22,100.0,0.0,Допълнителни профили,,DATABASE_EVIDENCE
WeissProfil2018_113,S-125,GR4-COLD,Подпрозоречна Ал. пола 125mm,4,51,0.0,0.0,13713122778.0,GR4-COLD,,,90,,49.3,125.0,0.0,Допълнителни профили,,DATABASE_EVIDENCE
WeissProfil2018_113,S-150,GR4-COLD,Подпрозоречна Ал. пола 150mm,4,51,0.0,0.0,17053442127.0,GR4-COLD,,,90,,51.49,150.0,0.0,Допълнителни профили,,DATABASE_EVIDENCE
WeissProfil2018_113,S-15x15x1.5,GR4-COLD,Кутия алуминиева 15x15x1.5,4,51,0.0,0.0,53775038567.0,GR4-COLD,,,90,,15.0,15.0,0.0,Допълнителни профили,,DATABASE_EVIDENCE
WeissProfil2018_113,S-175,GR4-COLD,Подпрозоречна Ал. пола 175mm,4,51,0.0,0.0,81253342378.0,GR4-COLD,,,90,,53.67,175.0,0.0,Допълнителни профили,,DATABASE_EVIDENCE
WeissProfil2018_113,S-200,GR4-COLD,Подпрозоречна Ал. пола 200mm,4,51,0.0,0.0,53634962863.0,GR4-COLD,,,90,,55.86,200.0,0.0,Допълнителни профили,,DATABASE_EVIDENCE
WeissProfil2018_113,S-20x20x1.9,GR4-COLD,Кутия алуминиева 20x20x1.9,4,51,0.0,0.0,41941038132.0,GR4-COLD,,,90,,20.0,20.0,0.0,Допълнителни профили,,DATABASE_EVIDENCE
WeissProfil2018_113,S-225,GR4-COLD,Подпрозоречна Ал. пола 225mm,4,51,0.0,0.0,18894302174.0,GR4-COLD,,,90,,58.07,225.0,0.0,Допълнителни профили,,DATABASE_EVIDENCE
WeissProfil2018_113,S-250,GR4-COLD,Подпрозоречна Ал. пола 250mm,4,51,0.0,0.0,79154502591.0,GR4-COLD,,,90,,60.25,250.0,0.0,Допълнителни профили,,DATABASE_EVIDENCE
WeissProfil2018_113,S-25x25x1.9,GR4-COLD,Кутия алуминиева 25x25x1.9,4,51,0.0,0.0,28906758981.0,GR4-COLD,,,90,,25.0,25.0,0.0,Допълнителни профили,,DATABASE_EVIDENCE
WeissProfil2018_113,S-275,GR4-COLD,Подпрозоречна Ал. пола 275mm,4,51,0.0,0.0,91354172862.0,GR4-COLD,,,90,,62.13,275.0,0.0,Допълнителни профили,,DATABASE_EVIDENCE
WeissProfil2018_113,S-300,GR4-COLD,Подпрозоречна Ал. пола 300mm,4,51,0.0,0.0,24735262333.0,GR4-COLD,,,90,,64.22,300.0,0.0,Допълнителни профили,,DATABASE_EVIDENCE
WeissProfil2018_113,S-30x30x1.9,GR4-COLD,Кутия алуминиева 30x30x1.9,4,51,0.0,0.0,53122308582.0,GR4-COLD,,,90,,30.0,30.0,0.0,Допълнителни профили,,DATABASE_EVIDENCE
WeissProfil2018_113,S-30x30x3,GR4-COLD,Кутия алуминиева 30x30x3,4,51,0.0,0.0,58673570357.0,GR4-COLD,,,90,,30.0,30.0,0.0,Допълнителни профили,,DATABASE_EVIDENCE
WeissProfil2018_113,S-40x40x1.2,GR4-COLD,Кутия алуминиева 40x40x1.2,4,51,0.0,0.0,16353758433.0,GR4-COLD,,,90,,40.0,40.0,0.0,Допълнителни профили,,DATABASE_EVIDENCE
WeissProfil2018_113,S-40x40x1.9,GR4-COLD,Кутия алуминиева 40x40x1.9,4,51,0.0,0.0,17363498448.0,GR4-COLD,,,90,,40.0,40.0,0.0,Допълнителни профили,,DATABASE_EVIDENCE
WeissProfil2018_113,S-40x40x2,GR4-COLD,Кутия алуминиева 40x40x2,4,51,0.0,0.0,51894640687.0,GR4-COLD,,,90,,40.0,40.0,0.0,Допълнителни профили,,DATABASE_EVIDENCE
WeissProfil2018_113,S-40x40x4,GR4-COLD,Кутия алуминиева 40x40x4,4,51,0.0,0.0,89834430287.0,GR4-COLD,,,90,,40.0,40.0,0.0,Допълнителни профили,,DATABASE_EVIDENCE
WeissProfil2018_113,S-50x50x2,GR4-COLD,Кутия алуминиева 50x50x2,4,51,0.0,0.0,23015170352.0,GR4-COLD,,,90,,50.0,50.0,0.0,Допълнителни профили,,DATABASE_EVIDENCE
WeissProfil2018_113,S-50x50x2.9,GR4-COLD,Кутия алуминиева 50x50x2.9,4,51,0.0,0.0,16655308626.0,GR4-COLD,,,90,,50.0,50.0,0.0,Допълнителни профили,,DATABASE_EVIDENCE
WeissProfil2018_113,S-80x80x2,GR4-COLD,Кутия алуминиева 80x80x2,4,51,0.0,0.0,49668710183.0,GR4-COLD,,,90,,80.0,80.0,0.0,Допълнителни профили,,DATABASE_EVIDENCE
WeissProfil2018_113,S.85.69,GR7-GASK/BR,WP S.85.69 Уплътнител със самозалепваща лента за 1 m,4,34,0.0,0.0,50826285987.0,GR7-GASK/BR,,,90,,0.0,0.0,0.0,Уплътнение,,DATABASE_EVIDENCE
WeissProfil2018_113,SAF6R9005,GR24-OTHER,SAVIO - F6 R 9005 - Декоративна капачка /черен/,4,8,0.0,0.0,71774216742.0,GR24-OTHER,,,90,,0.0,0.0,0.0,Обков,,DATABASE_EVIDENCE
WeissProfil2018_113,SAF6R9010,GR24-OTHER,"SAVIO - F6 R 9010 - Декоративна капачка, бяла",4,8,0.0,0.0,87864666470.0,GR24-OTHER,,,90,,0.0,0.0,0.0,Обков,,DATABASE_EVIDENCE
WeissProfil2018_113,SAF6RSILV,GR24-OTHER,SAVIO - F6 R 9005 - Декоративна капачка /сива/,4,8,0.0,0.0,37679496223.0,GR24-OTHER,,,90,,0.0,0.0,0.0,Обков,,DATABASE_EVIDENCE
WeissProfil2018_113,SC 70.15,GR8-S.ACCESS,WP SC 70.15 Странична капачка за каса праг,4,10,0.0,0.0,17024257883.0,GR8-S.ACCESS,,,90,,0.0,0.0,0.0,Капачки,,DATABASE_EVIDENCE
WeissProfil2018_113,SGS.78,GR8-S.ACCESS,WP SGS.78 Изравнителна пластина за крило WP 78 Thermo Smart,4,4,0.0,0.0,16837862920.0,GR8-S.ACCESS,,,90,,0.0,0.0,,Аксесоар,,DATABASE_EVIDENCE
WeissProfil2018_113,SIP.50.50,GR8-S.ACCESS,WP SIP.50.50 INSUFOX Допълнителен изолационен профил 50x50mm,4,4,0.0,0.0,61263678946.0,GR8-S.ACCESS,,,90,,0.0,0.0,0.0,Аксесоар,,DATABASE_EVIDENCE
WeissProfil2018_113,SIP.70,GR8-S.ACCESS,WP SIP.70 INSUFOX Транспортен изолационен профил 160x35mm,4,4,0.0,0.0,62724882382.0,GR8-S.ACCESS,,,90,,0.0,0.0,0.0,Аксесоар,,DATABASE_EVIDENCE
WeissProfil2018_113,SIP.80,GR8-S.ACCESS,WP SIP.85 INSUFOX Транспортен изолационен профил 50x35mm,4,4,0.0,0.0,91884212197.0,GR8-S.ACCESS,,,90,,0.0,0.0,0.0,Аксесоар,,DATABASE_EVIDENCE
WeissProfil2018_113,SR-100x25x1.2,GR4-COLD,Плътна ал. правоъгълна кутия  100x25x1.2,4,51,0.0,0.0,67349331281.0,GR4-COLD,,,90,,25.0,100.0,0.0,Допълнителни профили,,DATABASE_EVIDENCE
WeissProfil2018_113,SS-20x10,GR4-COLD,Плътна ал. кутия 20x10,4,51,0.0,0.0,83827232521.0,GR4-COLD,,,90,,10.0,20.0,0.0,Допълнителни профили,,DATABASE_EVIDENCE
WeissProfil2018_113,SS-20x12,GR4-COLD,Плътна ал. кутия 20x12,4,51,0.0,0.0,2847182617.0,GR4-COLD,,,90,,12.0,20.0,0.0,Допълнителни профили,,DATABASE_EVIDENCE
WeissProfil2018_113,SS-30x30,GR4-COLD,Плътна ал. кутия 30x30,4,51,0.0,0.0,47107363027.0,GR4-COLD,,,90,,30.0,30.0,0.0,Допълнителни профили,,DATABASE_EVIDENCE
WeissProfil2018_113,ST.70,GR8-S.ACCESS,WP ST.70 Буфер за мартина,4,8,0.0,0.0,82860582878.0,GR8-S.ACCESS,,,90,,0.0,0.0,0.0,Обков,,DATABASE_EVIDENCE
WeissProfil2018_113,SWI.70,GR8-S.ACCESS,WP SWI.70 Изолатор за малко крило,4,4,0.0,0.0,93497422438.0,GR8-S.ACCESS,,,90,,0.0,0.0,0.0,Аксесоар,,DATABASE_EVIDENCE
WeissProfil2018_113,T-00310-11-0-5,GR11-TGP,TGP - T-00310-11-0-5 - Панти за врата за PVC /кафяви/,4,8,0.0,0.0,64416178413.0,GR11-TGP,,,90,,0.0,0.0,0.0,Обков,,DATABASE_EVIDENCE
WeissProfil2018_113,T-00310-11-0-7,GR11-TGP,TGP - T-00310-11-0-7 - Панти за врата за PVC,4,8,0.0,0.0,4416688888.0,GR11-TGP,,,90,,0.0,0.0,0.0,Обков,,DATABASE_EVIDENCE
WeissProfil2018_113,T-100x50x1.9,GR4-COLD,Ал. T-образен профил 100x50x1.9,4,51,0.0,0.0,18075534291.0,GR4-COLD,,,90,,50.0,100.0,0.0,Допълнителни профили,,DATABASE_EVIDENCE
WeissProfil2018_113,T-10180-04-0-1,TGP,Мартина за мех. 400-700,4,4,0.0,0.0,36264331885.0,TGP,,,90,,0.0,0.0,0.0,Аксесоар,,DATABASE_EVIDENCE
WeissProfil2018_113,T-10180-05-0-1,GR11-TGP,TGP - T-10180-05-0-1 - Мартина за механизъм - (470 - 700),4,8,0.0,0.0,16384852114.0,GR11-TGP,,,90,,0.0,0.0,0.0,Обков,,DATABASE_EVIDENCE
WeissProfil2018_113,T-10180-05-S-1,TGP,"TGP Tilt&turn gear 15mm, FFB=1985-2400",4,8,0.0,0.0,8884172916.0,GROUP15-WP/GIESSE/15,,,90,,0.0,0.0,0.0,Обков,,DATABASE_EVIDENCE
WeissProfil2018_113,T-10180-06-0-1,GR11-TGP,TGP - T-10180-06-0-1 - Мартина за механизъм - (585 - 1000),4,8,0.0,0.0,74424353451.0,GR11-TGP,,,90,,0.0,0.0,0.0,Обков,,DATABASE_EVIDENCE
WeissProfil2018_113,T-10180-06-1-1,TGP,Мартина за мех. 685-1100 за AL,4,4,0.0,0.0,33574853114.0,TGP,,,90,,0.0,0.0,0.0,Аксесоар,,DATABASE_EVIDENCE
WeissProfil2018_113,T-10180-07-0-1,TGP,"TGP Tilt&Turn gear FFB=685-1100, 15mm",4,8,0.0,0.0,67554594797.0,GROUP15-WP/GIESSE/15,,,90,,0.0,0.0,0.0,Обков,,DATABASE_EVIDENCE
WeissProfil2018_113,T-10180-07-1-1,TGP,"TGP Tilt&turn gear 15mm, FFB=685-1100",4,8,0.0,0.0,81604824514.0,GR11-TGP,,,90,,0.0,0.0,0.0,Обков,,DATABASE_EVIDENCE
WeissProfil2018_113,T-10180-09-0-1,GR11-TGP,TGP - T-10180-09-0-1 - Мартина за механизъм - (885 - 1300),4,8,0.0,0.0,36784146885.0,GR11-TGP,,,90,,0.0,0.0,,Обков,,DATABASE_EVIDENCE
WeissProfil2018_113,T-10180-09-S-1,GR11-TGP,TGP - T-10180-09-S-1 - Se Мартина за механизъм - (885 - 1300),4,8,0.0,0.0,49204276603.0,GR11-TGP,,,90,,0.0,0.0,0.0,Обков,,DATABASE_EVIDENCE
WeissProfil2018_113,T-10180-10-0-1,GR11-TGP,TGP - T-10180-10-0-1 - Мартина за механизъм - (985 - 1400),4,8,0.0,0.0,73965007717.0,GR11-TGP,,,90,,0.0,0.0,,Обков,,DATABASE_EVIDENCE
WeissProfil2018_113,T-10180-12-0-1,GR11-TGP,TGP - T-10180-12-0-1 - Мартина за механизъм - (1185 - 1600),4,8,0.0,0.0,6125729989.0,GR11-TGP,,,90,,0.0,0.0,,Обков,,DATABASE_EVIDENCE
WeissProfil2018_113,T-10180-12-S-1,GR11-TGP,TGP - T-10180-12-S-1 - Se Мартина за механизъм - (1185 - 1600),4,8,0.0,0.0,14645689788.0,GR11-TGP,,,90,,0.0,0.0,0.0,Обков,,DATABASE_EVIDENCE
WeissProfil2018_113,T-10180-14-0-1,GR11-TGP,TGP - T-10180-14-0-1 - Мартина за механизъм - (1385 - 1800),4,8,0.0,0.0,4325391595.0,GR11-TGP,,,90,,0.0,0.0,,Обков,,DATABASE_EVIDENCE
WeissProfil2018_113,T-10180-16-0-1,GR11-TGP,TGP - T-10180-16-0-1 - Мартина за механизъм - (1585 - 2000),4,8,0.0,0.0,84585463458.0,GR11-TGP,,,90,,0.0,0.0,,Обков,,DATABASE_EVIDENCE
WeissProfil2018_113,T-10180-16-S-1,GR11-TGP,TGP - T-10180-16-S-1 - Se Мартина за механизъм - (1585 - 2000),4,8,0.0,0.0,84095153466.0,GR11-TGP,,,90,,0.0,0.0,0.0,Обков,,DATABASE_EVIDENCE
WeissProfil2018_113,T-10180-20-0-1,GR11-TGP,TGP - T-10180-20-0-1 - Мартина за механизъм - (1985 - 2400),4,8,0.0,0.0,54036187586.0,GR11-TGP,,,90,,0.0,0.0,,Обков,,DATABASE_EVIDENCE
WeissProfil2018_113,T-10180-20-S-1,GR11-TGP,TGP - T-10180-20-S-1 - Se Мартина за механизъм - (1985 - 2400),4,8,0.0,0.0,44576397298.0,GR11-TGP,,,90,,0.0,0.0,0.0,Обков,,DATABASE_EVIDENCE
WeissProfil2018_113,T-10181-00-0-1,GR11-TGP,TGP - T-10181-00-0-1 - Горен ъгъл стандарт,4,8,0.0,0.0,35985768056.0,GR11-TGP,,,90,,0.0,0.0,,Обков,,DATABASE_EVIDENCE
WeissProfil2018_113,T-10181-02-0-1,GR11-TGP,TGP - T-10181-02-0-1 - Долен ъгъл секюрити,4,8,0.0,0.0,72115620361.0,GR11-TGP,,,90,,0.0,0.0,,Обков,,DATABASE_EVIDENCE
WeissProfil2018_113,T-10181-03-0-1,GR11-TGP,TGP - T-10181-03-0-1 - Горен ъгъл малък,4,8,0.0,0.0,14235531384.0,GR11-TGP,,,90,,0.0,0.0,0.0,Обков,,DATABASE_EVIDENCE
WeissProfil2018_113,T-10181-05-0-1,GR11-TGP,TGP - T-10181-05-0-1 - Горен ъгъл за вентилация,4,8,0.0,0.0,28455073725.0,GR11-TGP,,,90,,0.0,0.0,0.0,Обков,,DATABASE_EVIDENCE
WeissProfil2018_113,T-10182-04-0-1,GR11-TGP,TGP - T-10182-04-0-1 - Ножица и рамо - (395 - 600),4,8,0.0,0.0,47436113727.0,GR11-TGP,,,90,,0.0,0.0,,Обков,,DATABASE_EVIDENCE
WeissProfil2018_113,T-10182-06-0-1,GR11-TGP,TGP - T-10182-06-0-1 - Ножица и рамо - (595 - 800),4,8,0.0,0.0,27616515707.0,GR11-TGP,,,90,,0.0,0.0,,Обков,,DATABASE_EVIDENCE
WeissProfil2018_113,T-10182-06-S-1,GR11-TGP,TGP - T-10182-06-S-1 - Se Ножица и рамо - (595 - 800),4,8,0.0,0.0,13106995427.0,GR11-TGP,,,90,,0.0,0.0,0.0,Обков,,DATABASE_EVIDENCE
WeissProfil2018_113,T-10182-08-0-1,GR11-TGP,TGP - T-10182-08-0-1 - Ножица и рамо - (795 - 1000),4,8,0.0,0.0,64816627783.0,GR11-TGP,,,90,,0.0,0.0,,Обков,,DATABASE_EVIDENCE
WeissProfil2018_113,T-10182-08-S-1,GR11-TGP,TGP - T-10182-08-S-1 - Se Ножица и рамо (795 - 1000),4,8,0.0,0.0,85376377176.0,GR11-TGP,,,90,,0.0,0.0,0.0,Обков,,DATABASE_EVIDENCE
WeissProfil2018_113,T-10182-10-0-1,GR11-TGP,TGP - T-10182-10-0-1 - Ножица и рамо - (995 - 1200),4,8,0.0,0.0,57177819282.0,GR11-TGP,,,90,,0.0,0.0,,Обков,,DATABASE_EVIDENCE
WeissProfil2018_113,T-10182-12-0-1,GR11-TGP,TGP - T-10182-12-0-1 - Ножица и рамо - (1195 - 1400),4,8,0.0,0.0,98327481181.0,GR11-TGP,,,90,,0.0,0.0,,Обков,,DATABASE_EVIDENCE
WeissProfil2018_113,T-10182-14-0-1,GR11-TGP,TGP - T-10182-14-0-1 - Ножица и рамо - (1395 - 1600),4,8,0.0,0.0,29517113216.0,GR11-TGP,,,90,,0.0,0.0,,Обков,,DATABASE_EVIDENCE
WeissProfil2018_113,T-10183-04-0-1,GR11-TGP,TGP - T-10183-04-0-1 - Задно заключване - 220 - (400 - 800),4,8,0.0,0.0,79507664128.0,GR11-TGP,,,90,,0.0,0.0,,Обков,,DATABASE_EVIDENCE
WeissProfil2018_113,T-10183-07-0-1,GR11-TGP,TGP - T-10183-07-0-1 - Задно заключване - 540 - (700 - 1150),4,8,0.0,0.0,22877517830.0,GR11-TGP,,,90,,0.0,0.0,,Обков,,DATABASE_EVIDENCE
WeissProfil2018_113,T-10183-07-S-1,GR11-TGP,TGP - T-10183-07-S-1 - Se Задно заключване - 540 - (700 - 1150),4,8,0.0,0.0,17347887721.0,GR11-TGP,,,90,,0.0,0.0,0.0,Обков,,DATABASE_EVIDENCE
WeissProfil2018_113,T-10183-12-0-1,GR11-TGP,TGP - T-10183-12-0-1 - Задно заключване - 740 - (1150 - 1500),4,8,0.0,0.0,21428562511.0,GR11-TGP,,,90,,0.0,0.0,,Обков,,DATABASE_EVIDENCE
WeissProfil2018_113,T-10183-12-S-1,GR11-TGP,TGP - T-10183-12-S-1 - Se Задно заключване - 740 - (1150 - 1500),4,8,0.0,0.0,75968152179.0,GR11-TGP,,,90,,0.0,0.0,0.0,Обков,,DATABASE_EVIDENCE
WeissProfil2018_113,T-10183-14-0-1,GR11-TGP,TGP - T-10183-14-0-1 - Задно заключване - 990 - (1350 - 1600),4,8,0.0,0.0,56668794856.0,GR11-TGP,,,90,,0.0,0.0,,Обков,,DATABASE_EVIDENCE
WeissProfil2018_113,T-10183-15-0-1,GR11-TGP,TGP - T-10183-15-0-1 - Задно заключване - 1240 - (1500 - 1800),4,8,0.0,0.0,98748485521.0,GR11-TGP,,,90,,0.0,0.0,,Обков,,DATABASE_EVIDENCE
WeissProfil2018_113,T-10183-15-S-1,GR11-TGP,TGP - T-10183-15-S-1 - Se Задно заключване - 1240 - (1500 - 1800),4,8,0.0,0.0,28208945981.0,GR11-TGP,,,90,,0.0,0.0,0.0,Обков,,DATABASE_EVIDENCE
WeissProfil2018_113,T-10183-19-0-1,GR11-TGP,TGP - T-10183-19-0-1 - Задно заключване - 1480 - (1850 - 2100),4,8,0.0,0.0,13138549463.0,GR11-TGP,,,90,,0.0,0.0,,Обков,,DATABASE_EVIDENCE
WeissProfil2018_113,T-10183-19-S-1,GR11-TGP,TGP - T-10183-19-S-1 - Se Задно заключване - 1480 - (1850 - 2100),4,8,0.0,0.0,1628469777.0,GR11-TGP,,,90,,0.0,0.0,0.0,Обков,,DATABASE_EVIDENCE
WeissProfil2018_113,T-10183-21-0-1,GR11-TGP,TGP - T-10183-21-0-1 - Задно заключване - 1780 - (2100 - 2400),4,8,0.0,0.0,88479181707.0,GR11-TGP,,,90,,0.0,0.0,,Обков,,DATABASE_EVIDENCE
WeissProfil2018_113,T-10184-00-0-1,GR11-TGP,TGP - T-10184-00-0-1 - Долно заключване,4,8,0.0,0.0,58238351773.0,GR11-TGP,,,90,,0.0,0.0,,Обков,,DATABASE_EVIDENCE
WeissProfil2018_113,T-10184-20-0-1,GR11-TGP,TGP - T-10184-20-0-1 - Горно заключване,4,8,0.0,0.0,28470221406.0,GR11-TGP,,,90,,0.0,0.0,0.0,Обков,,DATABASE_EVIDENCE
WeissProfil2018_113,T-10185-00-0-5,TGP,"TGP Cover set, dark brown RAL 8022",4,8,0.0,0.0,1389522606.0,GROUP15-WP/GIESSE/15,,,90,,0.0,0.0,0.0,Обков,,DATABASE_EVIDENCE
WeissProfil2018_113,T-10185-00-0-55,TGP,"TGP Cover set, brown RAL 8017",4,8,0.0,0.0,36614862786.0,GROUP15-WP/GIESSE/15,,,90,,0.0,0.0,0.0,Обков,,DATABASE_EVIDENCE
WeissProfil2018_113,T-10185-00-0-56,TGP,Капачки к-т светл. кафеви,4,10,0.0,0.0,58664782381.0,TGP,,,90,,0.0,0.0,0.0,Капачки,,DATABASE_EVIDENCE
WeissProfil2018_113,T-10185-00-0-7,TGP,"TGP Cover set, white RAL 9016",4,8,0.0,0.0,50359872394.0,GROUP15-WP/GIESSE/15,,,90,,0.0,0.0,0.0,Обков,,DATABASE_EVIDENCE
WeissProfil2018_113,T-10185-00-D-1,GR11-TGP,TGP - T-10185-00-D-1 - Капачки долен комплект (сиви),4,8,0.0,0.0,85359232861.0,GR11-TGP,,,90,,0.0,0.0,0.0,Обков,,DATABASE_EVIDENCE
WeissProfil2018_113,T-10185-00-U-1,GR11-TGP,TGP - T-10185-00-U-1 - Капачки горен комплект (сиви),4,8,0.0,0.0,69029822782.0,GR11-TGP,,,90,,0.0,0.0,0.0,Обков,,DATABASE_EVIDENCE
WeissProfil2018_113,T-10185-00-U-5,GR11-TGP,TGP - T-10185-00-U-5 - Капачки горен комплект (кафяви),4,8,0.0,0.0,77079232822.0,GR11-TGP,,,90,,0.0,0.0,,Обков,,DATABASE_EVIDENCE
WeissProfil2018_113,T-10185-00-U-55,TGP,Капачки горен к-т кафеви,4,4,0.0,0.0,56334892362.0,TGP,,,90,,0.0,0.0,0.0,Аксесоар,,DATABASE_EVIDENCE
WeissProfil2018_113,T-10185-00-U-56,TGP,Капачки горен к-т свет. кафеви,4,4,0.0,0.0,23374492764.0,TGP,,,90,,0.0,0.0,0.0,Аксесоар,,DATABASE_EVIDENCE
WeissProfil2018_113,T-10185-00-U-7,GR11-TGP,TGP - T-10185-00-U-7 - Капачки горен комплект (бели),4,8,0.0,0.0,35059132130.0,GR11-TGP,,,90,,0.0,0.0,,Обков,,DATABASE_EVIDENCE
WeissProfil2018_113,T-10185-10-0-5,TGP,Капачки долен к-т тъм. кафеви,4,10,0.0,0.0,53420762510.0,TGP,,,90,,0.0,0.0,0.0,Капачки,,DATABASE_EVIDENCE
WeissProfil2018_113,T-10185-10-0-55,TGP,Капачки долен к-т кафеви,4,10,0.0,0.0,54775082734.0,TGP,,,90,,0.0,0.0,0.0,Капачки,,DATABASE_EVIDENCE
WeissProfil2018_113,T-10185-10-0-56,TGP,Капачки долен к-т свет. кафеви,4,10,0.0,0.0,21725312523.0,TGP,,,90,,0.0,0.0,0.0,Капачки,,DATABASE_EVIDENCE
WeissProfil2018_113,T-10185-10-0-7,TGP,Капачки долен к-т бели,4,10,0.0,0.0,72400412925.0,TGP,,,90,,0.0,0.0,0.0,Капачки,,DATABASE_EVIDENCE
WeissProfil2018_113,T-10185-10-0-F1,GR11-TGP,TGP - T-10185-10-0-F1- Капачки долен комплект (Silver),4,8,0.0,0.0,22475492861.0,GR11-TGP,,,90,,0.0,0.0,0.0,Обков,,DATABASE_EVIDENCE
WeissProfil2018_113,T-10185-10-0-F2,GR11-TGP,TGP - T-10185-10-0-F2- Капачки долен комплект (Champagne),4,8,0.0,0.0,92455422896.0,GR11-TGP,,,90,,0.0,0.0,0.0,Обков,,DATABASE_EVIDENCE
WeissProfil2018_113,T-10185-10-0-F4,GR11-TGP,TGP - T-10185-10-0-F4- Капачки долен комплект (Bronz),4,8,0.0,0.0,45455752453.0,GR11-TGP,,,90,,0.0,0.0,0.0,Обков,,DATABASE_EVIDENCE
WeissProfil2018_113,T-10185-20-0-16,GR11-TGP,TGP - T-10185-20-0-16 - Капачки горен комплект антрацит  7016,4,8,0.0,0.0,37416132774.0,GR11-TGP,,,90,,0.0,0.0,0.0,Обков,,DATABASE_EVIDENCE
WeissProfil2018_113,T-10185-20-0-5,TGP,Капачки горен к-т тъм. кафеви,4,4,0.0,0.0,23501212910.0,TGP,,,90,,0.0,0.0,0.0,Аксесоар,,DATABASE_EVIDENCE
WeissProfil2018_113,T-10185-20-0-55,TGP,Капачки горен к-т кафеви,4,10,0.0,0.0,26836192185.0,TGP,,,90,,0.0,0.0,0.0,Капачки,,DATABASE_EVIDENCE
WeissProfil2018_113,T-10185-20-0-56,TGP,Капачки горен к-т светл. кафеви,4,10,0.0,0.0,16836832777.0,TGP,,,90,,0.0,0.0,0.0,Капачки,,DATABASE_EVIDENCE
WeissProfil2018_113,T-10185-20-0-6,TGP,Капачки горен к-т сребро,4,10,0.0,0.0,38551182611.0,TGP,,,90,,0.0,0.0,0.0,Капачки,,DATABASE_EVIDENCE
WeissProfil2018_113,T-10185-20-0-7,TGP,Капачки горен к-т бели,4,4,0.0,0.0,93561282242.0,TGP,,,90,,0.0,0.0,0.0,Аксесоар,,DATABASE_EVIDENCE
WeissProfil2018_113,T-10185-20-0-95,GR11-TGP,TGP - T-10185-20-0-95 - Капачки горен комплект (черни),4,8,0.0,0.0,66276112524.0,GR11-TGP,,,90,,0.0,0.0,0.0,Обков,,DATABASE_EVIDENCE
WeissProfil2018_113,T-10185-20-0-F1,GR11-TGP,TGP - T-10185-20-0-F1 - Капачки горен комплект (Silver),4,8,0.0,0.0,71536722803.0,GR11-TGP,,,90,,0.0,0.0,0.0,Обков,,DATABASE_EVIDENCE
WeissProfil2018_113,T-10185-20-0-F2,GR11-TGP,TGP - T-10185-20-0-F2 - Капачки горен комплект (Champagne),4,8,0.0,0.0,35586472032.0,GR11-TGP,,,90,,0.0,0.0,0.0,Обков,,DATABASE_EVIDENCE
WeissProfil2018_113,T-10185-20-0-F4,GR11-TGP,TGP - T-10185-20-0-F4 - Капачки горен комплект (Bronz),4,8,0.0,0.0,91526442783.0,GR11-TGP,,,90,,0.0,0.0,0.0,Обков,,DATABASE_EVIDENCE
WeissProfil2018_113,T-10186-00-0-1,TGP,Долна панта каса,4,24,0.0,0.0,71450443600.0,TGP,,,90,,0.0,0.0,0.0,Панта за прозорец,,DATABASE_EVIDENCE
WeissProfil2018_113,T-10186-01-0-1,GR11-TGP,TGP - T-10186-01-0-1 - Долна панта крило,4,8,0.0,0.0,87520324955.0,GR11-TGP,,,90,,0.0,0.0,,Обков,,DATABASE_EVIDENCE
WeissProfil2018_113,T-10186-02-0-1,GR11-TGP,TGP - T-10186-02-0-1 - Долна панта каса,4,8,0.0,0.0,63680075171.0,GR11-TGP,,,90,,0.0,0.0,,Обков,,DATABASE_EVIDENCE
WeissProfil2018_113,T-10186-03-0-1,GR11-TGP,TGP - T-10186-03-0-1 - Горна панта каса,4,8,0.0,0.0,44740746968.0,GR11-TGP,,,90,,0.0,0.0,,Обков,,DATABASE_EVIDENCE
WeissProfil2018_113,T-10186-08-0-1,GR11-TGP,TGP - T-10186-08-0-1 - Панта към крило 13 мм.,4,8,0.0,0.0,95220281557.0,GR11-TGP,,,90,,0.0,0.0,,Обков,,DATABASE_EVIDENCE
WeissProfil2018_113,T-10186-20-0-1,TGP,Горна панта каса,4,24,0.0,0.0,72652513330.0,TGP,,,90,,0.0,0.0,0.0,Панта за прозорец,,DATABASE_EVIDENCE
WeissProfil2018_113,T-10188-06-0-1,GR11-TGP,TGP - T-10188-06-0-1 - Пасивна март. подвижен делител (585 - 1000),4,8,0.0,0.0,71222181154.0,GR11-TGP,,,90,,0.0,0.0,,Обков,,DATABASE_EVIDENCE
WeissProfil2018_113,T-10188-09-0-1,GR11-TGP,TGP - T-10188-09-0-1 - Пасивна март. подвижен делител (885 - 1300),4,8,0.0,0.0,91512574183.0,GR11-TGP,,,90,,0.0,0.0,,Обков,,DATABASE_EVIDENCE
WeissProfil2018_113,T-10188-12-0-1,GR11-TGP,TGP - T-10188-12-0-1 - Пасивна март. подвижен делител (1185 - 1600),4,8,0.0,0.0,58953337591.0,GR11-TGP,,,90,,0.0,0.0,,Обков,,DATABASE_EVIDENCE
WeissProfil2018_113,T-10188-14-0-1,GR11-TGP,TGP - T-10188-14-0-1 - Пасивна март. подвижен делител (1385 - 1800),4,8,0.0,0.0,74113609361.0,GR11-TGP,,,90,,0.0,0.0,,Обков,,DATABASE_EVIDENCE
WeissProfil2018_113,T-10188-16-0-1,GR11-TGP,TGP - T-10188-16-0-1 - Пасивна март. подвижен делител (1585 - 2000),4,8,0.0,0.0,6343591467.0,GR11-TGP,,,90,,0.0,0.0,,Обков,,DATABASE_EVIDENCE
WeissProfil2018_113,T-10188-20-0-1,GR11-TGP,TGP - T-10188-20-0-1 - Пасивна март. подвижен делител (1985 - 2400),4,8,0.0,0.0,88864555462.0,GR11-TGP,,,90,,0.0,0.0,,Обков,,DATABASE_EVIDENCE
WeissProfil2018_113,T-10189-01-0-1,GR11-TGP,TGP - T-10189-01-0-1 - Окомпл. за общо закл. подвижен делител - горна,4,8,0.0,0.0,18813777937.0,GR11-TGP,,,90,,0.0,0.0,,Обков,,DATABASE_EVIDENCE
WeissProfil2018_113,T-10189-02-0-1,GR11-TGP,TGP - T-10189-02-0-1 - Окомпл. за общо закл. подвижен делител - долна,4,8,0.0,0.0,31933568274.0,GR11-TGP,,,90,,0.0,0.0,,Обков,,DATABASE_EVIDENCE
WeissProfil2018_113,T-10189-03-0-1,GR11-TGP,TGP - T-10189-03-0-1 - Закл. подвижен делител малко долно,4,8,0.0,0.0,87033499336.0,GR11-TGP,,,90,,0.0,0.0,,Обков,,DATABASE_EVIDENCE
WeissProfil2018_113,T-10189-04-0-1,GR11-TGP,TGP - T-10189-04-0-1 - Закл. подвижен делител малко горно,4,8,0.0,0.0,54183860321.0,GR11-TGP,,,90,,0.0,0.0,,Обков,,DATABASE_EVIDENCE
WeissProfil2018_113,T-10189-42-0-1,GR11-TGP,TGP - T-10189-42-0-1 - Удължение 420,4,8,0.0,0.0,83367818191.0,GR11-TGP,,,90,,0.0,0.0,,Обков,,DATABASE_EVIDENCE
WeissProfil2018_113,T-10189-42-S-1,GR11-TGP,TGP - T-10189-42-S-1 - Se Удължение 420,4,8,0.0,0.0,1827308155.0,GR11-TGP,,,90,,0.0,0.0,0.0,Обков,,DATABASE_EVIDENCE
WeissProfil2018_113,T-10189-50-0-1,GR11-TGP,TGP - T-10189-50-0-1 - Палец /осигурител/,4,8,0.0,0.0,62248776074.0,GR11-TGP,,,90,,0.0,0.0,,Обков,,DATABASE_EVIDENCE
WeissProfil2018_113,T-10189-63-0-1,GR11-TGP,TGP - T-10189-63-0-1 - Удължение 630,4,8,0.0,0.0,46649579964.0,GR11-TGP,,,90,,0.0,0.0,,Обков,,DATABASE_EVIDENCE
WeissProfil2018_113,T-10189-63-S-1,GR11-TGP,TGP - T-10189-63-S-1 - Se Удължение 630,4,8,0.0,0.0,39179319287.0,GR11-TGP,,,90,,0.0,0.0,0.0,Обков,,DATABASE_EVIDENCE
WeissProfil2018_113,T-10190-05-0-1,GR11-TGP,TGP - T-10190-05-0-1 - Мартина за механизъм фиксирана - (295 - 600),4,8,0.0,0.0,1414002548.0,GR11-TGP,,,90,,0.0,0.0,0.0,Обков,,DATABASE_EVIDENCE
WeissProfil2018_113,T-10190-06-0-1,GR11-TGP,TGP - T-10190-06-0-1 - Мартина за механизъм фиксирана - (501 - 701),4,8,0.0,0.0,87544633827.0,GR11-TGP,,,90,,0.0,0.0,0.0,Обков,,DATABASE_EVIDENCE
WeissProfil2018_113,T-10190-10-0-1,GR11-TGP,TGP - T-10190-10-0-1 - Мартина за механизъм фиксирана - (901 - 1100),4,8,0.0,0.0,93085607628.0,GR11-TGP,,,90,,0.0,0.0,0.0,Обков,,DATABASE_EVIDENCE
WeissProfil2018_113,T-10190-12-0-1,GR11-TGP,TGP - T-10190-12-0-1 - Мартина за механизъм фиксирана - (1101-1300),4,8,0.0,0.0,75215389523.0,GR11-TGP,,,90,,0.0,0.0,0.0,Обков,,DATABASE_EVIDENCE
WeissProfil2018_113,T-10190-14-0-1,GR11-TGP,TGP - T-10190-14-0-1 - Мартина за механизъм фиксирана - (1301 - 1500),4,8,0.0,0.0,88475551641.0,GR11-TGP,,,90,,0.0,0.0,0.0,Обков,,DATABASE_EVIDENCE
WeissProfil2018_113,T-10190-16-0-1,GR11-TGP,TGP - T-10190-16-0-1 - Мартина за механизъм фиксирана - (1501-1700),4,8,0.0,0.0,72695143152.0,GR11-TGP,,,90,,0.0,0.0,0.0,Обков,,DATABASE_EVIDENCE
WeissProfil2018_113,T-10190-18-0-1,GR11-TGP,TGP - T-10190-18-0-1 - Мартина за механизъм фиксирана - (1701-1900),4,8,0.0,0.0,42895125789.0,GR11-TGP,,,90,,0.0,0.0,0.0,Обков,,DATABASE_EVIDENCE
WeissProfil2018_113,T-10190-20-0-1,GR11-TGP,TGP - T-10190-20-0-1 - Мартина за механизъм фиксирана - (1901-2100),4,8,0.0,0.0,70136917421.0,GR11-TGP,,,90,,0.0,0.0,0.0,Обков,,DATABASE_EVIDENCE
WeissProfil2018_113,T-10195-00-0-1,GR11-TGP,TGP - T-10195-00-0-1 - Конзола за нормално отваряне,4,8,0.0,0.0,83489042766.0,GR11-TGP,,,90,,0.0,0.0,,Обков,,DATABASE_EVIDENCE
WeissProfil2018_113,T-10195-09-0-1,GR11-TGP,"TGP - T-10195-09-0-1 - Мартина за мех., 7.5 mm - (885 - 1300)",4,8,0.0,0.0,94379111023.0,GR11-TGP,,,90,,0.0,0.0,0.0,Обков,,DATABASE_EVIDENCE
WeissProfil2018_113,T-10195-16-0-1,GR11-TGP,"TGP - T-10195-16-0-1 - Мартина за мех., 7.5 mm - (1585 - 2000)",4,8,0.0,0.0,41130138401.0,GR11-TGP,,,90,,0.0,0.0,0.0,Обков,,DATABASE_EVIDENCE
WeissProfil2018_113,T-10195-20-0-1,GR11-TGP,"TGP - T-10195-20-0-1 - Мартина за мех., 7.5 mm - (1985 - 2400)",4,8,0.0,0.0,71611282207.0,GR11-TGP,,,90,,0.0,0.0,0.0,Обков,,DATABASE_EVIDENCE
WeissProfil2018_113,T-10196-13-0-1,TGP,TGP Middle hinge 13mm,4,8,0.0,0.0,51911566140.0,GROUP15-WP/GIESSE/15,,,90,,0.0,0.0,0.0,Обков,,DATABASE_EVIDENCE
WeissProfil2018_113,T-110x60x1.9,GR4-COLD,Ал. T-образен профил 110x60x1.9,4,51,0.0,0.0,79246726825.0,GR4-COLD,,,90,,60.0,110.0,0.0,Допълнителни профили,,DATABASE_EVIDENCE
WeissProfil2018_113,T-110x60x2.9,GR4-COLD,Ал. T-образен профил 110x60x2.9,4,51,0.0,0.0,17356526069.0,GR4-COLD,,,90,,60.0,110.0,0.0,Допълнителни профили,,DATABASE_EVIDENCE
WeissProfil2018_113,T-11196-09-0-1,GR11-TGP,"TGP - T-11196-09-0-1 - Средна панта крило 9 мм, регулируема",4,8,0.0,0.0,94510903078.0,GR11-TGP,,,90,,0.0,0.0,0.0,Обков,,DATABASE_EVIDENCE
WeissProfil2018_113,T-11196-13-0-1,GR11-TGP,"TGP - T-11196-13-0-1 - Средна панта крило 13 мм, регулируема",4,8,0.0,0.0,21011917978.0,GR11-TGP,,,90,,0.0,0.0,,Обков,,DATABASE_EVIDENCE
WeissProfil2018_113,T-12196-09-0-1,GR11-TGP,"TGP - T-12196-09-0-1 - Средна панта скрита, комплект 9 мм",4,8,0.0,0.0,57660064974.0,GR11-TGP,,,90,,0.0,0.0,0.0,Обков,,DATABASE_EVIDENCE
WeissProfil2018_113,T-12196-13-0-1,GR11-TGP,"TGP - T-12196-13-0-1 - Средна панта скрита, комплект 13 мм",4,8,0.0,0.0,10141578709.0,GR11-TGP,,,90,,0.0,0.0,,Обков,,DATABASE_EVIDENCE
WeissProfil2018_113,T-13196-00-L-5,GR11-TGP,TGP - T-13196-00-L-5 - Капачка комплект лява - кафява,4,8,0.0,0.0,88600446268.0,GR11-TGP,,,90,,0.0,0.0,,Обков,,DATABASE_EVIDENCE
WeissProfil2018_113,T-13196-00-L-55,TGP,Кап.фалц панта L к-т кафеви,4,10,0.0,0.0,39945476686.0,TGP,,,90,,0.0,0.0,0.0,Капачки,,DATABASE_EVIDENCE
WeissProfil2018_113,T-13196-00-L-56,TGP,Кап.фалц панта L к-т светл. кафеви,4,10,0.0,0.0,66915936594.0,TGP,,,90,,0.0,0.0,0.0,Капачки,,DATABASE_EVIDENCE
WeissProfil2018_113,T-13196-00-L-6,TGP,Кап.фалц панта L к-т сребро,4,10,0.0,0.0,75640186026.0,TGP,,,90,,0.0,0.0,0.0,Капачки,,DATABASE_EVIDENCE
WeissProfil2018_113,T-13196-00-L-7,GR11-TGP,TGP - T-13196-00-L-7 - Капачка комплект лява - бяла,4,8,0.0,0.0,83640516174.0,GR11-TGP,,,90,,0.0,0.0,,Обков,,DATABASE_EVIDENCE
WeissProfil2018_113,T-13196-00-L-95,GR11-TGP,TGP - T-13196-00-L-95 - Капачка комплект лява - черна,4,8,0.0,0.0,36385146599.0,GR11-TGP,,,90,,0.0,0.0,0.0,Обков,,DATABASE_EVIDENCE
WeissProfil2018_113,T-13196-00-L-96,GR11-TGP,TGP - T-13196-00-L-96 - Капачка комплект лява - сива,4,8,0.0,0.0,63345516003.0,GR11-TGP,,,90,,0.0,0.0,0.0,Обков,,DATABASE_EVIDENCE
WeissProfil2018_113,T-13196-00-R-5,TGP,Кап.фалц панта R к-т тъм. кафеви,4,10,0.0,0.0,42240256046.0,TGP,,,90,,0.0,0.0,,Капачки,,DATABASE_EVIDENCE
WeissProfil2018_113,T-13196-00-R-55,TGP,Кап.фалц панта R к-т кафеви,4,10,0.0,0.0,43595486828.0,TGP,,,90,,0.0,0.0,0.0,Капачки,,DATABASE_EVIDENCE
WeissProfil2018_113,T-13196-00-R-56,TGP,Кап.фалц панта R к-т светл. кафеви,4,10,0.0,0.0,57505706712.0,TGP,,,90,,0.0,0.0,0.0,Капачки,,DATABASE_EVIDENCE
WeissProfil2018_113,T-13196-00-R-6,TGP,Кап.фалц панта R к-т сребро,4,10,0.0,0.0,85210996513.0,TGP,,,90,,0.0,0.0,0.0,Капачки,,DATABASE_EVIDENCE
WeissProfil2018_113,T-13196-00-R-7,GR11-TGP,TGP - T-13196-00-R-7 - Капачка комплект дясна - бяла,4,8,0.0,0.0,58280966074.0,GR11-TGP,,,90,,0.0,0.0,,Обков,,DATABASE_EVIDENCE
WeissProfil2018_113,T-13196-00-R-95,GR11-TGP,TGP - T-13196-00-R-95 - Капачка комплект дясна - черна,4,8,0.0,0.0,88935156939.0,GR11-TGP,,,90,,0.0,0.0,0.0,Обков,,DATABASE_EVIDENCE
WeissProfil2018_113,T-13196-00-R-96,GR11-TGP,TGP - T-13196-00-R-96 - Капачка комплект дясна - сива,4,8,0.0,0.0,42955556641.0,GR11-TGP,,,90,,0.0,0.0,0.0,Обков,,DATABASE_EVIDENCE
WeissProfil2018_113,T-13196-09-L-1,GR11-TGP,TGP - T-13196-09-L-1 - Фалц панта 9 мм лява,4,8,0.0,0.0,61510175422.0,GR11-TGP,,,90,,0.0,0.0,0.0,Обков,,DATABASE_EVIDENCE
WeissProfil2018_113,T-13196-09-L-5,GR11-TGP,TGP - T-13196-09-L-5 - Фалц панта 9 мм лява кафява,4,8,0.0,0.0,41560305344.0,GR11-TGP,,,90,,0.0,0.0,0.0,Обков,,DATABASE_EVIDENCE
WeissProfil2018_113,T-13196-09-L-7,GR11-TGP,TGP - T-13196-09-L-7 - Фалц панта 9 мм лява бяла,4,8,0.0,0.0,67520425521.0,GR11-TGP,,,90,,0.0,0.0,0.0,Обков,,DATABASE_EVIDENCE
WeissProfil2018_113,T-13196-09-R-5,GR11-TGP,TGP - T-13196-09-R-5 - Фалц панта 9 мм дясна кафява,4,8,0.0,0.0,37110575429.0,GR11-TGP,,,90,,0.0,0.0,0.0,Обков,,DATABASE_EVIDENCE
WeissProfil2018_113,T-13196-09-R-7,GR11-TGP,TGP - T-13196-09-R-7 - Фалц панта 9 мм дясна бяла,4,8,0.0,0.0,57180055974.0,GR11-TGP,,,90,,0.0,0.0,0.0,Обков,,DATABASE_EVIDENCE
WeissProfil2018_113,T-13196-13-L-1,GR11-TGP,TGP - T-13196-13-L-1 - Фалц панта 13 мм лява,4,8,0.0,0.0,68021469353.0,GR11-TGP,,,90,,0.0,0.0,,Обков,,DATABASE_EVIDENCE
WeissProfil2018_113,T-13196-13-L-5,GR11-TGP,TGP - T-13196-13-L-5 - Фалц панта 13 мм лява кафява,4,8,0.0,0.0,25021669887.0,GR11-TGP,,,90,,0.0,0.0,0.0,Обков,,DATABASE_EVIDENCE
WeissProfil2018_113,T-13196-13-L-7,GR11-TGP,TGP - T-13196-13-L-7 - Фалц панта 13 мм лява бяла,4,8,0.0,0.0,61031669544.0,GR11-TGP,,,90,,0.0,0.0,0.0,Обков,,DATABASE_EVIDENCE
WeissProfil2018_113,T-13196-13-R-1,GR11-TGP,TGP - T-13196-13-R-1 - Фалц панта 13 мм дясна,4,8,0.0,0.0,84611709475.0,GR11-TGP,,,90,,0.0,0.0,,Обков,,DATABASE_EVIDENCE
WeissProfil2018_113,T-13196-13-R-5,GR11-TGP,TGP - T-13196-13-R-5 - Фалц панта 13 мм дясна кафява,4,8,0.0,0.0,57621239135.0,GR11-TGP,,,90,,0.0,0.0,0.0,Обков,,DATABASE_EVIDENCE
WeissProfil2018_113,T-15196-00-0-1,GR11-TGP,TGP - T-15196-00-0-1 - Скрита чупеща панта с капачка-бяла,4,8,0.0,0.0,92010688265.0,GR11-TGP,,,90,,0.0,0.0,0.0,Обков,,DATABASE_EVIDENCE
WeissProfil2018_113,T-15196-00-0-5,GR11-TGP,TGP - T-15196-00-0-5 Скрита чупеща панта с капачка кафява,4,8,0.0,0.0,92080128141.0,GR11-TGP,,,90,,0.0,0.0,0.0,Обков,,DATABASE_EVIDENCE
WeissProfil2018_113,T-18100-00-L,GR11-TGP,TGP - T-18100-00-L - 1130 kg Ролков Комплект VW (ляв),4,8,0.0,0.0,18549317130.0,GR11-TGP,,,90,,0.0,0.0,0.0,Обков,,DATABASE_EVIDENCE
WeissProfil2018_113,T-18100-00-L-1,TGP,"TGP 130kg roller set right VW, left",4,8,0.0,0.0,57654615186.0,GROUP15-WP/GIESSE/15,,,90,,0.0,0.0,0.0,Обков,,DATABASE_EVIDENCE
WeissProfil2018_113,T-18100-00-R,GR11-TGP,TGP - T-18100-00-R - 1130 kg Ролков Комплект VW (десен),4,8,0.0,0.0,24549677051.0,GR11-TGP,,,90,,0.0,0.0,0.0,Обков,,DATABASE_EVIDENCE
WeissProfil2018_113,T-18100-00-R-1,TGP,"TGP 130kg roller set right VW, right",4,8,0.0,0.0,55244615533.0,GROUP15-WP/GIESSE/15,,,90,,0.0,0.0,0.0,Обков,,DATABASE_EVIDENCE
WeissProfil2018_113,T-18101-00-0-5,GR11-TGP,TGP - T-18101-00-0-5 - Капачки за ролки VW Dark Brown ( 8022),4,8,0.0,0.0,46955886264.0,GR11-TGP,,,90,,0.0,0.0,,Обков,,DATABASE_EVIDENCE
WeissProfil2018_113,T-18101-00-0-6,TGP,Капачки за ролки VW сребро,4,4,0.0,0.0,6955976432.0,TGP,,,90,,0.0,0.0,0.0,Аксесоар,,DATABASE_EVIDENCE
WeissProfil2018_113,T-18101-00-0-7,GR11-TGP,TGP - T-18101-00-0-7 - Капачки за ролки VW White ( ),4,8,0.0,0.0,41975416487.0,GR11-TGP,,,90,,0.0,0.0,,Обков,,DATABASE_EVIDENCE
WeissProfil2018_113,T-18102-00-0-5,GR11-TGP,TGP - T-18102-00-0-5 - Капачки за Ножици VW Dark Brown ( 8022) 4,4,8,0.0,0.0,72076657928.0,GR11-TGP,,,90,,0.0,0.0,0.0,Обков,,DATABASE_EVIDENCE
WeissProfil2018_113,T-18102-00-0-6,TGP,Капачки за ножици VW сребро,4,4,0.0,0.0,57026217292.0,TGP,,,90,,0.0,0.0,0.0,Аксесоар,,DATABASE_EVIDENCE
WeissProfil2018_113,T-18102-00-0-7,GR11-TGP,TGP - T-18102-00-0-7 - Капачки за Ножици VW White ( ),4,8,0.0,0.0,30016037587.0,GR11-TGP,,,90,,0.0,0.0,0.0,Обков,,DATABASE_EVIDENCE
WeissProfil2018_113,T-18103-00-0-1,GR11-TGP,TGP - T-18103-00-0-1 - Ножици комплект VW 4,4,8,0.0,0.0,98107288671.0,GR11-TGP,,,90,,0.0,0.0,,Обков,,DATABASE_EVIDENCE
WeissProfil2018_113,T-18104-04-0-1,GR11-TGP,TGP - T-18104-04-0-1 - Удължение VW (400-700),4,8,0.0,0.0,8628823731.0,GR11-TGP,,,90,,0.0,0.0,,Обков,,DATABASE_EVIDENCE
WeissProfil2018_113,T-18104-06-0-1,GR11-TGP,TGP - T-18104-06-0-1 - Удължение VW (585-1000),4,8,0.0,0.0,69888575231.0,GR11-TGP,,,90,,0.0,0.0,,Обков,,DATABASE_EVIDENCE
WeissProfil2018_113,T-18104-09-0-1,GR11-TGP,TGP - T-18104-09-0-1 - Удължение VW (885-1300),4,8,0.0,0.0,7178958678.0,GR11-TGP,,,90,,0.0,0.0,,Обков,,DATABASE_EVIDENCE
WeissProfil2018_113,T-18104-12-0-1,GR11-TGP,TGP - T-18104-12-0-1 - Удължение VW (1185-1600),4,8,0.0,0.0,36569811227.0,GR11-TGP,,,90,,0.0,0.0,,Обков,,DATABASE_EVIDENCE
WeissProfil2018_113,T-18104-16-0-1,GR11-TGP,TGP - T-18104-16-0-1 - Удължение VW (1585-2000),4,8,0.0,0.0,82979405365.0,GR11-TGP,,,90,,0.0,0.0,,Обков,,DATABASE_EVIDENCE
WeissProfil2018_113,T-18104-20-0-1,GR11-TGP,TGP - T-18104-20-0-1 - Удължение VW (1985-2400),4,8,0.0,0.0,39430869594.0,GR11-TGP,,,90,,0.0,0.0,,Обков,,DATABASE_EVIDENCE
WeissProfil2018_113,T-18111-00-0-1,GR11-TGP,TGP - T-18111-00-0-1 - Полуавтоматични ъгли комплект VW,4,8,0.0,0.0,36035756198.0,GR11-TGP,,,90,,0.0,0.0,,Обков,,DATABASE_EVIDENCE
WeissProfil2018_113,T-18112-13-0-1,GR11-TGP,TGP - T-18112-13-0-1 - Насрещник 13 mm за Полуавтоматичен ъгъл VW,4,8,0.0,0.0,71537650252.0,GR11-TGP,,,90,,0.0,0.0,,Обков,,DATABASE_EVIDENCE
WeissProfil2018_113,T-18113-00-0-1,GR11-TGP,TGP - T-18113-00-0-1 - Комплект аксесоари за релси,4,8,0.0,0.0,51287408657.0,GR11-TGP,,,90,,0.0,0.0,,Обков,,DATABASE_EVIDENCE
WeissProfil2018_113,T-18114-20-0-5,GR11-TGP,TGP - T-18114-20-0-5 - Комплект Релси VW 2000 mm Dark Brown ( 8022),4,8,0.0,0.0,75520389497.0,GR11-TGP,,,90,,0.0,0.0,,Обков,,DATABASE_EVIDENCE
WeissProfil2018_113,T-18114-20-0-6,GR11-TGP,TGP - T-18114-20-0-6 - Комплект Релси VW 2000 mm Silver ( 9006),4,8,0.0,0.0,75520409075.0,GR11-TGP,,,90,,0.0,0.0,,Обков,,DATABASE_EVIDENCE
WeissProfil2018_113,T-18114-20-0-7,GR11-TGP,TGP - T-18114-20-0-7 - Комплект Релси VW 2000 mm White ( ),4,8,0.0,0.0,81570319879.0,GR11-TGP,,,90,,0.0,0.0,,Обков,,DATABASE_EVIDENCE
WeissProfil2018_113,T-18114-26-0-5,GR11-TGP,TGP - T-18114-26-0-5 - Комплект Релси VW 2600 mm Dark Brown ( 8022),4,8,0.0,0.0,53130705214.0,GR11-TGP,,,90,,0.0,0.0,,Обков,,DATABASE_EVIDENCE
WeissProfil2018_113,T-18114-26-0-6,GR11-TGP,TGP - T-18114-26-0-6 - Комплект Релси VW 2600 mm Silver ( 9006),4,8,0.0,0.0,65110615357.0,GR11-TGP,,,90,,0.0,0.0,,Обков,,DATABASE_EVIDENCE
WeissProfil2018_113,T-18114-26-0-7,GR11-TGP,TGP - T-18114-26-0-7 - Комплект Релси VW 2600 mm White ( ),4,8,0.0,0.0,71130095732.0,GR11-TGP,,,90,,0.0,0.0,,Обков,,DATABASE_EVIDENCE
WeissProfil2018_113,T-18114-26-0-95,GR11-TGP,TGP - T-18114-26-0-95 - Комплект Релси VW 2600 mm Black ( 9005),4,8,0.0,0.0,93855275625.0,GR11-TGP,,,90,,0.0,0.0,0.0,Обков,,DATABASE_EVIDENCE
WeissProfil2018_113,T-18114-32-0-5,GR11-TGP,TGP - T-18114-32-0-5 - Комплект Релси VW 3200 mm Dark Brown ( 8022),4,8,0.0,0.0,36861691348.0,GR11-TGP,,,90,,0.0,0.0,,Обков,,DATABASE_EVIDENCE
WeissProfil2018_113,T-18114-32-0-6,GR11-TGP,TGP - T-18114-32-0-6 - Комплект Релси VW 3200 mm Silver ( 9006),4,8,0.0,0.0,17871141388.0,GR11-TGP,,,90,,0.0,0.0,,Обков,,DATABASE_EVIDENCE
WeissProfil2018_113,T-18114-32-0-7,GR11-TGP,TGP - T-18114-32-0-7 - Комплект Релси VW 3200 mm White ( ),4,8,0.0,0.0,52811531765.0,GR11-TGP,,,90,,0.0,0.0,,Обков,,DATABASE_EVIDENCE
WeissProfil2018_113,T-18114-32-0-95,GR11-TGP,TGP - T-18114-32-0-95 - Комплект Релси VW 3200 mm Black ( 9005),4,8,0.0,0.0,46546141785.0,GR11-TGP,,,90,,0.0,0.0,0.0,Обков,,DATABASE_EVIDENCE
WeissProfil2018_113,T-18116-32-0-7,GR11-TGP,TGP - T-18116-32-0-7 - Комплект Релси за алуминий VW 3200 mm White ( ),4,8,0.0,0.0,18053863166.0,GR11-TGP,,,90,,0.0,0.0,0.0,Обков,,DATABASE_EVIDENCE
WeissProfil2018_113,T-18116-32-0-95,GR11-TGP,TGP - T-18116-32-0-95 - Комплект Релси за алуминий VW 3200 mm Black ( 9005),4,8,0.0,0.0,68778763705.0,GR11-TGP,,,90,,0.0,0.0,0.0,Обков,,DATABASE_EVIDENCE
WeissProfil2018_113,T-18120-00-L-5,GR11-TGP,TGP - T-18120-00-L-5 - Комплект VW BOX (ляв) Dark Brown ( 8022),4,8,0.0,0.0,75834185019.0,GR11-TGP,,,90,,0.0,0.0,0.0,Обков,,DATABASE_EVIDENCE
WeissProfil2018_113,T-18120-00-L-7,GR11-TGP,TGP - T-18120-00-L-7 - Комплект VW BOX (ляв) White ( ),4,8,0.0,0.0,67814195413.0,GR11-TGP,,,90,,0.0,0.0,0.0,Обков,,DATABASE_EVIDENCE
WeissProfil2018_113,T-18120-00-R-5,GR11-TGP,TGP - T-18120-00-R-5 - Комплект VW BOX (десен) Dark Brown ( 8022),4,8,0.0,0.0,58474725014.0,GR11-TGP,,,90,,0.0,0.0,0.0,Обков,,DATABASE_EVIDENCE
WeissProfil2018_113,T-18120-00-R-7,GR11-TGP,TGP - T-18120-00-R-7 - Комплект VW BOX (десен) White ( ),4,8,0.0,0.0,77484465024.0,GR11-TGP,,,90,,0.0,0.0,0.0,Обков,,DATABASE_EVIDENCE
WeissProfil2018_113,T-18125-00-L-5,GR11-TGP,TGP - T-18125-00-L-5 - Комплект с полуавтомат. ъгли VW BOX (ляв) Dark Brown ( 8022),4,8,0.0,0.0,68369670171.0,GR11-TGP,,,90,,0.0,0.0,0.0,Обков,,DATABASE_EVIDENCE
WeissProfil2018_113,T-18125-00-L-7,GR11-TGP,TGP - T-18125-00-L-7 - Комплект с полуавтомат. ъгли VW BOX (ляв) White ( ),4,8,0.0,0.0,25309320086.0,GR11-TGP,,,90,,0.0,0.0,0.0,Обков,,DATABASE_EVIDENCE
WeissProfil2018_113,T-18125-00-L-95,GR11-TGP,TGP - T-18125-00-L-95 - Комплект с полуавтомат. ъгли VW BOX (ляв) Black ( 9005),4,8,0.0,0.0,82084130275.0,GR11-TGP,,,90,,0.0,0.0,0.0,Обков,,DATABASE_EVIDENCE
WeissProfil2018_113,T-18125-00-R-5,GR11-TGP,TGP - T-18125-00-R-5 - Комплект с полуавтомат. ъгли VW BOX (десен) Dark Brown ( 8022),4,8,0.0,0.0,71969340251.0,GR11-TGP,,,90,,0.0,0.0,0.0,Обков,,DATABASE_EVIDENCE
WeissProfil2018_113,T-18125-00-R-7,GR11-TGP,TGP - T-18125-00-R-7 - Комплект с полуавтомат. ъгли VW BOX (десен) White ( ),4,8,0.0,0.0,72969360074.0,GR11-TGP,,,90,,0.0,0.0,0.0,Обков,,DATABASE_EVIDENCE
WeissProfil2018_113,T-18125-00-R-95,GR11-TGP,TGP - T-18125-00-R-95 - Комплект с полуавтомат. ъгли VW BOX (десен) Black ( 9005),4,8,0.0,0.0,37604630739.0,GR11-TGP,,,90,,0.0,0.0,0.0,Обков,,DATABASE_EVIDENCE
WeissProfil2018_113,T-18165-00-L-7,GR11-TGP,TGP - T-18165-00-L-7 - Комплект за алуминий с полуавтомат. ъгли и дръжка VW BOX (ляв) White ( ),4,8,0.0,0.0,57759990177.0,GR11-TGP,,,90,,0.0,0.0,0.0,Обков,,DATABASE_EVIDENCE
WeissProfil2018_113,T-18165-00-L-95,GR11-TGP,TGP - T-18165-00-L-95 - Комплект за алуминий с полуавтомат. ъгли и дръжка VW BOX (ляв) Black ( 9005),4,8,0.0,0.0,8474480738.0,GR11-TGP,,,90,,0.0,0.0,0.0,Обков,,DATABASE_EVIDENCE
WeissProfil2018_113,T-18165-00-R-7,GR11-TGP,TGP - T-18165-00-R-7 - Комплект за алуминий с полуавтомат. ъгли и дръжка VW BOX (десен) White ( ),4,8,0.0,0.0,30319050225.0,GR11-TGP,,,90,,0.0,0.0,0.0,Обков,,DATABASE_EVIDENCE
WeissProfil2018_113,T-18165-00-R-95,GR11-TGP,TGP - T-18165-00-R-95 - Комплект за алуминий с полуавтомат. ъгли и дръжка VW BOX (десен) Black ( 9005),4,8,0.0,0.0,41064280877.0,GR11-TGP,,,90,,0.0,0.0,0.0,Обков,,DATABASE_EVIDENCE
WeissProfil2018_113,T-19008-09-0-1,GR11-TGP,TGP - T-19008-09-0-1 - Насрещник за закл. подвижен делител 9 мм,4,8,0.0,0.0,83541413744.0,GR11-TGP,,,90,,0.0,0.0,0.0,Обков,,DATABASE_EVIDENCE
WeissProfil2018_113,T-19008-13-0-1,GR11-TGP,TGP - T-19008-13-0-1 - Насрещник за закл. подвижен делител 13 мм,4,8,0.0,0.0,16082787845.0,GR11-TGP,,,90,,0.0,0.0,,Обков,,DATABASE_EVIDENCE
WeissProfil2018_113,T-19009-13-0-1,GR11-TGP,TGP - T-19009-13-0-1 Se Насрещник за механизъм 13 мм,4,8,0.0,0.0,83153738039.0,GR11-TGP,,,90,,0.0,0.0,,Обков,,DATABASE_EVIDENCE
WeissProfil2018_113,T-19016-09-0-1,GR11-TGP,TGP - T-1-09-0-1 - Насрещник за механизъм 9 мм,4,8,0.0,0.0,85469001735.0,GR11-TGP,,,90,,0.0,0.0,0.0,Обков,,DATABASE_EVIDENCE
WeissProfil2018_113,T-19016-13-0-1,GR11-TGP,TGP - T-1-13-0-1 - Насрещник за механизъм 13 мм,4,8,0.0,0.0,46910655681.0,GR11-TGP,,,90,,0.0,0.0,,Обков,,DATABASE_EVIDENCE
WeissProfil2018_113,T-19017-13-0-1,TGP,TGP security with one screw 13mm,4,8,0.0,0.0,22061346834.0,GR11-TGP,,,90,,0.0,0.0,0.0,Обков,,DATABASE_EVIDENCE
WeissProfil2018_113,T-19050-09-0-1,GR11-TGP,TGP - T-19050-09-0-1 - Отблокиращ наср. 9 мм,4,8,0.0,0.0,77273705531.0,GR11-TGP,,,90,,0.0,0.0,0.0,Обков,,DATABASE_EVIDENCE
WeissProfil2018_113,T-19050-13-0-1,GR11-TGP,TGP - T-19050-13-0-1 - Отблокиращ наср. 13 мм,4,8,0.0,0.0,35764159708.0,GR11-TGP,,,90,,0.0,0.0,,Обков,,DATABASE_EVIDENCE
WeissProfil2018_113,T-19214-13-S-1,GR11-TGP,TGP - T-19214-13-S-1 - Se Насрещник 13 мм универсален,4,8,0.0,0.0,56440433914.0,GR11-TGP,,,90,,0.0,0.0,0.0,Обков,,DATABASE_EVIDENCE
WeissProfil2018_113,T-19221-00-0-1,GR11-TGP,TGP - T-19221-00-0-1 - Насрещник за пасивна мартина,4,8,0.0,0.0,85376227101.0,GR11-TGP,,,90,,0.0,0.0,0.0,Обков,,DATABASE_EVIDENCE
WeissProfil2018_113,T-19240-00-0-1,GR11-TGP,TGP-19240-00-0-1 - Насрещник универсален 13 мм,4,8,0.0,0.0,41435836226.0,GR11-TGP,,,90,,0.0,0.0,0.0,Обков,,DATABASE_EVIDENCE
WeissProfil2018_113,T-19241-00-0-1,GR11-TGP,TGP-19241-00-0-1 - Насрещник универсален 9 мм,4,8,0.0,0.0,82536547814.0,GR11-TGP,,,90,,0.0,0.0,0.0,Обков,,DATABASE_EVIDENCE
WeissProfil2018_113,T-20000-02-0-1,GR11-TGP,TGP - T-20000-02-0-1 - Мартина 210 mm,4,8,0.0,0.0,69284829047.0,GR11-TGP,,,90,,0.0,0.0,,Обков,,DATABASE_EVIDENCE
WeissProfil2018_113,T-20000-03-0-1,GR11-TGP,TGP - T-20000-03-0-1 - Мартина 280 mm,4,8,0.0,0.0,52384430662.0,GR11-TGP,,,90,,0.0,0.0,,Обков,,DATABASE_EVIDENCE
WeissProfil2018_113,T-20000-04-0-1,GR11-TGP,TGP - T-20000-04-0-1 - Мартина 400 mm,4,8,0.0,0.0,33484231321.0,GR11-TGP,,,90,,0.0,0.0,,Обков,,DATABASE_EVIDENCE
WeissProfil2018_113,T-20000-06-0-1,GR11-TGP,TGP - T-20000-06-0-1 - Мартина 600 mm,4,8,0.0,0.0,22624343674.0,GR11-TGP,,,90,,0.0,0.0,,Обков,,DATABASE_EVIDENCE
WeissProfil2018_113,T-20000-08-0-1,GR11-TGP,TGP - T-20000-08-0-1 - Мартина 800 mm,4,8,0.0,0.0,14824125108.0,GR11-TGP,,,90,,0.0,0.0,,Обков,,DATABASE_EVIDENCE
WeissProfil2018_113,T-20000-10-0-1,GR11-TGP,TGP - T-20000-10-0-1 - Мартина 1000 mm,4,8,0.0,0.0,51155957832.0,GR11-TGP,,,90,,0.0,0.0,,Обков,,DATABASE_EVIDENCE
WeissProfil2018_113,T-20000-12-0-1,GR11-TGP,TGP - T-20000-12-0-1 - Мартина 1200 mm,4,8,0.0,0.0,79315879958.0,GR11-TGP,,,90,,0.0,0.0,,Обков,,DATABASE_EVIDENCE
WeissProfil2018_113,T-20000-14-0-1,GR11-TGP,TGP - T-20000-14-0-1 - Мартина 1400 mm,4,8,0.0,0.0,42515461327.0,GR11-TGP,,,90,,0.0,0.0,,Обков,,DATABASE_EVIDENCE
WeissProfil2018_113,T-20000-16-0-1,GR11-TGP,TGP - T-20000-16-0-1 - Мартина 1600 mm,4,8,0.0,0.0,37795123590.0,GR11-TGP,,,90,,0.0,0.0,,Обков,,DATABASE_EVIDENCE
WeissProfil2018_113,T-20000-18-0-1,GR11-TGP,TGP - T-20000-18-0-1 - Мартина 1800 mm,4,8,0.0,0.0,20955895246.0,GR11-TGP,,,90,,0.0,0.0,,Обков,,DATABASE_EVIDENCE
WeissProfil2018_113,T-20000-20-0-1,GR11-TGP,TGP - T-20000-20-0-1 - Мартина 2000 mm,4,8,0.0,0.0,19266777635.0,GR11-TGP,,,90,,0.0,0.0,,Обков,,DATABASE_EVIDENCE
WeissProfil2018_113,T-25x25x1.2,GR4-COLD,Ал. T-образен профил 25x25x1.2,4,51,0.0,0.0,22067899146.0,GR4-COLD,,,90,,25.0,25.0,0.0,Допълнителни профили,,DATABASE_EVIDENCE
WeissProfil2018_113,T-30001-16-0-1,GR11-TGP,TGP - T-30001-16-0-1 - Мартина с брава 28/85 с един език 1600 мм,4,8,0.0,0.0,78997814438.0,GR11-TGP,,,90,,0.0,0.0,0.0,Обков,,DATABASE_EVIDENCE
WeissProfil2018_113,T-30001-18-0-1,GR11-TGP,TGP - T-30001-18-0-1 - Мартина с брава 28/85 с един език 1800 мм,4,8,0.0,0.0,16147236789.0,GR11-TGP,,,90,,0.0,0.0,0.0,Обков,,DATABASE_EVIDENCE
WeissProfil2018_113,T-30001-20-0-1,GR11-TGP,TGP - T-30001-20-0-1 - Мартина с брава 28/85 с един език 2000 мм,4,8,0.0,0.0,80418808477.0,GR11-TGP,,,90,,0.0,0.0,0.0,Обков,,DATABASE_EVIDENCE
WeissProfil2018_113,T-30003-16-0-1,GR11-TGP,TGP - T-30003-16-0-1 - Мартина с брава 35/85 с един език 1600 мм,4,8,0.0,0.0,87149816268.0,GR11-TGP,,,90,,0.0,0.0,,Обков,,DATABASE_EVIDENCE
WeissProfil2018_113,T-30003-18-0-1,GR11-TGP,TGP - T-30003-18-0-1 - Мартина с брава 35/85 с един език 1800 мм,4,8,0.0,0.0,73369478240.0,GR11-TGP,,,90,,0.0,0.0,,Обков,,DATABASE_EVIDENCE
WeissProfil2018_113,T-30003-20-0-1,GR11-TGP,TGP - T-30003-20-0-1 - Мартина с брава 35/85 с един език 2000 мм,4,8,0.0,0.0,68600150887.0,GR11-TGP,,,90,,0.0,0.0,,Обков,,DATABASE_EVIDENCE
WeissProfil2018_113,T-30006-16-0-1,GR11-TGP,TGP - T-30006-16-0-1 - Мартина с брава 28/85 с два езика 1600 мм,4,8,0.0,0.0,49432359788.0,GR11-TGP,,,90,,0.0,0.0,0.0,Обков,,DATABASE_EVIDENCE
WeissProfil2018_113,T-30006-18-0-1,GR11-TGP,TGP - T-30006-18-0-1 - Мартина с брава 28/85 с два езика 1800 мм,4,8,0.0,0.0,78612321107.0,GR11-TGP,,,90,,0.0,0.0,0.0,Обков,,DATABASE_EVIDENCE
WeissProfil2018_113,T-30006-20-0-1,GR11-TGP,TGP - T-30006-20-0-1 - Мартина с брава 28/85 с два езика 2000 мм,4,8,0.0,0.0,72983813248.0,GR11-TGP,,,90,,0.0,0.0,0.0,Обков,,DATABASE_EVIDENCE
WeissProfil2018_113,T-30008-16-0-1,GR11-TGP,TGP - T-30008-16-0-1 - Мартина с брава 35/85 с два езика 1600 мм,4,8,0.0,0.0,4674361766.0,GR11-TGP,,,90,,0.0,0.0,0.0,Обков,,DATABASE_EVIDENCE
WeissProfil2018_113,T-30008-18-0-1,GR11-TGP,TGP - T-30008-18-0-1 - Мартина с брава 35/85 с два езика 1800 мм,4,8,0.0,0.0,25874223886.0,GR11-TGP,,,90,,0.0,0.0,0.0,Обков,,DATABASE_EVIDENCE
WeissProfil2018_113,T-30008-20-0-1,GR11-TGP,TGP - T-30008-20-0-1 - Мартина с брава 35/85 с два езика 2000 мм,4,8,0.0,0.0,31145205879.0,GR11-TGP,,,90,,0.0,0.0,0.0,Обков,,DATABASE_EVIDENCE
WeissProfil2018_113,T-30009-20-0-1,GR11-TGP,TGP - T-30009-20-0-1 - Мартина с брава 35/92 с два езика 2000 мм,4,8,0.0,0.0,10236116531.0,GR11-TGP,,,90,,0.0,0.0,0.0,Обков,,DATABASE_EVIDENCE
WeissProfil2018_113,T-30011-18-0-1,GR11-TGP,TGP - T-30011-18-0-1 - Мартина с брава за тройно закл. 1800 мм,4,8,0.0,0.0,81257246831.0,GR11-TGP,,,90,,0.0,0.0,0.0,Обков,,DATABASE_EVIDENCE
WeissProfil2018_113,T-30011-20-0-1,GR11-TGP,TGP - T-30011-20-0-1 - Мартина с брава за тройно закл. 2000 мм,4,8,0.0,0.0,65528408194.0,GR11-TGP,,,90,,0.0,0.0,0.0,Обков,,DATABASE_EVIDENCE
WeissProfil2018_113,T-30012-20-0-1,GR11-TGP,TGP - T-30012-20-0-1 - Мартина с брава 35/92 за тройно закл. 2000 мм,4,8,0.0,0.0,3699649089.0,GR11-TGP,,,90,,0.0,0.0,0.0,Обков,,DATABASE_EVIDENCE
WeissProfil2018_113,T-30013-18-0-1,GR11-TGP,TGP - T-30013-18-0-1 - Мартина с брава 35/92  закл. с ключ 1800 мм,4,8,0.0,0.0,36449358630.0,GR11-TGP,,,90,,0.0,0.0,0.0,Обков,,DATABASE_EVIDENCE
WeissProfil2018_113,T-30033-19-0-1,GR11-TGP,TGP - T-30033-19-0-1 - Мартина с брава Focus 4 35/85 R2 1932 мм,4,8,0.0,0.0,46779589315.0,GR11-TGP,,,90,,0.0,0.0,0.0,Обков,,DATABASE_EVIDENCE
WeissProfil2018_113,T-30x30x1.2,GR4-COLD,Ал. T-образен профил 30x30x1.2,4,51,0.0,0.0,8223279627.0,GR4-COLD,,,90,,30.0,30.0,0.0,Допълнителни профили,,DATABASE_EVIDENCE
WeissProfil2018_113,T-31001-15-0-1,TGP,Насрещник врата универсален,4,4,0.0,0.0,14937654673.0,TGP,,,90,,0.0,0.0,,Аксесоар,,DATABASE_EVIDENCE
WeissProfil2018_113,T-31003-00-0-1,GR11-TGP,TGP - T-31003-00-0-1 - Насрещник за врата малък,4,8,0.0,0.0,79508551763.0,GR11-TGP,,,90,,0.0,0.0,0.0,Обков,,DATABASE_EVIDENCE
WeissProfil2018_113,T-31005-09-0-1,GR11-TGP,TGP - T-31005-09-0-1 - Насрещник за тройно закл. 9 мм,4,8,0.0,0.0,28630472406.0,GR11-TGP,,,90,,0.0,0.0,0.0,Обков,,DATABASE_EVIDENCE
WeissProfil2018_113,T-31005-13-0-1,GR11-TGP,TGP - T-31005-13-0-1 - Насрещник за тройно закл. 13 мм,4,8,0.0,0.0,81151336792.0,GR11-TGP,,,90,,0.0,0.0,0.0,Обков,,DATABASE_EVIDENCE
WeissProfil2018_113,T-40000-35-0-5,GR11-TGP,TGP - T-40000-35-0-5 - Дръжка за прозорец кафява,4,8,0.0,0.0,20039302135.0,GR11-TGP,,,90,,0.0,0.0,0.0,Обков,,DATABASE_EVIDENCE
WeissProfil2018_113,T-40000-35-0-7,GR11-TGP,TGP - T-40000-35-0-7 - Дръжка за прозорец бяла,4,8,0.0,0.0,75069672155.0,GR11-TGP,,,90,,0.0,0.0,0.0,Обков,,DATABASE_EVIDENCE
WeissProfil2018_113,T-44001-35-0-5,GR11-TGP,"TGP - T-44001-35-0-5 - Дръжка за прозорец с ключ, кафява",4,8,0.0,0.0,65560017538.0,GR11-TGP,,,90,,0.0,0.0,0.0,Обков,,DATABASE_EVIDENCE
WeissProfil2018_113,T-44001-35-0-7,GR11-TGP,"TGP - T-44001-35-0-7 - Дръжка за прозорец с ключ, бяла",4,8,0.0,0.0,41560967823.0,GR11-TGP,,,90,,0.0,0.0,0.0,Обков,,DATABASE_EVIDENCE
WeissProfil2018_113,T-44002-85-28-5,GR11-TGP,TGP - T-44002-85-28-5 - Дръжка за врата 28-85 кафява,4,8,0.0,0.0,59952588682.0,GR11-TGP,,,90,,0.0,0.0,0.0,Обков,,DATABASE_EVIDENCE
WeissProfil2018_113,T-44002-85-28-7,GR11-TGP,TGP - T-44002-85-28-7 - Дръжка за врата 28-85 бяла,4,8,0.0,0.0,84912728892.0,GR11-TGP,,,90,,0.0,0.0,0.0,Обков,,DATABASE_EVIDENCE
WeissProfil2018_113,T-44002-85-35-5,GR11-TGP,"TGP - T-44002-85-35-5 - Дръжка за врата 35-85, кафява",4,8,0.0,0.0,5759278828.0,GR11-TGP,,,90,,0.0,0.0,0.0,Обков,,DATABASE_EVIDENCE
WeissProfil2018_113,T-44002-85-35-7,GR11-TGP,"TGP - T-44002-85-35-7 - Дръжка за врата 35-85, бяла",4,8,0.0,0.0,36749178115.0,GR11-TGP,,,90,,0.0,0.0,0.0,Обков,,DATABASE_EVIDENCE
WeissProfil2018_113,T-44002-92-28-5,GR11-TGP,"TGP - T-44002-92-28-5 - Дръжка за врата 28-92, кафява",4,8,0.0,0.0,50763415567.0,GR11-TGP,,,90,,0.0,0.0,0.0,Обков,,DATABASE_EVIDENCE
WeissProfil2018_113,T-44002-92-28-7,GR11-TGP,"TGP - T-44002-92-28-7 - Дръжка за врата 28-92, бяла",4,8,0.0,0.0,42783985617.0,GR11-TGP,,,90,,0.0,0.0,0.0,Обков,,DATABASE_EVIDENCE
WeissProfil2018_113,T-44010-40-0-5,GR11-TGP,TGP - T-44010-40-0-5 - Дръжка за VW Dark Brown ( 8022),4,8,0.0,0.0,84160061679.0,GR11-TGP,,,90,,0.0,0.0,,Обков,,DATABASE_EVIDENCE
WeissProfil2018_113,T-44010-40-0-6,GR11-TGP,TGP - T-44010-40-0-6 - Дръжка за VW Silver ( 9006),4,8,0.0,0.0,85150741885.0,GR11-TGP,,,90,,0.0,0.0,,Обков,,DATABASE_EVIDENCE
WeissProfil2018_113,T-44010-40-0-7,GR11-TGP,TGP - T-44010-40-0-7 - Дръжка за VW White ( ),4,8,0.0,0.0,70120951257.0,GR11-TGP,,,90,,0.0,0.0,,Обков,,DATABASE_EVIDENCE
WeissProfil2018_113,T-50000-85-35-1,GR11-TGP,TGP - T-50000-85-35-1 - Брава за PVC 35-85,4,8,0.0,0.0,76278252428.0,GR11-TGP,,,90,,0.0,0.0,0.0,Обков,,DATABASE_EVIDENCE
WeissProfil2018_113,T-53000-90-35-1,GR11-TGP,TGP - T-53000-90-35-1 - Брава за PVC за WC 35-90,4,8,0.0,0.0,42169570317.0,GR11-TGP,,,90,,0.0,0.0,0.0,Обков,,DATABASE_EVIDENCE
WeissProfil2018_113,T-58x58x1.9,GR4-COLD,Ал. T-образен профил 58x58x1.9,4,51,0.0,0.0,46243155358.0,GR4-COLD,,,90,,59.0,59.0,0.0,Допълнителни профили,,DATABASE_EVIDENCE
WeissProfil2018_113,T-61190-00-0-95,GR11-TGP,TGP-T-61190-00-0-95 M Дръжка за двуосов механизъм черна,4,8,0.0,0.0,47294208788.0,GR11-TGP,,,90,,0.0,0.0,0.0,Обков,,DATABASE_EVIDENCE
WeissProfil2018_113,T-90001-00-0-1,GR11-TGP,TGP - T-90001-00-0-1 - Ножица за падащо крило,4,8,0.0,0.0,36832528649.0,GR11-TGP,,,90,,0.0,0.0,,Обков,,DATABASE_EVIDENCE
WeissProfil2018_113,Tапа Ф12 черна,WP,Tапа Ф12 черна,4,4,0.0,0.0,35916883149.0,WP,,,90,,0.0,0.0,0.0,Аксесоар,,DATABASE_EVIDENCE
WeissProfil2018_113,Tапа Ф12 бяла,WP,Tапа Ф12 бяла,4,4,0.0,0.0,35182911758.0,WP,,,90,,0.0,0.0,0.0,Аксесоар,,DATABASE_EVIDENCE
WeissProfil2018_113,TB 10-21,GR6-CORNERS;SCREWS,TB 10-21 Сглобка за делител,4,4,0.0,0.0,8455352574.0,GR6-CORNERS;SCREWS,,,90,,0.0,0.0,,Аксесоар,,DATABASE_EVIDENCE
WeissProfil2018_113,TB 11-21,GR6-CORNERS;SCREWS,TB 11-21 Сглобка за делител,4,4,0.0,0.0,50536062585.0,GR6-CORNERS;SCREWS,,,90,,0.0,0.0,,Аксесоар,,DATABASE_EVIDENCE
WeissProfil2018_113,TB 11-31,GR6-CORNERS;SCREWS,TB 11-31 Сглобка за делител,4,4,0.0,0.0,72676802208.0,GR6-CORNERS;SCREWS,,,90,,0.0,0.0,,Аксесоар,,DATABASE_EVIDENCE
WeissProfil2018_113,TB 19-21,GR6-CORNERS;SCREWS,TB 19-21 Сглобка за делител,4,4,0.0,0.0,22354502672.0,GR6-CORNERS;SCREWS,,,90,,0.0,0.0,,Аксесоар,,DATABASE_EVIDENCE
WeissProfil2018_113,TB 19-31,GR6-CORNERS;SCREWS,TB 19-31 Сглобка за делител,4,4,0.0,0.0,93464182741.0,GR6-CORNERS;SCREWS,,,90,,0.0,0.0,,Аксесоар,,DATABASE_EVIDENCE
WeissProfil2018_113,TB 3033.M,GR8-S.ACCESS,WP033 /metal/ - Сглoбка за 3033 /външна/,0,0,0.0,0.0,83936684362.0,GR8-S.ACCESS,,,90,,0.0,0.0,0.0,UNKNOWN,,DATABASE_EVIDENCE
WeissProfil2018_113,TB 3033.PVC,GR8-S.ACCESS,WP030 /pvc/ - Сглoбка  за 3003 /вътрешна/,0,0,0.0,0.0,31526695971.0,GR8-S.ACCESS,,,90,,0.0,0.0,0.0,UNKNOWN,,DATABASE_EVIDENCE
WeissProfil2018_113,TB 82.M,GR8-S.ACCESS,WP05 /metal/ - Сглoбка 5 камери /външна/,4,4,0.0,0.0,32407719043.0,GR8-S.ACCESS,,,90,,0.0,0.0,0.0,Аксесоар,,DATABASE_EVIDENCE
WeissProfil2018_113,TB 82.P,WP 82,Сглобка за делител WP 82,4,4,0.0,0.0,67487619893.0,WP 82,,,90,,0.0,0.0,0.0,Аксесоар,,DATABASE_EVIDENCE
WeissProfil2018_113,TB 82.PVC,GR8-S.ACCESS,WP05 /pvc/ - Сглoбка 5 камери /вътрешна/,0,0,0.0,0.0,66007489315.0,GR8-S.ACCESS,,,90,,0.0,0.0,0.0,UNKNOWN,,DATABASE_EVIDENCE
WeissProfil2018_113,TC.70,GR7-GASK/BR,WP TC.70 Уплътнител тапа за релса за 1 m,4,34,0.0,0.0,27211363612.0,GR7-GASK/BR,,,90,,0.0,0.0,0.0,Уплътнение,,DATABASE_EVIDENCE
WeissProfil2018_113,TS.70,GR7-GASK/BR,WP TS.70 Уплътнител горен за крило за 1 m,4,34,0.0,0.0,15801633378.0,GR7-GASK/BR,,,90,,0.0,0.0,0.0,Уплътнение,,DATABASE_EVIDENCE
WeissProfil2018_113,TWDV.12,GR8-S.ACCESS,WP TWDV.12 Тръбичка за дренажен клапан Ф12,4,4,0.0,0.0,49089219956.0,GR8-S.ACCESS,,,90,,0.0,0.0,0.0,Аксесоар,,DATABASE_EVIDENCE
WeissProfil2018_113,U-30x30x2,GR4-COLD,Ал. U-образен профил 30x30x2,4,51,0.0,0.0,34805532818.0,GR4-COLD,,,90,,30.0,30.0,0.0,Допълнителни профили,,DATABASE_EVIDENCE
WeissProfil2018_113,U-40x40x4,GR4-COLD,Ал. U-образен профил 40x40x4,4,51,0.0,0.0,2026812507.0,GR4-COLD,,,90,,40.0,40.0,0.0,Допълнителни профили,,DATABASE_EVIDENCE
WeissProfil2018_113,U-58x35x2,GR4-COLD,Ал. U-образен профил 58x35x2,4,51,0.0,0.0,98322360783.0,GR4-COLD,,,90,,35.0,58.0,0.0,Допълнителни профили,,DATABASE_EVIDENCE
WeissProfil2018_113,U-60x60x3,GR4-COLD,Ал. U-образен профил 60x60x3,4,51,0.0,0.0,88448562436.0,GR4-COLD,,,90,,60.0,60.0,0.0,Допълнителни профили,,DATABASE_EVIDENCE
WeissProfil2018_113,Ъглова кама,WP,Ъглова кама,4,4,0.0,0.0,27406737310.0,WP,,,90,,0.0,0.0,,Аксесоар,,DATABASE_EVIDENCE
WeissProfil2018_113,Ъгъл гол.ком бя,,22210016-Ъгъл ком.б.,4,4,0.0,0.0,12305314961.0,,,,90,,0.0,0.0,,Аксесоар,,DATABASE_EVIDENCE
WeissProfil2018_113,Ъгъл гол.ком кф,,Ъгъл гол. комар. каф,4,4,0.0,0.0,31225774592.0,,,,90,,0.0,0.0,,Аксесоар,,DATABASE_EVIDENCE
WeissProfil2018_113,UFO.77,GR7-GASK/BR,EPDM WP - МО 68.3 - Уплътнител за неотваряеми части за 1 m,4,34,0.0,0.0,21505784548.0,GR7-GASK/BR,,,90,,0.0,0.0,0.0,Уплътнение,,DATABASE_EVIDENCE
WeissProfil2018_113,UFT.77,GR7-GASK/BR,WP UFT.77 Уплътнител с перо за неотваряеми части за 1 m,4,34,0.0,0.0,72070464703.0,GR7-GASK/BR,,,90,,0.0,0.0,0.0,Уплътнение,,DATABASE_EVIDENCE
WeissProfil2018_113,UGI.70,GR8-S.ACCESS,WP UGI.70 Изолационна лента под стъклопакет  /30мм/,4,34,0.0,0.0,74039554130.0,GR8-S.ACCESS,,,90,,0.0,0.0,0.0,Уплътнение,,DATABASE_EVIDENCE
WeissProfil2018_113,UGI.85,GR8-S.ACCESS,WP UGI.85 Изолационна лента под стъклопакет  /38мм/,4,34,0.0,0.0,58179084210.0,GR8-S.ACCESS,,,90,,0.0,0.0,0.0,Уплътнение,,DATABASE_EVIDENCE
WeissProfil2018_113,UGN 3,GR7-GASK/BR,EPDM WP - Уплътнител набивен за 1 m №3,4,34,0.0,0.0,84634844518.0,GR7-GASK/BR,,,90,,0.0,0.0,0.0,Уплътнение,,DATABASE_EVIDENCE
WeissProfil2018_113,UGN 4,GR7-GASK/BR,EPDM WP - Уплътнител набивен за 1 m №4,4,34,0.0,0.0,56664334523.0,GR7-GASK/BR,,,90,,0.0,0.0,0.0,Уплътнение,,DATABASE_EVIDENCE
WeissProfil2018_113,UGN 5,GR7-GASK/BR,EPDM WP - Уплътнител набивен за 1 m №5,4,34,0.0,0.0,56664844308.0,GR7-GASK/BR,,,90,,0.0,0.0,0.0,Уплътнение,,DATABASE_EVIDENCE
WeissProfil2018_113,UGN 6,GR7-GASK/BR,EPDM WP - Уплътнител набивен за 1 m №6,4,34,0.0,0.0,9634164753.0,GR7-GASK/BR,,,90,,0.0,0.0,0.0,Уплътнение,,DATABASE_EVIDENCE
WeissProfil2018_113,UGN.2,WP 70,Seal for Glazing,4,34,0.0,0.0,37024034740.0,,,,90,,0.0,0.0,0.0,Уплътнение,,DATABASE_EVIDENCE
WeissProfil2018_113,UGN.3,WP 70,Seal for Glazing,4,34,0.0,0.0,68064524965.0,,,,90,,0.0,0.0,0.0,Уплътнение,,DATABASE_EVIDENCE
WeissProfil2018_113,UGN.4,WP,Гума подпъхваща,4,4,0.0,0.0,77084164883.0,WP,,,90,,0.0,0.0,0.0,Аксесоар,,DATABASE_EVIDENCE
WeissProfil2018_113,UGN.5,WP 70,Seal for Glazing,4,34,0.0,0.0,22074114636.0,,,,90,,0.0,0.0,0.0,Уплътнение,,DATABASE_EVIDENCE
WeissProfil2018_113,UGN.6,WP 70,Seal for Glazing,4,34,0.0,0.0,98014254559.0,,,,90,,0.0,0.0,0.0,Уплътнение,,DATABASE_EVIDENCE
WeissProfil2018_113,USI.77,WP,Гума отваряема,4,4,0.0,0.0,76229224356.0,WP,,,90,,0.0,0.0,0.0,Аксесоар,,DATABASE_EVIDENCE
WeissProfil2018_113,USL.77,GR7-GASK/BR,EPDM WP - МО 60 - Уплътнител за отваряеми части за 1 m,4,34,0.0,0.0,95542414036.0,GR7-GASK/BR,,,90,,0.0,0.0,0.0,Уплътнение,,DATABASE_EVIDENCE
WeissProfil2018_113,V01,WP,Армировка за каса,4,6,0.0,0.0,54467811165.0,WP,,,90,,0.0,0.0,0.0,Армировка,,DATABASE_EVIDENCE
WeissProfil2018_113,V01-1.5,GR D-STEEL PR.,WP V01 Усилител за WP4101 и WP4102 /s = 1.5mm/,0,0,0.0,0.0,24365380962.0,GR D-STEEL PR.,,,90,,27.0,31.0,0.0,UNKNOWN,,DATABASE_EVIDENCE
WeissProfil2018_113,V01-2,GR D-STEEL PR.,WP V01 Усилител за WP4101 и WP4102 /s = 2mm/,0,0,0.0,0.0,27816225820.0,GR D-STEEL PR.,,,90,,27.0,31.0,0.0,UNKNOWN,,DATABASE_EVIDENCE
WeissProfil2018_113,V02,WP,Армировка,4,6,0.0,0.0,36407661127.0,WP,,,90,,0.0,0.0,0.0,Армировка,,DATABASE_EVIDENCE
WeissProfil2018_113,V02-1.5,GR D-STEEL PR.,WP V02 Усилител за WP4103 /s = 1.5mm/,0,0,0.0,0.0,43466650375.0,GR D-STEEL PR.,,,90,,18.0,30.0,0.0,UNKNOWN,,DATABASE_EVIDENCE
WeissProfil2018_113,V02-2,GR D-STEEL PR.,WP V02 Усилител за WP4103 /s = 2mm/,0,0,0.0,0.0,43977535484.0,GR D-STEEL PR.,,,90,,18.0,30.0,0.0,UNKNOWN,,DATABASE_EVIDENCE
WeissProfil2018_113,V03-1.5,GR D-STEEL PR.,WP V03 Усилител за WP4104 и WP4105 /s = 1.5mm/,0,0,0.0,0.0,39587720952.0,GR D-STEEL PR.,,,90,,30.0,47.0,0.0,UNKNOWN,,DATABASE_EVIDENCE
WeissProfil2018_113,V03-2,GR D-STEEL PR.,WP V03-S Усилител за WP4104 и WP4105 /s = 2.0mm/,0,0,0.0,0.0,48048115378.0,GR D-STEEL PR.,,,90,,30.0,47.0,0.0,UNKNOWN,,DATABASE_EVIDENCE
WeissProfil2018_113,V04-1.5,GR D-STEEL PR.,WP V05 Усилител за WP3103 /s = 1.5mm/,0,0,0.0,0.0,27648340772.0,GR D-STEEL PR.,,,90,,30.0,47.0,0.0,UNKNOWN,,DATABASE_EVIDENCE
WeissProfil2018_113,V05,WP,Армировка за летящ делител,4,6,0.0,0.0,2477861348.0,WP,,,90,,0.0,0.0,0.0,Армировка,,DATABASE_EVIDENCE
WeissProfil2018_113,V06,WP,Армировка колона 90,4,6,0.0,0.0,51437681788.0,WP,,,90,,0.0,0.0,0.0,Армировка,,DATABASE_EVIDENCE
WeissProfil2018_113,V06-1.5,GR D-STEEL PR.,WP V06 Усилител за WP4107 /s = 1.5mm/,0,0,0.0,0.0,61810560036.0,GR D-STEEL PR.,,,90,,30.0,30.0,0.0,UNKNOWN,,DATABASE_EVIDENCE
WeissProfil2018_113,V07,WP,Армировка тръба 60мм,4,6,0.0,0.0,24467151578.0,WP,,,90,,0.0,0.0,0.0,Армировка,,DATABASE_EVIDENCE
WeissProfil2018_113,V07-2,GR D-STEEL PR.,WP V07 Усилител за WP4111 /s = 2.0mm/,0,0,0.0,0.0,49462395633.0,GR D-STEEL PR.,,,90,,30.0,47.0,0.0,UNKNOWN,,DATABASE_EVIDENCE
WeissProfil2018_113,V08,WP,Армировка каса/крило,4,6,0.0,0.0,37487241633.0,WP,,,90,,0.0,0.0,0.0,Армировка,,DATABASE_EVIDENCE
WeissProfil2018_113,V08-1.5,GR D-STEEL PR.,WP V08 Усилител 5 x 28 х 35х 28 x 5 x 1.5 мм,0,0,0.0,0.0,41082290475.0,GR D-STEEL PR.,,,90,,30.0,47.0,0.0,UNKNOWN,,DATABASE_EVIDENCE
WeissProfil2018_113,V08-2,GR D-STEEL PR.,WP V08 кутия Усилител 28 х 35 х 2 мм,0,0,0.0,0.0,2583785093.0,GR D-STEEL PR.,,,90,,30.0,47.0,0.0,UNKNOWN,,DATABASE_EVIDENCE
WeissProfil2018_113,V08S-1.5,GR D-STEEL PR.,WP V08S Усилител 28 х 35 х 28 x 1.5 мм,0,0,0.0,0.0,3378808991.0,GR D-STEEL PR.,,,90,,30.0,47.0,0.0,UNKNOWN,,DATABASE_EVIDENCE
WeissProfil2018_113,V09,WP,Армировка делител,4,6,0.0,0.0,447251713.0,WP,,,90,,0.0,0.0,0.0,Армировка,,DATABASE_EVIDENCE
WeissProfil2018_113,V09-1.5,GR D-STEEL PR.,WP V09 Усилител 40 x 24 x 1.5 мм,0,0,0.0,0.0,5133000942.0,GR D-STEEL PR.,,,90,,24.0,40.0,0.0,UNKNOWN,,DATABASE_EVIDENCE
WeissProfil2018_113,V09-2,GR D-STEEL PR.,WP V09 Усилител 40 x 24 x 2 мм,0,0,0.0,0.0,97684635450.0,GR D-STEEL PR.,,,90,,24.0,40.0,0.0,UNKNOWN,,DATABASE_EVIDENCE
WeissProfil2018_113,V10,WP,Армировка присъедин.,4,6,0.0,0.0,21597671439.0,WP,,,90,,0.0,0.0,0.0,Армировка,,DATABASE_EVIDENCE
WeissProfil2018_113,V10-1.5,GR D-STEEL PR.,WP V10 Усилител s=1.5 за WP5004/WP5005/WP5013,0,0,0.0,0.0,4354720623.0,GR D-STEEL PR.,,,90,,30.0,47.0,0.0,UNKNOWN,,DATABASE_EVIDENCE
WeissProfil2018_113,V10-2,GR D-STEEL PR.,WP V10 Усилител 30 x 47 x 2 мм,0,0,0.0,0.0,94815065751.0,GR D-STEEL PR.,,,90,,30.0,47.0,0.0,UNKNOWN,,DATABASE_EVIDENCE
WeissProfil2018_113,V11,WP,Армировка тръба 72мм,4,6,0.0,0.0,40527461254.0,WP,,,90,,0.0,0.0,,Армировка,,DATABASE_EVIDENCE
WeissProfil2018_113,V12,WP,Армировка делител,4,6,0.0,0.0,51577621353.0,WP,,,90,,0.0,0.0,0.0,Армировка,,DATABASE_EVIDENCE
WeissProfil2018_113,V12-1.5,GR D-STEEL PR.,WP V12 Усилител s=1.5 за WP3003,0,0,0.0,0.0,78586830397.0,GR D-STEEL PR.,,,90,,30.0,47.0,0.0,UNKNOWN,,DATABASE_EVIDENCE
WeissProfil2018_113,V12-2,GR D-STEEL PR.,WP V12 Усилител s=2 за WP3003,0,0,0.0,0.0,62097295106.0,GR D-STEEL PR.,,,90,,30.0,47.0,0.0,UNKNOWN,,DATABASE_EVIDENCE
WeissProfil2018_113,V13,WP,Армировка крило врат,4,6,0.0,0.0,86567401421.0,WP,,,90,,0.0,0.0,0.0,Армировка,,DATABASE_EVIDENCE
WeissProfil2018_113,V13-2,GR D-STEEL PR.,WP V13S Усилител 55 х 35 х 55 x 2 мм,0,0,0.0,0.0,21198815986.0,GR D-STEEL PR.,,,90,,35.0,54.0,0.0,UNKNOWN,,DATABASE_EVIDENCE
WeissProfil2018_113,V13S-1.5,GR D-STEEL PR.,WP V13S Усилител 55 х 35 х 55 x 1.5 мм,0,0,0.0,0.0,71913778143.0,GR D-STEEL PR.,,,90,,30.0,47.0,0.0,UNKNOWN,,DATABASE_EVIDENCE
WeissProfil2018_113,V33,WP,Армировка делител,4,6,0.0,0.0,40747761326.0,WP,,,90,,0.0,0.0,0.0,Армировка,,DATABASE_EVIDENCE
WeissProfil2018_113,V33-1.5,GR D-STEEL PR.,WP V13S Усилител 55 х 35 х 55 x 1.5 мм,0,0,0.0,0.0,64877510475.0,GR D-STEEL PR.,,,90,,30.0,47.0,0.0,UNKNOWN,,DATABASE_EVIDENCE
WeissProfil2018_113,WDV.12,GR8-S.ACCESS,WP WDV.12 Дренажен клапан Ф12,4,10,0.0,0.0,67624336645.0,GR8-S.ACCESS,,,90,,0.0,0.0,0.0,Капачки,,DATABASE_EVIDENCE
WeissProfil2018_113,WI.70,GR8-S.ACCESS,WP WI.70 Изолатор за крило,4,4,0.0,0.0,28174256473.0,GR8-S.ACCESS,,,90,,0.0,0.0,0.0,Аксесоар,,DATABASE_EVIDENCE
WeissProfil2018_113,WP 20,GR8-S.ACCESS,WP 20 Капачка за SWI.70,4,10,0.0,0.0,74920576624.0,GR8-S.ACCESS,,,90,,0.0,0.0,0.0,Капачки,,DATABASE_EVIDENCE
WeissProfil2018_113,WP 22,GR8-S.ACCESS,WP 22 Капачка за WI.70,4,10,0.0,0.0,22920806523.0,GR8-S.ACCESS,,,90,,0.0,0.0,0.0,Капачки,,DATABASE_EVIDENCE
WeissProfil2018_113,WP CTP 5065,GR8-S.ACCESS,WP - капачка за WP5065 ал. праг /ком./,0,0,0.0,0.0,40704295535.0,GR8-S.ACCESS,,,90,,0.0,0.0,0.0,UNKNOWN,,DATABASE_EVIDENCE
WeissProfil2018_113,WP CTP 82.70 B,GR8-S.ACCESS,WP CTP 82.70 Тапа за праг черна / к-т /,0,0,0.0,0.0,71961351525.0,GR8-S.ACCESS,,,90,,0.0,0.0,0.0,UNKNOWN,,DATABASE_EVIDENCE
WeissProfil2018_113,WP CTP 82.70 G,GR8-S.ACCESS,WP CTP 82.70 Тапа за праг сива / к-т /,0,0,0.0,0.0,92901611415.0,GR8-S.ACCESS,,,90,,0.0,0.0,0.0,UNKNOWN,,DATABASE_EVIDENCE
WeissProfil2018_113,WP-0169702,GR21-BLAUGELB,BLAUGELB Дръжка с шилд вътрешен 1/2 модел DGT35 PZ92/210mm F1 сребриста,4,8,0.0,0.0,96379441180.0,GR21-BLAUGELB,,,90,,0.0,0.0,0.0,Обков,,DATABASE_EVIDENCE
WeissProfil2018_113,WP-0169705,GR21-BLAUGELB,BLAUGELB Дръжка с шилд вътрешен 1/2 модел DGT35 PZ92 mm  бяла,4,8,0.0,0.0,75319371082.0,GR21-BLAUGELB,,,90,,0.0,0.0,0.0,Обков,,DATABASE_EVIDENCE
WeissProfil2018_113,WP-0175973,GR21-BLAUGELB,BLAUGELB Дръжка с шилд и топка тип D модел KGT35PZ92 mm F1 сребриста,4,8,0.0,0.0,53945257573.0,GR21-BLAUGELB,,,90,,0.0,0.0,0.0,Обков,,DATABASE_EVIDENCE
WeissProfil2018_113,WP-0175975,GR21-BLAUGELB,BLAUGELB Дръжка с шилд и топка тип D модел KGT35 PZ92mm F8707 кафяв,4,8,0.0,0.0,52945167025.0,GR21-BLAUGELB,,,90,,0.0,0.0,0.0,Обков,,DATABASE_EVIDENCE
WeissProfil2018_113,WP-0223544,GR21-BLAUGELB,BLAUGELB Дръжка с шилд вътрешен 1/2 модел DGT35 PZ92 mm 8077 кафява,4,8,0.0,0.0,26684145371.0,GR21-BLAUGELB,,,90,,0.0,0.0,0.0,Обков,,DATABASE_EVIDENCE
WeissProfil2018_113,WP-0223546,GR21-BLAUGELB,BLAUGELB Дръжка с шилд вътрешен 1/2 модел DGT35 PZ92mm F69 неръждавейка,4,8,0.0,0.0,22624875409.0,GR21-BLAUGELB,,,90,,0.0,0.0,0.0,Обков,,DATABASE_EVIDENCE
WeissProfil2018_113,WP-0223562,GR21-BLAUGELB,BLAUGELB Дръжка с шилд и топка тип D модел KGT35/210 mm PZ92 mm F69 неръждавейка,4,8,0.0,0.0,25864855873.0,GR21-BLAUGELB,,,90,,0.0,0.0,0.0,Обков,,DATABASE_EVIDENCE
WeissProfil2018_113,WP-0337803,GR21-BLAUGELB,BLAUGELB Квадрат плътен 8/120 mm,4,8,0.0,0.0,92119939550.0,GR21-BLAUGELB,,,90,,0.0,0.0,0.0,Обков,,DATABASE_EVIDENCE
WeissProfil2018_113,WP-0337804,GR21-BLAUGELB,BLAUGELB Квадрат плътен 8/150 mm,4,8,0.0,0.0,50149289311.0,GR21-BLAUGELB,,,90,,0.0,0.0,0.0,Обков,,DATABASE_EVIDENCE
WeissProfil2018_113,WP-0342900000,GR22-AABLOY,CORNI N0342900000 Резета комплект 2 бр. антипаник,4,8,0.0,0.0,17280872814.0,GR22-AABLOY,,,90,,0.0,0.0,0.0,Обков,,DATABASE_EVIDENCE
WeissProfil2018_113,WP-0342900050,GR22-AABLOY,,4,8,0.0,0.0,94710342839.0,GR22-AABLOY,,,90,,0.0,0.0,0.0,Обков,,DATABASE_EVIDENCE
WeissProfil2018_113,WP-0342900050GR,GR22-AABLOY,,4,8,0.0,0.0,59678282334.0,GR22-AABLOY,,,90,,0.0,0.0,0.0,Обков,,DATABASE_EVIDENCE
WeissProfil2018_113,WP-0342900050WH,GR22-AABLOY,,4,8,0.0,0.0,24288572605.0,GR22-AABLOY,,,90,,0.0,0.0,0.0,Обков,,DATABASE_EVIDENCE
WeissProfil2018_113,WP-0423940,GR21-BLAUGELB,BLAUGELB Дръжка с шилд модел DGT30 PZ92 mm  бяла,4,8,0.0,0.0,89286275711.0,GR21-BLAUGELB,,,90,,0.0,0.0,0.0,Обков,,DATABASE_EVIDENCE
WeissProfil2018_113,WP-0423941,GR21-BLAUGELB,BLAUGELB Дръжка с шилд DGT35/216 mm PZ92 mm   бяла,4,8,0.0,0.0,38236515648.0,GR21-BLAUGELB,,,90,,0.0,0.0,0.0,Обков,,DATABASE_EVIDENCE
WeissProfil2018_113,WP-0423980,GR21-BLAUGELB,BLAUGELB Дръжка с шилд модел DGT30 PZ92 mm F1 сребриста,4,8,0.0,0.0,53696945563.0,GR21-BLAUGELB,,,90,,0.0,0.0,0.0,Обков,,DATABASE_EVIDENCE
WeissProfil2018_113,WP-0423981,GR21-BLAUGELB,BLAUGELB Дръжка с шилд DGT35/216 mm PZ92 mm F1 сребриста,4,8,0.0,0.0,67696275571.0,GR21-BLAUGELB,,,90,,0.0,0.0,0.0,Обков,,DATABASE_EVIDENCE
WeissProfil2018_113,WP-0423988,GR21-BLAUGELB,BLAUGELB Дръжка с шилд DGT35/216 mm PZ92 mm F4 бронзе,4,8,0.0,0.0,96676155336.0,GR21-BLAUGELB,,,90,,0.0,0.0,0.0,Обков,,DATABASE_EVIDENCE
WeissProfil2018_113,WP-0423993,GR21-BLAUGELB,BLAUGELB Дръжка с шилд модел DGT30 PZ92 mm 8077 кафява,4,8,0.0,0.0,75796545545.0,GR21-BLAUGELB,,,90,,0.0,0.0,0.0,Обков,,DATABASE_EVIDENCE
WeissProfil2018_113,WP-0424000,GR21-BLAUGELB,BLAUGELB Дръжка с шилд модел DGT30 PZ92 mm F9 титан,4,8,0.0,0.0,69047276772.0,GR21-BLAUGELB,,,90,,0.0,0.0,0.0,Обков,,DATABASE_EVIDENCE
WeissProfil2018_113,WP-0424001,GR21-BLAUGELB,BLAUGELB Дръжка с шилд DGT35/216 mm PZ92 mm F9 титан,4,8,0.0,0.0,36047296131.0,GR21-BLAUGELB,,,90,,0.0,0.0,0.0,Обков,,DATABASE_EVIDENCE
WeissProfil2018_113,WP-0424005,GR21-BLAUGELB,BLAUGELB Дръжка с шилд модел DGT30/216 mm PZ92mm F69 неръждавейка,4,8,0.0,0.0,64037416883.0,GR21-BLAUGELB,,,90,,0.0,0.0,0.0,Обков,,DATABASE_EVIDENCE
WeissProfil2018_113,WP-0424007,GR21-BLAUGELB,BLAUGELB Дръжка с шилд DGT35/216 mm PZ92 mm F69 неръждавейка,4,8,0.0,0.0,52077546845.0,GR21-BLAUGELB,,,90,,0.0,0.0,0.0,Обков,,DATABASE_EVIDENCE
WeissProfil2018_113,WP-0424011,GR21-BLAUGELB,BLAUGELB Дръжка с шилд и топка модел KGT30 PZ92 mm  бяла,4,8,0.0,0.0,16187876076.0,GR21-BLAUGELB,,,90,,0.0,0.0,0.0,Обков,,DATABASE_EVIDENCE
WeissProfil2018_113,WP-0424016,GR21-BLAUGELB,BLAUGELB Дръжка с шилд и топка модел KGT30 PZ92mm F1 сребриста,4,8,0.0,0.0,51177626791.0,GR21-BLAUGELB,,,90,,0.0,0.0,0.0,Обков,,DATABASE_EVIDENCE
WeissProfil2018_113,WP-0424026,GR21-BLAUGELB,BLAUGELB Дръжка с шилд и топка модел KGT30 PZ92 mm 8077 кафява,4,8,0.0,0.0,43207236788.0,GR21-BLAUGELB,,,90,,0.0,0.0,0.0,Обков,,DATABASE_EVIDENCE
WeissProfil2018_113,WP-0424032,GR21-BLAUGELB,BLAUGELB Дръжка с шилд и топка модел KGT30 PZ92mm F9 титан,4,8,0.0,0.0,17337496953.0,GR21-BLAUGELB,,,90,,0.0,0.0,0.0,Обков,,DATABASE_EVIDENCE
WeissProfil2018_113,WP-0424037,GR21-BLAUGELB,BLAUGELB Дръжка с шилд и топка модел KGT30 PZ92mm неръжд,4,8,0.0,0.0,33387246782.0,GR21-BLAUGELB,,,90,,0.0,0.0,0.0,Обков,,DATABASE_EVIDENCE
WeissProfil2018_113,WP-0424063,GR21-BLAUGELB,BLAUGELB Дръжка с шилд вътрешен 1/2 модел DGT30 PZ92mm  бяла,4,8,0.0,0.0,86677446787.0,GR21-BLAUGELB,,,90,,0.0,0.0,0.0,Обков,,DATABASE_EVIDENCE
WeissProfil2018_113,WP-0424067,GR21-BLAUGELB,BLAUGELB Дръжка с шилд вътрешен 1/2 модел DGT30 PZ92mm F1 сребриста,4,8,0.0,0.0,79667616157.0,GR21-BLAUGELB,,,90,,0.0,0.0,0.0,Обков,,DATABASE_EVIDENCE
WeissProfil2018_113,WP-0424073,GR21-BLAUGELB,BLAUGELB Дръжка с шилд вътрешен 1/2 модел DGT30 PZ92 mm 8077 кафява,4,8,0.0,0.0,88737286094.0,GR21-BLAUGELB,,,90,,0.0,0.0,0.0,Обков,,DATABASE_EVIDENCE
WeissProfil2018_113,WP-0424078,GR21-BLAUGELB,BLAUGELB Дръжка с шилд вътрешен 1/2 модел DGT30 PZ92mm F9 титан,4,8,0.0,0.0,76707066113.0,GR21-BLAUGELB,,,90,,0.0,0.0,0.0,Обков,,DATABASE_EVIDENCE
WeissProfil2018_113,WP-0424081,GR21-BLAUGELB,BLAUGELB Дръжка с шилд вътрешен 1/2 модел DGT30 PZ92mm F69 неръждавейка,4,8,0.0,0.0,53897756414.0,GR21-BLAUGELB,,,90,,0.0,0.0,0.0,Обков,,DATABASE_EVIDENCE
WeissProfil2018_113,WP-0424159,GR21-BLAUGELB,"BLAUGELB Крепеж за шилд DGT30 за профил 82-87 mm, квадрат 8х150 mm с 3 винта М5x95 mm",4,8,0.0,0.0,82687646295.0,GR21-BLAUGELB,,,90,,0.0,0.0,0.0,Обков,,DATABASE_EVIDENCE
WeissProfil2018_113,WP-0424165,GR21-BLAUGELB,"BLAUGELB Крепеж за шилд DGT30 за профил 77-82 mm, квадрат 8х110 mm с 3 винта М5x90 mm ЗА ТОПКА",4,8,0.0,0.0,33747116384.0,GR21-BLAUGELB,,,90,,0.0,0.0,0.0,Обков,,DATABASE_EVIDENCE
WeissProfil2018_113,WP-0424166,GR21-BLAUGELB,"BLAUGELB Крепеж за шилд DGT30 за профил 82-87 mm, квадрат 8х115 mm с 3 винта М5x95 mm",4,8,0.0,0.0,74717426475.0,GR21-BLAUGELB,,,90,,0.0,0.0,0.0,Обков,,DATABASE_EVIDENCE
WeissProfil2018_113,WP-0424167,GR21-BLAUGELB,"BLAUGELB Крепеж за шилд DGT30 за профил 87-92 mm, квадрат 8х120 mm с 3 винта М5x100 mm",4,8,0.0,0.0,16717546988.0,GR21-BLAUGELB,,,90,,0.0,0.0,0.0,Обков,,DATABASE_EVIDENCE
WeissProfil2018_113,WP-0424173,GR21-BLAUGELB,"BLAUGELB Крепеж за шилд DGT35/DGT50 за профил 77-82 mm, квадрат 8х150 mm с 3 винта М6х90 mm",4,8,0.0,0.0,37827316537.0,GR21-BLAUGELB,,,90,,0.0,0.0,0.0,Обков,,DATABASE_EVIDENCE
WeissProfil2018_113,WP-0424175,GR21-BLAUGELB,"BLAUGELB Крепеж за шилд DGT35/DGT50 за профил 87-92 mm, квадрат 8х160 mm с 3 винта М6х100 mm",4,8,0.0,0.0,70837866138.0,GR21-BLAUGELB,,,90,,0.0,0.0,0.0,Обков,,DATABASE_EVIDENCE
WeissProfil2018_113,WP-111054H58,GR24-OTHER,METAL Патрон 1/2 10/70 с еднаква секретност,4,8,0.0,0.0,75772523985.0,GR24-OTHER,,,90,,0.0,0.0,0.0,Обков,,DATABASE_EVIDENCE
WeissProfil2018_113,WP-18540000,GR13-D.KABA,,4,8,0.0,0.0,75689807644.0,GR13-D.KABA,,,90,,0.0,0.0,0.0,Обков,,DATABASE_EVIDENCE
WeissProfil2018_113,WP-18570000,GR13-D.KABA,DORMA Механично застопоряване за шина G-N за TS 91/92/93/ 18570000,4,8,0.0,0.0,54942600288.0,GR13-D.KABA,,,90,,0.0,0.0,0.0,Обков,,DATABASE_EVIDENCE
WeissProfil2018_113,WP-22002301,GR13-D.KABA,,4,8,0.0,0.0,66752624762.0,GR13-D.KABA,,,90,,0.0,0.0,0.0,Обков,,DATABASE_EVIDENCE
WeissProfil2018_113,WP-22002303,GR13-D.KABA,,4,8,0.0,0.0,25752334076.0,GR13-D.KABA,,,90,,0.0,0.0,0.0,Обков,,DATABASE_EVIDENCE
WeissProfil2018_113,WP-22002311,GR13-D.KABA,DORMA Стандартно рамо за TS 71/72/73/83,4,8,0.0,0.0,28872724877.0,GR13-D.KABA,,,90,,0.0,0.0,0.0,Обков,,DATABASE_EVIDENCE
WeissProfil2018_113,WP-22003001,GR13-D.KABA,,4,8,0.0,0.0,80529624554.0,GR13-D.KABA,,,90,,0.0,0.0,0.0,Обков,,DATABASE_EVIDENCE
WeissProfil2018_113,WP-22003003,GR13-D.KABA,,4,8,0.0,0.0,40589584571.0,GR13-D.KABA,,,90,,0.0,0.0,0.0,Обков,,DATABASE_EVIDENCE
WeissProfil2018_113,WP-22003011,GR13-D.KABA,,4,8,0.0,0.0,54629764845.0,GR13-D.KABA,,,90,,0.0,0.0,0.0,Обков,,DATABASE_EVIDENCE
WeissProfil2018_113,WP-23104480,GR23-MAUER,MAUER Брава 35 мм език комплект с насрещник,4,8,0.0,0.0,62064284813.0,GR23-MAUER,,,90,,0.0,0.0,0.0,Обков,,DATABASE_EVIDENCE
WeissProfil2018_113,WP-27112201,GR13-D.KABA,DORMA TS Profil Горен автомат ветроупорен с нормално рамо /сив/ 27112201,4,8,0.0,0.0,63327345770.0,GR13-D.KABA,,,90,,0.0,0.0,0.0,Обков,,DATABASE_EVIDENCE
WeissProfil2018_113,WP-27112211,GR13-D.KABA,DORMA TS Profil Горен автомат ветроупорен с нормално рамо /бял/ 27112211,4,8,0.0,0.0,38497555718.0,GR13-D.KABA,,,90,,0.0,0.0,0.0,Обков,,DATABASE_EVIDENCE
WeissProfil2018_113,WP-27112219,GR13-D.KABA,DORMA TS Profil Горен автомат ветроупорен с нормално рамо /черен/ 27112219,4,8,0.0,0.0,97437915817.0,GR13-D.KABA,,,90,,0.0,0.0,0.0,Обков,,DATABASE_EVIDENCE
WeissProfil2018_113,WP-35800093,GR13-D.KABA,,4,8,0.0,0.0,55302285755.0,GR13-D.KABA,,,90,,0.0,0.0,0.0,Обков,,DATABASE_EVIDENCE
WeissProfil2018_113,WP-38010101,GR13-D.KABA,,4,8,0.0,0.0,41107766351.0,GR13-D.KABA,,,90,,0.0,0.0,0.0,Обков,,DATABASE_EVIDENCE
WeissProfil2018_113,WP-38010103,GR13-D.KABA,,4,8,0.0,0.0,137716653.0,GR13-D.KABA,,,90,,0.0,0.0,0.0,Обков,,DATABASE_EVIDENCE
WeissProfil2018_113,WP-38010111,GR13-D.KABA,DORMA TS 83 BC/OD Горен автомат без рамо бял,4,8,0.0,0.0,15267846297.0,GR13-D.KABA,,,90,,0.0,0.0,0.0,Обков,,DATABASE_EVIDENCE
WeissProfil2018_113,WP-41230551000М,GR24-OTHER,MEDOS Патрон 30/55 никел,4,8,0.0,0.0,24163932132.0,GR24-OTHER,,,90,,0.0,0.0,0.0,Обков,,DATABASE_EVIDENCE
WeissProfil2018_113,WP-41230801000М,GR24-OTHER,MEDOS Патрон 30/80 никел,4,8,0.0,0.0,41936987393.0,GR24-OTHER,,,90,,0.0,0.0,0.0,Обков,,DATABASE_EVIDENCE
WeissProfil2018_113,WP-41245451000М,GR24-OTHER,MEDOS Патрон 45/45 никел,4,8,0.0,0.0,62673033447.0,GR24-OTHER,,,90,,0.0,0.0,0.0,Обков,,DATABASE_EVIDENCE
WeissProfil2018_113,WP-43020001,GR13-D.KABA,DORMA TS 93 B BC/OD + DC/SV Горен автомат сив 43020001,4,8,0.0,0.0,25782668210.0,GR13-D.KABA,,,90,,0.0,0.0,0.0,Обков,,DATABASE_EVIDENCE
WeissProfil2018_113,WP-43020003,GR13-D.KABA,,4,8,0.0,0.0,28712388966.0,GR13-D.KABA,,,90,,0.0,0.0,0.0,Обков,,DATABASE_EVIDENCE
WeissProfil2018_113,WP-43020011,GR13-D.KABA,DORMA TS 93 B BC/OD + DC/SV Горен автомат бял  43020011,4,8,0.0,0.0,31862088131.0,GR13-D.KABA,,,90,,0.0,0.0,0.0,Обков,,DATABASE_EVIDENCE
WeissProfil2018_113,WP-43020019,GR13-D.KABA,DORMA TS 93 B BC/OD + DC/SV Горен автомат черен 43020019,4,8,0.0,0.0,83882528488.0,GR13-D.KABA,,,90,,0.0,0.0,0.0,Обков,,DATABASE_EVIDENCE
WeissProfil2018_113,WP-43030001,GR13-D.KABA,"DORMA TS 93 G, BC/OD + DC/SV Горен автомат /сив/ 43030001",4,8,0.0,0.0,74843269172.0,GR13-D.KABA,,,90,,0.0,0.0,0.0,Обков,,DATABASE_EVIDENCE
WeissProfil2018_113,WP-43030003,GR13-D.KABA,,4,8,0.0,0.0,85803469755.0,GR13-D.KABA,,,90,,0.0,0.0,0.0,Обков,,DATABASE_EVIDENCE
WeissProfil2018_113,WP-43030011,GR13-D.KABA,"DORMA TS 93 G, BC/OD + DC/SV Горен автомат /бял/ 43030011",4,8,0.0,0.0,20983859870.0,GR13-D.KABA,,,90,,0.0,0.0,0.0,Обков,,DATABASE_EVIDENCE
WeissProfil2018_113,WP-43030019,GR13-D.KABA,"DORMA TS 93 G, BC/OD + DC/SV Горен автомат /черен/ 43030019",4,8,0.0,0.0,80943279901.0,GR13-D.KABA,,,90,,0.0,0.0,0.0,Обков,,DATABASE_EVIDENCE
WeissProfil2018_113,WP-43520001,GR13-D.KABA,,4,8,0.0,0.0,29222638296.0,GR13-D.KABA,,,90,,0.0,0.0,0.0,Обков,,DATABASE_EVIDENCE
WeissProfil2018_113,WP-43520011,GR13-D.KABA,,4,8,0.0,0.0,63322348622.0,GR13-D.KABA,,,90,,0.0,0.0,0.0,Обков,,DATABASE_EVIDENCE
WeissProfil2018_113,WP-43530001,GR13-D.KABA,,4,8,0.0,0.0,74363689135.0,GR13-D.KABA,,,90,,0.0,0.0,0.0,Обков,,DATABASE_EVIDENCE
WeissProfil2018_113,WP-43530011,GR13-D.KABA,,4,8,0.0,0.0,22483279308.0,GR13-D.KABA,,,90,,0.0,0.0,0.0,Обков,,DATABASE_EVIDENCE
WeissProfil2018_113,WP-64010001,GR13-D.KABA,DORMA G-N за TS 91/92/93 Плъзгаща шина /сив/ 64010001,4,8,0.0,0.0,80972959892.0,GR13-D.KABA,,,90,,0.0,0.0,0.0,Обков,,DATABASE_EVIDENCE
WeissProfil2018_113,WP-64010003,GR13-D.KABA,,4,8,0.0,0.0,87912819983.0,GR13-D.KABA,,,90,,0.0,0.0,0.0,Обков,,DATABASE_EVIDENCE
WeissProfil2018_113,WP-64010011,GR13-D.KABA,DORMA G-N за TS 91/92/93 Плъзгаща шина /бял/ 64010011,4,8,0.0,0.0,23042279923.0,GR13-D.KABA,,,90,,0.0,0.0,0.0,Обков,,DATABASE_EVIDENCE
WeissProfil2018_113,WP-64010019,GR13-D.KABA,DORMA G-N за TS 91/92/93 Плъзгаща шина /черен/ 64010019,4,8,0.0,0.0,25092419719.0,GR13-D.KABA,,,90,,0.0,0.0,0.0,Обков,,DATABASE_EVIDENCE
WeissProfil2018_113,WP-64102001,GR13-D.KABA,,4,8,0.0,0.0,23171238281.0,GR13-D.KABA,,,90,,0.0,0.0,0.0,Обков,,DATABASE_EVIDENCE
WeissProfil2018_113,WP-64144001,GR13-D.KABA,,4,8,0.0,0.0,98755362054.0,GR13-D.KABA,,,90,,0.0,0.0,0.0,Обков,,DATABASE_EVIDENCE
WeissProfil2018_113,WP-66400101,GR13-D.KABA,DORMA TS 68 Горен автомат с нормално рамо /сив/ 66400101,4,8,0.0,0.0,3504818767.0,GR13-D.KABA,,,90,,0.0,0.0,0.0,Обков,,DATABASE_EVIDENCE
WeissProfil2018_113,WP-66400103,GR13-D.KABA,,4,8,0.0,0.0,28544078537.0,GR13-D.KABA,,,90,,0.0,0.0,0.0,Обков,,DATABASE_EVIDENCE
WeissProfil2018_113,WP-66400111,GR13-D.KABA,DORMA TS 68 Горен автомат с нормално рамо /бял/ 66400111,4,8,0.0,0.0,66674448689.0,GR13-D.KABA,,,90,,0.0,0.0,0.0,Обков,,DATABASE_EVIDENCE
WeissProfil2018_113,WP-66400119,GR13-D.KABA,DORMA TS 68 Горен автомат с нормално рамо /черен/ 66400119,4,8,0.0,0.0,33624598151.0,GR13-D.KABA,,,90,,0.0,0.0,0.0,Обков,,DATABASE_EVIDENCE
WeissProfil2018_113,WP-66400201,GR13-D.KABA,DORMA TS 68 Горен автомат с позиц. рамо /сив/ 66400201,4,8,0.0,0.0,62605478685.0,GR13-D.KABA,,,90,,0.0,0.0,0.0,Обков,,DATABASE_EVIDENCE
WeissProfil2018_113,WP-66400203,GR13-D.KABA,,4,8,0.0,0.0,78675968978.0,GR13-D.KABA,,,90,,0.0,0.0,0.0,Обков,,DATABASE_EVIDENCE
WeissProfil2018_113,WP-66400211,GR13-D.KABA,DORMA TS 68 Горен автомат с позиц. рамо /бял/ 66400211,4,8,0.0,0.0,58765588424.0,GR13-D.KABA,,,90,,0.0,0.0,0.0,Обков,,DATABASE_EVIDENCE
WeissProfil2018_113,WP-66400219,GR13-D.KABA,DORMA TS 68 Горен автомат с позиц. рамо /черен/ 66400219,4,8,0.0,0.0,40755688487.0,GR13-D.KABA,,,90,,0.0,0.0,0.0,Обков,,DATABASE_EVIDENCE
WeissProfil2018_113,WP-67010101,GR13-D.KABA,DORMA TS Compakt Горен автомат с нормално рамо /сив/ 67010101,4,8,0.0,0.0,48316879170.0,GR13-D.KABA,,,90,,0.0,0.0,0.0,Обков,,DATABASE_EVIDENCE
WeissProfil2018_113,WP-67010103,GR13-D.KABA,,4,8,0.0,0.0,35386269386.0,GR13-D.KABA,,,90,,0.0,0.0,0.0,Обков,,DATABASE_EVIDENCE
WeissProfil2018_113,WP-67010111,GR13-D.KABA,DORMA TS Compakt Горен автомат с нормално рамо /бял/ 67010111,4,8,0.0,0.0,36486759888.0,GR13-D.KABA,,,90,,0.0,0.0,0.0,Обков,,DATABASE_EVIDENCE
WeissProfil2018_113,WP-67010119,GR13-D.KABA,DORMA TS Compakt Горен автомат с нормално рамо /черен/ 67010119,4,8,0.0,0.0,65436649388.0,GR13-D.KABA,,,90,,0.0,0.0,0.0,Обков,,DATABASE_EVIDENCE
WeissProfil2018_113,WP-67010201,GR13-D.KABA,DORMA TS Compakt Горен автомат с позиц. рамо /сив/ 67010201,4,8,0.0,0.0,71487589368.0,GR13-D.KABA,,,90,,0.0,0.0,0.0,Обков,,DATABASE_EVIDENCE
WeissProfil2018_113,WP-67010203,GR13-D.KABA,,4,8,0.0,0.0,14417969748.0,GR13-D.KABA,,,90,,0.0,0.0,0.0,Обков,,DATABASE_EVIDENCE
WeissProfil2018_113,WP-67010211,GR13-D.KABA,DORMA TS Compakt Горен автомат с позиц. рамо /бял/ 67010211,4,8,0.0,0.0,38527939218.0,GR13-D.KABA,,,90,,0.0,0.0,0.0,Обков,,DATABASE_EVIDENCE
WeissProfil2018_113,WP-67010219,GR13-D.KABA,DORMA TS Compakt Горен автомат с позиц. рамо /черен/ 67010219,4,8,0.0,0.0,38537549152.0,GR13-D.KABA,,,90,,0.0,0.0,0.0,Обков,,DATABASE_EVIDENCE
WeissProfil2018_113,WP-90050055088,GR13-D.KABA,,4,8,0.0,0.0,15415109574.0,GR13-D.KABA,,,90,,0.0,0.0,0.0,Обков,,DATABASE_EVIDENCE
WeissProfil2018_113,WP-90050055090,GR13-D.KABA,,4,8,0.0,0.0,55535169898.0,GR13-D.KABA,,,90,,0.0,0.0,0.0,Обков,,DATABASE_EVIDENCE
WeissProfil2018_113,WP-90050055245,GR13-D.KABA,,4,8,0.0,0.0,13225329691.0,GR13-D.KABA,,,90,,0.0,0.0,0.0,Обков,,DATABASE_EVIDENCE
WeissProfil2018_113,WP-9011W000,GR12-DR.HAHN,Dr HAHN Панта Tuerband 4 2-TGL. EV1 сребриста 20/65mm с анкери 58mm с черни капачки,4,8,0.0,0.0,95808472911.0,GR12-DR.HAHN,,,90,,0.0,0.0,0.0,Обков,,DATABASE_EVIDENCE
WeissProfil2018_113,WP-9012W000,GR12-DR.HAHN,Dr HAHN Панта Tuerband 4 2-TGL. ROH сурова без боя 20/65mm с анкери 58mm с черни капачки,4,8,0.0,0.0,80949823115.0,GR12-DR.HAHN,,,90,,0.0,0.0,0.0,Обков,,DATABASE_EVIDENCE
WeissProfil2018_113,WP-9019W000,GR12-DR.HAHN,Dr HAHN Панта Tuerband 4 2-TGL. 9005 черна 20/65mm с анкери 58mm,4,8,0.0,0.0,24626740633.0,GR12-DR.HAHN,,,90,,0.0,0.0,0.0,Обков,,DATABASE_EVIDENCE
WeissProfil2018_113,WP-9019W000F4,GR12-DR.HAHN,Dr HAHN Панта Tuerband 4 2-TGL. бронз мокър лак F4 20/65mm с анкери 58mm,4,8,0.0,0.0,96464688578.0,GR12-DR.HAHN,,,90,,0.0,0.0,0.0,Обков,,DATABASE_EVIDENCE
WeissProfil2018_113,WP-9019W000F9,GR12-DR.HAHN,Dr HAHN Панта Tuerband 4 2-TGL. F9 (TITAN-P) 20/65mm с анкери 58mm,4,8,0.0,0.0,96414348261.0,GR12-DR.HAHN,,,90,,0.0,0.0,0.0,Обков,,DATABASE_EVIDENCE
WeissProfil2018_113,WP-9019W000M,GR12-DR.HAHN,Dr HAHN Панта Tuerband 4 2-TGL. 9005 черна МАТ 20/65mm анкери 58mm,4,8,0.0,0.0,33446620284.0,GR12-DR.HAHN,,,90,,0.0,0.0,0.0,Обков,,DATABASE_EVIDENCE
WeissProfil2018_113,WP-901GW000,GR12-DR.HAHN,Dr HAHN Панта Tuerband 4 2-TGL.  бяла 20/65mm с анкери 58mm,4,8,0.0,0.0,30030884485.0,GR12-DR.HAHN,,,90,,0.0,0.0,0.0,Обков,,DATABASE_EVIDENCE
WeissProfil2018_113,WP-90590001,GR12-DR.HAHN,Dr HAHN Панта Tuerband 4 2-TGL. 9005 черна 20/91.5mm с предв.залагане подложка 21mm,4,8,0.0,0.0,36116240268.0,GR12-DR.HAHN,,,90,,0.0,0.0,0.0,Обков,,DATABASE_EVIDENCE
WeissProfil2018_113,WP-91190000,GR12-DR.HAHN,,4,8,0.0,0.0,67837220248.0,GR12-DR.HAHN,,,90,,0.0,0.0,0.0,Обков,,DATABASE_EVIDENCE
WeissProfil2018_113,WP-911G0001,GR12-DR.HAHN,,4,8,0.0,0.0,13271614238.0,GR12-DR.HAHN,,,90,,0.0,0.0,0.0,Обков,,DATABASE_EVIDENCE
WeissProfil2018_113,WP-9511W000,GR12-DR.HAHN,Dr HAHN Панта Tuerband 4 3-TGL. EV1 сребриста 20/65mm с анкери 58mm с черни капачки,4,8,0.0,0.0,41323502663.0,GR12-DR.HAHN,,,90,,0.0,0.0,0.0,Обков,,DATABASE_EVIDENCE
WeissProfil2018_113,WP-9512W000,GR12-DR.HAHN,Dr HAHN Панта Tuerband 4 3-TGL. ROH сурова без боя 20/65mm с анкери 58mm,4,8,0.0,0.0,53434973865.0,GR12-DR.HAHN,,,90,,0.0,0.0,0.0,Обков,,DATABASE_EVIDENCE
WeissProfil2018_113,WP-95190000,GR12-DR.HAHN,,4,8,0.0,0.0,46231210157.0,GR12-DR.HAHN,,,90,,0.0,0.0,0.0,Обков,,DATABASE_EVIDENCE
WeissProfil2018_113,WP-9519W000,GR12-DR.HAHN,Dr HAHN Панта Tuerband 4 3-TGL. 9005 черна 20/65mm с анкери 58mm,4,8,0.0,0.0,47111850442.0,GR12-DR.HAHN,,,90,,0.0,0.0,0.0,Обков,,DATABASE_EVIDENCE
WeissProfil2018_113,WP-951G0000,GR12-DR.HAHN,,4,8,0.0,0.0,83675764481.0,GR12-DR.HAHN,,,90,,0.0,0.0,0.0,Обков,,DATABASE_EVIDENCE
WeissProfil2018_113,WP-951GW000,GR12-DR.HAHN,Dr HAHN Панта Tuerband 4 3-TGL.  бяла 20/65mm с анкери 58mm,4,8,0.0,0.0,12575874894.0,GR12-DR.HAHN,,,90,,0.0,0.0,0.0,Обков,,DATABASE_EVIDENCE
WeissProfil2018_113,WP-96190001,GR12-DR.HAHN,,4,8,0.0,0.0,82352210314.0,GR12-DR.HAHN,,,90,,0.0,0.0,0.0,Обков,,DATABASE_EVIDENCE
WeissProfil2018_113,WP-DC 1409005,GR22-AABLOY,ABLOY DC120-9016 Горен автомат с поз. рамо черен,4,8,0.0,0.0,83125370051.0,GR22-AABLOY,,,90,,0.0,0.0,0.0,Обков,,DATABASE_EVIDENCE
WeissProfil2018_113,WP-DC 1409016,GR22-AABLOY,ABLOY DC120-9016 Горен автомат с поз. рамо бял,4,8,0.0,0.0,6255580163.0,GR22-AABLOY,,,90,,0.0,0.0,0.0,Обков,,DATABASE_EVIDENCE
WeissProfil2018_113,WP-DC 140EV1,GR22-AABLOY,ABLOY DC120-9016 Горен автомат с поз. рамо сив,4,8,0.0,0.0,42337023571.0,GR22-AABLOY,,,90,,0.0,0.0,0.0,Обков,,DATABASE_EVIDENCE
WeissProfil2018_113,WP-DC-S-31-36,GR23-MAUER,MAUER Патрон 67 мм 31/36,4,8,0.0,0.0,12699386044.0,GR23-MAUER,,,90,,0.0,0.0,0.0,Обков,,DATABASE_EVIDENCE
WeissProfil2018_113,WP-DC-S-31-41,GR23-MAUER,,4,8,0.0,0.0,68759936469.0,GR23-MAUER,,,90,,0.0,0.0,0.0,Обков,,DATABASE_EVIDENCE
WeissProfil2018_113,WP-DC-S-31-66,GR23-MAUER,,4,8,0.0,0.0,37929136826.0,GR23-MAUER,,,90,,0.0,0.0,0.0,Обков,,DATABASE_EVIDENCE
WeissProfil2018_113,WP-DC-S-31-71,GR23-MAUER,MAUER Патрон 102 мм 31/71,4,8,0.0,0.0,80059426931.0,GR23-MAUER,,,90,,0.0,0.0,0.0,Обков,,DATABASE_EVIDENCE
WeissProfil2018_113,WP-DC-SC-31-81,GR23-MAUER,MAUER Патрон 112 мм 31/81,4,8,0.0,0.0,73807658542.0,GR23-MAUER,,,90,,0.0,0.0,0.0,Обков,,DATABASE_EVIDENCE
WeissProfil2018_113,WP-DC1109005,GR22-AABLOY,ABLOY DC110-EV1 Горен автомат с поз. рамо черен,4,8,0.0,0.0,32696843714.0,GR22-AABLOY,,,90,,0.0,0.0,0.0,Обков,,DATABASE_EVIDENCE
WeissProfil2018_113,WP-DC1109016,GR22-AABLOY,ABLOY DC110-EV1 Горен автомат с поз. рамо бял,4,8,0.0,0.0,24736213265.0,GR22-AABLOY,,,90,,0.0,0.0,0.0,Обков,,DATABASE_EVIDENCE
WeissProfil2018_113,WP-DC110EV1,GR22-AABLOY,ABLOY DC110-EV1 Горен автомат с поз. рамо сив,4,8,0.0,0.0,74898153568.0,GR22-AABLOY,,,90,,0.0,0.0,0.0,Обков,,DATABASE_EVIDENCE
WeissProfil2018_113,WP-DC1209005,GR22-AABLOY,ABLOY DC120-9005 Горен автомат с поз. рамо черен,4,8,0.0,0.0,24747184253.0,GR22-AABLOY,,,90,,0.0,0.0,0.0,Обков,,DATABASE_EVIDENCE
WeissProfil2018_113,WP-DC1209016,GR22-AABLOY,ABLOY DC120-9016 Горен автомат с поз. рамо бял,4,8,0.0,0.0,21897174489.0,GR22-AABLOY,,,90,,0.0,0.0,0.0,Обков,,DATABASE_EVIDENCE
WeissProfil2018_113,WP-DC120EV1,GR22-AABLOY,ABLOY DC120-EV1 Горен автомат с поз. рамо сив,4,8,0.0,0.0,4979004214.0,GR22-AABLOY,,,90,,0.0,0.0,0.0,Обков,,DATABASE_EVIDENCE
WeissProfil2018_113,WP-DC1359005,GR22-AABLOY,,4,8,0.0,0.0,64348125581.0,GR22-AABLOY,,,90,,0.0,0.0,0.0,Обков,,DATABASE_EVIDENCE
WeissProfil2018_113,WP-DC1359016,GR22-AABLOY,,4,8,0.0,0.0,83488785272.0,GR22-AABLOY,,,90,,0.0,0.0,0.0,Обков,,DATABASE_EVIDENCE
WeissProfil2018_113,WP-DC135EV1,GR22-AABLOY,,4,8,0.0,0.0,62530635611.0,GR22-AABLOY,,,90,,0.0,0.0,0.0,Обков,,DATABASE_EVIDENCE
WeissProfil2018_113,WP-DCA 1309005,GR22-AABLOY,,4,8,0.0,0.0,25580514281.0,GR22-AABLOY,,,90,,0.0,0.0,0.0,Обков,,DATABASE_EVIDENCE
WeissProfil2018_113,WP-DCA 1309016,GR22-AABLOY,,4,8,0.0,0.0,85650504321.0,GR22-AABLOY,,,90,,0.0,0.0,0.0,Обков,,DATABASE_EVIDENCE
WeissProfil2018_113,WP-DCA 130EV1,GR22-AABLOY,,4,8,0.0,0.0,6702644726.0,GR22-AABLOY,,,90,,0.0,0.0,0.0,Обков,,DATABASE_EVIDENCE
WeissProfil2018_113,WP-DCA152,GR22-AABLOY,"Фиксиращо устройство за релси G193, G195",4,8,0.0,0.0,34459614614.0,GR22-AABLOY,,,90,,0.0,0.0,0.0,Обков,,DATABASE_EVIDENCE
WeissProfil2018_113,WP-DCA153,GR22-AABLOY,,4,8,0.0,0.0,26469814588.0,GR22-AABLOY,,,90,,0.0,0.0,0.0,Обков,,DATABASE_EVIDENCE
WeissProfil2018_113,WP-DCA1549005,GR22-AABLOY,,4,8,0.0,0.0,86999380186.0,GR22-AABLOY,,,90,,0.0,0.0,0.0,Обков,,DATABASE_EVIDENCE
WeissProfil2018_113,WP-DCA1549016,GR22-AABLOY,,4,8,0.0,0.0,24049830418.0,GR22-AABLOY,,,90,,0.0,0.0,0.0,Обков,,DATABASE_EVIDENCE
WeissProfil2018_113,WP-DCA154EV1,GR22-AABLOY,,4,8,0.0,0.0,36141083804.0,GR22-AABLOY,,,90,,0.0,0.0,0.0,Обков,,DATABASE_EVIDENCE
WeissProfil2018_113,WP-DCA1619005,GR22-AABLOY,,4,8,0.0,0.0,43746990443.0,GR22-AABLOY,,,90,,0.0,0.0,0.0,Обков,,DATABASE_EVIDENCE
WeissProfil2018_113,WP-DCA1619016,GR22-AABLOY,,4,8,0.0,0.0,14826470101.0,GR22-AABLOY,,,90,,0.0,0.0,0.0,Обков,,DATABASE_EVIDENCE
WeissProfil2018_113,WP-DCA161EV1,GR22-AABLOY,,4,8,0.0,0.0,72988363266.0,GR22-AABLOY,,,90,,0.0,0.0,0.0,Обков,,DATABASE_EVIDENCE
WeissProfil2018_113,WP-DCA1879005,GR22-AABLOY,,4,8,0.0,0.0,24562750587.0,GR22-AABLOY,,,90,,0.0,0.0,0.0,Обков,,DATABASE_EVIDENCE
WeissProfil2018_113,WP-DCA1879016,GR22-AABLOY,,4,8,0.0,0.0,26612860260.0,GR22-AABLOY,,,90,,0.0,0.0,0.0,Обков,,DATABASE_EVIDENCE
WeissProfil2018_113,WP-DCA187EV1,GR22-AABLOY,,4,8,0.0,0.0,78724153660.0,GR22-AABLOY,,,90,,0.0,0.0,0.0,Обков,,DATABASE_EVIDENCE
WeissProfil2018_113,WP-DCG1439005,GR22-AABLOY,,4,8,0.0,0.0,17388220584.0,GR22-AABLOY,,,90,,0.0,0.0,0.0,Обков,,DATABASE_EVIDENCE
WeissProfil2018_113,WP-DCG1439016,GR22-AABLOY,,4,8,0.0,0.0,36478010887.0,GR22-AABLOY,,,90,,0.0,0.0,0.0,Обков,,DATABASE_EVIDENCE
WeissProfil2018_113,WP-DCG143EV1,GR22-AABLOY,,4,8,0.0,0.0,91520503174.0,GR22-AABLOY,,,90,,0.0,0.0,0.0,Обков,,DATABASE_EVIDENCE
WeissProfil2018_113,WP-DCL1419005,GR22-AABLOY,,4,8,0.0,0.0,56646210019.0,GR22-AABLOY,,,90,,0.0,0.0,0.0,Обков,,DATABASE_EVIDENCE
WeissProfil2018_113,WP-DCL1419016,GR22-AABLOY,,4,8,0.0,0.0,61726480507.0,GR22-AABLOY,,,90,,0.0,0.0,0.0,Обков,,DATABASE_EVIDENCE
WeissProfil2018_113,WP-DCL141EV1,GR22-AABLOY,,4,8,0.0,0.0,21848743129.0,GR22-AABLOY,,,90,,0.0,0.0,0.0,Обков,,DATABASE_EVIDENCE
WeissProfil2018_113,WP-DCL970C,GR22-AABLOY,,4,8,0.0,0.0,16347201472.0,GR22-AABLOY,,,90,,0.0,0.0,0.0,Обков,,DATABASE_EVIDENCE
WeissProfil2018_113,WP-DR173005-9005,GR24-OTHER,"Оберлихт HAUTAU PRI- FL 190, черен",4,8,0.0,0.0,55448844544.0,GR24-OTHER,,,90,,0.0,0.0,0.0,Обков,,DATABASE_EVIDENCE
WeissProfil2018_113,WP-DR173005-9006,GR24-OTHER,"Оберлихт HAUTAU PRI- FL 190, сив",4,8,0.0,0.0,78458964731.0,GR24-OTHER,,,90,,0.0,0.0,0.0,Обков,,DATABASE_EVIDENCE
WeissProfil2018_113,WP-DR173005-9016,GR24-OTHER,"Оберлихт HAUTAU PRI- FL 190, бял",4,8,0.0,0.0,15538144611.0,GR24-OTHER,,,90,,0.0,0.0,0.0,Обков,,DATABASE_EVIDENCE
WeissProfil2018_113,WP-ES30300gk-300,GR19-MF,"Четворно огъната тръбна дръжка за врата, двустранна, инокс, o 30, ос 300mm",4,8,0.0,0.0,10450756597.0,GR19-MF,,,90,,0.0,0.0,0.0,Обков,,DATABASE_EVIDENCE
WeissProfil2018_113,WP-HC-S-31,GR23-MAUER,,4,8,0.0,0.0,43513131480.0,GR23-MAUER,,,90,,0.0,0.0,0.0,Обков,,DATABASE_EVIDENCE
WeissProfil2018_113,WP-HC-S-36,GR23-MAUER,,4,8,0.0,0.0,87543941279.0,GR23-MAUER,,,90,,0.0,0.0,0.0,Обков,,DATABASE_EVIDENCE
WeissProfil2018_113,WP-HC-S-41,GR23-MAUER,,4,8,0.0,0.0,58623801755.0,GR23-MAUER,,,90,,0.0,0.0,0.0,Обков,,DATABASE_EVIDENCE
WeissProfil2018_113,WP-HC-S-71,GR23-MAUER,,4,8,0.0,0.0,39993241546.0,GR23-MAUER,,,90,,0.0,0.0,0.0,Обков,,DATABASE_EVIDENCE
WeissProfil2018_113,WP-MF1062,GR19-MF,Болтове за едностранни дръжки с изнесени опори MS 195 48/2/3,4,8,0.0,0.0,56001873042.0,GR19-MF,,,90,,0.0,0.0,0.0,Обков,,DATABASE_EVIDENCE
WeissProfil2018_113,WP-MF2143-1300,GR19-MF,К-т дръжка изнесена под ъгъл 45 Ф30/L1200/1000,4,8,0.0,0.0,57462407350.0,GR19-MF,,,90,,0.0,0.0,0.0,Обков,,DATABASE_EVIDENCE
WeissProfil2018_113,WP-MF2143-1500,GR19-MF,К-т дръжка изнесена под ъгъл 45 Ф30/L1500/1300,4,8,0.0,0.0,86652317677.0,GR19-MF,,,90,,0.0,0.0,0.0,Обков,,DATABASE_EVIDENCE
WeissProfil2018_113,WP-MF2143-1700,GR19-MF,К-т дръжка изнесена под ъгъл 45 Ф30/L2000/1700,4,8,0.0,0.0,13852677744.0,GR19-MF,,,90,,0.0,0.0,0.0,Обков,,DATABASE_EVIDENCE
WeissProfil2018_113,WP-MF2143-1800,GR19-MF,К-т дръжка изнесена под ъгъл 45 Ф30/L1800/1500,4,8,0.0,0.0,25972267545.0,GR19-MF,,,90,,0.0,0.0,0.0,Обков,,DATABASE_EVIDENCE
WeissProfil2018_113,WP-MF2143-300,GR19-MF,К-т дръжка изнесена под ъгъл 45 Ф30/L400/300,4,8,0.0,0.0,84574447386.0,GR19-MF,,,90,,0.0,0.0,0.0,Обков,,DATABASE_EVIDENCE
WeissProfil2018_113,WP-MF2143-350,GR19-MF,К-т дръжка изнесена под ъгъл 45 Ф30/L500/350,4,8,0.0,0.0,47014447605.0,GR19-MF,,,90,,0.0,0.0,0.0,Обков,,DATABASE_EVIDENCE
WeissProfil2018_113,WP-MF2143-400,GR19-MF,К-т дръжка изнесена под ъгъл 45 Ф30/L600/400,4,8,0.0,0.0,98675227606.0,GR19-MF,,,90,,0.0,0.0,0.0,Обков,,DATABASE_EVIDENCE
WeissProfil2018_113,WP-MF2143-500,GR19-MF,К-т дръжка изнесена под ъгъл 45 Ф30/L700/500,4,8,0.0,0.0,87716277385.0,GR19-MF,,,90,,0.0,0.0,0.0,Обков,,DATABASE_EVIDENCE
WeissProfil2018_113,WP-MF2143-600,GR19-MF,К-т дръжка изнесена под ъгъл 45 Ф30/L800/600,4,8,0.0,0.0,57847857595.0,GR19-MF,,,90,,0.0,0.0,0.0,Обков,,DATABASE_EVIDENCE
WeissProfil2018_113,WP-MF2143-700,GR19-MF,К-т дръжка изнесена под ъгъл 45 Ф30/L900/700,4,8,0.0,0.0,71958127132.0,GR19-MF,,,90,,0.0,0.0,0.0,Обков,,DATABASE_EVIDENCE
WeissProfil2018_113,WP-MF2143-800,GR19-MF,К-т дръжка изнесена под ъгъл 45 Ф30/L1000/800,4,8,0.0,0.0,23059687238.0,GR19-MF,,,90,,0.0,0.0,0.0,Обков,,DATABASE_EVIDENCE
WeissProfil2018_113,WP-N0342900000,GR22-AABLOY,,4,8,0.0,0.0,88068824616.0,GR22-AABLOY,,,90,,0.0,0.0,0.0,Обков,,DATABASE_EVIDENCE
WeissProfil2018_113,WP-N0342900000GR,GR22-AABLOY,,4,8,0.0,0.0,73936822281.0,GR22-AABLOY,,,90,,0.0,0.0,0.0,Обков,,DATABASE_EVIDENCE
WeissProfil2018_113,WP-N0342900000WH,GR22-AABLOY,,4,8,0.0,0.0,23556512183.0,GR22-AABLOY,,,90,,0.0,0.0,0.0,Обков,,DATABASE_EVIDENCE
WeissProfil2018_113,WP-N0444400000,GR22-AABLOY,CORNI N0444400000 Шини комплект 2 бр. антипаник,4,8,0.0,0.0,35833254054.0,GR22-AABLOY,,,90,,0.0,0.0,0.0,Обков,,DATABASE_EVIDENCE
WeissProfil2018_113,WP-N0444400000GR,GR22-AABLOY,CORNI N0444400000 Шини комплект 2 бр. антипаник,4,8,0.0,0.0,77791282716.0,GR22-AABLOY,,,90,,0.0,0.0,0.0,Обков,,DATABASE_EVIDENCE
WeissProfil2018_113,WP-N0444400000WH,GR22-AABLOY,CORNI N0444400000 Шини комплект 2 бр. антипаник,4,8,0.0,0.0,11311532679.0,GR22-AABLOY,,,90,,0.0,0.0,0.0,Обков,,DATABASE_EVIDENCE
WeissProfil2018_113,WP-N0444401000,GR22-AABLOY,,4,8,0.0,0.0,12964614184.0,GR22-AABLOY,,,90,,0.0,0.0,0.0,Обков,,DATABASE_EVIDENCE
WeissProfil2018_113,WP-N0444401000GR,GR22-AABLOY,,4,8,0.0,0.0,62872822281.0,GR22-AABLOY,,,90,,0.0,0.0,0.0,Обков,,DATABASE_EVIDENCE
WeissProfil2018_113,WP-N0444401000WH,GR22-AABLOY,,4,8,0.0,0.0,83482352918.0,GR22-AABLOY,,,90,,0.0,0.0,0.0,Обков,,DATABASE_EVIDENCE
WeissProfil2018_113,WP-N0444402000,GR22-AABLOY,,4,8,0.0,0.0,87045794175.0,GR22-AABLOY,,,90,,0.0,0.0,0.0,Обков,,DATABASE_EVIDENCE
WeissProfil2018_113,WP-N0444402000GR,GR22-AABLOY,,4,8,0.0,0.0,5963412341.0,GR22-AABLOY,,,90,,0.0,0.0,0.0,Обков,,DATABASE_EVIDENCE
WeissProfil2018_113,WP-N0444402000WH,GR22-AABLOY,,4,8,0.0,0.0,63563662043.0,GR22-AABLOY,,,90,,0.0,0.0,0.0,Обков,,DATABASE_EVIDENCE
WeissProfil2018_113,WP-N0444403000,GR22-AABLOY,,4,8,0.0,0.0,62186214527.0,GR22-AABLOY,,,90,,0.0,0.0,0.0,Обков,,DATABASE_EVIDENCE
WeissProfil2018_113,WP-N0444403000GR,GR22-AABLOY,,4,8,0.0,0.0,40004682824.0,GR22-AABLOY,,,90,,0.0,0.0,0.0,Обков,,DATABASE_EVIDENCE
WeissProfil2018_113,WP-N0444403000WH,GR22-AABLOY,,4,8,0.0,0.0,21624102077.0,GR22-AABLOY,,,90,,0.0,0.0,0.0,Обков,,DATABASE_EVIDENCE
WeissProfil2018_113,WP-N0444404000,GR22-AABLOY,,4,8,0.0,0.0,73257694745.0,GR22-AABLOY,,,90,,0.0,0.0,0.0,Обков,,DATABASE_EVIDENCE
WeissProfil2018_113,WP-N0444404000GR,GR22-AABLOY,,4,8,0.0,0.0,42165852761.0,GR22-AABLOY,,,90,,0.0,0.0,0.0,Обков,,DATABASE_EVIDENCE
WeissProfil2018_113,WP-N0444404000WH,GR22-AABLOY,,4,8,0.0,0.0,37745292202.0,GR22-AABLOY,,,90,,0.0,0.0,0.0,Обков,,DATABASE_EVIDENCE
WeissProfil2018_113,WP-N0448008000,GR22-AABLOY,CORNI N0448008000 Външна дръжка с патрон антипаник,4,8,0.0,0.0,27677574581.0,GR22-AABLOY,,,90,,0.0,0.0,0.0,Обков,,DATABASE_EVIDENCE
WeissProfil2018_113,WP-N0448008000GR,GR22-AABLOY,CORNI N0448008000 Външна дръжка с патрон антипаник,4,8,0.0,0.0,33515782794.0,GR22-AABLOY,,,90,,0.0,0.0,0.0,Обков,,DATABASE_EVIDENCE
WeissProfil2018_113,WP-N0448008000WH,GR22-AABLOY,CORNI N0448008000 Външна дръжка с патрон антипаник,4,8,0.0,0.0,62105382863.0,GR22-AABLOY,,,90,,0.0,0.0,0.0,Обков,,DATABASE_EVIDENCE
WeissProfil2018_113,WP-N4290600000,GR22-AABLOY,CORNI N4290600000 Конзола антипаник,4,8,0.0,0.0,88334429453.0,GR22-AABLOY,,,90,,0.0,0.0,0.0,Обков,,DATABASE_EVIDENCE
WeissProfil2018_113,WP-N4290600000GR,GR22-AABLOY,CORNI N4290600000 Конзола антипаник,4,8,0.0,0.0,22222727115.0,GR22-AABLOY,,,90,,0.0,0.0,0.0,Обков,,DATABASE_EVIDENCE
WeissProfil2018_113,WP-N4290600000WH,GR22-AABLOY,CORNI N4290600000 Конзола антипаник,4,8,0.0,0.0,68802247324.0,GR22-AABLOY,,,90,,0.0,0.0,0.0,Обков,,DATABASE_EVIDENCE
WeissProfil2018_113,WP-NF9300,GR22-AABLOY,,4,8,0.0,0.0,68644674218.0,GR22-AABLOY,,,90,,0.0,0.0,0.0,Обков,,DATABASE_EVIDENCE
WeissProfil2018_113,WP-NF9303,GR22-AABLOY,,4,8,0.0,0.0,58644444773.0,GR22-AABLOY,,,90,,0.0,0.0,0.0,Обков,,DATABASE_EVIDENCE
WeissProfil2018_113,WP-NPAM26000114000,GR22-AABLOY,,4,8,0.0,0.0,83613938156.0,GR22-AABLOY,,,90,,0.0,0.0,0.0,Обков,,DATABASE_EVIDENCE
WeissProfil2018_113,WP-NPAM26000214000,GR22-AABLOY,CORNI NPAM26000214000 Ръкохватка 1200 mm антипаник,4,8,0.0,0.0,48784749621.0,GR22-AABLOY,,,90,,0.0,0.0,0.0,Обков,,DATABASE_EVIDENCE
WeissProfil2018_113,WP-NPAM26000314000,GR22-AABLOY,,4,8,0.0,0.0,865830144.0,GR22-AABLOY,,,90,,0.0,0.0,0.0,Обков,,DATABASE_EVIDENCE
WeissProfil2018_113,WP-SAF6SILV-9005,GR24-OTHER,М-м за дистан.отв.NEWTON SAVIO до 80кг черен 9005,4,8,0.0,0.0,67038266697.0,GR24-OTHER,,,90,,0.0,0.0,0.0,Обков,,DATABASE_EVIDENCE
WeissProfil2018_113,WP-SAF6SILV-9006,GR24-OTHER,М-м за дистан.отв.NEWTON SAVIO до 80кг сив 9006,4,8,0.0,0.0,47018006639.0,GR24-OTHER,,,90,,0.0,0.0,0.0,Обков,,DATABASE_EVIDENCE
WeissProfil2018_113,WP-SAF6SILV-9016,GR24-OTHER,М-м за дистанционно отв. NEWTON SAVIO до 80кг сив,4,8,0.0,0.0,70148776039.0,GR24-OTHER,,,90,,0.0,0.0,0.0,Обков,,DATABASE_EVIDENCE
WeissProfil2018_113,WSS 22,GR8-S.ACCESS,WP WSS.22 Стабилизатор за крило,4,4,0.0,0.0,94531136674.0,GR8-S.ACCESS,,,90,,0.0,0.0,0.0,Аксесоар,,DATABASE_EVIDENCE
WeissProfil2018_113,WY500-07-10-06 ,GR24-OTHER,YETI Патрон 96 мм 30/66,4,8,0.0,0.0,62268771222.0,GR24-OTHER,,,90,,0.0,0.0,0.0,Обков,,DATABASE_EVIDENCE
WeissProfil2018_113,WY500-26-10-06 ,GR24-OTHER,YETI Патрон 100 мм 40/60,4,8,0.0,0.0,43380013159.0,GR24-OTHER,,,90,,0.0,0.0,0.0,Обков,,DATABASE_EVIDENCE
